# Blender v2.91.0 OBJ File: 'snowballs.blend'
# www.blender.org
mtllib snowball_round_fractured.mtl
o Icosphere.007_cell_Icosphere.007_cell.032
v 0.118015 -0.061267 0.099986
v 0.027789 -0.032042 0.036366
v 0.032256 -0.037151 0.028535
v 0.027990 -0.038443 0.053069
v 0.035165 -0.043837 0.028694
v 0.051356 -0.098866 0.078706
v 0.054711 -0.102762 0.071839
v 0.119406 -0.087527 0.063340
v 0.112823 -0.019861 0.098697
v 0.124646 -0.029123 0.084324
v 0.104583 -0.027474 0.111576
v 0.127540 -0.061116 0.044645
v 0.045544 -0.083880 0.100690
v 0.044396 -0.089675 0.093833
v 0.048912 -0.068486 0.118776
v 0.046571 -0.092814 0.088990
v 0.048703 -0.062785 0.120123
v 0.048418 -0.054119 0.122162
v 0.061363 -0.047260 0.119884
v 0.128614 -0.046817 0.048824
v 0.128688 -0.051617 0.044997
v 0.054711 -0.102762 0.071839
v 0.119406 -0.087527 0.063340
v 0.051356 -0.098866 0.078706
v 0.124646 -0.029123 0.084324
v 0.112823 -0.019861 0.098697
v 0.104583 -0.027474 0.111576
v 0.127540 -0.061116 0.044645
v 0.048912 -0.068486 0.118776
v 0.045544 -0.083880 0.100690
v 0.044396 -0.089675 0.093833
v 0.046571 -0.092814 0.088990
v 0.048418 -0.054119 0.122162
v 0.048703 -0.062785 0.120123
v 0.061363 -0.047260 0.119884
v 0.128614 -0.046817 0.048824
v 0.128688 -0.051617 0.044997
vt 0.000000 0.000000
vt 1.000000 0.000000
vt 1.000000 1.000000
vt 1.000000 0.000000
vt 0.785814 0.335490
vt 0.428747 0.000000
vt 0.483084 0.483084
vt 0.455271 0.000000
vt 0.521232 0.375015
vt 0.000000 0.000000
vt 0.774380 0.000000
vt 0.455271 0.455271
vt 1.000000 0.552996
vt 0.452430 0.000000
vt 0.552996 0.552996
vt 0.000000 0.000000
vt 1.000000 0.000000
vt 1.000000 0.571253
vt 0.000000 0.000000
vt 1.000000 0.225620
vt 1.000000 0.595946
vt 1.000000 0.632377
vt 0.595946 0.595946
vt 0.632377 0.632377
vt 1.000000 0.000000
vt 0.735952 0.735952
vt 0.402642 0.000000
vt 0.286235 0.000000
vt 0.402642 0.402642
vt 0.286235 0.286235
vt 0.322397 0.000000
vt 1.000000 0.547570
vt 0.616350 0.000000
vt 1.000000 0.483084
vt 0.562332 0.562332
vt 0.383651 0.000000
vt 0.677603 0.000000
vt 0.394614 0.331675
vt 0.806103 0.440796
vt 0.856012 0.523718
vt 0.813067 0.399766
vt 0.822277 0.394065
vt 0.849269 0.591627
vt 0.834587 0.575049
vt 0.885309 0.475147
vt 0.905587 0.516295
vt 0.797352 0.469447
vt 0.804446 0.426293
vt 0.802247 0.514257
vt 0.901526 0.542289
vt 0.830095 0.389617
vt 0.869240 0.581184
vt 0.807225 0.410109
vt 0.792827 0.494408
vt 0.795545 0.479343
vt 0.904825 0.537947
vn -0.8857 -0.3913 -0.2499
vn 0.1823 0.8880 -0.4222
vn -0.3483 0.8875 0.3017
vn -0.3998 0.8599 0.3174
vn 0.1730 0.0156 -0.9848
vn 0.1758 0.0531 -0.9830
vn 0.1842 0.8679 -0.4612
vn -0.4569 0.8288 0.3231
vn -0.8831 -0.4302 -0.1875
vn -0.8917 -0.4205 -0.1674
vn -0.9034 -0.4038 -0.1439
vn -0.9603 -0.0934 0.2627
vn -0.9603 -0.0970 0.2614
vn -0.9617 -0.1075 0.2520
vn 0.0309 -0.5838 -0.8113
vn 0.2214 0.6101 -0.7608
vn 0.6795 -0.3690 0.6341
vn 0.2488 -0.7688 0.5891
vn 0.2567 -0.7789 0.5722
vn 0.8030 0.1188 0.5840
vn 0.5773 -0.0500 0.8149
vn 0.7125 -0.5573 0.4264
vn 0.9751 -0.1446 0.1682
vn 0.2747 -0.5138 0.8127
vn 0.2431 -0.7605 0.6020
vn 0.2770 -0.2114 0.9373
vn 0.9780 -0.1220 0.1693
vn 0.2586 -0.7805 0.5691
vn 0.9216 -0.0010 0.3881
vn 0.9766 -0.1245 0.1751
usemtl Material.001
s off
f 3/1/1 5/2/1 2/3/1
f 2/4/2 10/5/2 20/6/2
f 9/7/3 19/8/3 11/9/3
f 2/10/4 18/11/4 19/12/4
f 5/2/5 37/13/5 12/14/5
f 37/15/6 5/16/6 3/17/6
f 20/18/7 3/1/7 2/4/7
f 2/3/8 4/19/8 18/20/8
f 5/16/9 6/21/9 2/3/9
f 16/22/10 2/3/10 6/23/10
f 16/24/11 4/25/11 2/3/11
f 18/26/12 4/19/12 17/27/12
f 13/28/13 17/29/13 4/19/13
f 13/30/14 4/19/14 14/31/14
f 12/32/15 7/33/15 5/2/15
f 2/4/2 9/34/2 10/5/2
f 9/7/3 2/10/3 19/8/3
f 20/18/16 37/35/16 3/1/16
f 5/16/9 7/36/9 6/21/9
f 16/24/11 14/37/11 4/25/11
f 13/28/13 15/38/13 17/29/13
f 12/32/15 8/39/15 7/33/15
s 1
f 1/40/17 32/41/18 24/42/19
f 1/40/17 26/43/20 27/44/21
f 1/40/17 23/45/22 28/46/23
f 1/40/17 29/47/24 30/48/25
f 1/40/17 27/44/21 35/49/26
f 36/50/27 1/40/17 28/46/23
f 24/42/19 22/51/28 23/45/22
f 23/45/22 1/40/17 24/42/19
f 1/40/17 25/52/29 26/43/20
f 31/53/25 32/41/18 30/48/25
f 32/41/18 1/40/17 30/48/25
f 35/49/26 33/54/26 34/55/26
f 34/55/26 29/47/24 35/49/26
f 29/47/24 1/40/17 35/49/26
f 28/46/23 21/56/30 36/50/27
f 36/50/27 25/52/29 1/40/17
o Icosphere.007_cell.001_Icosphere.007_cell.033
v -0.150687 -0.063391 -0.018943
v -0.086078 -0.031410 0.009806
v -0.064889 -0.001856 -0.023989
v -0.072417 -0.014139 -0.036209
v -0.096767 0.005955 -0.030836
v -0.129589 -0.022911 -0.067863
v -0.133996 0.007790 -0.046062
v -0.119401 -0.079588 0.013819
v -0.134069 -0.067637 0.024448
v -0.120740 -0.083902 -0.017448
v -0.127588 -0.027854 -0.070554
v -0.138504 -0.044724 0.028408
v -0.143949 -0.036038 0.019395
v -0.148227 -0.029226 0.012306
v -0.138156 0.011162 -0.032478
v -0.114099 -0.067232 -0.076207
v -0.118332 -0.081289 -0.029196
v -0.109524 -0.070757 -0.074888
v -0.133996 0.007790 -0.046062
v -0.129589 -0.022911 -0.067863
v -0.120740 -0.083902 -0.017448
v -0.119401 -0.079588 0.013819
v -0.134069 -0.067637 0.024448
v -0.138504 -0.044724 0.028408
v -0.143949 -0.036038 0.019395
v -0.148227 -0.029226 0.012306
v -0.138156 0.011162 -0.032478
v -0.127588 -0.027854 -0.070554
v -0.114099 -0.067232 -0.076207
v -0.118332 -0.081289 -0.029196
v -0.109524 -0.070757 -0.074888
vt 0.000000 0.000000
vt 1.000000 0.000000
vt 1.000000 1.000000
vt 0.000000 0.000000
vt 1.000000 0.000000
vt 1.000000 1.000000
vt 0.000000 0.000000
vt 1.000000 0.461642
vt 0.823084 0.241706
vt 1.000000 0.000000
vt 1.000000 0.458644
vt 0.000000 0.000000
vt 1.000000 0.583486
vt 0.458644 0.458644
vt 0.000000 0.000000
vt 0.614601 0.510263
vt 0.583487 0.583487
vt 0.904055 0.683906
vt 0.710012 0.710012
vt 1.000000 0.000000
vt 0.699583 0.699583
vt 1.000000 0.522582
vt 0.431048 0.000000
vt 1.000000 0.492174
vt 0.522582 0.522582
vt 0.638324 0.000000
vt 1.000000 0.000000
vt 0.361676 0.000000
vt 0.391732 0.391732
vt 1.000000 0.568952
vt 0.010500 0.000000
vt 0.098314 0.030764
vt 0.711599 0.000000
vt 0.538358 0.000000
vt 1.000000 0.699583
vt 1.000000 1.000000
vt 0.446461 0.357143
vt 0.485916 0.418641
vt 0.471996 0.411519
vt 0.510072 0.287040
vt 0.561488 0.261715
vt 0.566715 0.301002
vt 0.561958 0.339819
vt 0.546867 0.349493
vt 0.487128 0.417518
vt 0.535005 0.357070
vt 0.498389 0.237607
vt 0.418575 0.299647
vt 0.442971 0.352600
vt 0.518090 0.224806
vt 0.421999 0.287769
vn 0.8334 -0.5511 0.0406
vn 0.8253 -0.5637 0.0334
vn 0.0814 0.8239 0.5609
vn 0.3537 -0.0924 0.9308
vn 0.0533 0.7349 0.6761
vn 0.0525 0.7357 0.6753
vn 0.8233 -0.5659 0.0428
vn 0.8282 -0.5596 0.0307
vn 0.3375 0.5518 -0.7626
vn 0.3203 0.5786 -0.7501
vn 0.3091 0.6698 -0.6751
vn 0.1301 0.9709 -0.2011
vn 0.4577 0.2780 -0.8445
vn 0.4398 -0.2319 0.8676
vn 0.4570 0.2778 -0.8450
vn -0.9190 0.0005 -0.3942
vn -0.9611 0.1115 -0.2524
vn -0.9466 0.0849 -0.3109
vn -0.9008 -0.4205 -0.1088
vn -0.5644 -0.8141 0.1365
vn -0.8009 -0.5424 0.2536
vn -0.9154 -0.2338 0.3277
vn -0.9911 -0.0435 0.1256
vn -0.5317 -0.7971 -0.2862
vn -0.6929 -0.5982 -0.4026
vn -0.8589 -0.1520 -0.4890
vn -0.5608 -0.8244 -0.0768
usemtl Material.001
s off
f 41/57/31 40/58/31 39/59/31
f 68/60/32 41/61/32 39/59/32
f 40/62/33 42/63/33 52/64/33
f 46/65/34 39/66/34 49/67/34
f 39/68/35 50/69/35 49/70/35
f 40/71/36 51/72/36 50/73/36
f 47/74/37 39/59/37 45/75/37
f 68/76/38 39/59/38 54/77/38
f 43/78/39 41/57/39 65/79/39
f 44/80/40 40/62/40 43/81/40
f 44/82/41 42/83/41 40/62/41
f 44/84/42 52/85/42 42/63/42
f 65/86/43 68/87/43 66/88/43
f 46/65/44 45/89/44 39/66/44
f 39/68/35 40/58/35 50/69/35
f 40/71/36 52/90/36 51/72/36
f 47/74/37 54/91/37 39/59/37
f 43/78/39 40/62/39 41/57/39
f 65/86/45 41/92/45 68/87/45
s 1
f 57/93/46 64/94/47 56/95/48
f 38/96/49 59/97/50 60/98/51
f 60/98/51 61/99/52 62/100/52
f 64/101/47 38/96/49 63/102/53
f 67/103/54 38/96/49 53/104/55
f 48/105/56 38/96/49 57/93/46
f 57/93/46 38/96/49 64/94/47
f 38/96/49 58/106/57 59/97/50
f 63/102/53 38/96/49 62/100/52
f 38/96/49 60/98/51 62/100/52
f 53/104/55 55/107/54 67/103/54
f 67/103/54 58/106/57 38/96/49
f 48/105/56 53/104/55 38/96/49
o Icosphere.007_cell.002_Icosphere.007_cell.001
v 0.154306 -0.004191 -0.049453
v 0.043161 0.005196 -0.022923
v 0.048282 0.012765 -0.010837
v 0.067267 0.023610 -0.008126
v 0.149830 0.032861 -0.007377
v 0.135939 0.052937 -0.026757
v 0.132061 0.038636 -0.063615
v 0.124258 0.030137 -0.076813
v 0.128415 0.034696 -0.069771
v 0.123820 0.000221 -0.087854
v 0.120979 0.026073 -0.082530
v 0.142591 -0.002761 0.008634
v 0.142910 -0.006021 0.004494
v 0.146116 -0.031178 -0.031058
v 0.100401 -0.047248 -0.074786
v 0.132797 -0.037438 -0.046116
v 0.144286 0.010386 0.008077
v 0.135939 0.052937 -0.026757
v 0.149830 0.032861 -0.007377
v 0.132061 0.038636 -0.063615
v 0.123820 0.000221 -0.087854
v 0.120979 0.026073 -0.082530
v 0.124258 0.030137 -0.076813
v 0.128415 0.034696 -0.069771
v 0.142591 -0.002761 0.008634
v 0.142910 -0.006021 0.004494
v 0.146116 -0.031178 -0.031058
v 0.100401 -0.047248 -0.074786
v 0.132797 -0.037438 -0.046116
v 0.144286 0.010386 0.008077
vt 0.000000 0.000000
vt 0.374130 0.000000
vt 0.569471 0.304743
vt 1.000000 0.000000
vt 0.862097 0.469825
vt 0.383144 0.000000
vt 0.000000 0.000000
vt 1.000000 0.618679
vt 0.604123 0.604123
vt 0.485942 0.000000
vt 1.000000 1.000000
vt 0.639618 0.492761
vt 1.000000 0.625870
vt 1.000000 0.000000
vt 0.625436 0.097051
vt 0.554845 0.000000
vt 0.000000 0.000000
vt 0.602703 0.246706
vt 0.499511 0.499511
vt 0.567964 0.567964
vt 1.000000 0.514058
vt 1.000000 1.000000
vt 0.648860 0.447212
vt 0.618679 0.618679
vt 1.000000 0.000000
vt 1.000000 0.518059
vt 0.518059 0.518059
vt 1.000000 0.499511
vt 0.567964 0.000000
vt 0.445155 0.000000
vt 0.130912 0.693823
vt 0.132040 0.595965
vt 0.171204 0.652975
vt 0.179988 0.628551
vt 0.175315 0.641622
vt 0.998551 0.595965
vt 0.944947 0.606589
vt 0.977869 0.553354
vt 0.174284 0.571585
vt 0.124548 0.525808
vt 0.154564 0.478784
vt 0.943640 0.636902
vt 0.941510 0.618463
vt 0.111358 0.553354
vt 0.096204 0.673781
vt 0.183576 0.617357
vt 0.941145 0.613368
vt 0.962714 0.673781
vn -0.2404 -0.8025 0.5462
vn -0.1913 0.0661 0.9793
vn -0.2481 -0.7702 0.5875
vn -0.4660 0.8252 -0.3193
vn -0.6210 0.0921 -0.7784
vn -0.4407 0.8515 -0.2840
vn -0.0810 0.6627 0.7445
vn -0.1904 0.0889 0.9777
vn -0.4438 0.8487 -0.2876
vn -0.0720 0.5771 0.8135
vn 0.8914 0.3829 -0.2423
vn 0.9442 -0.1066 -0.3117
vn 0.8525 0.3017 -0.4267
vn 0.7776 0.2076 -0.5935
vn 0.9672 -0.1579 0.1990
vn 0.9215 -0.3666 -0.1276
vn 0.7663 -0.1477 -0.6253
vn 0.6849 -0.4966 -0.5332
vn 0.6576 -0.4835 -0.5777
vn 0.9738 -0.1116 0.1979
vn 0.9714 -0.1292 0.1991
vn 0.9874 0.1552 -0.0316
usemtl Material.001
s off
f 70/108/58 83/109/58 84/110/58
f 71/111/59 80/112/59 98/113/59
f 71/114/60 81/115/60 80/116/60
f 76/117/61 70/118/61 71/114/61
f 70/118/62 78/119/62 83/120/62
f 72/121/63 75/122/63 77/123/63
f 72/124/64 73/125/64 74/126/64
f 98/127/65 72/124/65 71/111/65
f 72/124/66 76/128/66 71/129/66
f 82/130/58 81/131/58 84/110/58
f 81/131/58 70/108/58 84/110/58
f 71/114/60 70/132/60 81/115/60
f 76/117/61 79/133/61 70/118/61
f 70/118/62 79/134/62 78/119/62
f 72/121/63 74/135/63 75/122/63
f 72/124/67 98/136/67 73/125/67
f 72/124/66 77/137/66 76/128/66
s 1
f 86/138/68 69/139/69 88/140/70
f 91/141/71 92/142/71 69/139/69
f 69/143/69 94/144/72 95/145/73
f 89/146/74 97/147/75 96/148/76
f 69/143/69 85/149/77 93/150/78
f 97/147/75 69/139/69 95/151/73
f 86/138/68 87/152/79 69/139/69
f 92/142/71 88/140/70 69/139/69
f 69/139/69 89/146/74 91/141/71
f 89/146/74 90/153/71 91/141/71
f 69/143/69 93/154/78 94/144/72
f 89/146/74 69/139/69 97/147/75
f 69/143/69 87/155/79 85/149/77
o Icosphere.007_cell.003_Icosphere.007_cell.002
v 0.018243 0.007713 0.169892
v -0.008938 0.009303 0.050556
v -0.014302 0.010674 0.054026
v 0.053738 0.007695 0.147202
v 0.042570 -0.027853 0.129814
v -0.001798 -0.033479 0.154278
v 0.027307 -0.039140 0.131778
v 0.032761 0.062916 0.115111
v 0.007236 0.067194 0.127913
v 0.040711 -0.043324 0.126874
v -0.047795 -0.005892 0.140639
v -0.047444 0.018387 0.145195
v -0.030519 0.057426 0.124148
v 0.042570 -0.027853 0.129814
v 0.053738 0.007695 0.147202
v -0.001798 -0.033479 0.154278
v 0.027307 -0.039140 0.131778
v 0.032761 0.062916 0.115111
v 0.007236 0.067194 0.127913
v 0.040711 -0.043324 0.126874
v -0.047795 -0.005892 0.140639
v -0.030519 0.057426 0.124148
v -0.047444 0.018387 0.145195
vt 0.457002 0.244332
vt 0.000000 0.000000
vt 0.434960 0.000000
vt 1.000000 0.381220
vt 0.450651 0.252661
vt 0.309031 0.067979
vt 0.000000 0.000000
vt 1.000000 0.565040
vt 1.000000 1.000000
vt 0.221606 0.221606
vt 1.000000 0.530725
vt 0.553738 0.521025
vt 1.000000 0.468003
vt 0.480708 0.000000
vt 1.000000 0.000000
vt 0.549817 0.173636
vt 0.421784 0.421784
vt 0.381220 0.381220
vt 0.221606 0.000000
vt 1.000000 0.000000
vt 0.675199 0.387962
vt 0.519292 0.000000
vt 0.739173 0.580170
vt 0.737989 0.498048
vt 0.770012 0.508039
vt 0.713870 0.690554
vt 0.684990 0.681309
vt 0.782981 0.508748
vt 0.780208 0.537067
vt 0.774294 0.508011
vt 0.689692 0.507398
vt 0.680922 0.546994
vt 0.662401 0.629628
vt 0.775041 0.603844
vn -0.1516 0.8063 -0.5717
vn 0.8390 0.0025 -0.5441
vn -0.1658 0.8024 -0.5733
vn -0.3906 -0.8568 -0.3367
vn -0.4147 -0.8509 -0.3224
vn -0.4267 -0.8434 -0.3263
vn -0.9136 0.2075 -0.3497
vn -0.9348 0.0785 -0.3465
vn 0.1733 0.0703 0.9823
vn 0.0536 -0.3766 0.9248
vn 0.4163 -0.4229 0.8048
vn 0.4426 0.5703 0.6920
vn 0.1187 0.5871 0.8007
vn 0.2770 -0.2114 0.9373
vn 0.4214 -0.4309 0.7979
vn -0.3706 -0.1661 0.9138
vn -0.3161 0.2002 0.9273
vn -0.2198 0.5350 0.8157
vn 0.5382 0.0390 0.8419
usemtl Material.001
s off
f 107/156/80 100/157/80 111/158/80
f 106/159/81 102/160/81 103/161/81
f 101/162/82 111/163/82 100/164/82
f 100/164/83 108/165/83 105/166/83
f 105/167/84 109/168/84 100/164/84
f 109/169/85 101/170/85 100/164/85
f 101/162/86 110/171/86 111/172/86
f 107/156/80 106/173/80 100/157/80
f 103/161/81 108/174/81 100/175/81
f 100/175/81 106/159/81 103/161/81
f 105/167/84 104/176/84 109/168/84
f 101/162/87 109/177/87 110/171/87
s 1
f 99/178/88 114/179/89 115/180/90
f 99/178/88 116/181/91 117/182/92
f 118/183/93 112/184/94 115/185/90
f 119/186/95 99/178/88 121/187/96
f 120/188/97 99/178/88 117/182/92
f 115/180/90 112/184/94 99/178/88
f 112/184/94 113/189/98 99/178/88
f 99/178/88 113/189/98 116/181/91
f 119/186/95 114/179/89 99/178/88
f 120/188/97 121/187/96 99/178/88
o Icosphere.007_cell.004_Icosphere.007_cell.003
v 0.145252 0.070760 0.035659
v 0.067798 0.024448 -0.007231
v 0.041472 0.034412 0.002606
v 0.056407 0.055633 0.052413
v 0.045244 0.041442 0.001893
v 0.149707 0.033884 -0.006216
v 0.127384 0.076840 -0.020459
v 0.135827 0.053941 -0.025582
v 0.079225 0.096287 0.057312
v 0.082578 0.103883 0.042471
v 0.094241 0.110884 0.020860
v 0.097076 0.104029 -0.007855
v 0.110257 0.092195 -0.013398
v 0.125933 0.048454 0.066765
v 0.138596 0.038495 0.051380
v 0.072347 0.077110 0.077734
v 0.072707 0.082666 0.072878
v 0.112750 0.053286 0.071308
v 0.092174 0.060926 0.078318
v 0.144862 0.016598 0.008549
v 0.144057 0.019382 0.014035
v 0.149707 0.033884 -0.006216
v 0.135827 0.053941 -0.025582
v 0.127384 0.076840 -0.020459
v 0.072707 0.082666 0.072878
v 0.072347 0.077110 0.077734
v 0.082578 0.103883 0.042471
v 0.079225 0.096287 0.057312
v 0.097076 0.104029 -0.007855
v 0.094241 0.110884 0.020860
v 0.110257 0.092195 -0.013398
v 0.125933 0.048454 0.066765
v 0.138596 0.038495 0.051380
v 0.092174 0.060926 0.078318
v 0.112750 0.053286 0.071308
v 0.144057 0.019382 0.014035
v 0.144862 0.016598 0.008549
vt 0.000000 0.000000
vt 1.000000 0.000000
vt 1.000000 1.000000
vt 0.000000 0.000000
vt 1.000000 0.000000
vt 0.621269 0.000000
vt 1.000000 0.000000
vt 1.000000 0.333052
vt 0.333052 0.333052
vt 1.000000 0.178779
vt 0.178779 0.178779
vt 0.000000 0.000000
vt 0.598132 0.000000
vt 0.803029 0.224232
vt 1.000000 0.378732
vt 0.627473 0.000000
vt 1.000000 0.000000
vt 1.000000 1.000000
vt 0.437969 0.000000
vt 1.000000 0.758023
vt 1.000000 0.849039
vt 0.758023 0.758023
vt 0.731452 0.200529
vt 1.000000 0.372527
vt 1.000000 0.371069
vt 1.000000 1.000000
vt 0.677508 0.403940
vt 1.000000 0.562031
vt 0.502623 0.502623
vt 1.000000 0.436603
vt 1.000000 1.000000
vt 0.000000 0.000000
vt 0.620364 0.000000
vt 0.620364 0.620364
vt 0.502623 0.000000
vt 0.563397 0.000000
vt 0.371069 0.371069
vt 0.875939 0.481304
vt 0.757217 0.401168
vt 0.095214 0.675929
vt 0.134544 0.733091
vt 0.059548 0.753376
vt 0.188404 0.766159
vt 0.885836 0.709200
vt 0.905116 0.698803
vt 0.926058 0.753376
vt 0.794802 0.767604
vt 0.780860 0.742803
vt 0.818691 0.715532
vt 0.939180 0.654723
vt 0.961725 0.675929
vt 0.760883 0.801711
vt 0.671380 0.820949
vt 0.129896 0.695951
vt 0.229825 0.791703
vt 0.230582 0.820949
vt 0.779795 0.733634
vt 0.859613 0.711611
vt 0.944188 0.648291
vn -0.8770 0.4767 0.0599
vn -0.3231 0.0777 -0.9432
vn -0.8717 0.4872 0.0524
vn -0.8735 0.4834 0.0572
vn -0.9004 0.3181 0.2970
vn -0.7679 0.6018 -0.2195
vn -0.3043 0.1045 -0.9468
vn -0.1814 -0.8839 0.4310
vn -0.4480 -0.5227 0.7253
vn -0.2999 0.1016 -0.9485
vn -0.1774 -0.8879 0.4246
vn -0.1775 -0.8863 0.4277
vn 0.0854 -0.6609 -0.7456
vn 0.9887 0.1476 -0.0248
vn 0.7855 0.5902 -0.1862
vn 0.8443 0.4593 0.2759
vn 0.6350 0.7632 -0.1195
vn 0.5881 0.4384 0.6796
vn 0.9153 0.0073 0.4026
vn 0.4517 0.6514 0.6096
vn 0.4467 0.5721 0.6878
vn 0.9748 -0.1053 0.1965
vn 0.4492 0.7501 0.4854
vn 0.5716 0.7977 0.1922
vn 0.8914 0.3829 -0.2423
usemtl Material.001
s off
f 124/190/99 125/191/99 126/192/99
f 123/193/100 124/194/100 126/192/100
f 148/195/101 126/196/101 149/197/101
f 149/198/102 125/191/102 138/199/102
f 138/200/103 125/201/103 137/202/103
f 132/203/104 126/196/104 148/204/104
f 126/192/105 134/205/105 123/206/105
f 125/207/106 139/208/106 140/209/106
f 137/210/107 125/207/107 140/211/107
f 128/212/108 123/206/108 134/213/108
f 123/193/109 142/214/109 124/215/109
f 124/215/110 136/216/110 139/217/110
f 129/218/111 141/219/111 123/220/111
f 149/198/102 126/221/102 125/191/102
f 132/203/104 133/222/104 126/196/104
f 126/192/105 133/223/105 134/205/105
f 125/207/106 124/190/106 139/208/106
f 128/212/108 129/224/108 123/206/108
f 123/193/109 141/225/109 142/214/109
f 142/226/110 136/216/110 124/215/110
f 136/216/110 135/227/110 139/217/110
f 129/218/111 127/228/111 141/219/111
s 1
f 143/229/112 145/230/113 122/231/114
f 122/231/114 145/230/113 152/232/115
f 153/233/116 154/234/117 122/235/114
f 130/236/118 146/237/119 155/238/119
f 122/235/114 157/239/120 143/240/112
f 131/241/121 122/235/114 151/242/122
f 143/229/112 144/243/123 145/230/113
f 152/232/115 150/244/115 151/245/122
f 151/245/122 122/231/114 152/232/115
f 146/237/119 147/246/119 155/238/119
f 155/238/119 156/247/119 130/236/118
f 156/247/119 153/233/116 122/235/114
f 130/236/118 156/247/119 122/235/114
f 154/234/117 157/239/120 122/235/114
f 157/239/120 158/248/120 143/240/112
f 131/241/121 130/236/118 122/235/114
o Icosphere.007_cell.005_Icosphere.007_cell.004
v -0.024610 -0.127752 0.073603
v 0.011195 -0.020339 0.038214
v 0.011147 -0.022996 0.004297
v 0.013510 -0.018277 0.025665
v 0.013881 -0.018336 0.012075
v 0.025713 -0.037703 0.051855
v 0.015364 -0.030483 0.005584
v 0.030485 -0.049336 0.020100
v 0.032488 -0.043839 0.027767
v 0.026122 -0.032017 0.036111
v 0.029288 -0.036738 0.027368
v 0.045998 -0.094838 0.086664
v 0.046964 -0.121222 0.050042
v 0.052454 -0.103643 0.071656
v 0.051331 -0.107261 0.067205
v 0.049634 -0.099475 0.078653
v -0.050088 -0.122950 0.030300
v 0.013753 -0.131891 0.028136
v -0.026433 -0.137327 0.031054
v -0.037925 -0.096754 0.100833
v -0.042086 -0.104600 0.088058
v -0.047040 -0.114212 0.072519
v -0.023560 -0.102488 0.105093
v 0.042650 -0.090541 0.093444
v 0.035703 -0.127449 0.031397
v 0.030199 -0.129421 0.026888
v 0.043265 -0.124680 0.037843
v 0.046964 -0.121222 0.050042
v 0.051331 -0.107261 0.067205
v 0.052454 -0.103643 0.071656
v 0.049634 -0.099475 0.078653
v 0.045998 -0.094838 0.086664
v -0.026433 -0.137327 0.031054
v 0.013753 -0.131891 0.028136
v -0.042086 -0.104600 0.088058
v -0.047040 -0.114212 0.072519
v -0.037925 -0.096754 0.100833
v 0.042650 -0.090541 0.093444
v -0.023560 -0.102488 0.105093
v -0.050088 -0.122950 0.030300
v 0.030199 -0.129421 0.026888
v 0.035703 -0.127449 0.031397
v 0.043265 -0.124680 0.037843
vt 0.000000 0.000000
vt 1.000000 0.000000
vt 1.000000 1.000000
vt 0.000000 0.000000
vt 1.000000 0.000000
vt 1.000000 0.000000
vt 1.000000 1.000000
vt 0.000000 0.000000
vt 1.000000 0.000000
vt 0.000000 0.000000
vt 1.000000 0.000000
vt 1.000000 1.000000
vt 1.000000 0.000000
vt 1.000000 1.000000
vt 0.000000 0.000000
vt 1.000000 0.000000
vt 1.000000 1.000000
vt 1.000000 0.000000
vt 0.000000 0.000000
vt 1.000000 1.000000
vt 1.000000 0.000000
vt 0.663777 0.186510
vt 0.532061 0.000000
vt 0.573453 0.573453
vt 0.000000 0.000000
vt 0.000000 0.000000
vt 0.607852 0.123472
vt 0.564650 0.564650
vt 0.668838 0.000000
vt 1.000000 0.000000
vt 0.984444 0.390169
vt 0.000000 0.000000
vt 1.000000 0.431608
vt 0.400380 0.400380
vt 1.000000 0.467939
vt 0.000000 0.000000
vt 1.000000 0.406606
vt 0.509995 0.000000
vt 0.528218 0.528218
vt 0.914160 0.294555
vt 0.590754 0.000000
vt 0.372245 0.372245
vt 0.409246 0.000000
vt 1.000000 0.609161
vt 0.607337 0.000000
vt 0.847297 0.513190
vt 1.000000 1.000000
vt 0.607337 0.607337
vt 0.990102 0.562283
vt 0.593394 0.000000
vt 0.639600 0.424536
vt 0.431608 0.431608
vt 0.528218 0.000000
vt 1.000000 0.331162
vt 0.609161 0.609161
vt 1.000000 0.490005
vt 0.769071 0.272784
vt 0.831125 0.378127
vt 0.821023 0.391403
vt 0.835662 0.208564
vt 0.851747 0.289942
vt 0.749987 0.340336
vt 0.730502 0.306998
vt 0.806196 0.406896
vt 0.753320 0.341349
vt 0.801071 0.208261
vt 0.730534 0.273840
vt 0.859750 0.320324
vt 0.841071 0.347833
vt 0.812112 0.397012
vt 0.828538 0.385970
vt 0.730630 0.334243
vt 0.810336 0.400046
vt 0.855361 0.334529
vt 0.862698 0.310112
vn -0.8292 0.5573 -0.0425
vn 0.7910 0.3607 -0.4942
vn 0.8325 0.3367 -0.4399
vn 0.8333 0.3226 -0.4490
vn 0.6155 0.7360 0.2818
vn 0.6191 0.7486 0.2372
vn -0.7313 0.6816 -0.0229
vn 0.7301 0.6831 0.0170
vn 0.7854 0.6170 -0.0488
vn 0.8370 0.3538 -0.4175
vn 0.9045 0.4135 0.1042
vn -0.8570 0.5135 -0.0444
vn -0.0733 -0.2088 -0.9752
vn -0.0632 -0.2157 -0.9744
vn 0.0250 0.6233 0.7816
vn 0.0188 0.6262 0.7794
vn -0.8549 0.5173 -0.0393
vn 0.6465 -0.0667 -0.7600
vn 0.6609 -0.0640 -0.7477
vn 0.8943 0.4159 0.1652
vn 0.8890 0.4227 0.1758
vn 0.9083 0.3980 0.1291
vn 0.9465 0.0881 -0.3105
vn 0.9462 0.0871 -0.3116
vn -0.0416 -0.2163 -0.9754
vn -0.0530 -0.1390 -0.9889
vn 0.0179 0.6268 0.7789
vn 0.8904 0.4213 0.1726
vn -0.1409 -0.8879 0.4378
vn 0.2586 -0.7805 0.5691
vn -0.1888 -0.9563 0.2233
vn 0.1573 -0.9626 0.2204
vn -0.1065 -0.7738 0.6243
vn -0.4448 -0.6913 0.5694
vn 0.2431 -0.7605 0.6020
vn -0.5127 -0.8326 0.2094
vn -0.4882 -0.7769 0.3976
vn 0.1613 -0.9612 0.2236
vn 0.2143 -0.8890 0.4046
vn 0.2509 -0.7707 0.5857
usemtl Material.001
s off
f 160/249/124 163/250/124 161/251/124
f 163/252/125 165/253/125 161/251/125
f 163/252/126 167/254/126 165/255/126
f 167/256/127 166/257/127 165/255/127
f 168/258/128 160/259/128 164/260/128
f 168/258/129 162/261/129 160/262/129
f 162/263/130 163/250/130 160/262/130
f 162/263/131 168/264/131 163/265/131
f 168/258/132 169/266/132 163/265/132
f 169/267/133 167/254/133 163/265/133
f 169/267/134 168/264/134 167/268/134
f 161/269/135 180/270/135 179/271/135
f 175/272/136 161/273/136 165/253/136
f 165/274/137 176/275/137 175/276/137
f 182/277/138 164/278/138 181/279/138
f 164/280/139 178/281/139 181/282/139
f 179/283/140 160/249/140 161/269/140
f 166/284/141 184/285/141 165/255/141
f 166/284/142 185/286/142 183/287/142
f 170/288/143 174/289/143 168/264/143
f 164/278/144 170/290/144 168/258/144
f 167/268/145 174/291/145 172/292/145
f 167/268/146 173/293/146 166/257/146
f 171/294/147 166/295/147 173/296/147
f 161/269/135 175/297/135 180/270/135
f 184/298/148 176/275/148 165/274/148
f 176/275/149 177/299/149 175/276/149
f 164/280/150 160/259/150 178/281/150
f 179/283/140 178/300/140 160/249/140
f 166/284/141 183/301/141 184/285/141
f 164/278/151 182/302/151 170/290/151
f 167/268/145 168/258/145 174/291/145
f 167/268/146 172/303/146 173/293/146
f 171/294/147 185/304/147 166/295/147
s 1
f 159/305/152 187/306/153 189/307/153
f 159/305/152 191/308/154 192/309/155
f 197/310/156 193/311/157 159/305/152
f 159/305/152 196/312/158 197/313/156
f 198/314/159 159/305/152 194/315/160
f 192/309/155 200/316/161 186/317/162
f 189/307/153 190/318/163 159/305/152
f 159/305/152 186/317/162 187/306/153
f 187/306/153 188/319/153 189/307/153
f 195/320/157 193/311/157 197/310/156
f 193/311/157 194/315/160 159/305/152
f 159/305/152 190/321/163 196/312/158
f 198/314/159 191/308/154 159/305/152
f 201/322/161 186/317/162 200/316/161
f 186/317/162 159/305/152 192/309/155
f 192/309/155 199/323/161 200/316/161
o Icosphere.007_cell.006_Icosphere.007_cell.005
v -0.022456 -0.075942 0.138182
v 0.010179 -0.019446 0.040640
v 0.026266 -0.038491 0.054713
v -0.053947 -0.018805 0.086715
v -0.014105 0.009043 0.048321
v -0.009107 0.008440 0.048473
v 0.025832 -0.040232 0.131968
v -0.002400 -0.034716 0.153809
v -0.073936 -0.049791 0.112202
v -0.077050 -0.033845 0.117592
v -0.059945 -0.074382 0.110791
v -0.068035 -0.023969 0.129145
v -0.038090 -0.095007 0.102824
v -0.024544 -0.100680 0.106519
v 0.047011 -0.068685 0.119292
v 0.043692 -0.083598 0.101794
v 0.042347 -0.089396 0.095013
v 0.046799 -0.062584 0.120731
v 0.046411 -0.053654 0.122860
v 0.040816 -0.045426 0.126369
v -0.063479 -0.019518 0.131802
v -0.050203 -0.006844 0.139490
v -0.048948 -0.084917 0.106593
v 0.025832 -0.040232 0.131968
v -0.002400 -0.034716 0.153809
v -0.077050 -0.033845 0.117592
v -0.073936 -0.049791 0.112202
v -0.068035 -0.023969 0.129145
v -0.024544 -0.100680 0.106519
v 0.042347 -0.089396 0.095013
v -0.038090 -0.095007 0.102824
v 0.043692 -0.083598 0.101794
v 0.047011 -0.068685 0.119292
v -0.059945 -0.074382 0.110791
v 0.046799 -0.062584 0.120731
v 0.046411 -0.053654 0.122860
v 0.040816 -0.045426 0.126369
v -0.050203 -0.006844 0.139490
v -0.063479 -0.019518 0.131802
v -0.048948 -0.084917 0.106593
vt 0.000000 0.000000
vt 1.000000 0.000000
vt 1.000000 1.000000
vt 0.000000 0.000000
vt 1.000000 0.000000
vt 1.000000 1.000000
vt 0.000000 0.000000
vt 1.000000 0.284185
vt 0.679091 0.000000
vt 1.000000 0.000000
vt 0.284185 0.284185
vt 0.400332 0.000000
vt 0.391296 0.067425
vt 0.607715 0.000000
vt 1.000000 0.320909
vt 0.802198 0.000000
vt 1.000000 0.250004
vt 0.250004 0.250004
vt 1.000000 0.599668
vt 0.574479 0.000000
vt 1.000000 0.000000
vt 1.000000 0.000000
vt 0.530273 0.530273
vt 0.318131 0.246360
vt 0.232456 0.000000
vt 0.534284 0.534284
vt 0.000000 0.000000
vt 0.767544 0.000000
vt 1.000000 0.191575
vt 1.000000 0.368844
vt 0.683003 0.310640
vt 0.425521 0.000000
vt 0.368844 0.368844
vt 0.487683 0.441828
vt 0.534284 0.000000
vt 0.000000 0.000000
vt 0.607715 0.607715
vt 1.000000 0.337646
vt 0.337646 0.337646
vt 0.190583 0.190583
vt 0.614397 0.323052
vt 0.197802 0.000000
vt 0.737954 0.495583
vt 0.736769 0.413396
vt 0.769027 0.505233
vt 0.676535 0.402384
vt 0.679716 0.462566
vt 0.802558 0.426118
vt 0.795739 0.467954
vt 0.793814 0.478551
vt 0.790931 0.494019
vt 0.783672 0.505118
vt 0.681819 0.473276
vt 0.729230 0.338614
vt 0.709370 0.351611
vt 0.669708 0.433473
vt 0.692450 0.374512
vt 0.752456 0.345111
vt 0.805161 0.409827
vt 0.688058 0.504006
vn 0.8004 0.5873 -0.1201
vn -0.5636 -0.2700 -0.7807
vn 0.0664 0.3121 -0.9477
vn 0.9592 0.0909 -0.2679
vn 0.9599 0.0957 -0.2636
vn -0.0285 -0.6260 -0.7793
vn 0.8008 0.5895 -0.1056
vn 0.9598 0.1038 -0.2607
vn -0.0445 -0.6177 -0.7851
vn -0.6464 0.7528 -0.1247
vn -0.6544 0.7454 -0.1266
vn 0.1105 0.9708 0.2129
vn -0.8093 0.0400 -0.5860
vn -0.5625 -0.2768 -0.7791
vn -0.5466 -0.2956 -0.7835
vn 0.4069 0.8530 0.3270
vn -0.5640 -0.2762 -0.7782
vn 0.4078 0.8588 0.3102
vn 0.4153 0.8507 0.3222
vn 0.0550 -0.3772 0.9245
vn -0.1228 -0.5505 0.8257
vn 0.3394 -0.3041 0.8901
vn -0.5598 -0.3613 0.7457
vn -0.4713 -0.2672 0.8405
vn 0.2371 -0.7632 0.6010
vn 0.2748 -0.5124 0.8136
vn 0.2770 -0.2114 0.9373
vn -0.3706 -0.1661 0.9138
vn -0.4448 -0.6913 0.5694
vn -0.5275 -0.4899 0.6941
vn -0.1152 -0.7785 0.6169
vn 0.2325 -0.7615 0.6050
usemtl Material.001
s off
f 203/324/164 207/325/164 204/326/164
f 205/327/165 206/328/165 203/329/165
f 206/330/166 207/325/166 203/329/166
f 217/331/167 218/332/167 204/333/167
f 217/334/168 219/335/168 216/336/168
f 215/337/169 204/333/169 218/338/169
f 204/326/170 221/339/170 220/340/170
f 220/341/171 219/342/171 204/326/171
f 204/326/172 232/343/172 203/344/172
f 205/345/173 223/346/173 206/330/173
f 213/347/174 205/327/174 211/348/174
f 206/328/175 223/349/175 207/350/175
f 211/351/176 205/345/176 210/352/176
f 205/327/177 224/353/177 212/354/177
f 232/355/178 224/356/178 203/324/178
f 208/357/179 207/350/179 223/358/179
f 217/334/168 204/359/168 219/335/168
f 204/326/170 207/350/170 221/339/170
f 204/326/172 215/360/172 232/343/172
f 205/345/173 222/361/173 223/346/173
f 213/347/174 222/362/174 205/327/174
f 212/354/180 210/363/180 205/327/180
f 205/327/177 203/344/177 224/353/177
f 223/358/181 209/364/181 208/357/181
f 208/357/182 221/365/182 207/350/182
s 1
f 226/366/183 202/367/184 225/368/185
f 228/369/186 202/367/184 229/370/187
f 233/371/188 234/372/189 202/367/184
f 236/373/190 237/374/190 238/375/190
f 240/376/191 202/367/184 226/366/183
f 214/377/192 202/367/184 241/378/192
f 229/370/187 227/379/186 228/369/186
f 228/369/186 235/380/193 202/367/184
f 202/367/184 230/381/194 233/371/188
f 230/381/194 231/382/195 233/371/188
f 238/375/190 225/368/185 236/373/190
f 225/368/185 202/367/184 234/372/189
f 236/373/190 225/368/185 234/372/189
f 226/366/183 239/383/191 240/376/191
f 240/376/191 229/370/187 202/367/184
f 230/381/194 202/367/184 214/377/192
f 202/367/184 235/380/193 241/378/192
o Icosphere.007_cell.007_Icosphere.007_cell.006
v 0.120835 -0.114482 0.025725
v 0.032773 -0.049822 0.019804
v 0.035184 -0.045417 0.027781
v 0.054661 -0.103818 0.070412
v 0.053466 -0.107324 0.066148
v 0.048976 -0.121038 0.049380
v 0.090881 -0.095248 0.065711
v 0.119459 -0.088514 0.061963
v 0.127637 -0.064674 0.040218
v 0.128982 -0.087638 0.007427
v 0.094811 -0.125914 -0.004648
v 0.103244 -0.099777 -0.021618
v 0.100553 -0.108038 -0.016297
v 0.045184 -0.124484 0.037301
v 0.053466 -0.107324 0.066148
v 0.048976 -0.121038 0.049380
v 0.119459 -0.088514 0.061963
v 0.090881 -0.095248 0.065711
v 0.054661 -0.103818 0.070412
v 0.128982 -0.087638 0.007427
v 0.127637 -0.064674 0.040218
v 0.100553 -0.108038 -0.016297
v 0.103244 -0.099777 -0.021618
v 0.094811 -0.125914 -0.004648
v 0.045184 -0.124484 0.037301
vt 1.000000 1.000000
vt 0.000000 0.000000
vt 1.000000 0.445968
vt 0.678712 0.438090
vt 1.000000 0.588390
vt 0.588390 0.588390
vt 1.000000 0.604708
vt 0.604708 0.604708
vt 1.000000 0.495073
vt 0.670846 0.517800
vt 0.495073 0.495073
vt 0.609646 0.609646
vt 1.000000 0.000000
vt 1.000000 1.000000
vt 0.615055 0.615055
vt 1.000000 0.670831
vt 0.670831 0.670831
vt 1.000000 0.453314
vt 0.445968 0.445968
vt 0.663989 0.484052
vt 1.000000 0.609646
vt 0.615055 0.000000
vt 0.770895 0.501314
vt 0.915381 0.425291
vt 0.886410 0.473322
vt 0.862025 0.435532
vt 0.906306 0.512682
vt 0.935293 0.465985
vt 0.048871 0.425291
vt 0.087741 0.398273
vt 0.068783 0.465984
vt 0.843095 0.349943
vt 0.941477 0.370650
vt 0.831157 0.387571
vt 0.833545 0.379876
vt 0.074967 0.370650
vt 0.093588 0.411100
vt 0.857172 0.336605
vn 0.2407 0.8171 -0.5238
vn 0.2434 0.7991 -0.5497
vn -0.6229 -0.2700 -0.7342
vn -0.6253 -0.2751 -0.7303
vn -0.9439 -0.0820 0.3198
vn -0.9421 -0.0758 0.3265
vn -0.0323 0.5822 0.8124
vn 0.0245 0.6227 0.7821
vn -0.0662 0.6847 0.7258
vn 0.6926 -0.7089 0.1330
vn 0.6953 -0.5714 0.4359
vn 0.2586 -0.7805 0.5691
vn 0.9693 -0.1808 0.1664
vn 0.9156 -0.3756 -0.1433
vn 0.7356 -0.5195 -0.4347
vn 0.2140 -0.8896 0.4035
vn 0.5142 -0.8491 -0.1210
vn 0.1613 -0.9612 0.2236
usemtl Material.001
s off
f 243/384/196 244/385/196 250/386/196
f 243/384/197 251/387/197 253/388/197
f 243/384/198 253/389/198 254/390/198
f 254/391/199 255/392/199 243/384/199
f 247/393/200 243/384/200 255/394/200
f 246/395/201 244/396/201 243/384/201
f 244/397/202 245/398/202 248/399/202
f 248/400/203 250/401/203 244/397/203
f 243/384/197 250/402/197 251/387/197
f 254/391/199 252/403/199 255/392/199
f 247/393/200 246/404/200 243/384/200
f 246/395/201 245/405/201 244/396/201
f 248/400/204 249/406/204 250/401/204
s 1
f 242/407/205 258/408/206 259/409/207
f 262/410/208 242/407/205 261/411/209
f 242/412/205 263/413/210 261/414/209
f 257/415/211 265/416/212 242/407/205
f 260/417/207 256/418/207 259/409/207
f 256/418/207 257/415/211 259/409/207
f 257/415/211 242/407/205 259/409/207
f 262/410/208 258/408/206 242/407/205
f 265/419/212 263/413/210 242/412/205
f 263/413/210 264/420/210 261/414/209
f 257/415/211 266/421/213 265/416/212
o Icosphere.007_cell.008_Icosphere.007_cell.007
v 0.067909 -0.137733 -0.036047
v 0.031549 -0.049652 0.018340
v 0.016880 -0.032726 0.004598
v 0.011958 -0.023306 -0.011220
v 0.007927 -0.030595 -0.030230
v 0.011776 -0.018979 -0.024173
v 0.007681 -0.122605 -0.070323
v 0.020781 -0.142372 -0.024678
v 0.046641 -0.116619 -0.084708
v 0.028447 -0.133476 0.010722
v 0.099739 -0.107855 -0.017894
v 0.102226 -0.099788 -0.023326
v 0.093770 -0.126372 -0.005864
v 0.098261 -0.090818 -0.040757
v 0.094854 -0.085070 -0.049447
v 0.083820 -0.066641 -0.077432
v 0.031726 -0.129502 0.025439
v 0.030602 -0.130851 0.020452
v 0.044254 -0.124992 0.035787
v 0.039488 -0.126678 0.031979
v 0.078411 -0.072130 -0.079133
v 0.020781 -0.142372 -0.024678
v 0.007681 -0.122605 -0.070323
v 0.046641 -0.116619 -0.084708
v 0.028447 -0.133476 0.010722
v 0.078411 -0.072130 -0.079133
v 0.083820 -0.066641 -0.077432
v 0.102226 -0.099788 -0.023326
v 0.099739 -0.107855 -0.017894
v 0.093770 -0.126372 -0.005864
v 0.094854 -0.085070 -0.049447
v 0.098261 -0.090818 -0.040757
v 0.044254 -0.124992 0.035787
v 0.039488 -0.126678 0.031979
v 0.031726 -0.129502 0.025439
v 0.030602 -0.130851 0.020452
vt 0.000000 0.000000
vt 1.000000 0.000000
vt 1.000000 1.000000
vt 1.000000 0.000000
vt 1.000000 1.000000
vt 1.000000 0.000000
vt 1.000000 1.000000
vt 1.000000 0.000000
vt 0.620722 0.291675
vt 0.387137 0.000000
vt 0.000000 0.000000
vt 0.578267 0.379824
vt 0.553751 0.553751
vt 0.999531 0.000000
vt 0.359720 0.359720
vt 1.000000 0.367372
vt 0.000000 0.000000
vt 0.000000 0.000000
vt 0.387017 0.238370
vt 0.367372 0.367372
vt 1.000000 0.393586
vt 0.590191 0.000000
vt 0.393586 0.393586
vt 0.512014 0.000000
vt 0.519734 0.332287
vt 1.000000 0.587238
vt 0.427371 0.000000
vt 1.000000 0.617297
vt 0.000000 0.000000
vt 1.000000 0.000000
vt 1.000000 0.612863
vt 1.000000 0.000469
vt 0.572629 0.000000
vt 1.000000 0.553750
vt 0.359720 0.000000
vt 0.375051 0.375051
vt 0.409809 0.000000
vt 0.587238 0.587238
vt 0.617297 0.617297
vt 1.000000 0.487986
vt 0.070547 0.230000
vt 0.165430 0.326672
vt 0.101944 0.314164
vt 0.937057 0.230000
vt 0.968455 0.314164
vt 0.883413 0.296514
vt 0.122629 0.418093
vt 0.112517 0.413163
vt 0.942522 0.368463
vt 0.861103 0.325578
vt 0.156326 0.422220
vt 0.095134 0.409406
vt 0.089211 0.397112
vt 0.132275 0.252414
vt 0.155185 0.433784
vt 0.865505 0.311049
vt 0.871565 0.306107
vt 0.858679 0.334351
vt 0.076011 0.368463
vn -0.9590 0.2646 0.1019
vn 0.6329 0.7369 0.2373
vn 0.6237 0.7415 0.2475
vn -0.9670 -0.0996 0.2344
vn -0.3713 0.3718 -0.8509
vn -0.2641 0.5133 -0.8166
vn 0.6476 0.7283 0.2243
vn 0.6488 0.7266 0.2263
vn 0.6304 0.2904 0.7199
vn 0.6234 0.2747 0.7321
vn -0.6561 0.0613 0.7522
vn -0.9652 -0.0956 0.2434
vn -0.9656 -0.0964 0.2417
vn -0.6377 0.0701 0.7671
vn -0.9659 -0.0968 0.2400
vn 0.0741 -0.9924 -0.0976
vn 0.4008 -0.7635 -0.5064
vn 0.4005 -0.8786 -0.2600
vn 0.1568 -0.9628 0.2200
vn 0.6590 -0.4831 -0.5765
vn 0.6903 -0.4992 -0.5237
vn 0.5147 -0.8487 -0.1216
vn 0.1613 -0.9612 0.2236
vn 0.6805 -0.4729 -0.5596
vn 0.7356 -0.5195 -0.4347
vn -0.0052 -0.9181 -0.3961
vn 0.6645 -0.4764 -0.5757
usemtl Material.001
s off
f 270/422/214 272/423/214 271/424/214
f 270/422/215 268/425/215 272/426/215
f 270/422/216 269/427/216 268/428/216
f 271/429/217 274/430/217 276/431/217
f 271/432/218 275/433/218 273/434/218
f 271/432/219 282/435/219 287/436/219
f 281/437/220 272/438/220 268/425/220
f 268/439/221 280/440/221 281/441/221
f 268/425/222 295/442/222 294/443/222
f 295/444/223 285/445/223 296/446/223
f 269/427/224 283/447/224 286/448/224
f 284/449/225 269/450/225 270/451/225
f 276/452/226 270/422/226 271/429/226
f 272/438/219 282/453/219 271/424/219
f 286/454/227 268/428/227 269/450/227
f 271/429/217 273/455/217 274/430/217
f 271/432/218 287/456/218 275/433/218
f 281/437/220 282/457/220 272/438/220
f 268/439/221 294/458/221 280/440/221
f 295/444/223 268/439/223 285/445/223
f 284/449/225 283/459/225 269/450/225
f 276/452/228 284/460/228 270/422/228
f 286/454/227 285/461/227 268/428/227
s 1
f 288/462/229 290/463/230 267/464/231
f 288/465/229 267/466/231 291/467/232
f 297/468/233 298/469/234 267/464/231
f 291/467/232 279/470/235 300/471/236
f 292/472/237 267/464/231 290/463/230
f 298/469/234 278/473/238 277/474/238
f 288/462/229 289/475/239 290/463/230
f 267/464/231 292/472/237 297/468/233
f 292/472/237 293/476/240 297/468/233
f 301/477/236 302/478/236 300/471/236
f 302/478/236 291/467/232 300/471/236
f 291/467/232 267/466/231 279/470/235
f 279/470/235 299/479/236 300/471/236
f 279/480/235 267/464/231 277/474/238
f 267/464/231 298/469/234 277/474/238
o Icosphere.007_cell.009_Icosphere.007_cell.008
v -0.116953 -0.072011 0.069139
v -0.051199 -0.017168 0.016234
v -0.043866 -0.003597 0.053530
v -0.056023 -0.019555 0.086265
v -0.085766 -0.031360 0.011438
v -0.115885 -0.022322 0.094018
v -0.105433 -0.025600 0.100277
v -0.078682 -0.034033 0.116275
v -0.075428 -0.049824 0.111066
v -0.080618 -0.060307 0.102090
v -0.087974 -0.073216 0.090312
v -0.133442 -0.067797 0.026085
v -0.118759 -0.079085 0.019476
v -0.107953 -0.085644 0.025035
v -0.103531 -0.088298 0.027489
v -0.131075 -0.033688 0.057032
v -0.137937 -0.044810 0.029929
v -0.095532 -0.088329 0.052667
v -0.094588 -0.085511 0.070220
v -0.097002 -0.091643 0.030888
v -0.118943 -0.019695 0.088811
v -0.125614 -0.027165 0.071439
v -0.075428 -0.049824 0.111066
v -0.078682 -0.034033 0.116275
v -0.105433 -0.025600 0.100277
v -0.115885 -0.022322 0.094018
v -0.087974 -0.073216 0.090312
v -0.080618 -0.060307 0.102090
v -0.107953 -0.085644 0.025035
v -0.103531 -0.088298 0.027489
v -0.133442 -0.067797 0.026085
v -0.118759 -0.079085 0.019476
v -0.137937 -0.044810 0.029929
v -0.097002 -0.091643 0.030888
v -0.095532 -0.088329 0.052667
v -0.094588 -0.085511 0.070220
v -0.125614 -0.027165 0.071439
v -0.131075 -0.033688 0.057032
v -0.118943 -0.019695 0.088811
vt 1.000000 0.000000
vt 0.561244 0.561244
vt 0.585207 0.000000
vt 1.000000 1.000000
vt 0.496665 0.000000
vt 1.000000 0.522299
vt 1.000000 0.000000
vt 0.522299 0.522299
vt 0.659254 0.000000
vt 0.000000 0.000000
vt 1.000000 0.694953
vt 1.000000 0.561244
vt 0.776848 0.640400
vt 0.895692 0.576259
vt 0.776959 0.172490
vt 1.000000 0.414793
vt 0.619698 0.619698
vt 1.000000 0.000000
vt 1.000000 1.000000
vt 0.000000 0.000000
vt 1.000000 0.503335
vt 0.453153 0.000000
vt 0.393124 0.393124
vt 1.000000 0.340746
vt 0.775098 0.000000
vt 0.775098 0.775098
vt 1.000000 0.813747
vt 1.000000 1.000000
vt 1.000000 0.287731
vt 0.546847 0.000000
vt 0.000000 0.000000
vt 0.560780 0.314890
vt 0.186253 0.000000
vt 0.707524 0.707524
vt 0.619698 0.000000
vt 0.712269 0.000000
vt 0.393621 0.000404
vt 0.762330 0.177149
vt 0.659314 0.345440
vt 0.668518 0.384298
vt 0.635706 0.417638
vt 0.568853 0.301529
vt 0.572828 0.245913
vt 0.625056 0.315383
vt 0.593415 0.371310
vt 0.563917 0.340409
vt 0.576751 0.239270
vt 0.590788 0.238239
vt 0.627285 0.269977
vt 0.623171 0.412274
vt 0.603923 0.390733
vt 0.656383 0.295786
vt 0.672632 0.404510
vt 0.667795 0.431287
vt 0.563780 0.262651
vt 0.616782 0.413481
vn 0.8535 -0.5206 0.0216
vn -0.3206 0.9086 -0.2676
vn 0.0159 0.8964 0.4429
vn 0.8671 -0.4913 0.0825
vn 0.8530 -0.5205 0.0377
vn 0.2848 -0.3507 -0.8922
vn 0.2628 -0.3341 -0.9052
vn -0.3305 0.9005 -0.2825
vn -0.3327 0.8990 -0.2847
vn 0.0165 0.8956 0.4445
vn 0.8046 -0.0299 0.5931
vn -0.3526 0.0868 -0.9317
vn 0.8664 -0.4936 0.0756
vn -0.5376 -0.4548 0.7100
vn -0.5598 -0.3613 0.7457
vn -0.7912 -0.5588 0.2483
vn -0.5644 -0.8141 0.1365
vn -0.7046 -0.5557 0.4413
vn -0.9017 -0.2136 0.3758
vn -0.9154 -0.2338 0.3277
vn -0.5402 -0.8281 0.1497
vn -0.5156 -0.8412 0.1628
vn -0.7446 -0.2860 0.6031
vn -0.8854 -0.1927 0.4229
vn -0.4921 -0.7851 0.3759
usemtl Material.001
s off
f 304/481/241 320/482/241 322/483/241
f 305/484/242 324/485/242 323/486/242
f 306/487/243 323/488/243 309/489/243
f 306/490/244 312/491/244 305/484/244
f 320/492/245 313/493/245 321/494/245
f 317/495/246 304/481/246 322/496/246
f 316/497/247 307/498/247 304/499/247
f 307/500/248 324/501/248 304/499/248
f 319/502/249 318/503/249 307/500/249
f 309/504/250 310/505/250 306/487/250
f 310/506/251 311/507/251 306/508/251
f 315/509/252 319/510/252 307/498/252
f 304/481/241 305/484/241 320/482/241
f 305/484/242 304/511/242 324/485/242
f 305/484/243 323/488/243 306/487/243
f 323/488/243 308/512/243 309/489/243
f 306/490/253 311/513/253 312/491/253
f 320/492/245 305/484/245 313/493/245
f 305/484/245 312/514/245 313/493/245
f 317/495/246 316/515/246 304/481/246
f 316/497/247 315/516/247 307/498/247
f 307/500/248 318/517/248 324/501/248
f 315/509/252 314/518/252 319/510/252
s 1
f 329/519/254 330/520/255 327/521/255
f 333/522/256 331/523/257 303/524/258
f 333/522/256 340/525/259 335/526/260
f 332/527/261 336/528/262 337/529/262
f 328/530/263 339/531/264 303/524/258
f 338/532/265 329/519/254 303/524/258
f 330/520/255 325/533/255 327/521/255
f 325/533/255 326/534/255 327/521/255
f 327/521/255 328/530/263 303/524/258
f 329/519/254 327/521/255 303/524/258
f 334/535/257 331/523/257 333/522/256
f 331/523/257 332/527/261 303/524/258
f 333/522/256 303/524/258 340/525/259
f 337/529/262 338/532/265 303/524/258
f 303/524/258 332/527/261 337/529/262
f 341/536/264 339/531/264 328/530/263
f 339/531/264 340/525/259 303/524/258
o Icosphere.007_cell.010_Icosphere.007_cell.009
v -0.028314 -0.147204 -0.012835
v 0.011578 -0.023720 0.002427
v 0.006105 -0.034044 -0.031642
v 0.012121 -0.024452 -0.005319
v -0.027215 -0.085862 -0.069128
v 0.014671 -0.029439 0.003040
v 0.005490 -0.122776 -0.069899
v -0.002134 -0.121464 -0.072841
v 0.008977 -0.127700 -0.058531
v 0.018782 -0.142569 -0.024196
v -0.058161 -0.126762 -0.014324
v -0.055703 -0.120609 0.022901
v -0.048594 -0.124616 0.027339
v 0.026885 -0.133307 0.012573
v -0.026505 -0.137704 0.029380
v 0.015169 -0.132043 0.026458
v -0.047954 -0.115356 -0.065049
v -0.043244 -0.109764 -0.077671
v -0.018701 -0.115182 -0.077765
v -0.032626 -0.109986 -0.081746
v 0.028793 -0.129990 0.025458
v 0.008977 -0.127700 -0.058531
v 0.018782 -0.142569 -0.024196
v -0.002134 -0.121464 -0.072841
v 0.005490 -0.122776 -0.069899
v -0.055703 -0.120609 0.022901
v -0.058161 -0.126762 -0.014324
v 0.026885 -0.133307 0.012573
v 0.015169 -0.132043 0.026458
v -0.026505 -0.137704 0.029380
v -0.047954 -0.115356 -0.065049
v -0.043244 -0.109764 -0.077671
v -0.032626 -0.109986 -0.081746
v -0.018701 -0.115182 -0.077765
v -0.048594 -0.124616 0.027339
v 0.028793 -0.129990 0.025458
vt 0.000000 0.000000
vt 1.000000 0.000000
vt 1.000000 1.000000
vt 0.000000 0.000000
vt 1.000000 0.000000
vt 0.978426 0.561248
vt 0.756214 0.414780
vt 0.476325 0.102371
vt 0.557095 0.000000
vt 0.574774 0.574774
vt 0.000000 0.000000
vt 1.000000 0.000000
vt 1.000000 0.600570
vt 0.905674 0.526560
vt 0.600570 0.600570
vt 1.000000 0.000000
vt 1.000000 0.000000
vt 0.486205 0.486205
vt 0.000000 0.000000
vt 0.214267 0.214267
vt 0.000000 0.000000
vt 0.216923 0.000000
vt 0.590020 0.000000
vt 1.000000 1.000000
vt 0.536389 0.304818
vt 0.454562 0.454562
vt 1.000000 0.264475
vt 0.783077 0.000000
vt 0.590020 0.590020
vt 0.557096 0.557096
vt 0.566970 0.412862
vt 0.385759 0.000000
vt 0.631787 0.308044
vt 0.412614 0.000000
vt 1.000000 0.214267
vt 1.000000 0.454562
vt 0.735525 0.000000
vt 0.497670 0.034355
vt 0.132788 0.239471
vt 0.115664 0.243367
vt 0.037837 0.142322
vt 0.720159 0.150935
vt 0.789090 0.206026
vt 0.755802 0.201961
vt 0.854797 0.290576
vt 0.904348 0.142322
vt 0.880046 0.295816
vt 0.659529 0.213994
vt 0.156574 0.241768
vt 0.163661 0.220694
vt 0.176258 0.243464
vt 0.838280 0.206038
vt 0.801929 0.205603
vt 0.863825 0.307308
vt 0.130966 0.248599
vt 0.069214 0.226430
vt 0.935725 0.226430
vt 0.177366 0.234187
vn 0.8788 0.4769 0.0164
vn -0.6659 0.7369 -0.1163
vn 0.0388 0.2176 0.9753
vn -0.3129 0.3994 0.8617
vn 0.9803 0.0996 -0.1708
vn 0.2694 0.2454 0.9312
vn -0.8204 0.5689 -0.0572
vn -0.3024 0.4941 -0.8151
vn 0.9608 0.1033 -0.2572
vn 0.3891 0.3624 -0.8469
vn 0.3784 0.3609 -0.8524
vn 0.9665 0.0937 -0.2389
vn -0.8246 0.5643 -0.0388
vn 0.9673 0.0921 -0.2364
vn -0.8203 0.5694 -0.0538
vn 0.9626 0.1016 -0.2512
vn -0.8246 0.5644 -0.0386
vn -0.8247 0.5643 -0.0391
vn -0.1009 -0.8976 -0.4291
vn -0.0052 -0.9181 -0.3961
vn -0.2316 -0.9709 -0.0606
vn -0.5620 -0.8249 -0.0596
vn -0.5439 -0.8184 0.1856
vn -0.5625 -0.8089 0.1708
vn 0.1501 -0.9651 0.2145
vn 0.1503 -0.9650 0.2147
vn -0.2621 -0.8646 -0.4288
vn -0.1934 -0.8683 -0.4568
vn -0.1941 -0.9552 0.2233
vn 0.1613 -0.9612 0.2236
vn 0.0743 -0.9925 -0.0968
usemtl Material.001
s off
f 347/537/266 345/538/266 343/539/266
f 345/540/267 344/541/267 343/539/267
f 354/542/268 356/543/268 357/544/268
f 353/545/269 354/546/269 343/547/269
f 347/548/270 362/549/270 355/550/270
f 362/551/271 347/537/271 343/552/271
f 346/553/272 358/554/272 344/555/272
f 359/556/273 346/557/273 361/558/273
f 350/559/274 344/560/274 345/540/274
f 349/561/275 346/553/275 348/562/275
f 360/563/276 361/564/276 346/553/276
f 350/565/277 345/540/277 347/548/277
f 353/566/278 344/555/278 352/567/278
f 362/568/268 343/552/268 357/544/268
f 343/552/268 354/542/268 357/544/268
f 355/550/279 351/569/279 347/548/279
f 351/569/279 350/570/279 347/548/279
f 346/553/280 359/571/280 358/554/280
f 350/559/281 348/572/281 344/560/281
f 360/573/275 346/553/275 349/561/275
f 346/553/275 344/560/275 348/562/275
f 343/547/282 344/555/282 353/566/282
f 344/555/283 358/574/283 352/567/283
s 1
f 365/575/284 363/576/285 342/577/286
f 368/578/287 376/579/288 367/580/289
f 370/581/290 342/582/286 369/583/291
f 372/584/292 342/582/286 368/578/287
f 375/585/293 372/586/292 374/587/293
f 371/588/294 376/589/288 342/582/286
f 369/583/291 377/590/295 370/581/290
f 366/591/285 363/576/285 365/575/284
f 363/576/285 364/592/296 342/577/286
f 368/578/287 342/582/286 376/579/288
f 371/588/294 342/582/286 370/581/290
f 342/582/286 364/593/296 369/583/291
f 375/585/293 365/575/284 372/586/292
f 365/575/284 342/577/286 372/586/292
f 372/586/292 373/594/293 374/587/293
o Icosphere.007_cell.011_Icosphere.007_cell.010
v -0.075105 -0.071325 -0.137238
v -0.018293 -0.041718 -0.057165
v -0.028053 -0.085243 -0.070694
v -0.065192 -0.043011 -0.137422
v -0.082897 -0.050531 -0.133178
v -0.053522 -0.106554 -0.079220
v -0.026200 -0.082892 -0.135960
v -0.032294 -0.104944 -0.091468
v -0.043855 -0.108920 -0.079018
v -0.033554 -0.109056 -0.083120
v -0.053658 -0.038695 -0.137223
v -0.012247 -0.023448 -0.136504
v -0.017015 -0.044034 -0.136314
v -0.106146 -0.068067 -0.088655
v -0.108099 -0.071277 -0.076087
v -0.082897 -0.050531 -0.133178
v -0.065192 -0.043011 -0.137422
v -0.043855 -0.108920 -0.079018
v -0.053522 -0.106554 -0.079220
v -0.026200 -0.082892 -0.135960
v -0.032294 -0.104944 -0.091468
v -0.033554 -0.109056 -0.083120
v -0.053658 -0.038695 -0.137223
v -0.012247 -0.023448 -0.136504
v -0.017015 -0.044034 -0.136314
v -0.106146 -0.068067 -0.088655
v -0.108099 -0.071277 -0.076087
vt 0.587333 0.081235
vt 0.142564 0.063105
vt 0.546319 0.000000
vt 1.000000 0.000000
vt 0.652465 0.207737
vt 0.440446 0.000000
vt 0.000000 0.000000
vt 0.213533 0.000000
vt 0.176078 0.176078
vt 1.000000 0.211438
vt 0.786467 0.000000
vt 0.977741 0.411649
vt 0.211438 0.211438
vt 0.416942 0.416942
vt 0.000000 0.000000
vt 0.998347 0.000000
vt 1.000000 0.453681
vt 0.998347 0.998347
vt 1.000000 0.559554
vt 0.595984 0.177729
vt 0.001849 0.000000
vt 1.000000 0.176078
vt 1.000000 0.000000
vt 0.606560 0.000000
vt 0.606560 0.606560
vt 0.321060 0.313082
vt 0.336606 0.338265
vt 0.322078 0.363119
vt 0.194984 0.258020
vt 0.179737 0.245225
vt 0.180521 0.236004
vt 0.313928 0.377063
vt 0.276767 0.326013
vt 0.398685 0.302387
vt 0.591646 0.233499
vt 0.189023 0.233474
vt 0.284587 0.426740
vt 0.281825 0.391897
vt 0.419472 0.287731
vn -0.3474 0.9201 0.1810
vn 0.9730 -0.2298 0.0194
vn 0.9706 -0.2391 0.0287
vn 0.3157 -0.4952 0.8094
vn -0.0880 -0.2776 0.9567
vn -0.1152 -0.2633 0.9578
vn -0.3423 0.9210 0.1860
vn 0.9740 -0.2254 0.0223
vn -0.3473 0.9201 0.1810
vn -0.4216 -0.4468 -0.7890
vn -0.5948 -0.0664 -0.8011
vn -0.0570 0.0135 -0.9983
vn -0.1956 -0.8680 -0.4564
vn -0.1934 -0.8683 -0.4568
vn -0.2000 -0.8642 -0.4617
vn 0.0227 -0.0145 -0.9996
vn -0.1000 -0.5166 -0.8503
vn -0.5878 -0.7404 -0.3259
vn -0.3188 -0.8571 -0.4046
vn -0.5317 -0.7971 -0.2862
usemtl Material.001
s off
f 381/595/297 391/596/297 388/597/297
f 380/598/298 384/599/298 390/600/298
f 380/601/299 387/602/299 385/603/299
f 386/604/300 387/605/300 380/598/300
f 380/601/301 383/606/301 386/607/301
f 383/608/302 379/609/302 404/610/302
f 379/609/303 388/611/303 404/612/303
f 390/613/304 379/609/304 380/598/304
f 382/614/297 391/596/297 381/595/297
f 391/596/305 404/615/305 388/597/305
f 380/598/298 385/616/298 384/599/298
f 380/601/301 379/617/301 383/606/301
f 379/609/303 389/618/303 388/611/303
f 390/613/304 389/619/304 379/609/304
s 1
f 378/620/306 393/621/307 394/622/308
f 398/623/309 399/624/310 395/625/311
f 400/626/312 397/627/313 378/620/306
f 378/620/306 403/628/314 393/621/307
f 396/629/315 403/628/314 378/620/306
f 395/625/311 396/630/315 398/623/309
f 396/630/315 378/620/306 398/623/309
f 378/620/306 397/627/313 398/623/309
f 394/622/308 400/626/312 378/620/306
f 400/626/312 401/631/312 402/632/312
f 402/632/312 397/627/313 400/626/312
f 396/629/315 392/633/316 403/628/314
o Icosphere.007_cell.012_Icosphere.007_cell.011
v 0.024824 -0.094959 -0.134627
v -0.015761 -0.040139 -0.055886
v -0.025861 -0.082069 -0.068655
v 0.010101 -0.020251 -0.028869
v 0.007456 -0.031532 -0.032221
v 0.000704 -0.013883 -0.037627
v -0.001439 -0.120781 -0.074433
v 0.006898 -0.122165 -0.071333
v 0.046139 -0.116121 -0.085856
v 0.058005 -0.045529 -0.131422
v 0.005645 -0.010137 -0.136290
v 0.082522 -0.065364 -0.079978
v 0.079371 -0.069392 -0.080194
v -0.031870 -0.109431 -0.083121
v -0.030663 -0.104855 -0.092328
v -0.016625 -0.115132 -0.078740
v -0.024312 -0.083338 -0.135911
v -0.014304 -0.041569 -0.136288
v -0.009466 -0.022055 -0.136461
v -0.005451 -0.014829 -0.136474
v -0.000391 -0.006218 -0.136484
v 0.068739 -0.084398 -0.081957
v 0.046139 -0.116121 -0.085856
v 0.006898 -0.122165 -0.071333
v -0.001439 -0.120781 -0.074433
v 0.005645 -0.010137 -0.136290
v 0.058005 -0.045529 -0.131422
v -0.030663 -0.104855 -0.092328
v -0.024312 -0.083338 -0.135911
v -0.016625 -0.115132 -0.078740
v -0.031870 -0.109431 -0.083121
v -0.014304 -0.041569 -0.136288
v -0.009466 -0.022055 -0.136461
v -0.005451 -0.014829 -0.136474
v -0.000391 -0.006218 -0.136484
v 0.079371 -0.069392 -0.080194
v 0.068739 -0.084398 -0.081957
v 0.082522 -0.065364 -0.079978
vt 0.000000 0.000000
vt 1.000000 0.000000
vt 1.000000 1.000000
vt 0.000000 0.000000
vt 1.000000 0.000000
vt 1.000000 0.000000
vt 1.000000 1.000000
vt 0.680452 0.000000
vt 1.000000 0.545544
vt 0.796658 0.306671
vt 1.000000 0.286019
vt 0.713138 0.460296
vt 0.286020 0.286020
vt 0.000000 0.000000
vt 0.238578 0.000000
vt 1.000000 0.000000
vt 1.000000 0.319548
vt 0.396743 0.000000
vt 0.382759 0.000000
vt 1.000000 0.000000
vt 0.000000 0.000000
vt 1.000000 0.434774
vt 0.660290 0.437177
vt 1.000000 0.801492
vt 0.801492 0.801492
vt 1.000000 0.761422
vt 0.271142 0.029699
vt 0.253237 0.000000
vt 1.000000 1.000000
vt 0.269086 0.000000
vt 0.269086 0.269086
vt 0.311166 0.000000
vt 1.000000 1.000000
vt 0.311166 0.311166
vt 1.000000 0.391550
vt 0.545544 0.545544
vt 0.000000 0.000000
vt 0.396743 0.396743
vt 0.608450 0.000000
vt 0.434774 0.434774
vt 0.963909 0.601961
vt 0.546823 0.450361
vt 1.000000 1.000000
vt 0.135308 0.242050
vt 0.166927 0.326967
vt 0.133483 0.252140
vt 0.230556 0.339503
vt 0.274102 0.458602
vt 0.224644 0.441767
vt 0.195270 0.259792
vt 0.156705 0.243847
vt 0.282736 0.430648
vt 0.281766 0.444352
vt 0.160703 0.393745
vt 0.157867 0.425282
vt 0.178301 0.245737
vt 0.275057 0.326512
vt 0.277957 0.460107
vt 0.280383 0.397418
vt 0.162574 0.434636
vn -0.6984 -0.0484 0.7141
vn -0.7012 -0.0504 0.7112
vn -0.7107 -0.0426 0.7022
vn 0.3721 -0.3697 0.8514
vn -0.3772 -0.3650 0.8512
vn -0.3807 -0.3655 0.8494
vn 0.3754 -0.3660 0.8516
vn 0.3882 -0.3450 0.8546
vn -0.9704 0.2404 -0.0219
vn -0.9722 0.2327 -0.0268
vn -0.9747 0.2230 -0.0170
vn 0.5424 0.8382 0.0564
vn 0.5209 0.8515 0.0603
vn -0.8611 0.5061 0.0488
vn -0.8734 0.4854 0.0407
vn 0.3865 -0.3481 0.8541
vn 0.5556 0.8296 0.0551
vn -0.0995 -0.8980 -0.4286
vn 0.4013 -0.7631 -0.5065
vn -0.0052 -0.9182 -0.3961
vn 0.2225 -0.5629 -0.7960
vn 0.0399 -0.0106 -0.9991
vn 0.4604 -0.2564 -0.8499
vn -0.1934 -0.8683 -0.4568
vn 0.0227 -0.0145 -0.9996
vn 0.0227 -0.0144 -0.9996
vn 0.7268 -0.4545 -0.5149
vn 0.7070 -0.4807 -0.5188
vn -0.0999 -0.5165 -0.8504
vn 0.6850 -0.5079 -0.5223
usemtl Material.001
s off
f 408/634/317 410/635/317 409/636/317
f 410/637/318 407/638/318 409/636/318
f 410/637/319 406/639/319 407/640/319
f 426/641/320 412/642/320 413/643/320
f 407/638/321 420/644/321 411/645/321
f 420/646/322 407/647/322 418/648/322
f 409/649/323 426/650/323 417/651/323
f 409/636/324 442/652/324 408/653/324
f 406/654/325 422/655/325 407/640/325
f 407/640/326 421/656/326 419/657/326
f 407/640/327 419/658/327 418/659/327
f 415/660/328 425/661/328 408/653/328
f 410/635/329 408/662/329 425/663/329
f 406/639/330 425/664/330 424/665/330
f 406/666/331 424/667/331 423/668/331
f 426/641/320 409/649/320 412/642/320
f 411/645/321 412/669/321 407/638/321
f 412/669/321 409/670/321 407/638/321
f 409/636/332 417/671/332 442/652/332
f 406/654/325 423/672/325 422/655/325
f 407/640/326 422/673/326 421/656/326
f 408/653/333 442/674/333 414/675/333
f 414/675/333 415/660/333 408/653/333
f 406/639/330 410/676/330 425/664/330
s 1
f 429/677/334 427/678/335 428/679/336
f 405/680/337 430/681/338 431/682/339
f 432/683/340 405/680/337 434/684/340
f 437/685/341 438/686/342 430/681/338
f 441/687/343 431/682/339 440/688/344
f 429/677/334 405/680/337 427/678/335
f 435/689/340 432/683/340 434/684/340
f 432/683/340 433/690/345 405/680/337
f 434/684/340 405/680/337 429/677/334
f 438/686/342 439/691/342 430/681/338
f 430/681/338 405/680/337 436/692/341
f 405/680/337 433/690/345 436/692/341
f 436/692/341 437/685/341 430/681/338
f 441/687/343 427/678/335 405/680/337
f 405/680/337 431/682/339 441/687/343
f 431/682/339 416/693/346 440/688/344
o Icosphere.007_cell.013_Icosphere.007_cell.012
v 0.090613 0.007675 0.123631
v 0.027007 -0.031257 0.037062
v 0.055531 0.054473 0.053284
v 0.002478 0.004886 0.017618
v 0.014361 -0.016389 0.026650
v 0.026406 -0.035700 0.051651
v -0.007374 0.008978 0.048496
v -0.007086 0.007700 0.042765
v 0.011444 -0.018135 0.038837
v 0.000573 0.006546 0.022162
v 0.111670 -0.010188 0.098313
v 0.112181 -0.018287 0.099259
v 0.044532 -0.026403 0.129561
v 0.055218 0.007694 0.146257
v 0.034517 0.062986 0.113930
v 0.043797 0.067395 0.104361
v 0.108925 0.028817 0.094149
v 0.045627 -0.049808 0.123959
v 0.042297 -0.044945 0.126040
v 0.100415 -0.027975 0.112695
v 0.047575 0.069109 0.100481
v 0.063725 0.076257 0.084044
v 0.091553 0.059830 0.079634
v 0.078595 0.070618 0.079076
v 0.070050 0.077620 0.078802
v 0.112181 -0.018287 0.099259
v 0.111670 -0.010188 0.098313
v 0.100415 -0.027975 0.112695
v 0.055218 0.007694 0.146257
v 0.044532 -0.026403 0.129561
v 0.034517 0.062986 0.113930
v 0.108925 0.028817 0.094149
v 0.042297 -0.044945 0.126040
v 0.045627 -0.049808 0.123959
v 0.063725 0.076257 0.084044
v 0.047575 0.069109 0.100481
v 0.043797 0.067395 0.104361
v 0.091553 0.059830 0.079634
v 0.078595 0.070618 0.079076
v 0.070050 0.077620 0.078802
vt 0.000000 0.000000
vt 1.000000 0.000000
vt 1.000000 1.000000
vt 0.000000 0.000000
vt 1.000000 0.000000
vt 0.000000 0.000000
vt 1.000000 1.000000
vt 0.000000 0.000000
vt 1.000000 1.000000
vt 1.000000 0.000000
vt 1.000000 0.000000
vt 1.000000 1.000000
vt 0.000000 0.000000
vt 1.000000 1.000000
vt 0.513118 0.513118
vt 0.498704 0.014122
vt 1.000000 0.000000
vt 1.000000 0.413786
vt 0.195477 0.000000
vt 0.000000 0.000000
vt 0.481216 0.000000
vt 0.413786 0.413786
vt 1.000000 0.000000
vt 0.813508 0.813508
vt 0.775729 0.775729
vt 0.816449 0.816449
vt 0.000000 0.000000
vt 0.513118 0.000000
vt 1.000000 0.518785
vt 0.816449 0.000000
vt 0.493369 0.450187
vt 0.155188 0.000000
vt 0.242655 0.242655
vt 0.000000 0.000000
vt 0.656334 0.000000
vt 0.155188 0.155188
vt 1.000000 0.000000
vt 0.779522 0.127890
vt 0.673379 0.000000
vt 1.000000 0.000000
vt 0.393250 0.393250
vt 0.853674 0.000000
vt 1.000000 1.000000
vt 1.000000 0.326621
vt 0.164354 0.000000
vt 1.000000 0.000000
vt 0.853674 0.853674
vt 0.850050 0.850050
vt 0.000000 0.000000
vt 1.000000 0.242655
vt 1.000000 0.813508
vt 0.812700 0.384197
vt 0.617938 0.000000
vt 1.000000 0.393250
vt 1.000000 0.343666
vt 0.812302 0.628438
vt 0.776536 0.604831
vt 0.781519 0.540798
vt 0.715594 0.691854
vt 0.784836 0.506853
vt 0.792119 0.498017
vt 0.729478 0.710435
vt 0.817375 0.713497
vt 0.833786 0.576967
vt 0.847797 0.607518
vt 0.721775 0.706094
vt 0.775206 0.733516
vt 0.762401 0.728696
vt 0.791968 0.725671
vt 0.850426 0.670309
vt 0.848242 0.594011
vn -0.6409 -0.7266 -0.2477
vn -0.6399 -0.7242 -0.2569
vn -0.8026 -0.5895 0.0910
vn -0.7882 -0.5540 -0.2680
vn -0.8050 -0.5400 -0.2457
vn 0.5746 -0.0263 -0.8180
vn -0.9303 -0.1431 -0.3378
vn 0.5938 -0.0440 -0.8034
vn 0.3104 -0.9139 -0.2616
vn 0.3631 -0.8771 -0.3144
vn -0.7901 -0.6060 0.0918
vn 0.3238 -0.9087 -0.2634
vn -0.8000 -0.5913 0.1012
vn 0.5944 -0.0563 -0.8022
vn -0.8423 -0.0008 0.5390
vn 0.4567 0.5109 -0.7283
vn 0.4491 0.5196 -0.7269
vn -0.5982 0.7629 -0.2452
vn -0.6444 0.7388 -0.1972
vn -0.4382 0.7845 -0.4388
vn -0.5938 0.7645 -0.2510
vn -0.4148 0.7847 -0.4607
vn -0.5883 0.7652 -0.2616
vn 0.5942 -0.0434 -0.8031
vn 0.5940 -0.0432 -0.8033
vn -0.8422 -0.0001 0.5392
vn -0.6052 0.7601 -0.2367
vn -0.5018 0.7633 -0.4069
vn 0.5709 0.1615 0.8049
vn 0.5382 0.0403 0.8419
vn 0.3320 -0.2929 0.8966
vn 0.4426 0.5703 0.6920
vn 0.2770 -0.2114 0.9373
vn 0.4467 0.5721 0.6878
vn 0.5334 -0.0969 0.8402
vn 0.7693 0.0807 0.6337
vn 0.4447 0.5712 0.6899
vn 0.5824 0.4446 0.6805
vn 0.6993 0.1263 0.7035
usemtl Material.001
s off
f 448/694/347 451/695/347 444/696/347
f 451/697/348 447/698/348 444/696/348
f 450/699/349 451/695/349 449/700/349
f 446/701/350 447/698/350 451/702/350
f 450/699/351 446/703/351 451/702/351
f 446/701/352 445/704/352 447/705/352
f 452/706/353 446/703/353 450/707/353
f 469/708/354 445/704/354 474/709/354
f 444/710/355 462/711/355 460/712/355
f 444/713/356 468/714/356 462/715/356
f 448/716/357 460/717/357 451/697/357
f 460/718/358 448/694/358 444/710/358
f 451/695/359 461/719/359 449/720/359
f 444/696/360 469/721/360 468/722/360
f 449/720/361 461/723/361 455/724/361
f 466/725/362 480/726/362 445/727/362
f 467/728/363 466/729/363 445/727/363
f 450/730/364 458/731/364 463/732/364
f 450/699/365 449/733/365 457/734/365
f 464/735/366 445/736/366 446/701/366
f 450/730/367 463/737/367 464/738/367
f 446/701/368 452/739/368 464/740/368
f 452/706/369 450/730/369 464/741/369
f 447/742/370 445/704/370 469/708/370
f 445/704/371 480/743/371 474/709/371
f 451/695/359 460/744/359 461/719/359
f 444/696/360 447/742/360 469/721/360
f 455/724/372 456/745/372 457/746/372
f 457/746/372 449/720/372 455/724/372
f 450/730/373 457/747/373 458/731/373
f 464/735/374 467/748/374 445/736/374
s 1
f 443/749/375 471/750/376 472/751/377
f 443/749/375 473/752/378 471/750/376
f 472/751/377 475/753/379 476/754/379
f 478/755/380 443/749/375 465/756/380
f 443/749/375 470/757/381 453/758/382
f 443/749/375 479/759/383 473/752/378
f 476/754/379 470/757/381 472/751/377
f 470/757/381 443/749/375 472/751/377
f 482/760/380 477/761/380 481/762/380
f 477/761/380 478/755/380 481/762/380
f 478/755/380 479/759/383 443/749/375
f 443/749/375 459/763/384 465/756/380
f 465/756/380 481/762/380 478/755/380
f 454/764/385 453/758/382 470/757/381
f 453/758/382 459/763/384 443/749/375
o Icosphere.007_cell.014_Icosphere.007_cell.013
v -0.145692 0.005976 0.044502
v -0.043064 -0.000964 0.051224
v -0.020612 0.010955 0.037879
v -0.032104 0.024180 0.038274
v -0.084946 -0.029516 0.009714
v -0.049437 -0.014733 0.015850
v -0.090360 0.005874 -0.029127
v -0.063771 -0.000869 -0.023318
v -0.042879 0.006614 -0.017859
v -0.020866 0.012677 -0.007976
v -0.035404 0.026455 0.002181
v -0.012340 0.009462 0.006663
v -0.013654 0.010898 0.015925
v -0.014105 0.010967 0.001738
v -0.016815 0.015481 0.005397
v -0.017270 0.015195 0.015003
v -0.106753 0.071297 0.039866
v -0.111618 0.071294 0.025505
v -0.135322 0.047723 -0.001332
v -0.108868 0.072226 0.031918
v -0.131565 -0.032359 0.056612
v -0.136683 -0.040483 0.036522
v -0.148123 -0.028322 0.013242
v -0.138580 -0.043348 0.029177
v -0.130512 0.017441 0.081511
v -0.111199 0.055513 0.061831
v -0.105481 0.066876 0.055745
v -0.137763 0.013497 -0.032903
v -0.137295 0.019768 -0.027354
v -0.119698 -0.018017 0.087996
v -0.125759 -0.025470 0.071910
v -0.111618 0.071294 0.025505
v -0.135322 0.047723 -0.001332
v -0.106753 0.071297 0.039866
v -0.108868 0.072226 0.031918
v -0.138580 -0.043348 0.029177
v -0.136683 -0.040483 0.036522
v -0.131565 -0.032359 0.056612
v -0.148123 -0.028322 0.013242
v -0.130512 0.017441 0.081511
v -0.111199 0.055513 0.061831
v -0.105481 0.066876 0.055745
v -0.137295 0.019768 -0.027354
v -0.137763 0.013497 -0.032903
v -0.125759 -0.025470 0.071910
v -0.119698 -0.018017 0.087996
vt 0.000000 0.000000
vt 1.000000 0.000000
vt 1.000000 1.000000
vt 0.000000 0.000000
vt 1.000000 0.000000
vt 0.000000 0.000000
vt 1.000000 0.000000
vt 0.000000 0.000000
vt 1.000000 0.000000
vt 0.000000 0.000000
vt 1.000000 0.000000
vt 1.000000 0.000000
vt 1.000000 1.000000
vt 0.000000 0.000000
vt 1.000000 0.000000
vt 0.000000 0.000000
vt 0.000000 0.000000
vt 1.000000 1.000000
vt 0.000000 0.000000
vt 1.000000 0.000000
vt 1.000000 1.000000
vt 0.000000 0.000000
vt 0.000000 0.000000
vt 1.000000 1.000000
vt 1.000000 0.000000
vt 1.000000 0.000000
vt 1.000000 1.000000
vt 0.000000 0.000000
vt 1.000000 0.000000
vt 1.000000 1.000000
vt 0.000000 0.000000
vt 1.000000 0.000000
vt 1.000000 1.000000
vt 1.000000 0.527502
vt 1.000000 0.000000
vt 0.527502 0.527502
vt 0.566473 0.000000
vt 1.000000 0.494228
vt 0.716282 0.455960
vt 0.494228 0.494228
vt 0.422305 0.422305
vt 1.000000 0.000000
vt 0.000000 0.000000
vt 1.000000 0.499578
vt 0.499578 0.499578
vt 1.000000 0.509646
vt 0.530686 0.346969
vt 0.570708 0.000000
vt 0.672958 0.229140
vt 0.512737 0.000000
vt 0.570840 0.000000
vt 0.999063 0.524016
vt 0.524634 0.524634
vt 1.000000 0.352988
vt 0.429160 0.000000
vt 1.000000 1.000000
vt 0.630652 0.363880
vt 1.000000 0.495543
vt 0.495543 0.495543
vt 0.548557 0.000000
vt 0.487263 0.000000
vt 1.000000 0.422305
vt 0.535693 0.000000
vt 1.000000 0.433527
vt 1.000000 0.464307
vt 0.352988 0.352988
vt 0.534087 0.559678
vt 0.560695 0.429226
vt 0.547349 0.568890
vt 0.570404 0.350543
vt 0.535804 0.358976
vt 0.590408 0.470351
vt 0.568474 0.544919
vt 0.512573 0.491006
vt 0.491748 0.433576
vt 0.592333 0.373265
vt 0.603494 0.393811
vt 0.535789 0.564046
vt 0.562343 0.342406
vt 0.560219 0.571786
vt 0.551672 0.570074
vt 0.487345 0.420775
vt 0.535707 0.359040
vt 0.615123 0.415760
vn 0.6429 -0.7379 0.2056
vn 0.5688 -0.8004 0.1890
vn 0.4287 -0.8096 -0.4011
vn 0.8086 0.5774 -0.1133
vn 0.8002 0.5993 0.0206
vn 0.7581 0.6498 0.0553
vn 0.7256 0.6555 0.2094
vn 0.7376 0.6340 0.2321
vn 0.5540 -0.8047 0.2134
vn 0.4093 -0.8047 -0.4300
vn 0.4133 -0.8035 -0.4284
vn 0.6586 0.6712 -0.3402
vn 0.4138 -0.8028 -0.4293
vn 0.5219 0.7893 -0.3236
vn 0.5754 0.8163 0.0516
vn -0.0417 -0.7414 -0.6697
vn 0.4024 -0.8034 -0.4388
vn 0.2294 0.0679 -0.9710
vn 0.1716 0.6222 -0.7639
vn 0.3875 0.3107 0.8679
vn 0.3735 0.2848 0.8828
vn 0.3376 -0.8962 0.2880
vn 0.3321 -0.9008 0.2796
vn 0.3305 -0.9051 0.2676
vn 0.5140 0.8564 -0.0485
vn 0.5165 0.8554 -0.0375
vn 0.5271 0.8287 0.1885
vn 0.3657 0.2742 0.8894
vn -0.0638 -0.7323 -0.6780
vn -0.0514 -0.7418 -0.6687
vn 0.1634 0.6470 -0.7448
vn 0.1617 0.6662 -0.7280
vn 0.4131 0.8592 -0.3020
vn 0.5340 0.8451 0.0247
vn 0.2217 0.7193 -0.6584
vn -0.8167 0.5065 0.2765
vn -0.9661 0.1269 0.2250
vn -0.8239 0.5117 0.2436
vn -0.9154 -0.2338 0.3277
vn -0.9911 -0.0444 0.1258
vn -0.9287 0.1758 0.3265
vn -0.8335 0.5161 0.1973
vn -0.9351 0.3405 0.0985
vn -0.9850 0.1494 -0.0861
vn -0.9017 -0.2135 0.3760
vn -0.8854 -0.1927 0.4229
vn -0.8223 0.5278 0.2128
vn -0.9850 0.1494 -0.0858
usemtl Material.001
s off
f 495/765/386 485/766/386 494/767/386
f 485/768/387 488/769/387 494/767/387
f 488/770/388 496/771/388 494/767/388
f 496/772/389 497/773/389 494/767/389
f 497/774/390 495/775/390 494/767/390
f 497/774/391 498/776/391 495/777/391
f 498/778/392 486/779/392 495/777/392
f 486/780/393 485/766/393 495/777/393
f 484/781/394 488/769/394 485/782/394
f 487/783/395 491/784/395 488/785/395
f 491/786/396 496/771/396 488/785/396
f 492/787/397 497/773/397 496/788/397
f 491/786/398 492/789/398 496/788/398
f 492/787/399 493/790/399 497/791/399
f 486/780/400 498/776/400 497/791/400
f 489/792/401 490/793/401 487/794/401
f 490/795/402 491/784/402 487/794/402
f 490/795/403 489/796/403 491/797/403
f 489/792/404 492/789/404 491/797/404
f 485/782/405 486/780/405 509/798/405
f 484/799/406 509/800/406 508/801/406
f 484/781/407 513/802/407 488/785/407
f 503/803/408 488/785/408 513/804/408
f 504/805/409 487/806/409 488/785/409
f 493/807/410 502/808/410 497/791/410
f 502/809/411 499/810/411 497/791/411
f 486/779/412 499/811/412 509/812/412
f 484/799/413 507/813/413 512/814/413
f 510/815/414 489/796/414 505/816/414
f 487/806/415 505/817/415 489/792/415
f 511/818/416 489/792/416 510/819/416
f 492/820/417 501/821/417 500/822/417
f 493/790/418 500/823/418 502/824/418
f 484/799/406 485/782/406 509/800/406
f 484/781/407 512/825/407 513/802/407
f 503/803/408 504/826/408 488/785/408
f 504/805/409 506/827/409 487/806/409
f 486/779/419 497/791/419 499/811/419
f 484/799/413 508/828/413 507/813/413
f 487/806/415 506/829/415 505/817/415
f 511/818/416 492/820/416 489/792/416
f 492/820/417 511/830/417 501/821/417
f 493/790/420 492/820/420 500/823/420
s 1
f 514/831/421 483/832/422 516/833/423
f 519/834/424 483/832/422 521/835/425
f 483/832/422 522/836/426 523/837/427
f 483/832/422 515/838/428 525/839/429
f 483/832/422 520/840/430 527/841/431
f 516/833/423 517/842/421 514/831/421
f 514/831/421 515/838/428 483/832/422
f 521/835/425 518/843/424 519/834/424
f 519/834/424 520/840/430 483/832/422
f 524/844/432 516/845/423 523/837/427
f 516/845/423 483/832/422 523/837/427
f 525/839/429 526/846/433 521/847/425
f 521/847/425 483/832/422 525/839/429
f 528/848/431 522/836/426 527/841/431
f 522/836/426 483/832/422 527/841/431
o Icosphere.007_cell.015_Icosphere.007_cell.014
v -0.114774 0.029327 0.119879
v -0.042074 -0.001152 0.053126
v -0.032451 0.025973 0.040590
v -0.019843 0.011873 0.039923
v -0.053254 -0.015989 0.084375
v -0.016111 0.011088 0.052038
v -0.115845 -0.020503 0.094929
v -0.094097 -0.027475 0.107879
v -0.069416 -0.022394 0.128872
v -0.078253 -0.032123 0.117523
v -0.083586 -0.030737 0.114190
v -0.068258 0.081173 0.095328
v -0.084692 0.082074 0.085576
v -0.090073 0.082349 0.082402
v -0.063622 0.080840 0.098156
v -0.129947 0.017867 0.082888
v -0.103483 0.070005 0.056012
v -0.063980 -0.017076 0.132043
v -0.051348 -0.004638 0.139426
v -0.049392 0.018703 0.144462
v -0.058630 0.077282 0.103551
v -0.034954 0.057511 0.122898
v -0.038057 0.060503 0.120099
v -0.119029 -0.017725 0.089530
v -0.122420 -0.006784 0.087414
v -0.083586 -0.030737 0.114190
v -0.078253 -0.032123 0.117523
v -0.069416 -0.022394 0.128872
v -0.115845 -0.020503 0.094929
v -0.094097 -0.027475 0.107879
v -0.063622 0.080840 0.098156
v -0.068258 0.081173 0.095328
v -0.084692 0.082074 0.085576
v -0.090073 0.082349 0.082402
v -0.103483 0.070005 0.056012
v -0.129947 0.017867 0.082888
v -0.063980 -0.017076 0.132043
v -0.051348 -0.004638 0.139426
v -0.049392 0.018703 0.144462
v -0.034954 0.057511 0.122898
v -0.038057 0.060503 0.120099
v -0.058630 0.077282 0.103551
v -0.119029 -0.017725 0.089530
v -0.122420 -0.006784 0.087414
vt 0.000000 0.000000
vt 1.000000 0.000000
vt 1.000000 1.000000
vt 0.000000 0.000000
vt 1.000000 1.000000
vt 0.446625 0.000000
vt 1.000000 0.576702
vt 1.000000 0.478583
vt 0.576702 0.576702
vt 0.826546 0.448330
vt 0.478583 0.478583
vt 1.000000 0.000000
vt 0.756942 0.671070
vt 0.647586 0.647586
vt 0.633410 0.000000
vt 1.000000 0.000000
vt 1.000000 0.446233
vt 1.000000 1.000000
vt 0.446233 0.446233
vt 1.000000 0.000000
vt 0.000000 0.000000
vt 1.000000 0.646200
vt 0.646200 0.646200
vt 1.000000 0.553375
vt 1.000000 0.671268
vt 1.000000 1.000000
vt 0.633410 0.633410
vt 0.671268 0.671268
vt 1.000000 0.515481
vt 0.834461 0.413527
vt 0.577602 0.000000
vt 1.000000 0.689573
vt 0.577602 0.577602
vt 0.927902 0.657541
vt 0.689573 0.689573
vt 1.000000 0.694061
vt 1.000000 1.000000
vt 0.694061 0.694061
vt 1.000000 0.678719
vt 0.000000 0.000000
vt 0.647586 0.000000
vt 1.000000 0.755050
vt 0.755050 0.755050
vt 0.465900 0.000000
vt 0.321281 0.000000
vt 0.924695 0.535252
vt 1.000000 0.534100
vt 0.621211 0.512988
vt 0.623102 0.415821
vt 0.649196 0.426693
vt 0.589273 0.619338
vt 0.582148 0.612459
vt 0.561540 0.574030
vt 0.591513 0.471881
vt 0.680494 0.476847
vt 0.686288 0.506698
vt 0.679194 0.546010
vt 0.660310 0.629413
vt 0.655642 0.632447
vt 0.608713 0.433939
vt 0.661801 0.432156
vt 0.677988 0.464055
vt 0.668180 0.435445
vt 0.625134 0.647869
vt 0.611113 0.640265
vt 0.617380 0.646070
vt 0.616450 0.417162
vn 0.4593 -0.8660 -0.1976
vn 0.3435 -0.8900 -0.2997
vn 0.7666 0.6112 -0.1966
vn 0.9258 -0.1522 0.3459
vn 0.6558 -0.7436 0.1306
vn 0.6536 -0.7455 0.1301
vn 0.0273 -0.9068 -0.4208
vn -0.3576 -0.2896 -0.8878
vn -0.3610 -0.2807 -0.8893
vn 0.7192 0.6542 -0.2341
vn 0.7202 0.6535 -0.2328
vn -0.0124 -0.8966 -0.4428
vn -0.0196 -0.8937 -0.4483
vn -0.3634 -0.2745 -0.8903
vn 0.3565 0.7636 -0.5383
vn 0.3596 0.7642 -0.5354
vn 0.3751 0.7640 -0.5250
vn -0.3596 -0.2833 -0.8891
vn -0.6890 0.2204 0.6904
vn -0.7451 -0.2857 0.6026
vn -0.5598 -0.3613 0.7457
vn -0.3637 0.6447 0.6724
vn -0.6394 0.6196 0.4552
vn -0.8357 0.5181 0.1823
vn -0.9287 0.1753 0.3266
vn -0.3706 -0.1661 0.9138
vn -0.3166 0.1982 0.9276
vn -0.2198 0.5350 0.8157
vn -0.8854 -0.1927 0.4229
vn -0.4713 -0.2671 0.8405
vn -0.2835 0.5805 0.7633
vn -0.3551 0.6298 0.6908
vn -0.4094 0.5404 0.7351
usemtl Material.001
s off
f 533/849/434 532/850/434 534/851/434
f 530/852/435 532/850/435 533/853/435
f 534/851/436 551/854/436 550/855/436
f 547/856/437 550/857/437 548/858/437
f 547/859/438 533/860/438 534/851/438
f 537/861/439 533/853/439 546/862/439
f 533/853/440 539/863/440 530/864/440
f 530/852/441 552/865/441 532/866/441
f 552/867/442 531/868/442 532/866/442
f 531/869/443 549/870/443 532/866/443
f 549/871/444 551/872/444 532/866/444
f 536/873/445 530/874/445 539/875/445
f 536/876/446 552/877/446 530/874/446
f 531/868/447 544/878/447 545/879/447
f 541/880/448 545/881/448 542/882/448
f 541/883/449 540/884/449 531/885/449
f 540/886/450 543/887/450 531/885/450
f 534/851/436 532/888/436 551/854/436
f 547/856/437 534/851/437 550/857/437
f 547/859/438 546/889/438 533/860/438
f 537/861/439 538/890/439 533/853/439
f 533/853/440 538/891/440 539/863/440
f 552/867/451 553/892/451 531/868/451
f 531/869/443 543/893/443 549/870/443
f 536/876/446 535/894/446 552/877/446
f 531/868/447 553/895/447 544/878/447
f 541/880/448 531/885/448 545/881/448
s 1
f 529/896/452 557/897/453 558/898/454
f 561/899/455 562/900/456 529/896/452
f 529/896/452 563/901/457 564/902/458
f 565/903/459 566/904/459 567/905/460
f 567/905/460 568/906/461 569/907/461
f 529/896/452 564/902/458 572/908/462
f 558/898/454 554/909/454 556/910/463
f 554/909/454 555/911/454 556/910/463
f 556/910/463 529/896/452 558/898/454
f 529/896/452 570/912/464 560/913/465
f 570/912/464 559/914/466 560/913/465
f 560/913/465 561/899/455 529/896/452
f 529/896/452 562/900/456 563/901/457
f 567/905/460 529/896/452 565/903/459
f 529/896/452 556/910/463 565/903/459
f 569/907/461 570/912/464 529/896/452
f 529/896/452 567/905/460 569/907/461
f 572/908/462 571/915/462 557/897/453
f 557/897/453 529/896/452 572/908/462
o Icosphere.007_cell.016_Icosphere.007_cell.015
v -0.107502 0.015137 -0.120357
v -0.070177 -0.011390 -0.035550
v -0.005490 0.009480 -0.022307
v -0.018734 0.024371 -0.032462
v -0.089842 0.006003 -0.030902
v -0.042173 0.006566 -0.019207
v -0.015727 0.011695 -0.018586
v -0.062771 -0.001033 -0.025259
v -0.044033 0.017426 -0.137817
v -0.133651 0.010695 -0.046198
v -0.132535 0.002601 -0.051813
v -0.128855 -0.023692 -0.070211
v -0.115929 0.052291 -0.085046
v -0.099602 -0.005948 -0.124473
v -0.123071 -0.023412 -0.079626
v -0.107213 0.057590 -0.088478
v -0.076910 0.075758 -0.100607
v -0.091548 0.067015 -0.094723
v -0.063292 0.053355 -0.129188
v -0.036770 0.020119 -0.137691
v -0.040185 0.024624 -0.137834
v -0.133651 0.010695 -0.046198
v -0.115929 0.052291 -0.085046
v -0.123071 -0.023412 -0.079626
v -0.128855 -0.023692 -0.070211
v -0.132535 0.002601 -0.051813
v -0.099602 -0.005948 -0.124473
v -0.107213 0.057590 -0.088478
v -0.091548 0.067015 -0.094723
v -0.076910 0.075758 -0.100607
v -0.063292 0.053355 -0.129188
v -0.044033 0.017426 -0.137817
v -0.036770 0.020119 -0.137691
v -0.040185 0.024624 -0.137834
vt 0.000000 0.000000
vt 1.000000 0.000000
vt 1.000000 1.000000
vt 0.000000 0.000000
vt 1.000000 0.000000
vt 0.000000 0.000000
vt 1.000000 0.000000
vt 1.000000 0.000000
vt 1.000000 1.000000
vt 0.000000 0.000000
vt 1.000000 0.000000
vt 1.000000 1.000000
vt 1.000000 0.000000
vt 1.000000 1.000000
vt 1.000000 0.000000
vt 1.000000 0.602806
vt 0.608192 0.392344
vt 0.602806 0.602806
vt 1.000000 0.439143
vt 0.439143 0.439143
vt 0.000000 0.000000
vt 0.478412 0.000000
vt 0.478412 0.478412
vt 0.000000 0.000000
vt 0.395824 0.395824
vt 0.465284 0.107471
vt 0.410169 0.000000
vt 1.000000 0.400061
vt 0.410169 0.410169
vt 0.436294 0.000000
vt 0.400061 0.400061
vt 1.000000 0.697019
vt 0.755107 0.376331
vt 0.990744 0.669073
vt 0.326751 0.042705
vt 0.302981 0.000000
vt 0.000000 0.000000
vt 1.000000 0.395824
vt 0.572227 0.572227
vt 0.678137 0.678137
vt 0.563706 0.000000
vt 0.381213 0.429048
vt 0.444929 0.358831
vt 0.465383 0.402952
vt 0.430556 0.361389
vt 0.354524 0.514707
vt 0.401689 0.526864
vt 0.319110 0.478667
vt 0.324250 0.469925
vt 0.323409 0.483482
vt 0.324548 0.484566
vt 0.469250 0.420673
vt 0.421430 0.490783
vt 0.367638 0.398025
vt 0.414402 0.503744
vt 0.389760 0.548354
vn 0.1152 -0.6815 0.7227
vn 0.1144 -0.7604 0.6393
vn 0.3685 0.7247 0.5822
vn 0.0675 -0.7271 0.6832
vn -0.3053 -0.5524 0.7756
vn -0.2348 -0.1307 0.9632
vn -0.1543 0.7126 0.6844
vn 0.3448 -0.9216 -0.1784
vn 0.1640 -0.9839 0.0715
vn -0.3248 -0.5723 0.7530
vn -0.3247 -0.5690 0.7555
vn -0.1891 0.6458 0.7397
vn -0.1656 0.7134 0.6809
vn -0.1606 0.7167 0.6787
vn -0.1575 0.7192 0.6768
vn 0.7891 0.5932 -0.1592
vn 0.7477 0.6467 -0.1507
vn 0.3301 -0.9333 -0.1416
vn -0.1695 0.7103 0.6832
vn -0.6860 0.1308 -0.7158
vn -0.9229 0.0104 -0.3849
vn -0.9405 0.0964 -0.3258
vn -0.8302 -0.2102 -0.5163
vn -0.4315 0.3084 -0.8477
vn -0.5628 0.4988 -0.6591
vn 0.0227 -0.0144 -0.9996
vn -0.1870 0.0733 -0.9796
vn -0.1316 0.0681 -0.9890
vn -0.7933 0.3151 -0.5209
vn -0.5951 -0.0666 -0.8009
usemtl Material.001
s off
f 579/916/467 578/917/467 575/918/467
f 578/919/468 574/920/468 575/918/468
f 576/921/469 579/922/469 575/918/469
f 578/919/470 580/923/470 574/924/470
f 580/925/471 577/926/471 574/924/471
f 580/925/472 578/917/472 577/927/472
f 579/916/473 576/928/473 578/929/473
f 575/930/474 587/931/474 586/932/474
f 587/933/475 574/920/475 584/934/475
f 584/935/476 574/936/476 583/937/476
f 577/926/477 583/938/477 574/936/477
f 577/939/478 578/917/478 582/940/478
f 585/941/479 578/919/479 588/942/479
f 578/919/480 590/943/480 588/944/480
f 589/945/481 590/946/481 576/921/481
f 592/947/482 576/921/482 575/930/482
f 591/948/483 576/928/483 593/949/483
f 586/932/474 581/950/474 575/930/474
f 581/950/474 592/951/474 575/930/474
f 587/933/484 575/952/484 574/920/484
f 577/926/477 582/953/477 583/938/477
f 585/941/485 582/954/485 578/919/485
f 578/919/480 576/928/480 590/943/480
f 592/947/482 593/955/482 576/921/482
f 591/948/483 589/956/483 576/928/483
s 1
f 573/957/486 597/958/487 598/959/488
f 573/957/486 596/960/489 597/958/487
f 603/961/490 573/957/486 601/962/491
f 605/963/492 604/964/493 606/965/494
f 603/961/490 606/966/494 604/964/493
f 598/959/488 594/967/488 595/968/495
f 595/968/495 573/957/486 598/959/488
f 573/957/486 599/969/496 596/960/489
f 595/968/495 600/970/491 573/957/486
f 600/970/491 601/962/491 573/957/486
f 601/962/491 602/971/491 603/961/490
f 599/969/496 573/957/486 604/964/493
f 573/957/486 603/961/490 604/964/493
o Icosphere.007_cell.017_Icosphere.007_cell.016
v 0.091824 0.004853 -0.128155
v 0.040053 0.005301 -0.023907
v 0.006564 0.004715 -0.011140
v 0.000079 0.013588 -0.023239
v 0.000873 0.008620 -0.015663
v 0.010749 -0.018379 -0.027628
v 0.000837 -0.011111 -0.036854
v -0.002595 0.009115 -0.022266
v 0.122514 0.000410 -0.089499
v 0.119590 0.026290 -0.084275
v 0.104806 0.039375 -0.099067
v 0.100240 0.043286 -0.103681
v 0.058901 -0.044193 -0.131335
v 0.005060 -0.007551 -0.136341
v 0.037932 0.048166 -0.133154
v 0.002417 0.004141 -0.136570
v 0.090444 -0.057022 -0.077942
v 0.098689 -0.047937 -0.076158
v 0.082818 -0.063554 -0.081157
v 0.049449 0.063859 -0.119007
v -0.000859 -0.000121 -0.136583
v 0.119590 0.026290 -0.084275
v 0.122514 0.000410 -0.089499
v 0.100240 0.043286 -0.103681
v 0.104806 0.039375 -0.099067
v 0.058901 -0.044193 -0.131335
v 0.005060 -0.007551 -0.136341
v 0.002417 0.004141 -0.136570
v 0.037932 0.048166 -0.133154
v 0.098689 -0.047937 -0.076158
v 0.090444 -0.057022 -0.077942
v 0.049449 0.063859 -0.119007
v 0.082818 -0.063554 -0.081157
v -0.000859 -0.000121 -0.136583
vt 0.000000 0.000000
vt 1.000000 0.000000
vt 1.000000 1.000000
vt 0.000000 0.000000
vt 1.000000 0.000000
vt 0.000000 0.000000
vt 1.000000 1.000000
vt 1.000000 0.000000
vt 1.000000 0.000000
vt 1.000000 1.000000
vt 0.578950 0.578950
vt 0.000000 0.000000
vt 0.522031 0.081311
vt 0.600014 0.600014
vt 0.221710 0.032453
vt 0.182912 0.000000
vt 1.000000 0.000000
vt 0.753275 0.277036
vt 0.373212 0.373212
vt 0.000000 0.000000
vt 0.000000 0.000000
vt 0.518516 0.363572
vt 0.484236 0.484236
vt 1.000000 0.465298
vt 0.953581 0.000000
vt 0.465298 0.465298
vt 1.000000 0.000000
vt 0.953581 0.953581
vt 0.796607 0.796607
vt 0.818355 0.818355
vt 0.496130 0.496130
vt 0.496130 0.000000
vt 1.000000 0.578950
vt 0.738989 0.445590
vt 0.796607 0.000000
vt 0.808183 0.016546
vt 0.399477 0.000000
vt 0.399477 0.399477
vt 0.484236 0.000000
vt 0.218619 0.545998
vt 0.215305 0.627611
vt 0.208294 0.625125
vt 0.271961 0.574147
vt 0.275429 0.462233
vt 0.281432 0.478650
vt 0.259186 0.616756
vt 0.282624 0.471588
vt 0.224485 0.444530
vt 0.164053 0.437573
vt 0.155975 0.476050
vt 0.156857 0.454486
vt 0.185504 0.616276
vt 0.176094 0.570540
vn -0.7234 -0.4832 0.4931
vn -0.7605 -0.4746 0.4431
vn -0.7333 0.5308 0.4249
vn 0.1502 0.8339 0.5311
vn -0.8145 -0.4239 0.3960
vn 0.1657 0.8355 0.5240
vn 0.1778 0.8313 0.5265
vn -0.7910 0.6081 -0.0670
vn -0.5584 -0.8279 -0.0533
vn 0.6169 -0.0882 0.7821
vn 0.3239 -0.4566 0.8286
vn 0.1823 -0.5973 0.7810
vn 0.2686 -0.5270 0.8063
vn -0.9861 -0.1662 -0.0015
vn -0.8622 0.5037 -0.0538
vn 0.1901 0.8222 0.5366
vn 0.1788 0.8307 0.5272
vn -0.7739 0.6296 -0.0684
vn -0.5582 -0.8280 -0.0527
vn -0.7801 -0.6232 -0.0554
vn -0.5584 -0.8278 -0.0533
vn 0.1905 0.8220 0.5368
vn 0.5447 -0.0272 -0.8382
vn 0.6138 0.3240 -0.7199
vn 0.7776 0.2076 -0.5935
vn 0.2640 0.2201 -0.9391
vn 0.0825 -0.0009 -0.9966
vn 0.0737 -0.0029 -0.9973
vn 0.4144 0.4225 -0.8061
vn 0.0227 -0.0145 -0.9996
vn 0.4599 -0.2535 -0.8510
vn 0.6856 -0.4714 -0.5547
vn 0.6576 -0.4835 -0.5777
vn 0.7663 -0.1475 -0.6253
usemtl Material.001
s off
f 609/972/497 611/973/497 612/974/497
f 611/975/498 613/976/498 612/974/498
f 614/977/499 611/973/499 610/978/499
f 611/975/500 609/979/500 610/978/500
f 611/975/501 614/980/501 613/981/501
f 626/982/502 610/983/502 609/979/502
f 609/972/503 618/984/503 626/985/503
f 622/986/504 640/987/504 610/988/504
f 619/989/505 625/990/505 613/991/505
f 608/992/506 615/993/506 616/994/506
f 623/995/507 608/992/507 609/979/507
f 609/972/508 625/996/508 623/997/508
f 609/972/509 612/998/509 625/999/509
f 640/1000/510 613/991/510 614/980/510
f 610/988/511 640/1001/511 614/977/511
f 608/992/512 617/1002/512 609/972/512
f 609/972/513 617/1003/513 618/984/513
f 626/1004/514 621/1005/514 610/988/514
f 621/1005/514 622/986/514 610/988/514
f 625/990/515 612/974/515 613/991/515
f 613/991/516 640/1006/516 620/1007/516
f 620/1007/517 619/989/517 613/991/517
f 608/992/506 624/1008/506 615/993/506
f 623/995/507 624/1009/507 608/992/507
f 608/992/518 616/1010/518 617/1002/518
s 1
f 607/1011/519 630/1012/520 631/1013/521
f 635/1014/522 633/1015/523 634/1016/524
f 638/1017/525 607/1011/519 635/1014/522
f 627/1018/526 634/1016/524 633/1015/523
f 632/1019/527 607/1011/519 639/1020/528
f 607/1011/519 636/1021/529 637/1022/529
f 631/1013/521 628/1023/521 629/1024/530
f 629/1024/530 607/1011/519 631/1013/521
f 635/1014/522 607/1011/519 633/1015/523
f 607/1011/519 632/1019/527 633/1015/523
f 638/1017/525 630/1012/520 607/1011/519
f 637/1022/529 639/1020/528 607/1011/519
f 607/1011/519 629/1024/530 636/1021/529
o Icosphere.007_cell.018_Icosphere.007_cell.017
v -0.017635 0.092825 -0.138309
v -0.040182 0.071256 -0.058791
v 0.013433 0.067466 -0.044894
v -0.019156 0.026957 -0.034573
v -0.004145 0.010989 -0.029380
v 0.000160 0.015903 -0.025185
v 0.010986 0.061621 -0.042190
v -0.040503 0.027507 -0.137882
v 0.001985 0.006050 -0.136607
v 0.036511 0.049308 -0.133286
v -0.075589 0.077245 -0.100610
v -0.061946 0.054519 -0.129457
v -0.071231 0.089458 -0.095090
v 0.048289 0.065525 -0.118730
v 0.045807 0.083437 -0.110616
v 0.045165 0.088005 -0.108551
v -0.034630 0.020812 -0.137652
v -0.002079 0.001217 -0.136630
v 0.037225 0.109498 -0.088466
v 0.035714 0.113260 -0.085018
v -0.023417 0.124002 -0.105953
v -0.067253 0.099100 -0.090303
v -0.046974 0.110762 -0.097417
v -0.034630 0.020812 -0.137652
v -0.040503 0.027507 -0.137882
v 0.036511 0.049308 -0.133286
v 0.001985 0.006050 -0.136607
v -0.061946 0.054519 -0.129457
v -0.075589 0.077245 -0.100610
v -0.071231 0.089458 -0.095090
v 0.048289 0.065525 -0.118730
v 0.045165 0.088005 -0.108551
v 0.045807 0.083437 -0.110616
v -0.002079 0.001217 -0.136630
v 0.035714 0.113260 -0.085018
v 0.037225 0.109498 -0.088466
v -0.023417 0.124002 -0.105953
v -0.067253 0.099100 -0.090303
v -0.046974 0.110762 -0.097417
vt 0.000000 0.000000
vt 1.000000 0.000000
vt 1.000000 1.000000
vt 0.000000 0.000000
vt 1.000000 0.000000
vt 1.000000 0.000000
vt 1.000000 1.000000
vt 0.000000 0.000000
vt 1.000000 0.000000
vt 1.000000 0.000000
vt 1.000000 1.000000
vt 0.670544 0.000000
vt 1.000000 0.000000
vt 1.000000 0.302875
vt 0.000000 0.000000
vt 0.444850 0.048841
vt 0.302875 0.302875
vt 1.000000 0.574908
vt 0.000000 0.000000
vt 0.757464 0.035318
vt 0.689599 0.438911
vt 0.761513 0.761513
vt 0.000000 0.000000
vt 0.681192 0.000000
vt 0.754532 0.754532
vt 0.681192 0.681192
vt 0.617704 0.376731
vt 0.671569 0.671569
vt 0.710256 0.160686
vt 1.000000 0.329456
vt 0.633199 0.633199
vt 0.756278 0.000000
vt 0.394213 0.000000
vt 0.430543 0.430543
vt 0.394213 0.394213
vt 0.459584 0.000000
vt 0.459584 0.459584
vt 0.574908 0.574908
vt 0.761513 0.000000
vt 1.000000 0.671569
vt 0.430543 0.000000
vt 0.633199 0.000000
vt 1.000000 0.243722
vt 0.326960 0.603171
vt 0.273368 0.574890
vt 0.282412 0.481330
vt 0.394020 0.579244
vt 0.353711 0.517316
vt 0.389235 0.551520
vt 0.269868 0.657245
vt 0.268783 0.649197
vt 0.317563 0.481086
vt 0.297580 0.691290
vt 0.362376 0.658356
vt 0.396555 0.594064
vt 0.380872 0.624068
vt 0.324613 0.487741
vt 0.264560 0.617611
vt 0.284203 0.471294
vt 0.302532 0.697126
vn 0.4354 0.2215 0.8726
vn -0.1889 0.4764 0.8587
vn -0.2159 0.3849 0.8974
vn -0.5295 -0.2325 0.8158
vn -0.2180 0.3865 0.8962
vn 0.8951 -0.0469 0.4435
vn 0.9014 -0.0668 0.4278
vn 0.9015 -0.0687 0.4274
vn 0.7772 -0.6255 0.0680
vn 0.7164 -0.6934 0.0770
vn -0.5161 -0.8538 0.0679
vn -0.7443 -0.6507 0.1505
vn -0.7506 -0.6431 0.1517
vn -0.1279 0.6881 0.7143
vn -0.1385 0.6801 0.7199
vn -0.7664 -0.0168 0.6421
vn -0.7617 -0.0074 0.6479
vn 0.7634 -0.6422 0.0693
vn -0.7458 -0.6489 0.1506
vn -0.0591 0.4665 -0.8825
vn 0.2649 0.2213 -0.9385
vn 0.0432 -0.0098 -0.9990
vn -0.5528 0.5225 -0.6491
vn -0.4338 0.3060 -0.8474
vn -0.5628 0.4988 -0.6591
vn 0.3865 0.5725 -0.7230
vn 0.4144 0.4225 -0.8061
vn 0.0227 -0.0145 -0.9996
vn 0.3469 0.7056 -0.6179
vn -0.1086 0.7061 -0.6997
vn -0.5382 0.5423 -0.6451
vn -0.5428 0.5515 -0.6334
vn -0.0738 0.0193 -0.9971
vn 0.0227 -0.0144 -0.9996
usemtl Material.001
s off
f 647/1025/531 646/1026/531 643/1027/531
f 642/1028/532 647/1029/532 643/1027/532
f 647/1025/533 644/1030/533 646/1031/533
f 644/1032/534 645/1033/534 646/1031/534
f 647/1025/535 642/1034/535 644/1035/535
f 660/1036/536 643/1037/536 659/1038/536
f 643/1039/537 656/1040/537 659/1041/537
f 654/1042/538 643/1039/538 646/1026/538
f 646/1043/539 649/1044/539 650/1045/539
f 646/1043/540 645/1033/540 658/1046/540
f 645/1047/541 657/1048/541 658/1049/541
f 644/1030/542 657/1050/542 645/1047/542
f 644/1032/543 652/1051/543 648/1052/543
f 661/1053/544 643/1037/544 660/1054/544
f 642/1034/545 663/1055/545 662/1056/545
f 653/1057/546 651/1058/546 644/1032/546
f 642/1034/547 653/1059/547 644/1032/547
f 643/1039/537 655/1060/537 656/1040/537
f 654/1042/538 655/1061/538 643/1039/538
f 650/1045/539 654/1062/539 646/1043/539
f 646/1043/548 658/1063/548 649/1044/548
f 644/1030/549 648/1064/549 657/1050/549
f 644/1032/543 651/1065/543 652/1051/543
f 661/1053/544 663/1066/544 643/1037/544
f 642/1034/545 643/1027/545 663/1055/545
f 642/1034/547 662/1067/547 653/1059/547
s 1
f 641/1068/550 666/1069/551 667/1070/552
f 670/1071/553 668/1072/554 669/1073/555
f 641/1068/550 672/1074/556 673/1075/557
f 664/1076/558 641/1068/550 667/1070/552
f 676/1077/559 641/1068/550 677/1078/560
f 670/1071/553 678/1079/561 679/1080/562
f 668/1072/554 641/1068/550 665/1081/563
f 670/1071/553 641/1068/550 668/1072/554
f 673/1075/557 671/1082/557 666/1069/551
f 666/1069/551 641/1068/550 673/1075/557
f 667/1070/552 674/1083/564 664/1076/558
f 664/1076/558 665/1081/563 641/1068/550
f 677/1078/560 675/1084/559 676/1077/559
f 676/1077/559 672/1074/556 641/1068/550
f 677/1078/560 641/1068/550 679/1080/562
f 641/1068/550 670/1071/553 679/1080/562
o Icosphere.007_cell.019_Icosphere.007_cell.018
v -0.124643 0.090712 -0.048530
v -0.020877 0.027518 -0.033056
v -0.017856 0.012238 -0.016370
v -0.042479 0.072224 -0.057800
v -0.036947 0.028891 0.001385
v -0.021429 0.012996 -0.009908
v -0.096023 0.008666 -0.031505
v -0.038476 0.008471 -0.018024
v -0.109663 0.074186 0.025978
v -0.095629 0.112192 -0.002184
v -0.134990 0.049058 -0.002798
v -0.134060 0.012302 -0.044543
v -0.116210 0.053533 -0.083865
v -0.080973 0.121300 -0.048725
v -0.077821 0.123054 -0.060197
v -0.089825 0.069482 -0.094328
v -0.072682 0.089637 -0.093715
v -0.077144 0.077394 -0.099169
v -0.137162 0.018155 -0.031673
v -0.136613 0.026118 -0.024114
v -0.086510 0.118127 -0.030918
v -0.068808 0.099340 -0.088760
v -0.134990 0.049058 -0.002798
v -0.109663 0.074186 0.025978
v -0.095629 0.112192 -0.002184
v -0.077144 0.077394 -0.099169
v -0.089825 0.069482 -0.094328
v -0.116210 0.053533 -0.083865
v -0.072682 0.089637 -0.093715
v -0.136613 0.026118 -0.024114
v -0.137162 0.018155 -0.031673
v -0.086510 0.118127 -0.030918
v -0.080973 0.121300 -0.048725
v -0.077821 0.123054 -0.060197
v -0.068808 0.099340 -0.088760
v -0.134060 0.012302 -0.044543
vt 0.000000 0.000000
vt 1.000000 0.000000
vt 1.000000 1.000000
vt 0.000000 0.000000
vt 1.000000 0.000000
vt 0.000000 0.000000
vt 1.000000 0.000000
vt 1.000000 0.000000
vt 1.000000 1.000000
vt 1.000000 1.000000
vt 0.378263 0.378263
vt 0.000000 0.000000
vt 0.236910 0.000000
vt 0.530541 0.000000
vt 1.000000 0.000000
vt 1.000000 0.501679
vt 0.501679 0.501679
vt 1.000000 0.523196
vt 0.523196 0.523196
vt 1.000000 0.000000
vt 1.000000 0.378263
vt 1.000000 1.000000
vt 0.518796 0.160223
vt 1.000000 0.763090
vt 0.390279 0.390279
vt 0.000000 0.000000
vt 0.424906 0.000000
vt 1.000000 0.469459
vt 0.554872 0.000000
vt 0.784625 0.399755
vt 1.000000 0.389777
vt 0.389777 0.389777
vt 0.390065 0.000000
vt 0.447198 0.000000
vt 1.000000 0.575094
vt 0.569519 0.310902
vt 0.447199 0.447199
vt 0.581901 0.581901
vt 1.000000 0.000000
vt 0.362285 0.362285
vt 0.000000 0.000000
vt 0.394039 0.000000
vt 0.605961 0.000000
vt 0.000000 0.000000
vt 0.554872 0.554872
vt 0.581901 0.000000
vt 0.511034 0.492982
vt 0.501721 0.631979
vt 0.463019 0.554624
vt 0.485906 0.424470
vt 0.422775 0.492847
vt 0.473516 0.419198
vt 0.401422 0.531918
vt 0.395290 0.574506
vt 0.493980 0.445866
vt 0.487911 0.429464
vt 0.398775 0.593858
vt 0.431664 0.633908
vt 0.444808 0.638169
vt 0.465549 0.643207
vt 0.534122 0.566298
vt 0.391356 0.551131
vt 0.396001 0.578537
vn -0.1646 -0.6730 0.7210
vn 0.7823 0.4981 0.3741
vn 0.7779 0.5272 0.3420
vn 0.1841 -0.7081 -0.6817
vn 0.1603 -0.9662 0.2020
vn 0.8083 0.5524 -0.2036
vn 0.7575 0.5487 0.3537
vn 0.7666 0.5473 0.3359
vn 0.7770 0.5543 0.2982
vn 0.7697 0.0187 -0.6382
vn 0.7646 0.0083 -0.6444
vn 0.5026 0.3872 0.7730
vn -0.1678 -0.6647 0.7281
vn -0.1657 -0.6729 0.7210
vn 0.1791 -0.7061 -0.6851
vn 0.1621 -0.7146 -0.6805
vn 0.1475 -0.7537 -0.6404
vn -0.2109 -0.9080 0.3621
vn -0.1647 -0.7019 0.6929
vn 0.7741 0.5488 0.3157
vn 0.1596 -0.7166 -0.6789
vn -0.9349 0.3408 0.0989
vn -0.7452 0.6454 0.1674
vn -0.8258 0.5174 -0.2243
vn -0.9659 0.1283 -0.2248
vn -0.7973 0.3141 -0.5154
vn -0.9477 0.1342 -0.2895
vn -0.5628 0.4988 -0.6591
vn -0.5540 0.5208 -0.6495
vn -0.9849 0.1499 -0.0863
vn -0.5430 0.5483 -0.6360
vn -0.5852 0.6991 -0.4108
vn -0.5735 0.8185 -0.0324
vn -0.5763 0.8169 -0.0239
vn -0.8167 0.5065 0.2765
usemtl Material.001
s off
f 687/1085/565 685/1086/565 684/1087/565
f 685/1088/566 682/1089/566 684/1087/566
f 682/1090/567 681/1091/567 684/1087/567
f 682/1090/568 687/1092/568 681/1093/568
f 682/1090/569 685/1086/569 687/1094/569
f 694/1095/570 683/1096/570 701/1097/570
f 689/1098/571 684/1099/571 711/1100/571
f 711/1101/572 681/1091/572 712/1102/572
f 712/1103/573 683/1104/573 694/1105/573
f 683/1106/574 696/1107/574 701/1108/574
f 696/1109/575 681/1110/575 697/1111/575
f 689/1112/576 688/1113/576 684/1099/576
f 684/1087/577 690/1114/577 699/1115/577
f 687/1092/578 699/1116/578 698/1117/578
f 681/1093/579 695/1118/579 697/1119/579
f 687/1085/580 692/1120/580 695/1121/580
f 715/1122/581 687/1085/581 686/1123/581
f 715/1124/582 686/1125/582 698/1126/582
f 698/1127/583 686/1123/583 687/1094/583
f 711/1101/572 684/1128/572 681/1091/572
f 712/1103/584 681/1110/584 683/1104/584
f 683/1106/574 681/1110/574 696/1107/574
f 684/1087/577 688/1129/577 690/1114/577
f 687/1092/578 684/1087/578 699/1116/578
f 681/1093/579 687/1085/579 695/1118/579
f 687/1085/585 715/1130/585 692/1120/585
s 1
f 702/1131/586 704/1132/587 680/1133/588
f 710/1134/589 707/1135/590 691/1136/591
f 706/1137/592 680/1133/588 708/1138/593
f 709/1139/594 680/1133/588 710/1140/589
f 714/1141/595 680/1133/588 713/1142/596
f 693/1143/597 680/1133/588 700/1144/598
f 702/1131/586 703/1145/599 704/1132/587
f 710/1134/589 680/1133/588 707/1135/590
f 708/1138/593 705/1146/592 706/1137/592
f 706/1137/592 707/1135/590 680/1133/588
f 709/1139/594 702/1131/586 680/1133/588
f 714/1141/595 708/1147/593 680/1133/588
f 713/1142/596 680/1133/588 693/1143/597
f 680/1133/588 704/1132/587 700/1144/598
o Icosphere.007_cell.020_Icosphere.007_cell.019
v 0.108961 0.083109 -0.078322
v 0.040293 0.006729 -0.022786
v 0.001190 0.016781 -0.023831
v 0.007550 0.005876 -0.009665
v 0.002092 0.010875 -0.015646
v 0.064507 0.023851 -0.008591
v 0.045028 0.013302 -0.011573
v 0.043483 0.040413 0.000718
v 0.039641 0.033946 0.000951
v 0.016225 0.070968 -0.047082
v 0.011495 0.057239 -0.039005
v 0.009177 0.034200 -0.021669
v 0.126878 0.077012 -0.022050
v 0.131473 0.064520 -0.024885
v 0.135080 0.054458 -0.027514
v 0.131192 0.040308 -0.064168
v 0.127024 0.035804 -0.071205
v 0.100511 0.044519 -0.102895
v 0.119651 0.027965 -0.083609
v 0.040600 0.119346 -0.075324
v 0.042194 0.121572 -0.067985
v 0.075657 0.117292 -0.036971
v 0.047732 0.120944 -0.062656
v 0.085904 0.110900 -0.023337
v 0.096526 0.104254 -0.009346
v 0.046499 0.087903 -0.107919
v 0.049687 0.065687 -0.117926
v 0.065291 0.059029 -0.113395
v 0.036964 0.113454 -0.084095
v 0.039572 0.106438 -0.090643
v 0.126878 0.077012 -0.022050
v 0.131473 0.064520 -0.024885
v 0.135080 0.054458 -0.027514
v 0.131192 0.040308 -0.064168
v 0.127024 0.035804 -0.071205
v 0.119651 0.027965 -0.083609
v 0.100511 0.044519 -0.102895
v 0.040600 0.119346 -0.075324
v 0.042194 0.121572 -0.067985
v 0.047732 0.120944 -0.062656
v 0.075657 0.117292 -0.036971
v 0.096526 0.104254 -0.009346
v 0.085904 0.110900 -0.023337
v 0.049687 0.065687 -0.117926
v 0.046499 0.087903 -0.107919
v 0.065291 0.059029 -0.113395
v 0.039572 0.106438 -0.090643
v 0.036964 0.113454 -0.084095
vt 0.000000 0.000000
vt 1.000000 0.000000
vt 1.000000 1.000000
vt 0.000000 0.000000
vt 1.000000 0.000000
vt 0.000000 0.000000
vt 1.000000 0.000000
vt 0.000000 0.000000
vt 1.000000 0.000000
vt 0.000000 0.000000
vt 1.000000 0.000000
vt 1.000000 0.000000
vt 1.000000 1.000000
vt 0.000000 0.000000
vt 1.000000 0.000000
vt 0.000000 0.000000
vt 1.000000 0.000000
vt 0.000000 0.000000
vt 1.000000 0.000000
vt 1.000000 1.000000
vt 1.000000 1.000000
vt 1.000000 0.000000
vt 1.000000 1.000000
vt 0.000000 0.000000
vt 1.000000 0.410314
vt 0.410314 0.410314
vt 0.452545 0.000000
vt 0.739822 0.444220
vt 1.000000 0.514695
vt 0.514695 0.514695
vt 0.551229 0.000000
vt 0.631041 0.521659
vt 0.551229 0.551229
vt 0.452721 0.000000
vt 0.000000 0.000000
vt 1.000000 0.528447
vt 0.764641 0.456116
vt 0.528447 0.528447
vt 1.000000 1.000000
vt 0.573312 0.465890
vt 1.000000 0.614822
vt 0.553954 0.000000
vt 0.690883 0.516853
vt 1.000000 1.000000
vt 0.553954 0.553954
vt 0.495743 0.495743
vt 0.625869 0.000000
vt 1.000000 1.000000
vt 1.000000 0.687476
vt 0.625869 0.625869
vt 0.775603 0.642995
vt 0.452545 0.452545
vt 1.000000 0.495018
vt 0.495019 0.495019
vt 0.312524 0.000000
vt 1.000000 0.427869
vt 0.452721 0.452721
vt 0.614822 0.614822
vt 1.000000 0.495743
vt 0.568696 0.000000
vt 1.000000 1.000000
vt 0.211871 0.712175
vt 0.136670 0.732516
vt 0.134186 0.712232
vt 0.172732 0.655200
vt 0.177432 0.642222
vt 0.304430 0.713983
vt 0.311977 0.733298
vt 0.311519 0.742189
vt 0.308424 0.800314
vt 0.270908 0.795938
vt 0.215199 0.630230
vt 0.248527 0.622373
vt 0.268655 0.658394
vt 0.292620 0.687672
vt 0.132629 0.695714
vt 0.185775 0.619505
vt 0.232063 0.791283
vt 0.263319 0.619328
vt 0.301680 0.698769
vn -0.1880 -0.8312 -0.5232
vn 0.1964 -0.8798 0.4328
vn 0.1435 -0.5054 0.8509
vn 0.1360 -0.4827 0.8652
vn -0.5437 0.3297 0.7718
vn -0.5517 0.3550 0.7547
vn -0.5545 0.3619 0.7493
vn -0.8649 0.3545 0.3554
vn -0.8680 0.3523 0.3499
vn 0.4113 -0.8515 0.3254
vn 0.3023 -0.1456 0.9420
vn -0.9180 0.0889 -0.3864
vn -0.2570 -0.7969 -0.5467
vn -0.1977 -0.8244 -0.5304
vn -0.1837 -0.8286 -0.5289
vn 0.4410 -0.8536 0.2773
vn 0.4443 -0.8506 0.2812
vn 0.3106 -0.1345 0.9410
vn -0.9008 0.0657 -0.4293
vn -0.9003 0.0647 -0.4304
vn 0.3038 -0.1032 0.9471
vn -0.5262 0.5407 0.6563
vn -0.5288 0.5432 0.6521
vn -0.5301 0.5432 0.6511
vn -0.6023 0.5486 0.5798
vn -0.8804 0.4717 0.0481
vn -0.1889 -0.8263 -0.5307
vn -0.5476 0.5467 0.6335
vn 0.6573 0.5700 -0.4929
vn 0.7855 0.5901 -0.1862
vn 0.8914 0.3829 -0.2423
vn 0.8525 0.3016 -0.4270
vn 0.7776 0.2076 -0.5935
vn 0.3917 0.7794 -0.4888
vn 0.4275 0.8351 -0.3460
vn 0.5382 0.8092 -0.2355
vn 0.6350 0.7632 -0.1195
vn 0.6136 0.3241 -0.7200
vn 0.4144 0.4225 -0.8061
vn 0.3864 0.5732 -0.7226
vn 0.3469 0.7056 -0.6179
usemtl Material.001
s off
f 720/1148/600 717/1149/600 719/1150/600
f 717/1151/601 722/1152/601 719/1150/601
f 722/1153/602 721/1154/602 719/1150/602
f 721/1155/603 724/1156/603 719/1150/603
f 724/1157/604 720/1158/604 719/1150/604
f 724/1157/605 723/1159/605 720/1160/605
f 723/1161/606 727/1162/606 720/1160/606
f 727/1163/607 726/1164/607 720/1160/607
f 726/1165/608 718/1166/608 720/1160/608
f 721/1155/609 722/1152/609 717/1167/609
f 723/1161/610 724/1156/610 721/1168/610
f 726/1165/611 725/1169/611 718/1170/611
f 718/1171/612 742/1172/612 720/1160/612
f 717/1149/613 742/1173/613 743/1174/613
f 717/1167/614 733/1175/614 734/1176/614
f 721/1154/615 734/1177/615 732/1178/615
f 731/1179/616 721/1168/616 732/1180/616
f 721/1168/617 729/1181/617 723/1159/617
f 725/1182/618 745/1183/618 718/1170/618
f 741/1184/619 718/1170/619 745/1185/619
f 723/1186/620 728/1187/620 740/1188/620
f 723/1186/621 739/1189/621 727/1162/621
f 737/1190/622 727/1191/622 739/1192/622
f 738/1193/623 726/1164/623 727/1191/623
f 736/1194/624 725/1169/624 726/1195/624
f 744/1196/625 736/1197/625 735/1198/625
f 717/1149/626 720/1160/626 742/1173/626
f 717/1167/614 743/1199/614 733/1175/614
f 721/1154/615 717/1167/615 734/1177/615
f 731/1179/616 730/1200/616 721/1168/616
f 721/1168/617 730/1201/617 729/1181/617
f 725/1182/618 744/1202/618 745/1183/618
f 741/1184/619 742/1203/619 718/1170/619
f 723/1186/620 729/1204/620 728/1187/620
f 723/1186/621 740/1205/621 739/1189/621
f 737/1190/622 738/1206/622 727/1191/622
f 738/1193/627 736/1207/627 726/1164/627
f 744/1196/625 725/1208/625 736/1197/625
s 1
f 716/1209/628 746/1210/629 747/1211/630
f 716/1209/628 749/1212/631 750/1213/632
f 753/1214/633 754/1215/634 755/1216/634
f 716/1209/628 756/1217/635 758/1218/636
f 716/1209/628 752/1219/637 761/1220/638
f 716/1209/628 760/1221/639 762/1222/640
f 748/1223/630 749/1212/631 747/1211/630
f 749/1212/631 716/1209/628 747/1211/630
f 751/1224/632 752/1219/637 750/1213/632
f 752/1219/637 716/1209/628 750/1213/632
f 755/1216/634 756/1217/635 716/1209/628
f 716/1209/628 753/1214/633 755/1216/634
f 758/1218/636 757/1225/636 746/1210/629
f 746/1210/629 716/1209/628 758/1218/636
f 761/1220/638 759/1226/638 760/1221/639
f 760/1221/639 716/1209/628 761/1220/638
f 763/1227/640 753/1214/633 762/1222/640
f 753/1214/633 716/1209/628 762/1222/640
o Icosphere.007_cell.021_Icosphere.007_cell.020
v -0.004110 0.128506 0.084641
v -0.016102 0.017170 0.017183
v -0.001911 0.008537 0.022318
v -0.011889 0.011840 0.017379
v -0.029794 0.025507 0.039089
v -0.014333 0.011993 0.051067
v -0.018503 0.011639 0.038608
v -0.014289 0.010437 0.046310
v -0.008696 0.008717 0.043213
v 0.042791 0.068679 0.103946
v 0.034431 0.064830 0.112465
v 0.029634 0.065173 0.115252
v 0.006894 0.069040 0.126610
v -0.061791 0.082090 0.097947
v -0.033796 0.132250 0.064996
v 0.030585 0.115093 0.073264
v 0.006860 0.134270 0.065583
v 0.061538 0.077459 0.084465
v -0.036888 0.061386 0.119835
v -0.057499 0.078424 0.103106
v -0.033445 0.058794 0.122463
v -0.028040 0.134791 0.056777
v -0.022942 0.137011 0.049609
v 0.029634 0.065173 0.115252
v 0.034431 0.064830 0.112465
v 0.042791 0.068679 0.103946
v 0.006894 0.069040 0.126610
v 0.030585 0.115093 0.073264
v 0.006860 0.134270 0.065583
v -0.033445 0.058794 0.122463
v -0.057499 0.078424 0.103106
v -0.036888 0.061386 0.119835
v -0.022942 0.137011 0.049609
v -0.028040 0.134791 0.056777
v -0.033796 0.132250 0.064996
v -0.061791 0.082090 0.097947
v 0.061538 0.077459 0.084465
vt 0.000000 0.000000
vt 1.000000 0.000000
vt 1.000000 1.000000
vt 0.000000 0.000000
vt 1.000000 0.000000
vt 0.000000 0.000000
vt 1.000000 0.000000
vt 0.000000 0.000000
vt 1.000000 0.000000
vt 0.000000 0.000000
vt 1.000000 1.000000
vt 1.000000 0.366155
vt 0.000000 0.000000
vt 0.604672 0.000000
vt 0.356517 0.000000
vt 1.000000 0.000000
vt 1.000000 1.000000
vt 1.000000 0.552436
vt 0.422393 0.000000
vt 1.000000 0.643371
vt 0.552436 0.552436
vt 0.649787 0.480392
vt 1.000000 0.000000
vt 1.000000 1.000000
vt 0.942861 0.409540
vt 1.000000 0.395328
vt 1.000000 0.643483
vt 0.483238 0.310445
vt 0.184964 0.000000
vt 1.000000 1.000000
vt 0.202009 0.000000
vt 1.000000 1.000000
vt 0.202009 0.202009
vt 1.000000 0.675116
vt 0.766425 0.656360
vt 1.000000 0.608685
vt 0.608685 0.608685
vt 0.620475 0.000000
vt 1.000000 1.000000
vt 0.742739 0.553211
vt 1.000000 0.577607
vt 0.000000 0.000000
vt 0.673688 0.000000
vt 0.679287 0.679287
vt 0.711123 0.506416
vt 0.177170 0.000000
vt 0.620475 0.620475
vt 0.629139 0.785561
vt 0.709078 0.692581
vt 0.719829 0.707764
vt 0.618028 0.650091
vt 0.625227 0.651076
vt 0.605282 0.822384
vt 0.698108 0.778085
vt 0.726466 0.711520
vt 0.761498 0.734787
vt 0.627033 0.649929
vt 0.655852 0.635023
vt 0.577041 0.768112
vt 0.683308 0.684448
vt 0.714172 0.695161
vt 0.586887 0.750403
vt 0.660471 0.633000
vt 0.568488 0.783696
vn -0.2708 -0.9581 -0.0935
vn -0.2528 -0.9647 -0.0738
vn -0.2894 -0.9572 0.0091
vn -0.6373 -0.7342 0.2342
vn -0.1200 -0.9439 0.3076
vn -0.8254 0.1031 -0.5551
vn 0.3729 0.2621 -0.8901
vn -0.6978 -0.6703 0.2526
vn -0.7249 -0.6483 0.2329
vn -0.7585 -0.6241 0.1876
vn -0.8294 0.1022 -0.5493
vn 0.4770 0.2584 -0.8400
vn 0.4988 0.2804 -0.8201
vn 0.6193 -0.7573 0.2076
vn 0.6041 -0.7604 0.2386
vn 0.5996 -0.7621 0.2441
vn 0.2410 -0.8220 0.5160
vn 0.1469 -0.8088 0.5695
vn -0.7569 -0.6073 -0.2416
vn -0.8295 0.1022 -0.5491
vn 0.4752 0.2500 -0.8436
vn 0.5495 0.2114 -0.8083
vn -0.7566 -0.6076 -0.2416
vn 0.0557 0.7788 0.6247
vn 0.4426 0.5703 0.6920
vn 0.4447 0.5712 0.6899
vn -0.3394 0.6236 0.7041
vn -0.2746 0.5765 0.7695
vn 0.2091 0.8961 0.3914
vn 0.4499 0.6124 0.6500
vn 0.4467 0.5721 0.6878
vn -0.2198 0.5350 0.8157
vn -0.0516 0.9637 0.2617
vn 0.1189 0.5871 0.8007
vn -0.2178 0.8441 0.4900
usemtl Material.001
s off
f 767/1228/641 766/1229/641 770/1230/641
f 766/1231/642 772/1232/642 770/1230/642
f 772/1233/643 771/1234/643 770/1230/643
f 771/1235/644 769/1236/644 770/1230/644
f 769/1237/645 771/1234/645 772/1238/645
f 786/1239/646 768/1240/646 785/1241/646
f 786/1242/647 767/1243/647 765/1244/647
f 782/1245/648 769/1237/648 784/1246/648
f 783/1247/649 770/1230/649 782/1248/649
f 783/1249/650 768/1250/650 770/1230/650
f 768/1251/651 778/1252/651 785/1253/651
f 786/1254/652 779/1255/652 767/1243/652
f 800/1256/653 766/1229/653 767/1257/653
f 800/1258/654 772/1232/654 766/1259/654
f 772/1238/655 800/1260/655 773/1261/655
f 772/1238/656 773/1262/656 774/1263/656
f 769/1236/657 774/1264/657 775/1265/657
f 769/1266/658 776/1267/658 784/1268/658
f 770/1269/659 765/1244/659 767/1228/659
f 786/1239/646 765/1244/646 768/1240/646
f 782/1245/648 770/1230/648 769/1237/648
f 783/1249/650 799/1270/650 768/1250/650
f 768/1251/660 799/1271/660 778/1252/660
f 780/1272/661 779/1255/661 786/1254/661
f 779/1255/662 800/1273/662 767/1243/662
f 769/1236/657 772/1238/657 774/1264/657
f 769/1266/658 775/1274/658 776/1267/658
f 770/1269/663 768/1250/663 765/1244/663
s 1
f 764/1275/664 787/1276/665 789/1277/666
f 764/1275/664 777/1278/667 794/1279/668
f 792/1280/669 764/1275/664 791/1281/670
f 791/1281/670 789/1282/666 781/1283/671
f 764/1275/664 794/1284/668 795/1285/672
f 797/1286/673 764/1275/664 792/1280/669
f 790/1287/674 787/1276/665 764/1275/664
f 787/1276/665 788/1288/665 789/1277/666
f 764/1275/664 798/1289/675 777/1278/667
f 791/1281/670 764/1275/664 789/1282/666
f 795/1285/672 793/1290/672 790/1287/674
f 790/1287/674 764/1275/664 795/1285/672
f 792/1280/669 796/1291/673 797/1286/673
f 797/1286/673 798/1289/675 764/1275/664
o Icosphere.007_cell.022_Icosphere.007_cell.021
v 0.041421 0.152430 0.005536
v 0.009736 0.037263 -0.020867
v 0.043924 0.044170 0.001691
v 0.012474 0.063082 -0.040880
v 0.014147 0.068749 -0.043319
v 0.081055 0.105595 0.041236
v -0.001833 0.149453 -0.003974
v 0.001881 0.152420 -0.022066
v 0.003456 0.153623 -0.029350
v 0.074709 0.118264 -0.035794
v 0.042404 0.122502 -0.065480
v 0.095106 0.105654 -0.007942
v 0.092351 0.112370 0.020312
v 0.030404 0.146641 0.024677
v -0.003632 0.147125 0.005079
v 0.009230 0.146894 0.012692
v 0.042404 0.122502 -0.065480
v 0.003456 0.153623 -0.029350
v 0.001881 0.152420 -0.022066
v -0.001833 0.149453 -0.003974
v 0.074709 0.118264 -0.035794
v 0.092351 0.112370 0.020312
v 0.095106 0.105654 -0.007942
v 0.081055 0.105595 0.041236
v 0.030404 0.146641 0.024677
v -0.003632 0.147125 0.005079
v 0.009230 0.146894 0.012692
vt 0.000000 0.000000
vt 1.000000 0.000000
vt 1.000000 1.000000
vt 1.000000 0.000000
vt 0.769770 0.433343
vt 0.319202 0.000000
vt 0.000000 0.000000
vt 1.000000 0.633631
vt 0.649969 0.649969
vt 0.631713 0.494016
vt 0.000000 0.000000
vt 0.377899 0.000000
vt 0.377899 0.377899
vt 0.378487 0.000000
vt 0.419696 0.225242
vt 1.000000 0.000000
vt 0.971945 0.594119
vt 0.609184 0.000000
vt 0.000000 0.000000
vt 1.000000 0.000000
vt 0.618355 0.618355
vt 1.000000 0.680798
vt 0.631689 0.631689
vt 1.000000 1.000000
vt 0.379797 0.000000
vt 1.000000 0.621513
vt 0.413141 0.000000
vt 0.379797 0.379797
vt 0.413141 0.413141
vt 1.000000 0.649969
vt 0.633631 0.633631
vt 0.417126 0.805854
vt 0.407676 0.890916
vt 0.409247 0.802540
vt 0.315364 0.735258
vt 0.311171 0.802821
vt 0.236285 0.794730
vt 0.436524 0.814400
vt 0.470966 0.813623
vt 0.479223 0.837592
vt 0.661947 0.823452
vt 0.490890 0.876914
vt 0.752730 0.806437
vt 0.403549 0.805020
vt 0.236916 0.823452
vn 0.5339 -0.5526 -0.6399
vn -0.9750 -0.0687 -0.2114
vn -0.4957 -0.2563 0.8298
vn -0.4790 -0.2518 0.8409
vn 0.7666 -0.6039 0.2183
vn -0.6623 0.0397 -0.7482
vn -0.8161 -0.0077 -0.5778
vn -0.9727 -0.0687 -0.2216
vn 0.5372 -0.5477 -0.6414
vn 0.5308 -0.5384 -0.6545
vn 0.0712 -0.4119 -0.9084
vn 0.5380 -0.5477 -0.6408
vn -0.0988 0.9850 0.1412
vn 0.3240 0.9416 0.0914
vn 0.1796 0.9702 -0.1623
vn 0.3972 0.8477 -0.3517
vn 0.5373 0.8095 -0.2365
vn 0.6350 0.7632 -0.1195
vn -0.1076 0.9771 0.1835
vn -0.1162 0.9672 0.2257
vn -0.1162 0.9673 0.2257
vn 0.5712 0.7976 0.1936
vn 0.1757 0.9097 0.3762
vn 0.4492 0.7501 0.4854
usemtl Material.001
s off
f 804/1292/676 803/1293/676 802/1294/676
f 802/1295/677 807/1296/677 808/1297/677
f 802/1298/678 816/1299/678 815/1300/678
f 814/1301/679 803/1302/679 824/1303/679
f 824/1304/680 812/1305/680 813/1306/680
f 805/1307/681 809/1308/681 811/1309/681
f 805/1310/682 804/1311/682 809/1312/682
f 804/1292/683 808/1313/683 809/1314/683
f 803/1315/684 810/1316/684 812/1317/684
f 811/1318/685 810/1319/685 804/1292/685
f 805/1307/686 811/1320/686 804/1292/686
f 802/1295/677 815/1321/677 807/1296/677
f 802/1298/678 803/1293/678 816/1299/678
f 814/1301/679 816/1322/679 803/1302/679
f 824/1304/680 803/1302/680 812/1305/680
f 804/1292/683 802/1295/683 808/1313/683
f 803/1315/687 804/1292/687 810/1316/687
s 1
f 819/1323/688 801/1324/689 818/1325/690
f 817/1326/691 801/1324/689 821/1327/692
f 801/1324/689 823/1328/693 821/1327/692
f 820/1329/694 826/1330/695 827/1331/696
f 822/1332/697 825/1333/698 806/1334/699
f 819/1323/688 820/1329/694 801/1324/689
f 817/1326/691 818/1335/690 801/1324/689
f 801/1324/689 822/1336/697 823/1328/693
f 827/1331/696 825/1333/698 801/1324/689
f 801/1324/689 820/1329/694 827/1331/696
f 822/1332/697 801/1324/689 825/1333/698
o Icosphere.007_cell.023_Icosphere.007_cell.022
v -0.064994 0.136185 0.044350
v -0.017922 0.017607 0.006035
v -0.035976 0.029047 0.002661
v -0.018014 0.018127 0.015007
v -0.032416 0.026847 0.039697
v -0.108035 0.073741 0.031603
v -0.106022 0.072398 0.040009
v -0.094649 0.112789 -0.000380
v -0.100197 0.098244 0.009873
v -0.089624 0.083314 0.081721
v -0.066592 0.082199 0.095246
v -0.035483 0.132463 0.063879
v -0.024256 0.140811 0.028631
v -0.056343 0.141121 0.015980
v -0.103194 0.070770 0.055163
v -0.029775 0.135002 0.055656
v -0.024349 0.137525 0.047437
v -0.108035 0.073741 0.031603
v -0.106022 0.072398 0.040009
v -0.094649 0.112789 -0.000380
v -0.100197 0.098244 0.009873
v -0.089624 0.083314 0.081721
v -0.066592 0.082199 0.095246
v -0.103194 0.070770 0.055163
v -0.035483 0.132463 0.063879
v -0.029775 0.135002 0.055656
v -0.024349 0.137525 0.047437
v -0.024256 0.140811 0.028631
v -0.056343 0.141121 0.015980
vt 0.000000 0.000000
vt 1.000000 0.000000
vt 1.000000 1.000000
vt 0.578665 0.000000
vt 1.000000 0.308335
vt 0.784366 0.189324
vt 0.944035 0.531187
vt 1.000000 0.000000
vt 1.000000 0.601125
vt 0.000000 0.000000
vt 1.000000 0.632935
vt 0.601125 0.601125
vt 0.632935 0.632935
vt 0.000000 0.000000
vt 0.651780 0.000000
vt 0.527123 0.000000
vt 1.000000 0.000000
vt 1.000000 0.389852
vt 0.389852 0.389852
vt 0.000000 0.000000
vt 0.442471 0.000000
vt 0.442471 0.442471
vt 1.000000 0.000000
vt 0.491741 0.491741
vt 0.482796 0.000000
vt 0.482796 0.482796
vt 1.000000 1.000000
vt 1.000000 0.348220
vt 0.654668 0.412403
vt 0.520070 0.000000
vt 0.520070 0.520070
vt 0.685684 0.000000
vt 1.000000 0.421335
vt 0.655268 0.655268
vt 0.542485 0.713457
vt 0.504423 0.633695
vt 0.515910 0.608508
vt 0.615279 0.650265
vt 0.581437 0.614269
vt 0.533263 0.782224
vt 0.505651 0.723511
vt 0.560715 0.575333
vt 0.504836 0.638205
vt 0.574612 0.766033
vt 0.560532 0.785626
vt 0.539378 0.568931
vt 0.551496 0.572814
vt 0.584486 0.748405
vn -0.4574 -0.8880 0.0468
vn -0.3548 -0.7623 0.5413
vn 0.8316 -0.1009 0.5461
vn 0.8441 -0.0984 0.5271
vn 0.9987 0.0493 0.0135
vn -0.4882 -0.3707 -0.7901
vn -0.5572 -0.4440 -0.7017
vn -0.5326 -0.8462 -0.0194
vn -0.5304 -0.8477 -0.0083
vn -0.5262 -0.8503 0.0068
vn 0.9987 0.0500 0.0074
vn 0.2824 0.1639 -0.9452
vn 0.2790 0.1611 -0.9467
vn 0.7911 -0.1146 0.6009
vn 0.3620 0.1861 -0.9134
vn -0.4652 0.8272 0.3152
vn -0.7765 0.5966 0.2027
vn -0.8167 0.5065 0.2765
vn -0.3637 0.6447 0.6724
vn -0.6395 0.6196 0.4552
vn -0.0479 0.9850 0.1655
vn -0.3397 0.9386 0.0597
vn -0.8318 0.5185 0.1980
vn -0.0516 0.9637 0.2617
vn -0.0481 0.9767 0.2093
vn -0.8229 0.5126 0.2448
vn -0.2155 0.8464 0.4870
usemtl Material.001
s off
f 829/1337/700 831/1338/700 832/1339/700
f 842/1340/701 838/1341/701 837/1342/701
f 839/1343/702 832/1344/702 843/1345/702
f 832/1346/703 844/1347/703 843/1348/703
f 844/1349/704 831/1350/704 855/1351/704
f 835/1352/705 830/1353/705 836/1354/705
f 836/1355/706 830/1356/706 833/1357/706
f 833/1358/707 830/1356/707 829/1359/707
f 833/1360/708 829/1337/708 834/1361/708
f 832/1344/709 834/1362/709 829/1337/709
f 831/1363/710 829/1337/710 855/1364/710
f 841/1365/711 829/1337/711 835/1366/711
f 835/1367/712 829/1337/712 830/1353/712
f 842/1340/701 832/1344/701 838/1341/701
f 839/1343/713 838/1368/713 832/1344/713
f 832/1346/703 831/1338/703 844/1347/703
f 832/1344/709 842/1369/709 834/1362/709
f 841/1365/714 855/1370/714 829/1337/714
s 1
f 828/1371/715 847/1372/716 848/1373/717
f 850/1374/718 828/1371/715 849/1375/719
f 828/1371/715 840/1376/720 856/1377/721
f 828/1371/715 851/1378/722 849/1375/719
f 847/1379/716 828/1371/715 856/1377/721
f 828/1371/715 853/1380/723 854/1381/724
f 848/1373/717 845/1382/717 846/1383/725
f 846/1383/725 828/1371/715 848/1373/717
f 850/1374/718 852/1384/726 828/1371/715
f 828/1371/715 854/1381/724 840/1376/720
f 828/1371/715 846/1383/725 851/1378/722
f 828/1371/715 852/1384/726 853/1380/723
o Icosphere.007_cell.024_Icosphere.007_cell.023
v -0.029439 0.156474 -0.072253
v 0.011066 0.068643 -0.043630
v -0.041615 0.074069 -0.058030
v 0.015436 0.072727 -0.047556
v -0.076447 0.124003 -0.060539
v -0.038142 0.151507 -0.043709
v 0.002388 0.153773 -0.031146
v -0.018815 0.152562 -0.037541
v 0.039640 0.123362 -0.066820
v 0.039082 0.120152 -0.075257
v 0.035659 0.114237 -0.083934
v -0.023616 0.125073 -0.104841
v -0.067618 0.100762 -0.088529
v -0.044099 0.113582 -0.097401
v -0.018815 0.152562 -0.037541
v 0.002388 0.153773 -0.031146
v -0.038142 0.151507 -0.043709
v 0.039082 0.120152 -0.075257
v 0.035659 0.114237 -0.083934
v -0.023616 0.125073 -0.104841
v -0.044099 0.113582 -0.097401
v -0.067618 0.100762 -0.088529
v -0.076447 0.124003 -0.060539
v 0.039640 0.123362 -0.066820
vt 0.000000 0.000000
vt 1.000000 0.000000
vt 1.000000 1.000000
vt 1.000000 0.000000
vt 0.856449 0.287755
vt 0.688789 0.000000
vt 0.354107 0.354107
vt 1.000000 0.234090
vt 0.378576 0.002237
vt 0.234090 0.234090
vt 0.000000 0.000000
vt 0.583856 0.146048
vt 0.378581 0.378581
vt 0.615691 0.615691
vt 0.396798 0.000000
vt 0.590881 0.590881
vt 1.000000 0.000000
vt 1.000000 0.615691
vt 0.779132 0.133970
vt 0.628299 0.000000
vt 0.603202 0.000000
vt 1.000000 0.354107
vt 0.000000 0.000000
vt 0.590881 0.000000
vt 1.000000 0.311211
vt 0.432324 0.724786
vt 0.399263 0.715835
vt 0.431013 0.636567
vt 0.421152 0.760510
vt 0.314138 0.730394
vt 0.306487 0.714023
vt 0.363593 0.660253
vt 0.303536 0.698982
vt 0.379694 0.630477
vt 0.403408 0.802094
vt 0.398516 0.596982
vt 0.430743 0.636236
vn 0.1035 -0.7447 -0.6593
vn 0.1263 -0.6879 -0.7147
vn 0.1135 -0.6977 -0.7074
vn -0.8076 -0.5531 0.2045
vn -0.2981 -0.1606 0.9409
vn 0.6741 -0.0394 0.7376
vn -0.2759 -0.1669 0.9466
vn 0.9116 -0.4007 0.0921
vn 0.6990 -0.0631 0.7124
vn -0.2921 -0.1612 0.9427
vn 0.8862 -0.4620 -0.0346
vn -0.3478 0.9358 0.0567
vn -0.1404 0.9130 -0.3829
vn -0.5733 0.6502 -0.4985
vn -0.0988 0.9850 0.1412
vn 0.4294 0.8426 -0.3249
vn 0.3899 0.7765 -0.4950
vn -0.1083 0.7061 -0.6997
vn 0.3469 0.7056 -0.6179
vn -0.5409 0.5553 -0.6317
vn 0.2912 0.9426 -0.1635
usemtl Material.001
s off
f 858/1385/727 859/1386/727 860/1387/727
f 860/1388/728 868/1389/728 867/1390/728
f 870/1391/729 859/1386/729 869/1392/729
f 861/1393/730 869/1394/730 859/1395/730
f 859/1395/731 862/1396/731 861/1397/731
f 863/1398/732 858/1385/732 880/1399/732
f 864/1400/733 858/1401/733 863/1402/733
f 860/1388/734 866/1403/734 880/1404/734
f 858/1401/735 860/1387/735 880/1405/735
f 860/1388/728 870/1406/728 868/1389/728
f 870/1391/729 860/1407/729 859/1386/729
f 859/1395/736 864/1408/736 862/1396/736
f 864/1400/733 859/1395/733 858/1401/733
f 860/1388/737 867/1409/737 866/1403/737
s 1
f 873/1410/738 857/1411/739 879/1412/740
f 871/1413/741 857/1411/739 873/1410/738
f 857/1411/739 865/1414/742 874/1415/743
f 876/1416/744 874/1415/743 875/1417/745
f 857/1411/739 876/1416/744 877/1418/746
f 871/1413/741 872/1419/747 857/1411/739
f 857/1411/739 872/1419/747 865/1414/742
f 876/1416/744 857/1411/739 874/1415/743
f 878/1420/746 879/1421/740 877/1418/746
f 879/1421/740 857/1411/739 877/1418/746
o Icosphere.007_cell.025_Icosphere.007_cell.024
v 0.131606 0.004612 0.067888
v 0.027963 -0.030780 0.035456
v 0.054524 0.052998 0.050258
v 0.003907 0.004541 0.015260
v 0.014223 -0.015827 0.024793
v 0.031114 -0.034919 0.027946
v 0.065463 0.023496 -0.006283
v 0.039390 0.032494 0.002697
v 0.046287 0.012969 -0.009461
v 0.007123 0.003876 -0.005971
v 0.014243 -0.016526 0.011634
v 0.009292 -0.006184 0.003455
v 0.004029 0.002919 0.003319
v 0.113384 -0.018332 0.097614
v 0.124961 -0.027599 0.083582
v 0.112753 -0.010248 0.096835
v 0.134521 -0.026880 0.028720
v 0.140731 -0.007374 0.014015
v 0.142220 -0.002614 0.010552
v 0.109964 0.030017 0.092475
v 0.138264 0.036886 0.052163
v 0.125058 0.047444 0.068173
v 0.093903 0.058892 0.078888
v 0.143920 0.009971 0.009671
v 0.128851 -0.045625 0.048293
v 0.132556 -0.034641 0.034613
v 0.138264 0.036886 0.052163
v 0.125058 0.047444 0.068173
v 0.112753 -0.010248 0.096835
v 0.113384 -0.018332 0.097614
v 0.124961 -0.027599 0.083582
v 0.134521 -0.026880 0.028720
v 0.140731 -0.007374 0.014015
v 0.142220 -0.002614 0.010552
v 0.109964 0.030017 0.092475
v 0.093903 0.058892 0.078888
v 0.132556 -0.034641 0.034613
v 0.128851 -0.045625 0.048293
v 0.143920 0.009971 0.009671
vt 0.000000 0.000000
vt 1.000000 0.000000
vt 1.000000 1.000000
vt 0.000000 0.000000
vt 1.000000 0.000000
vt 1.000000 0.000000
vt 1.000000 1.000000
vt 0.000000 0.000000
vt 1.000000 0.000000
vt 1.000000 1.000000
vt 0.000000 0.000000
vt 0.000000 0.000000
vt 1.000000 0.000000
vt 0.000000 0.000000
vt 1.000000 0.000000
vt 1.000000 1.000000
vt 1.000000 0.000000
vt 1.000000 1.000000
vt 0.000000 0.000000
vt 1.000000 0.000000
vt 1.000000 1.000000
vt 1.000000 1.000000
vt 0.000000 0.000000
vt 0.000000 0.000000
vt 1.000000 1.000000
vt 0.000000 0.000000
vt 1.000000 0.382870
vt 0.382870 0.382870
vt 1.000000 0.394273
vt 0.323644 0.000000
vt 1.000000 0.000000
vt 0.680750 0.474996
vt 1.000000 0.431752
vt 1.000000 0.559417
vt 0.000000 0.000000
vt 0.263622 0.000000
vt 0.545020 0.189976
vt 0.364981 0.000000
vt 1.000000 0.000000
vt 0.364981 0.364981
vt 0.434578 0.000000
vt 1.000000 0.504343
vt 0.504343 0.504343
vt 0.517783 0.000000
vt 1.000000 0.000000
vt 0.662444 0.211681
vt 0.516176 0.000000
vt 0.571004 0.571004
vt 0.517783 0.517783
vt 0.394273 0.394273
vt 0.559417 0.559417
vt 1.000000 0.676356
vt 0.263622 0.263622
vt 1.000000 0.571004
vt 1.000000 0.483824
vt 0.883123 0.641492
vt 0.935394 0.606657
vt 0.939702 0.619176
vt 0.852590 0.672686
vt 0.884016 0.707200
vt 0.822044 0.712943
vt 0.942911 0.645191
vt 0.869868 0.583909
vt 0.905053 0.540781
vt 0.849670 0.607899
vt 0.919049 0.576220
vt 0.904072 0.696082
vt 0.913962 0.562694
vt 0.850323 0.594469
vn -0.1862 0.4711 -0.8622
vn -0.1271 0.4915 -0.8615
vn 0.1573 0.8877 -0.4327
vn -0.8177 -0.4776 -0.3215
vn -0.6372 0.7590 -0.1340
vn 0.0322 -0.6465 -0.7622
vn -0.3567 -0.6786 -0.6421
vn -0.6378 0.7600 -0.1247
vn -0.6470 0.7546 -0.1091
vn -0.6076 0.0629 0.7918
vn -0.8597 -0.4987 -0.1103
vn -0.8891 -0.4572 0.0229
vn -0.9002 -0.4327 0.0495
vn -0.7519 -0.6576 0.0469
vn -0.7513 -0.6591 0.0339
vn 0.1905 -0.0512 -0.9803
vn 0.1887 -0.0939 -0.9775
vn 0.0685 -0.6008 -0.7964
vn 0.2444 0.8335 -0.4954
vn 0.1784 0.8861 -0.4278
vn 0.0660 -0.6140 -0.7866
vn 0.0428 -0.7847 -0.6184
vn -0.5921 0.0491 0.8043
vn -0.5913 0.0462 0.8051
vn -0.1848 -0.8833 0.4308
vn -0.1839 -0.8915 0.4141
vn -0.5911 0.0316 0.8060
vn 0.1836 0.8834 -0.4311
vn 0.0522 -0.6388 -0.7676
vn 0.9178 -0.0015 0.3969
vn 0.9672 -0.1579 0.1990
vn 0.9713 -0.1340 0.1967
vn 0.7140 0.2778 0.6427
vn 0.7092 0.2850 0.6449
vn 0.4467 0.5721 0.6878
vn 0.9741 -0.1138 0.1955
vn 0.9212 -0.0004 0.3891
vn 0.9783 -0.1195 0.1689
vn 0.8030 0.1188 0.5840
vn 0.9731 -0.1386 0.1838
vn 0.9130 0.0103 0.4078
usemtl Material.001
s off
f 890/1422/748 888/1423/748 889/1424/748
f 888/1425/749 887/1426/749 889/1424/749
f 888/1425/750 883/1427/750 887/1428/750
f 892/1429/751 893/1430/751 890/1431/751
f 893/1432/752 888/1423/752 890/1431/752
f 886/1433/753 891/1434/753 890/1431/753
f 891/1435/754 892/1436/754 890/1431/754
f 893/1432/755 883/1427/755 888/1437/755
f 893/1432/756 884/1438/756 883/1439/756
f 884/1440/757 885/1441/757 883/1439/757
f 891/1435/758 893/1430/758 892/1442/758
f 891/1435/759 885/1441/759 893/1443/759
f 885/1444/760 884/1438/760 893/1443/760
f 882/1445/761 885/1441/761 886/1446/761
f 885/1444/762 891/1434/762 886/1446/762
f 887/1447/763 919/1448/763 889/1424/763
f 889/1424/764 919/1449/764 899/1450/764
f 889/1424/765 898/1451/765 890/1452/765
f 887/1428/766 907/1453/766 919/1454/766
f 908/1455/767 883/1456/767 903/1457/767
f 890/1452/768 897/1458/768 906/1459/768
f 886/1460/769 906/1461/769 905/1462/769
f 900/1463/770 883/1456/770 885/1441/770
f 900/1464/771 885/1444/771 909/1465/771
f 882/1466/772 895/1467/772 910/1468/772
f 886/1460/773 905/1469/773 882/1445/773
f 882/1466/774 909/1470/774 885/1444/774
f 889/1424/765 899/1471/765 898/1451/765
f 887/1428/775 908/1472/775 907/1453/775
f 908/1455/767 887/1428/767 883/1456/767
f 890/1452/768 898/1473/768 897/1458/768
f 886/1460/776 890/1431/776 906/1461/776
f 900/1463/770 903/1474/770 883/1456/770
f 882/1466/772 905/1475/772 895/1467/772
f 882/1466/774 910/1476/774 909/1470/774
s 1
f 881/1477/777 913/1478/778 914/1479/779
f 915/1480/780 902/1481/781 916/1482/782
f 904/1483/783 881/1477/777 914/1479/779
f 881/1477/777 911/1484/784 918/1485/785
f 881/1477/777 896/1486/786 911/1484/784
f 881/1477/777 912/1487/787 913/1478/778
f 904/1483/783 901/1488/788 881/1477/777
f 918/1485/785 917/1489/785 881/1477/777
f 917/1489/785 912/1487/787 881/1477/777
f 901/1488/788 902/1481/781 881/1477/777
f 902/1481/781 915/1480/780 881/1477/777
f 915/1480/780 896/1486/786 881/1477/777
f 896/1486/786 894/1490/786 911/1484/784
o Icosphere.007_cell.026_Icosphere.007_cell.025
v 0.137536 -0.059449 -0.011787
v 0.032128 -0.047728 0.019322
v 0.034048 -0.043636 0.026825
v 0.045221 0.011074 -0.010711
v 0.040675 0.004640 -0.021394
v 0.031318 -0.037155 0.026847
v 0.013970 -0.017563 0.009233
v 0.010269 -0.009368 0.002530
v 0.007480 0.003912 -0.008332
v 0.012310 -0.017014 -0.022704
v 0.016020 -0.028713 0.003892
v 0.013214 -0.022148 -0.007638
v 0.012089 -0.021353 0.003010
v 0.134630 -0.028059 0.027254
v 0.145716 -0.032496 -0.030160
v 0.142218 -0.004667 0.008934
v 0.127995 -0.060338 0.042843
v 0.129424 -0.086178 0.006432
v 0.103639 -0.098158 -0.022884
v 0.090502 -0.074333 -0.063388
v 0.095996 -0.083449 -0.049504
v 0.099417 -0.089031 -0.040936
v 0.131722 -0.039098 -0.045949
v 0.099416 -0.049115 -0.074345
v 0.104353 -0.047427 -0.070137
v 0.093867 -0.054975 -0.075758
v 0.085036 -0.064568 -0.077783
v 0.129217 -0.049118 0.043703
v 0.145716 -0.032496 -0.030160
v 0.142218 -0.004667 0.008934
v 0.134630 -0.028059 0.027254
v 0.127995 -0.060338 0.042843
v 0.129424 -0.086178 0.006432
v 0.085036 -0.064568 -0.077783
v 0.093867 -0.054975 -0.075758
v 0.099416 -0.049115 -0.074345
v 0.104353 -0.047427 -0.070137
v 0.131722 -0.039098 -0.045949
v 0.099417 -0.089031 -0.040936
v 0.095996 -0.083449 -0.049504
v 0.090502 -0.074333 -0.063388
v 0.129217 -0.049118 0.043703
v 0.103639 -0.098158 -0.022884
vt 0.000000 0.000000
vt 1.000000 0.000000
vt 1.000000 1.000000
vt 0.000000 0.000000
vt 1.000000 0.000000
vt 0.000000 0.000000
vt 1.000000 0.000000
vt 0.000000 0.000000
vt 1.000000 0.000000
vt 0.000000 0.000000
vt 1.000000 0.000000
vt 0.000000 0.000000
vt 1.000000 0.000000
vt 1.000000 0.000000
vt 1.000000 1.000000
vt 0.000000 0.000000
vt 1.000000 1.000000
vt 1.000000 0.000000
vt 0.000000 0.000000
vt 1.000000 1.000000
vt 0.000000 0.000000
vt 1.000000 0.000000
vt 1.000000 0.000000
vt 1.000000 1.000000
vt 0.000000 0.000000
vt 1.000000 0.000000
vt 0.000000 0.000000
vt 1.000000 0.440151
vt 0.440151 0.440151
vt 1.000000 0.433719
vt 0.437373 0.000000
vt 0.433719 0.433719
vt 0.585831 0.585831
vt 1.000000 1.000000
vt 0.437374 0.437374
vt 1.000000 0.389648
vt 0.389648 0.389648
vt 0.575054 0.344180
vt 0.730622 0.424601
vt 1.000000 1.000000
vt 0.601266 0.601266
vt 1.000000 0.382262
vt 0.364686 0.000000
vt 0.604017 0.000000
vt 1.000000 0.574179
vt 1.000000 1.000000
vt 0.734446 0.439462
vt 0.574179 0.574179
vt 0.853726 0.245065
vt 0.583953 0.000000
vt 1.000000 0.395983
vt 0.601266 0.000000
vt 1.000000 0.585831
vt 0.382262 0.382262
vt 0.620259 0.620259
vt 1.000000 0.449014
vt 1.000000 0.371355
vt 0.371355 0.371355
vt 0.920393 0.573777
vt 0.976859 0.551273
vt 0.940673 0.610103
vt 0.936376 0.468197
vt 0.956203 0.508716
vt 0.907214 0.515050
vt 0.139028 0.429332
vt 0.154722 0.460926
vt 0.149490 0.482517
vt 0.907234 0.516048
vt 0.906177 0.537148
vt 0.112920 0.416935
vt 0.124174 0.522304
vt 0.089692 0.508716
vt 0.155807 0.438031
vt 0.153867 0.475068
vt 0.122880 0.421607
vt 0.110349 0.551273
vt 0.069865 0.468197
vt 0.094936 0.413394
vn -0.0815 0.6207 0.7798
vn -0.0697 0.6254 0.7772
vn -0.1940 0.8747 -0.4442
vn -0.3301 0.4815 -0.8119
vn -0.9794 -0.1974 -0.0417
vn -0.9864 -0.1468 0.0738
vn -0.9257 -0.1263 0.3566
vn -0.1491 0.5848 0.7973
vn -0.8296 -0.3291 0.4511
vn -0.8288 -0.3505 0.4362
vn -0.9265 -0.3696 -0.0703
vn -0.7697 -0.6169 -0.1640
vn -0.8347 -0.4005 0.3779
vn -0.8295 -0.3731 0.4157
vn -0.8778 -0.4756 -0.0572
vn -0.1813 -0.0796 0.9802
vn -0.1761 -0.0562 0.9828
vn -0.0580 0.6237 0.7795
vn 0.2136 0.7940 -0.5691
vn -0.0557 0.6268 0.7772
vn 0.2410 0.8007 -0.5484
vn -0.3001 0.4826 -0.8228
vn -0.3188 0.4675 -0.8245
vn -0.6500 -0.7248 -0.2282
vn -0.2712 -0.8142 0.5133
vn -0.2428 -0.8043 0.5423
vn -0.6454 -0.7318 -0.2191
vn -0.6474 -0.7290 -0.2224
vn -0.6521 -0.7191 -0.2402
vn -0.2365 -0.7967 0.5562
vn 0.9731 -0.1388 0.1840
vn 0.9218 -0.3663 -0.1270
vn 0.9672 -0.1579 0.1990
vn 0.9151 -0.3764 -0.1448
vn 0.9211 -0.3648 -0.1361
vn 0.9761 -0.1371 0.1682
vn 0.6576 -0.4835 -0.5777
vn 0.9783 -0.1195 0.1689
vn 0.7073 -0.5070 -0.4925
vn 0.7126 -0.5094 -0.4823
vn 0.7356 -0.5195 -0.4347
usemtl Material.001
s off
f 927/1491/789 925/1492/789 928/1493/789
f 925/1494/790 923/1495/790 928/1493/790
f 923/1496/791 924/1497/791 928/1493/791
f 924/1498/792 929/1499/792 928/1493/792
f 929/1500/793 932/1501/793 928/1493/793
f 932/1502/794 927/1503/794 928/1493/794
f 932/1502/795 926/1504/795 927/1505/795
f 926/1506/796 925/1492/796 927/1505/796
f 926/1506/797 932/1501/797 925/1507/797
f 932/1502/798 922/1508/798 925/1507/798
f 931/1509/799 932/1501/799 929/1510/799
f 930/1511/800 931/1512/800 929/1510/800
f 930/1511/801 921/1513/801 932/1514/801
f 921/1515/802 922/1508/802 932/1514/802
f 931/1509/803 930/1516/803 932/1514/803
f 925/1507/804 922/1517/804 936/1518/804
f 925/1507/805 936/1519/805 947/1520/805
f 933/1521/806 925/1507/806 947/1522/806
f 944/1523/807 924/1497/807 923/1524/807
f 923/1524/808 933/1525/808 935/1526/808
f 935/1527/809 934/1528/809 942/1529/809
f 924/1530/810 943/1531/810 945/1532/810
f 924/1530/811 946/1533/811 929/1499/811
f 929/1510/812 939/1534/812 930/1516/812
f 921/1515/813 962/1535/813 922/1536/813
f 937/1537/814 922/1536/814 962/1538/814
f 921/1513/815 941/1539/815 962/1540/815
f 939/1541/816 921/1515/816 930/1516/816
f 933/1521/806 923/1495/806 925/1507/806
f 944/1523/807 943/1542/807 924/1497/807
f 942/1529/809 944/1543/809 923/1524/809
f 923/1524/809 935/1527/809 942/1529/809
f 924/1530/811 945/1544/811 946/1533/811
f 929/1510/817 946/1545/817 939/1534/817
f 937/1537/818 936/1546/818 922/1536/818
f 921/1513/815 940/1547/815 941/1539/815
f 939/1541/816 940/1548/816 921/1515/816
s 1
f 950/1549/819 948/1550/820 949/1551/821
f 952/1552/822 920/1553/823 951/1554/824
f 960/1555/825 954/1556/825 956/1557/825
f 951/1558/824 950/1549/819 961/1559/826
f 958/1560/827 957/1561/828 920/1562/823
f 950/1549/819 920/1553/823 948/1550/820
f 960/1555/825 953/1563/825 954/1556/825
f 954/1556/825 955/1564/825 956/1557/825
f 956/1557/825 957/1561/828 959/1565/825
f 957/1561/828 958/1560/827 959/1565/825
f 959/1565/825 960/1555/825 956/1557/825
f 951/1558/824 920/1553/823 950/1549/819
f 957/1561/828 948/1566/820 920/1562/823
f 920/1562/823 952/1567/822 938/1568/829
f 938/1568/829 958/1560/827 920/1562/823
o Icosphere.007_cell.027_Icosphere.007_cell.026
v -0.089551 -0.105263 -0.015891
v -0.083922 -0.031383 0.009326
v -0.106204 -0.070630 -0.073018
v -0.069803 -0.013200 -0.035403
v -0.062748 -0.002329 -0.024033
v 0.010110 -0.021859 0.002303
v -0.026730 -0.081770 -0.067107
v 0.006296 -0.030279 -0.030457
v 0.010610 -0.022171 -0.008582
v -0.049000 -0.016293 0.015109
v -0.010968 0.008164 0.004989
v 0.007478 -0.006925 0.001494
v 0.002323 0.002950 0.002064
v -0.017614 -0.040472 -0.054803
v -0.004531 0.008708 -0.021615
v -0.000863 -0.013011 -0.035501
v -0.038642 0.006122 -0.017195
v -0.019627 0.011414 -0.009025
v -0.012647 0.010314 -0.000490
v -0.016086 0.010405 -0.017046
v 0.009031 -0.019294 -0.026869
v 0.004970 0.004220 -0.009352
v -0.000193 0.008345 -0.014330
v -0.080331 -0.102603 0.027060
v -0.057376 -0.119436 0.022946
v -0.059590 -0.125784 -0.014395
v -0.117660 -0.080176 0.017514
v -0.118991 -0.083485 -0.007731
v -0.119441 -0.084791 -0.017383
v -0.107031 -0.086512 0.023674
v -0.103037 -0.088898 0.025957
v -0.075742 -0.092809 -0.076223
v -0.048863 -0.113881 -0.067467
v -0.056468 -0.122423 -0.029554
v -0.054323 -0.106687 -0.077361
v -0.045485 -0.109609 -0.077016
v -0.095839 -0.092563 0.029820
v -0.110292 -0.074436 -0.063215
v -0.059590 -0.125784 -0.014395
v -0.057376 -0.119436 0.022946
v -0.118991 -0.083485 -0.007731
v -0.119441 -0.084791 -0.017383
v -0.103037 -0.088898 0.025957
v -0.107031 -0.086512 0.023674
v -0.117660 -0.080176 0.017514
v -0.048863 -0.113881 -0.067467
v -0.056468 -0.122423 -0.029554
v -0.080331 -0.102603 0.027060
v -0.075742 -0.092809 -0.076223
v -0.054323 -0.106687 -0.077361
v -0.045485 -0.109609 -0.077016
v -0.095839 -0.092563 0.029820
v -0.110292 -0.074436 -0.063215
v -0.106204 -0.070630 -0.073018
vt 0.000000 0.000000
vt 1.000000 0.000000
vt 1.000000 1.000000
vt 0.000000 0.000000
vt 1.000000 0.000000
vt 0.000000 0.000000
vt 1.000000 0.000000
vt 0.000000 0.000000
vt 1.000000 0.000000
vt 0.000000 0.000000
vt 1.000000 0.000000
vt 1.000000 0.000000
vt 1.000000 1.000000
vt 1.000000 0.000000
vt 1.000000 1.000000
vt 0.000000 0.000000
vt 1.000000 0.000000
vt 0.000000 0.000000
vt 1.000000 0.000000
vt 1.000000 0.000000
vt 1.000000 1.000000
vt 0.000000 0.000000
vt 1.000000 0.000000
vt 0.000000 0.000000
vt 1.000000 0.000000
vt 1.000000 0.000000
vt 1.000000 1.000000
vt 0.000000 0.000000
vt 1.000000 1.000000
vt 1.000000 0.000000
vt 0.000000 0.000000
vt 1.000000 0.000000
vt 0.000000 0.000000
vt 1.000000 0.000000
vt 1.000000 0.000000
vt 1.000000 1.000000
vt 0.000000 0.000000
vt 0.000000 0.000000
vt 1.000000 1.000000
vt 1.000000 0.000000
vt 0.000000 0.000000
vt 1.000000 0.000000
vt 0.000000 0.000000
vt 1.000000 0.000000
vt 1.000000 1.000000
vt 1.000000 1.000000
vt 1.000000 1.000000
vt 1.000000 1.000000
vt 1.000000 1.000000
vt 1.000000 0.560871
vt 0.352705 0.352705
vt 0.844787 0.245352
vt 1.000000 0.000000
vt 1.000000 0.387090
vt 0.387090 0.387090
vt 0.000000 0.000000
vt 1.000000 0.380963
vt 0.000000 0.000000
vt 0.000000 0.000000
vt 0.388387 0.323051
vt 0.380963 0.380963
vt 1.000000 0.015128
vt 0.333684 0.333684
vt 0.000000 0.000000
vt 1.000000 0.334975
vt 0.334975 0.334975
vt 0.422337 0.000000
vt 0.422337 0.422337
vt 1.000000 0.241064
vt 0.278200 0.203150
vt 0.000000 0.000000
vt 0.352705 0.000000
vt 0.483054 0.483054
vt 0.421323 0.000000
vt 0.560872 0.560872
vt 0.000000 0.000000
vt 0.557034 0.557034
vt 0.542878 0.436743
vt 1.000000 0.000000
vt 0.578677 0.000000
vt 1.000000 0.293385
vt 0.293385 0.293385
vt 0.333684 0.000000
vt 0.241064 0.241064
vt 1.000000 0.483054
vt 0.745546 0.202623
vt 0.526439 0.159993
vt 0.711338 0.151347
vt 0.530367 0.232144
vt 0.571349 0.242394
vt 0.184925 0.231004
vt 0.178001 0.232534
vt 0.162218 0.217313
vt 0.606789 0.216582
vt 0.574974 0.236470
vt 0.464424 0.234622
vt 0.441540 0.272531
vt 0.561600 0.258067
vt 0.518437 0.222108
vt 0.590634 0.235510
vt 0.693655 0.170176
vt 0.424060 0.282658
vt 0.601425 0.231004
vt 0.648191 0.217313
vn -0.4066 0.8059 0.4303
vn -0.4171 0.7998 0.4318
vn 0.2172 0.0653 0.9739
vn -0.4007 0.8045 0.4384
vn -0.4034 0.8056 0.4339
vn -0.8238 0.5660 -0.0300
vn -0.1158 0.7528 -0.6479
vn -0.0139 0.5619 -0.8271
vn -0.0184 0.5559 -0.8310
vn 0.0681 0.5456 -0.8353
vn 0.6863 0.0888 -0.7219
vn 0.7003 0.0574 -0.7115
vn 0.6992 0.0587 -0.7125
vn 0.9720 -0.2041 -0.1160
vn 0.9769 0.2073 -0.0517
vn 0.9779 0.2086 -0.0117
vn 0.9837 0.1755 0.0402
vn 0.3061 0.1052 0.9462
vn 0.2464 0.0866 0.9653
vn -0.4028 0.8203 0.4060
vn 0.1560 0.9878 -0.0001
vn 0.1458 0.9886 -0.0377
vn 0.1166 0.9905 -0.0732
vn -0.1815 0.9626 -0.2012
vn -0.1589 0.8540 -0.4954
vn -0.1239 0.7862 -0.6055
vn 0.3989 0.8875 0.2308
vn 0.3945 0.8901 0.2284
vn 0.7740 0.4571 -0.4382
vn 0.7320 0.4505 -0.5111
vn 0.7792 0.4554 -0.4307
vn 0.4816 0.8518 0.2064
vn 0.8644 0.4368 0.2490
vn 0.8258 -0.5620 0.0463
vn -0.2964 0.3532 0.8874
vn -0.3004 0.3562 0.8848
vn -0.8245 0.5650 -0.0306
vn -0.8256 0.5630 -0.0376
vn -0.8054 0.5824 -0.1098
vn 0.1018 0.2779 -0.9552
vn 0.1182 0.2609 -0.9581
vn 0.1228 0.2584 -0.9582
vn 0.8226 -0.5674 0.0372
vn 0.2114 0.0583 0.9757
vn 0.8266 -0.5602 0.0540
vn 0.2165 0.0565 0.9747
vn 0.8271 -0.5601 0.0462
vn 0.8258 -0.5621 0.0455
vn 0.8257 -0.5623 0.0456
vn 0.2161 0.0565 0.9747
vn -0.5625 -0.8089 0.1708
vn -0.5571 -0.8278 -0.0664
vn -0.5620 -0.8249 -0.0599
vn -0.5644 -0.8141 0.1365
vn -0.4556 -0.8205 -0.3452
vn -0.2606 -0.8435 -0.4696
vn -0.4714 -0.8164 -0.3335
vn -0.5392 -0.8254 0.1669
vn -0.5401 -0.8282 0.1498
vn -0.5341 -0.7885 -0.3048
vn -0.5404 -0.7586 -0.3639
vn -0.5607 -0.8244 -0.0771
vn -0.5156 -0.8412 0.1628
vn -0.5317 -0.7971 -0.2862
vn -0.5459 -0.6787 -0.4912
usemtl Material.001
s off
f 980/1569/830 967/1570/830 972/1571/830
f 967/1572/831 964/1573/831 972/1571/831
f 968/1574/832 973/1575/832 972/1571/832
f 973/1576/833 981/1577/833 972/1571/833
f 981/1578/834 980/1579/834 972/1571/834
f 967/1572/835 966/1580/835 964/1581/835
f 967/1572/836 977/1582/836 966/1583/836
f 977/1584/837 976/1585/837 966/1583/837
f 976/1586/838 1016/1587/838 966/1583/838
f 977/1584/839 978/1588/839 976/1589/839
f 978/1590/840 983/1591/840 976/1589/840
f 983/1592/841 969/1593/841 976/1589/841
f 983/1592/842 970/1594/842 969/1595/842
f 970/1596/843 983/1591/843 971/1597/843
f 983/1592/844 984/1598/844 971/1597/844
f 984/1599/845 974/1600/845 971/1597/845
f 974/1601/846 968/1602/846 971/1597/846
f 974/1601/847 975/1603/847 968/1604/847
f 975/1605/848 973/1575/848 968/1604/848
f 979/1606/849 967/1570/849 980/1607/849
f 981/1578/850 985/1608/850 980/1607/850
f 985/1609/851 977/1582/851 980/1607/851
f 977/1584/852 982/1610/852 980/1607/852
f 982/1611/853 979/1612/853 980/1607/853
f 979/1606/854 982/1610/854 967/1613/854
f 982/1611/855 977/1582/855 967/1613/855
f 975/1605/856 985/1608/856 973/1614/856
f 985/1609/857 981/1577/857 973/1614/857
f 985/1609/858 983/1591/858 977/1615/858
f 983/1592/859 978/1588/859 977/1615/859
f 985/1609/860 984/1598/860 983/1616/860
f 985/1609/861 975/1603/861 984/1617/861
f 975/1605/862 974/1600/862 984/1617/862
f 970/1596/863 987/1618/863 1009/1619/863
f 993/1620/864 972/1621/864 992/1622/864
f 964/1573/865 992/1623/865 972/1624/865
f 990/1625/866 964/1626/866 966/1580/866
f 966/1627/867 991/1628/867 990/1629/867
f 966/1627/868 1016/1630/868 1015/1631/868
f 1016/1632/869 976/1585/869 1011/1633/869
f 1011/1634/870 976/1586/870 997/1635/870
f 997/1636/871 969/1593/871 998/1637/871
f 1008/1638/872 969/1639/872 1009/1640/872
f 986/1641/873 972/1624/873 999/1642/873
f 968/1602/874 987/1643/874 971/1644/874
f 972/1621/875 987/1645/875 968/1574/875
f 988/1646/876 1009/1619/876 987/1618/876
f 1009/1619/877 969/1595/877 970/1596/877
f 970/1596/878 971/1647/878 987/1618/878
f 993/1620/864 999/1648/864 972/1621/864
f 964/1573/865 989/1649/865 992/1623/865
f 990/1625/866 989/1650/866 964/1626/866
f 966/1627/867 1015/1651/867 991/1628/867
f 997/1636/871 976/1586/871 969/1593/871
f 1008/1638/872 998/1652/872 969/1639/872
f 972/1621/879 986/1653/879 987/1645/879
s 1
f 1002/1654/880 963/1655/881 1001/1656/882
f 1003/1657/883 963/1655/881 1006/1658/883
f 1012/1659/884 1013/1660/885 995/1661/886
f 1010/1662/887 1005/1663/888 963/1655/881
f 994/1664/889 963/1655/881 1000/1665/890
f 1002/1654/880 1010/1662/887 963/1655/881
f 1007/1666/883 1003/1657/883 1006/1658/883
f 1003/1657/883 1004/1667/891 963/1655/881
f 1006/1658/883 963/1655/881 1005/1663/888
f 1010/1662/887 1014/1668/892 1005/1663/888
f 1001/1656/882 963/1655/881 996/1669/893
f 963/1655/881 1004/1667/891 1000/1665/890
f 996/1669/893 963/1655/881 994/1664/889
f 1000/1665/890 965/1670/894 994/1664/889
f 994/1664/889 1012/1671/884 995/1672/886
f 995/1672/886 996/1669/893 994/1664/889
o Icosphere.007_cell.028_Icosphere.007_cell.027
v -0.070820 -0.099858 0.071369
v -0.052385 -0.017072 0.082109
v -0.047786 -0.016245 0.016401
v -0.040974 -0.002739 0.051694
v 0.009476 -0.019039 0.038159
v -0.000616 -0.039510 0.007677
v 0.010620 -0.021093 0.004507
v 0.012203 -0.015918 0.025310
v 0.012776 -0.016691 0.010173
v -0.015142 0.008674 0.046599
v -0.008616 0.006880 0.041932
v -0.010373 0.008291 0.006716
v 0.008078 -0.008946 0.003673
v 0.002017 0.003030 0.004347
v -0.018793 0.009689 0.038355
v -0.012040 0.009241 0.016371
v 0.001331 0.004106 0.015390
v -0.001331 0.006393 0.020987
v -0.086623 -0.073272 0.091299
v -0.074696 -0.051804 0.110656
v -0.061525 -0.074316 0.109637
v -0.068394 -0.062368 0.110269
v -0.078366 -0.103688 0.028391
v -0.051712 -0.122193 0.028538
v -0.060274 -0.116942 0.025209
v -0.044872 -0.106908 0.083079
v -0.048350 -0.113422 0.072455
v -0.040504 -0.098025 0.097276
v -0.043102 -0.103516 0.088579
v -0.094899 -0.092822 0.031457
v -0.093259 -0.086050 0.070603
v -0.054127 -0.081385 0.106834
v -0.074696 -0.051804 0.110656
v -0.086623 -0.073272 0.091299
v -0.068394 -0.062368 0.110269
v -0.078366 -0.103688 0.028391
v -0.060274 -0.116942 0.025209
v -0.061525 -0.074316 0.109637
v -0.051712 -0.122193 0.028538
v -0.048350 -0.113422 0.072455
v -0.044872 -0.106908 0.083079
v -0.043102 -0.103516 0.088579
v -0.040504 -0.098025 0.097276
v -0.054127 -0.081385 0.106834
v -0.093259 -0.086050 0.070603
v -0.094899 -0.092822 0.031457
vt 0.000000 0.000000
vt 1.000000 0.000000
vt 1.000000 1.000000
vt 0.000000 0.000000
vt 1.000000 0.000000
vt 0.000000 0.000000
vt 1.000000 0.000000
vt 0.000000 0.000000
vt 1.000000 0.000000
vt 0.000000 0.000000
vt 1.000000 1.000000
vt 1.000000 0.000000
vt 0.000000 0.000000
vt 1.000000 0.000000
vt 0.000000 0.000000
vt 1.000000 0.000000
vt 1.000000 1.000000
vt 0.000000 0.000000
vt 0.000000 0.000000
vt 1.000000 0.000000
vt 1.000000 1.000000
vt 0.000000 0.000000
vt 1.000000 0.000000
vt 1.000000 1.000000
vt 0.000000 0.000000
vt 1.000000 0.000000
vt 1.000000 0.000000
vt 1.000000 1.000000
vt 0.000000 0.000000
vt 1.000000 0.000000
vt 1.000000 1.000000
vt 0.000000 0.000000
vt 1.000000 0.000000
vt 1.000000 1.000000
vt 0.000000 0.000000
vt 1.000000 0.000000
vt 1.000000 1.000000
vt 0.000000 0.000000
vt 1.000000 0.000000
vt 1.000000 1.000000
vt 1.000000 0.632116
vt 1.000000 0.563511
vt 0.633717 0.633717
vt 0.790150 0.596828
vt 1.000000 0.000000
vt 0.563511 0.563511
vt 0.570954 0.000000
vt 1.000000 1.000000
vt 0.792503 0.680314
vt 1.000000 0.792473
vt 1.000000 0.617554
vt 0.573699 0.000000
vt 1.000000 1.000000
vt 0.565582 0.523357
vt 1.000000 0.577364
vt 0.868790 0.336666
vt 0.475151 0.000000
vt 0.000000 0.000000
vt 1.000000 0.466833
vt 0.426190 0.426190
vt 0.466833 0.466833
vt 0.451795 0.451795
vt 1.000000 0.426301
vt 0.507601 0.507601
vt 0.524849 0.000000
vt 0.207527 0.000000
vt 0.617554 0.617554
vt 0.422636 0.000000
vt 1.000000 0.516746
vt 1.000000 0.426190
vt 1.000000 0.451795
vt 0.660912 0.346841
vt 0.681723 0.388210
vt 0.673621 0.401514
vt 0.750790 0.204818
vt 0.689678 0.274959
vt 0.619597 0.217734
vt 0.787501 0.214518
vt 0.728283 0.273901
vt 0.594474 0.237108
vt 0.658103 0.294710
vt 0.701957 0.357527
vt 0.690583 0.372873
vt 0.609826 0.218721
vt 0.728420 0.296556
vt 0.728437 0.308290
vt 0.727958 0.334809
vn -0.3457 0.9004 0.2641
vn 0.1879 0.9815 0.0377
vn -0.4943 0.8527 -0.1692
vn -0.5628 0.8055 -0.1854
vn -0.3369 0.8942 0.2950
vn -0.5726 0.7965 -0.1943
vn -0.8314 0.5532 -0.0512
vn 0.3236 0.9418 0.0906
vn 0.2395 0.9700 0.0428
vn 0.6077 0.3183 0.7275
vn 0.2755 0.9601 -0.0469
vn -0.2081 -0.0503 -0.9768
vn -0.2146 -0.0576 -0.9750
vn 0.3702 0.9222 -0.1119
vn 0.8029 0.5174 0.2960
vn 0.8005 0.5371 0.2659
vn 0.8265 0.5352 0.1744
vn 0.6010 0.7982 -0.0404
vn 0.8769 0.4806 0.0077
vn 0.8856 0.4538 -0.0993
vn 0.8784 0.1527 -0.4529
vn -0.1247 -0.0939 -0.9877
vn 0.8649 -0.4986 0.0582
vn 0.8770 0.4804 0.0087
vn 0.5441 0.2958 0.7851
vn 0.5647 0.2836 0.7750
vn 0.6682 0.1259 0.7332
vn -0.8563 0.5146 -0.0431
vn -0.8551 0.5156 -0.0534
vn -0.2145 -0.0587 -0.9750
vn -0.2183 -0.0572 -0.9742
vn 0.8543 -0.5183 0.0381
vn 0.8561 -0.5151 0.0421
vn 0.8628 -0.5020 0.0592
vn 0.8636 -0.5003 0.0617
vn -0.1921 -0.0735 -0.9786
vn 0.1578 -0.3321 -0.9299
vn 0.5600 0.2793 0.7800
vn 0.5709 0.2712 0.7749
vn -0.4834 -0.6110 0.6268
vn -0.5598 -0.3613 0.7457
vn -0.5625 -0.8089 0.1708
vn -0.4973 -0.7786 0.3826
vn -0.5421 -0.8232 0.1686
vn -0.5485 -0.8163 0.1809
vn -0.4885 -0.7776 0.3959
vn -0.5202 -0.8377 0.1662
vn -0.4941 -0.7820 0.3799
vn -0.4448 -0.6913 0.5694
vn -0.4956 -0.5814 0.6452
usemtl Material.001
s off
f 1020/1673/895 1026/1674/895 1031/1675/895
f 1026/1676/896 1032/1677/896 1031/1675/896
f 1032/1678/897 1028/1679/897 1031/1675/897
f 1028/1680/898 1020/1681/898 1031/1675/898
f 1018/1682/899 1026/1674/899 1020/1683/899
f 1028/1680/900 1019/1684/900 1020/1683/900
f 1019/1685/901 1018/1686/901 1020/1683/901
f 1027/1687/902 1034/1688/902 1026/1689/902
f 1034/1690/903 1032/1677/903 1026/1689/903
f 1021/1691/904 1027/1692/904 1026/1689/904
f 1034/1690/905 1028/1679/905 1032/1693/905
f 1030/1694/906 1029/1695/906 1028/1696/906
f 1029/1697/907 1019/1684/907 1028/1696/907
f 1034/1690/908 1030/1698/908 1028/1696/908
f 1021/1691/909 1024/1699/909 1027/1700/909
f 1024/1701/910 1034/1688/910 1027/1700/910
f 1024/1701/911 1033/1702/911 1034/1703/911
f 1033/1704/912 1030/1698/912 1034/1703/912
f 1033/1704/913 1025/1705/913 1030/1706/913
f 1025/1707/914 1029/1695/914 1030/1706/914
f 1025/1707/915 1023/1708/915 1029/1709/915
f 1023/1710/916 1022/1711/916 1029/1709/916
f 1023/1710/917 1025/1705/917 1024/1712/917
f 1025/1707/918 1033/1702/918 1024/1712/918
f 1018/1682/919 1038/1713/919 1026/1689/919
f 1060/1714/920 1038/1715/920 1037/1716/920
f 1021/1717/921 1060/1718/921 1059/1719/921
f 1018/1720/922 1035/1721/922 1036/1722/922
f 1019/1685/923 1061/1723/923 1018/1720/923
f 1041/1724/924 1019/1725/924 1029/1697/924
f 1039/1726/925 1062/1727/925 1019/1725/925
f 1022/1711/926 1043/1728/926 1040/1729/926
f 1022/1730/927 1058/1731/927 1057/1732/927
f 1024/1699/928 1058/1733/928 1023/1710/928
f 1021/1717/929 1059/1734/929 1024/1701/929
f 1022/1730/930 1041/1735/930 1029/1709/930
f 1041/1736/931 1022/1730/931 1040/1737/931
f 1018/1682/919 1036/1738/919 1038/1713/919
f 1060/1714/932 1026/1689/932 1038/1715/932
f 1021/1717/933 1026/1689/933 1060/1718/933
f 1018/1720/922 1061/1739/922 1035/1721/922
f 1019/1685/923 1062/1740/923 1061/1723/923
f 1041/1724/924 1039/1741/924 1019/1725/924
f 1022/1711/926 1057/1742/926 1043/1728/926
f 1022/1730/927 1023/1708/927 1058/1731/927
f 1024/1699/928 1059/1743/928 1058/1733/928
s 1
f 1050/1744/934 1051/1745/935 1049/1746/935
f 1053/1747/936 1017/1748/937 1052/1749/938
f 1055/1750/939 1056/1751/940 1017/1748/937
f 1046/1752/941 1017/1748/937 1047/1753/942
f 1017/1748/937 1048/1754/943 1050/1744/934
f 1050/1744/934 1054/1755/944 1051/1745/935
f 1053/1747/936 1055/1750/939 1017/1748/937
f 1046/1752/941 1052/1756/938 1017/1748/937
f 1050/1744/934 1047/1753/942 1017/1748/937
f 1017/1748/937 1056/1751/940 1042/1757/943
f 1042/1757/943 1045/1758/943 1017/1748/937
f 1045/1758/943 1044/1759/943 1048/1754/943
f 1017/1748/937 1045/1758/943 1048/1754/943
f 1048/1754/943 1054/1755/944 1050/1744/934
o Icosphere.007_cell.029_Icosphere.007_cell.028
v -0.017463 -0.039469 -0.055909
v -0.070843 -0.013726 -0.037373
v -0.005066 0.007813 -0.023711
v -0.004975 0.009621 -0.029163
v -0.001146 -0.012199 -0.037744
v -0.064501 -0.041035 -0.137435
v -0.044636 0.015704 -0.137805
v -0.083449 -0.049058 -0.132890
v -0.121087 -0.044224 -0.074341
v -0.126579 -0.027693 -0.072242
v -0.099144 -0.007169 -0.124712
v -0.121323 -0.023596 -0.082361
v -0.034849 0.019326 -0.137636
v -0.002900 -0.000279 -0.136627
v -0.009198 -0.018004 -0.136513
v -0.002916 -0.006907 -0.136531
v -0.108297 -0.067841 -0.085289
v -0.109617 -0.070003 -0.076815
v -0.108297 -0.067841 -0.085289
v -0.109617 -0.070003 -0.076815
v -0.121087 -0.044224 -0.074341
v -0.002900 -0.000279 -0.136627
v -0.002916 -0.006907 -0.136531
v -0.064501 -0.041035 -0.137435
v -0.083449 -0.049058 -0.132890
v -0.009198 -0.018004 -0.136513
v -0.126579 -0.027693 -0.072242
v -0.121323 -0.023596 -0.082361
v -0.099144 -0.007169 -0.124712
v -0.044636 0.015704 -0.137805
v -0.034849 0.019326 -0.137636
vt 0.000000 0.000000
vt 1.000000 0.000000
vt 1.000000 1.000000
vt 0.000000 0.000000
vt 1.000000 0.000000
vt 0.000000 0.000000
vt 1.000000 1.000000
vt 1.000000 1.000000
vt 0.091962 0.035458
vt 0.551826 0.485837
vt 0.654539 0.654539
vt 0.000000 0.000000
vt 1.000000 0.000000
vt 1.000000 0.804761
vt 0.318164 0.000000
vt 1.000000 0.000000
vt 0.804761 0.804761
vt 0.603892 0.377489
vt 0.406326 0.000000
vt 1.000000 0.000000
vt 0.406326 0.406326
vt 0.571630 0.000000
vt 0.571630 0.571630
vt 1.000000 0.613852
vt 1.000000 1.000000
vt 1.000000 0.000000
vt 0.613852 0.613852
vt 0.511937 0.368599
vt 1.000000 0.391057
vt 0.030615 0.000000
vt 1.000000 0.607137
vt 1.000000 0.790705
vt 1.000000 0.681836
vt 0.943144 0.650878
vt 0.366852 0.396228
vt 0.322149 0.366611
vt 0.337708 0.340050
vt 0.284395 0.468463
vt 0.282248 0.458202
vt 0.284490 0.430892
vt 0.404063 0.301646
vt 0.431524 0.328648
vt 0.426291 0.361730
vt 0.324188 0.466882
vt 0.317261 0.478651
vt 0.416060 0.299993
vt 0.440433 0.353227
vn 0.9869 0.1474 0.0654
vn 0.0363 -0.5690 0.8216
vn -0.3516 0.8903 0.2894
vn 0.3464 -0.9202 -0.1822
vn 0.8694 -0.4923 -0.0419
vn 0.5234 0.8494 -0.0681
vn 0.9852 0.1716 0.0032
vn 0.0138 -0.5653 0.8248
vn -0.3443 0.9220 0.1773
vn -0.3490 0.9176 0.1903
vn -0.4639 -0.2616 0.8464
vn -0.4516 -0.2821 0.8465
vn 0.3459 -0.9203 -0.1826
vn 0.3794 -0.9030 -0.2016
vn 0.3461 -0.9206 -0.1810
vn 0.9998 -0.0028 -0.0181
vn 0.0057 -0.5765 0.8171
vn -0.5957 -0.0669 -0.8004
vn -0.1911 0.0605 -0.9797
vn 0.0227 -0.0145 -0.9996
vn -0.8701 -0.2846 -0.4024
vn -0.8408 -0.2277 -0.4911
vn -0.8302 -0.2102 -0.5163
vn -0.0574 0.0136 -0.9982
vn -0.8961 -0.3761 -0.2356
usemtl Material.001
s off
f 1066/1760/945 1065/1761/945 1067/1762/945
f 1065/1763/946 1063/1764/946 1067/1762/946
f 1064/1765/947 1065/1761/947 1066/1766/947
f 1063/1767/948 1081/1768/948 1068/1769/948
f 1063/1764/949 1078/1770/949 1067/1771/949
f 1066/1772/950 1076/1773/950 1075/1774/950
f 1067/1775/951 1076/1776/951 1066/1760/951
f 1064/1765/952 1063/1767/952 1065/1763/952
f 1091/1777/953 1090/1778/953 1066/1772/953
f 1064/1779/954 1090/1780/954 1089/1781/954
f 1089/1782/955 1083/1783/955 1064/1784/955
f 1082/1785/956 1064/1784/956 1083/1786/956
f 1087/1787/957 1068/1769/957 1081/1768/957
f 1068/1769/958 1088/1788/958 1063/1767/958
f 1063/1767/959 1082/1789/959 1081/1768/959
f 1063/1764/949 1088/1790/949 1078/1770/949
f 1067/1775/960 1078/1791/960 1076/1776/960
f 1064/1765/961 1082/1785/961 1063/1767/961
f 1075/1792/953 1069/1793/953 1066/1772/953
f 1069/1793/953 1091/1777/953 1066/1772/953
f 1064/1779/954 1066/1766/954 1090/1780/954
s 1
f 1073/1794/962 1086/1795/963 1070/1796/962
f 1084/1797/964 1085/1798/964 1077/1799/964
f 1079/1800/965 1071/1801/966 1074/1802/967
f 1073/1794/962 1092/1803/968 1086/1795/963
f 1077/1799/964 1086/1795/963 1092/1803/968
f 1092/1803/968 1093/1804/964 1077/1799/964
f 1093/1804/964 1084/1797/964 1077/1799/964
f 1073/1794/962 1070/1796/962 1074/1802/967
f 1070/1796/962 1079/1800/965 1074/1802/967
f 1079/1800/965 1080/1805/969 1071/1801/966
f 1071/1801/966 1072/1806/967 1074/1802/967
o Icosphere.007_cell.030_Icosphere.007_cell.029
v -0.047216 0.146329 -0.013951
v 0.009845 0.066470 -0.042358
v -0.040392 0.072407 -0.056233
v -0.016866 0.017320 0.004703
v -0.033816 0.027465 0.001535
v 0.007490 0.034561 -0.021649
v -0.013210 0.012524 -0.000297
v 0.000101 0.009842 -0.014758
v 0.009603 0.057575 -0.038817
v -0.017547 0.025204 -0.031333
v -0.014698 0.012523 -0.017076
v -0.019509 0.012829 -0.008625
v -0.000993 0.015795 -0.022772
v -0.004278 0.010528 -0.020361
v -0.083326 0.120073 -0.038116
v -0.076670 0.123933 -0.058364
v -0.061112 0.135090 -0.051896
v -0.038567 0.151265 -0.042317
v -0.014832 0.143448 0.015074
v -0.023710 0.141499 0.024456
v -0.029685 0.141461 0.022706
v -0.055890 0.141380 0.014494
v -0.003874 0.149312 -0.004423
v 0.001364 0.153493 -0.029906
v -0.094055 0.113978 -0.002224
v -0.092645 0.114761 -0.007384
v -0.008795 0.145670 0.008656
v -0.076670 0.123933 -0.058364
v -0.083326 0.120073 -0.038116
v -0.014832 0.143448 0.015074
v -0.008795 0.145670 0.008656
v -0.038567 0.151265 -0.042317
v -0.061112 0.135090 -0.051896
v -0.029685 0.141461 0.022706
v -0.023710 0.141499 0.024456
v -0.055890 0.141380 0.014494
v -0.003874 0.149312 -0.004423
v 0.001364 0.153493 -0.029906
v -0.092645 0.114761 -0.007384
v -0.094055 0.113978 -0.002224
vt 0.000000 0.000000
vt 1.000000 0.000000
vt 1.000000 1.000000
vt 0.000000 0.000000
vt 1.000000 0.000000
vt 1.000000 0.000000
vt 1.000000 1.000000
vt 0.000000 0.000000
vt 1.000000 0.000000
vt 0.000000 0.000000
vt 1.000000 0.000000
vt 0.000000 0.000000
vt 1.000000 0.000000
vt 1.000000 1.000000
vt 0.000000 0.000000
vt 1.000000 1.000000
vt 0.000000 0.000000
vt 1.000000 0.000000
vt 0.000000 0.000000
vt 0.000000 0.000000
vt 1.000000 0.000000
vt 1.000000 1.000000
vt 1.000000 0.000000
vt 1.000000 1.000000
vt 0.000000 0.000000
vt 1.000000 0.000000
vt 1.000000 1.000000
vt 1.000000 0.000000
vt 0.346362 0.000000
vt 1.000000 0.000000
vt 1.000000 0.508372
vt 0.000000 0.000000
vt 0.385558 0.000000
vt 0.692885 0.393299
vt 1.000000 0.378214
vt 0.555042 0.000000
vt 1.000000 0.614442
vt 0.555042 0.555042
vt 0.525160 0.000000
vt 1.000000 1.000000
vt 0.308998 0.000000
vt 0.308998 0.308998
vt 0.331624 0.000000
vt 0.000000 0.000000
vt 1.000000 0.474840
vt 0.634856 0.199315
vt 0.635352 0.000000
vt 0.952166 0.619073
vt 0.344934 0.000000
vt 1.000000 0.655066
vt 0.635352 0.635352
vt 0.378214 0.378214
vt 0.573481 0.241207
vt 0.508372 0.508372
vt 0.482072 0.000000
vt 0.482072 0.482072
vt 0.466791 0.734118
vt 0.526770 0.772055
vt 0.522264 0.796980
vt 0.433937 0.725223
vt 0.437885 0.810789
vt 0.410555 0.798763
vt 0.473756 0.809966
vt 0.518681 0.797996
vt 0.433344 0.673398
vt 0.456732 0.643188
vt 0.503723 0.724037
vt 0.531849 0.782981
vt 0.495617 0.637134
vt 0.502240 0.635664
vt 0.433082 0.637762
vn 0.2072 -0.3667 -0.9070
vn 0.9821 0.0460 0.1826
vn 0.8528 -0.3603 -0.3780
vn 0.8481 -0.3632 -0.3857
vn 0.2317 -0.3994 -0.8870
vn 0.2023 -0.3785 -0.9032
vn -0.7466 -0.5549 -0.3669
vn -0.1310 -0.9894 0.0629
vn -0.1514 -0.9885 -0.0026
vn 0.5866 -0.6097 -0.5331
vn 0.7085 -0.1731 0.6842
vn 0.1623 -0.4925 -0.8550
vn -0.3274 -0.7376 -0.5906
vn -0.7104 -0.5904 -0.3831
vn -0.5182 -0.7741 0.3636
vn -0.5275 -0.7679 0.3634
vn -0.2135 -0.9731 -0.0863
vn 0.9696 0.0789 0.2318
vn 0.2802 0.1581 -0.9468
vn 0.2845 0.1629 -0.9447
vn -0.7579 -0.5482 -0.3536
vn -0.7694 -0.5481 -0.3281
vn 0.7767 -0.0573 0.6273
vn 0.7383 -0.0671 0.6712
vn -0.7777 -0.5544 -0.2965
vn -0.2945 -0.1642 0.9414
vn 0.7317 -0.0676 0.6783
vn -0.2762 -0.1658 0.9467
vn 0.9753 0.0648 0.2111
vn 0.9364 -0.0056 0.3508
vn 0.7391 -0.0671 0.6702
vn -0.3424 0.9371 0.0668
vn -0.0519 0.9864 0.1558
vn -0.0844 0.9779 0.1912
vn -0.3482 0.9357 0.0566
vn -0.1072 0.9775 0.1815
vn -0.0988 0.9850 0.1412
vn -0.1162 0.9673 0.2257
vn -0.5735 0.8185 -0.0324
vn -0.3255 0.9433 0.0649
usemtl Material.001
s off
f 1102/1807/970 1096/1808/970 1095/1809/970
f 1099/1810/971 1102/1811/971 1095/1809/971
f 1099/1810/972 1101/1812/972 1102/1813/972
f 1101/1814/973 1106/1815/973 1102/1813/973
f 1106/1816/974 1103/1817/974 1102/1813/974
f 1103/1818/975 1096/1808/975 1102/1813/975
f 1103/1818/976 1105/1819/976 1096/1820/976
f 1100/1821/977 1105/1819/977 1101/1822/977
f 1105/1823/978 1107/1824/978 1101/1822/978
f 1107/1825/979 1106/1815/979 1101/1822/979
f 1097/1826/980 1100/1827/980 1101/1822/980
f 1107/1825/981 1103/1817/981 1106/1828/981
f 1107/1825/982 1104/1829/982 1103/1830/982
f 1104/1831/983 1105/1819/983 1103/1830/983
f 1100/1821/984 1097/1832/984 1105/1833/984
f 1097/1826/985 1098/1834/985 1105/1833/985
f 1104/1831/986 1107/1824/986 1105/1833/986
f 1120/1835/987 1099/1836/987 1095/1809/987
f 1126/1837/988 1096/1838/988 1121/1839/988
f 1095/1809/989 1111/1840/989 1117/1841/989
f 1096/1820/990 1122/1842/990 1121/1843/990
f 1122/1844/991 1105/1823/991 1132/1845/991
f 1101/1812/992 1099/1846/992 1120/1847/992
f 1097/1832/993 1120/1848/993 1112/1849/993
f 1098/1850/994 1132/1851/994 1105/1833/994
f 1115/1852/995 1098/1850/995 1114/1853/995
f 1097/1832/996 1112/1854/996 1113/1855/996
f 1098/1850/997 1113/1856/997 1114/1857/997
f 1117/1858/998 1130/1859/998 1095/1809/998
f 1130/1859/999 1120/1835/999 1095/1809/999
f 1126/1837/988 1095/1809/988 1096/1838/988
f 1095/1809/989 1126/1860/989 1111/1840/989
f 1096/1820/990 1105/1823/990 1122/1842/990
f 1097/1832/1000 1101/1822/1000 1120/1848/1000
f 1098/1850/994 1133/1861/994 1132/1851/994
f 1115/1852/995 1133/1862/995 1098/1850/995
f 1098/1850/997 1097/1832/997 1113/1856/997
s 1
f 1094/1863/1001 1127/1864/1002 1123/1865/1003
f 1125/1866/1004 1116/1867/1005 1131/1868/1006
f 1124/1869/1007 1094/1863/1001 1123/1870/1003
f 1094/1863/1001 1110/1871/1008 1108/1872/1008
f 1129/1873/1009 1127/1864/1002 1094/1863/1001
f 1127/1864/1002 1128/1874/1002 1123/1865/1003
f 1125/1866/1004 1094/1863/1001 1116/1867/1005
f 1124/1869/1007 1116/1867/1005 1094/1863/1001
f 1108/1872/1008 1119/1875/1008 1094/1863/1001
f 1119/1875/1008 1118/1876/1008 1129/1873/1009
f 1094/1863/1001 1119/1875/1008 1129/1873/1009
f 1094/1863/1001 1125/1866/1004 1110/1871/1008
f 1110/1871/1008 1109/1877/1008 1108/1872/1008
o Icosphere.007_cell.031_Icosphere.007_cell.030
v 0.018656 0.140468 0.045088
v -0.015311 0.016032 0.014404
v -0.000395 0.008226 0.021173
v -0.011120 0.011665 0.015837
v 0.009004 0.033966 -0.019194
v 0.042824 0.040890 0.002060
v -0.016009 0.016641 0.006285
v 0.001637 0.009249 -0.014037
v -0.012027 0.011405 0.000675
v 0.038705 0.034794 0.002659
v 0.054029 0.055458 0.050956
v 0.002234 0.006028 0.016085
v 0.005758 0.006111 -0.007134
v 0.002686 0.005063 0.003102
v -0.009687 0.009479 0.006336
v 0.007824 0.134777 0.063907
v 0.032938 0.114183 0.072492
v 0.080710 0.104508 0.043234
v 0.077572 0.096926 0.057855
v -0.022563 0.141315 0.026003
v -0.013769 0.143353 0.016027
v 0.065141 0.078974 0.080864
v 0.071348 0.084088 0.072577
v 0.029523 0.146178 0.026209
v -0.020318 0.137540 0.048180
v -0.007776 0.145536 0.009757
v 0.007828 0.146481 0.013742
v 0.007824 0.134777 0.063907
v 0.032938 0.114183 0.072492
v 0.071348 0.084088 0.072577
v 0.077572 0.096926 0.057855
v 0.065141 0.078974 0.080864
v 0.080710 0.104508 0.043234
v 0.029523 0.146178 0.026209
v 0.007828 0.146481 0.013742
v -0.022563 0.141315 0.026003
v -0.020318 0.137540 0.048180
v -0.013769 0.143353 0.016027
v -0.007776 0.145536 0.009757
vt 0.000000 0.000000
vt 1.000000 0.000000
vt 1.000000 1.000000
vt 0.000000 0.000000
vt 1.000000 0.000000
vt 1.000000 0.000000
vt 1.000000 1.000000
vt 0.000000 0.000000
vt 1.000000 0.000000
vt 0.000000 0.000000
vt 1.000000 0.000000
vt 1.000000 1.000000
vt 0.000000 0.000000
vt 1.000000 0.000000
vt 0.000000 0.000000
vt 1.000000 0.000000
vt 1.000000 0.000000
vt 0.000000 0.000000
vt 1.000000 0.000000
vt 1.000000 0.000000
vt 1.000000 1.000000
vt 1.000000 0.000000
vt 1.000000 0.000000
vt 1.000000 1.000000
vt 0.000000 0.000000
vt 1.000000 1.000000
vt 1.000000 1.000000
vt 1.000000 0.189997
vt 0.309308 0.000000
vt 1.000000 0.000000
vt 0.981830 0.337487
vt 0.000000 0.000000
vt 0.384524 0.000000
vt 0.340385 0.340385
vt 0.000000 0.000000
vt 0.636776 0.140806
vt 0.384524 0.384524
vt 0.319211 0.000000
vt 1.000000 0.000000
vt 1.000000 0.665931
vt 0.665931 0.665931
vt 0.000000 0.000000
vt 0.000000 0.000000
vt 0.640783 0.000000
vt 0.655115 0.655115
vt 0.640783 0.640783
vt 0.638175 0.638175
vt 0.645435 0.645435
vt 0.000000 0.000000
vt 0.863883 0.000000
vt 0.851986 0.310409
vt 0.863883 0.863883
vt 0.867581 0.867581
vt 1.000000 0.361285
vt 0.000000 0.000000
vt 0.654072 0.000000
vt 0.654072 0.654072
vt 0.691959 0.691959
vt 1.000000 0.680789
vt 0.189997 0.189997
vt 0.638715 0.000000
vt 0.802238 0.522030
vt 0.649726 0.649726
vt 0.534556 0.785304
vt 0.579627 0.861984
vt 0.524085 0.799044
vt 0.778213 0.744553
vt 0.702786 0.777578
vt 0.772875 0.735905
vt 0.603184 0.825622
vt 0.572191 0.794375
vt 0.484937 0.835458
vt 0.790559 0.768920
vt 0.757613 0.801732
vt 0.561581 0.789817
vt 0.791515 0.767960
vt 0.497549 0.875794
vt 0.493395 0.807713
vn 0.8274 -0.5612 -0.0224
vn 0.6417 -0.7574 0.1204
vn 0.6123 -0.4757 -0.6315
vn 0.5500 -0.3245 -0.7695
vn -0.7098 -0.7023 0.0545
vn -0.7294 -0.6818 0.0553
vn -0.7849 -0.6193 0.0209
vn -0.3597 -0.9113 -0.2005
vn -0.3685 -0.9159 -0.1592
vn -0.3868 -0.9097 0.1510
vn -0.3847 -0.9030 0.1913
vn 0.5527 -0.8294 0.0809
vn 0.6377 -0.7646 0.0940
vn -0.3219 -0.9449 0.0590
vn 0.6193 -0.5065 -0.5999
vn -0.3578 -0.9120 -0.2008
vn 0.7663 -0.6118 0.1963
vn 0.8722 -0.4860 -0.0551
vn 0.8746 -0.4809 -0.0617
vn 0.4846 0.2533 -0.8372
vn -0.7552 0.0659 -0.6522
vn -0.7892 0.0552 -0.6117
vn -0.9938 -0.0664 0.0893
vn -0.9947 -0.0634 0.0807
vn -0.5339 -0.2468 0.8087
vn -0.4944 -0.2500 0.8325
vn -0.4904 -0.2501 0.8348
vn 0.3610 -0.7737 0.5207
vn 0.4409 -0.7779 0.4478
vn 0.2221 0.2761 -0.9351
vn -0.7203 0.0707 -0.6901
vn -0.7331 0.0690 -0.6766
vn -0.4909 -0.2509 0.8343
vn -0.4907 -0.2499 0.8347
vn 0.4776 0.2514 -0.8418
vn -0.7259 0.0693 -0.6843
vn -0.0555 0.9849 0.1637
vn 0.1941 0.9074 0.3727
vn -0.0841 0.9780 0.1910
vn 0.4467 0.5721 0.6878
vn 0.4514 0.7175 0.5305
vn 0.2095 0.8960 0.3916
vn -0.0578 0.9785 0.1982
vn -0.1162 0.9673 0.2257
vn 0.4522 0.6824 0.5744
vn 0.4492 0.7501 0.4854
vn 0.1759 0.9096 0.3763
usemtl Material.001
s off
f 1143/1878/1010 1139/1879/1010 1144/1880/1010
f 1145/1881/1011 1143/1882/1011 1144/1880/1011
f 1143/1878/1012 1141/1883/1012 1139/1884/1012
f 1141/1885/1013 1138/1886/1013 1139/1884/1013
f 1148/1887/1014 1137/1888/1014 1142/1889/1014
f 1137/1890/1015 1135/1891/1015 1142/1889/1015
f 1135/1892/1016 1140/1893/1016 1142/1889/1016
f 1141/1885/1017 1147/1894/1017 1142/1889/1017
f 1147/1895/1018 1148/1896/1018 1142/1889/1018
f 1148/1887/1019 1145/1897/1019 1137/1898/1019
f 1145/1881/1020 1136/1899/1020 1137/1898/1020
f 1147/1895/1021 1146/1900/1021 1145/1901/1021
f 1146/1902/1022 1143/1882/1022 1145/1901/1022
f 1148/1887/1023 1147/1894/1023 1145/1901/1023
f 1146/1902/1024 1141/1883/1024 1143/1903/1024
f 1146/1902/1025 1147/1894/1025 1141/1904/1025
f 1156/1905/1026 1155/1906/1026 1144/1907/1026
f 1152/1908/1027 1144/1909/1027 1139/1879/1027
f 1166/1910/1028 1152/1911/1028 1139/1912/1028
f 1139/1912/1029 1157/1913/1029 1166/1914/1029
f 1154/1915/1030 1142/1916/1030 1169/1917/1030
f 1169/1918/1031 1142/1919/1031 1140/1893/1031
f 1140/1920/1032 1170/1921/1032 1169/1922/1032
f 1170/1923/1033 1140/1920/1033 1135/1891/1033
f 1135/1892/1034 1137/1888/1034 1170/1924/1034
f 1137/1890/1035 1136/1899/1035 1170/1925/1035
f 1136/1926/1036 1155/1927/1036 1162/1928/1036
f 1155/1929/1037 1136/1926/1037 1145/1897/1037
f 1144/1907/1038 1155/1930/1038 1145/1881/1038
f 1160/1931/1039 1138/1932/1039 1172/1933/1039
f 1138/1932/1040 1141/1883/1040 1172/1934/1040
f 1172/1935/1041 1142/1916/1041 1154/1936/1041
f 1152/1908/1027 1156/1937/1027 1144/1909/1027
f 1139/1912/1029 1160/1938/1029 1157/1913/1029
f 1149/1939/1042 1170/1940/1042 1162/1928/1042
f 1170/1940/1043 1136/1926/1043 1162/1928/1043
f 1160/1931/1044 1139/1884/1044 1138/1932/1044
f 1172/1935/1045 1141/1885/1045 1142/1916/1045
s 1
f 1153/1941/1046 1134/1942/1047 1171/1943/1048
f 1163/1944/1049 1150/1945/1050 1165/1946/1049
f 1161/1947/1051 1134/1942/1047 1158/1948/1052
f 1134/1942/1047 1168/1949/1053 1171/1943/1048
f 1150/1945/1050 1164/1950/1054 1151/1951/1055
f 1153/1941/1046 1158/1952/1052 1134/1942/1047
f 1163/1944/1049 1164/1953/1054 1150/1945/1050
f 1167/1954/1056 1168/1949/1053 1134/1942/1047
f 1168/1949/1053 1159/1955/1053 1171/1943/1048
f 1151/1951/1055 1167/1954/1056 1150/1945/1050
f 1167/1954/1056 1134/1942/1047 1150/1945/1050
f 1134/1942/1047 1161/1947/1051 1150/1945/1050
