# Blender v2.91.0 OBJ File: 'snowballs.blend'
# www.blender.org
mtllib enderpearl_round_fractured.mtl
o Cube.001_cell_Cube.001_cell.026
v -0.103201 -0.103201 0.103380
v -0.126395 0.000000 0.126574
v 0.002413 -0.094115 0.064451
v -0.073482 0.016926 0.083004
v -0.083779 0.029659 0.095860
v -0.095615 0.040434 0.122451
v -0.016422 -0.133974 0.041963
v -0.106572 0.043726 0.113762
v -0.100132 0.042349 0.123992
v -0.094571 0.037778 0.127748
v -0.091127 0.032034 0.131001
v -0.073072 0.000000 0.148661
v -0.111967 -0.111967 0.064376
v -0.029582 -0.119747 0.119925
v -0.036718 -0.143056 0.058177
v -0.007192 -0.140561 0.086856
v -0.018179 -0.149871 0.055950
v -0.055163 -0.027063 0.147477
v -0.145840 0.000000 0.079629
v -0.148131 -0.040785 0.042803
v -0.146684 -0.053894 0.030830
v -0.116146 0.045757 0.116207
v -0.073072 0.000000 0.148661
v -0.091127 0.032034 0.131001
v -0.094571 0.037778 0.127748
v -0.036718 -0.143056 0.058177
v -0.018179 -0.149871 0.055950
v -0.007192 -0.140561 0.086856
v -0.029582 -0.119747 0.119925
v -0.111967 -0.111967 0.064376
v -0.055163 -0.027063 0.147477
v -0.145840 0.000000 0.079629
v -0.148131 -0.040785 0.042803
v -0.146684 -0.053894 0.030830
v -0.116146 0.045757 0.116207
v -0.100132 0.042349 0.123992
vt 0.382466 0.498910
vt 0.405538 0.498910
vt 0.413963 0.457134
vt 0.260371 0.376814
vt 0.303919 0.376814
vt 0.293721 0.329891
vt 0.709415 0.336588
vt 0.748752 0.376814
vt 0.726078 0.315767
vt 0.748707 0.288704
vt 0.748752 0.315767
vt 0.260371 0.315767
vt 0.286126 0.315767
vt 0.275063 0.297953
vt 0.413722 0.446551
vt 0.401231 0.441753
vt 0.382466 0.455361
vt 0.703727 0.343049
vt 0.725680 0.376814
vt 0.272746 0.294525
vt 0.269346 0.291602
vt 0.260371 0.288668
vt 0.489405 0.543157
vt 0.382224 0.428567
vt 0.441563 0.540959
vt 0.126100 0.746157
vt 0.136253 0.763605
vt 0.116982 0.622468
vt 0.489405 0.399367
vt 0.370696 0.412717
vt 0.360724 0.384645
vt 0.354340 0.394276
vt 0.155412 0.589065
vt 0.122129 0.585277
vt 0.183287 0.748386
vt 0.183940 0.719280
vt 0.183940 0.622189
vt 0.474468 0.391269
vt 0.425464 0.372100
vt 0.361893 0.375097
vt 0.158537 0.783346
vt 0.163155 0.782114
vt 0.166194 0.776961
vt 0.354003 0.389344
vt 0.344564 0.545365
vt 0.320217 0.556356
vt 0.303084 0.633746
vt 0.139531 0.575153
vt 0.161096 0.786602
vt 0.344564 0.694189
vt 0.325390 0.537767
vn -0.5742 -0.5794 0.5784
vn -0.7002 -0.6463 0.3032
vn -0.2917 -0.8885 0.3543
vn -0.3016 -0.7364 0.6056
vn -0.3422 -0.2998 0.8905
vn -0.8878 -0.3213 0.3294
vn -0.9152 -0.1369 0.3791
vn -0.6000 0.3022 0.7407
vn -0.7071 0.0001 0.7071
vn -0.3804 -0.1083 0.9184
vn -0.3672 0.2817 0.8864
vn -0.2817 -0.8864 0.3672
vn -0.8859 -0.3623 0.2896
vn -0.3684 0.2825 0.8857
vn 0.3037 0.3553 -0.8841
vn 0.8288 0.5459 0.1232
vn 0.2926 0.3524 -0.8889
vn -0.1100 0.6607 -0.7425
vn 0.4108 0.8939 -0.1794
vn 0.9234 -0.3040 -0.2345
vn 0.8289 0.5425 0.1367
vn 0.8476 0.0779 0.5249
vn -0.1280 0.6686 -0.7325
vn 0.0136 0.7946 -0.6070
vn 0.8093 0.5732 0.1280
vn 0.8152 0.5638 0.1324
vn 0.3589 0.9279 -0.1011
vn -0.3114 -0.6080 -0.7303
vn 0.9218 -0.3084 -0.2348
vn -0.1157 0.6629 -0.7397
vn 0.4608 0.8264 0.3236
vn 0.2078 0.9782 0.0008
vn -0.3113 -0.6081 -0.7303
usemtl Material.002
s 1
f 1/1/1 30/2/2 26/3/3
f 1/4/1 29/5/4 31/6/5
f 33/7/6 1/8/1 32/9/7
f 35/10/8 32/9/7 2/11/9
f 2/12/9 23/13/10 11/14/11
f 26/3/3 27/15/12 28/16/12
f 28/16/12 29/17/4 26/3/3
f 29/17/4 1/1/1 26/3/3
f 31/6/5 23/13/10 2/12/9
f 2/12/9 1/4/1 31/6/5
f 33/7/6 34/18/13 30/19/2
f 30/19/2 1/8/1 33/7/6
f 1/8/1 2/11/9 32/9/7
f 11/14/11 25/20/11 2/12/9
f 25/20/11 9/21/14 2/12/9
f 9/21/14 35/22/8 2/12/9
usemtl Material.003
s off
f 7/23/15 4/24/15 3/25/15
f 4/26/16 5/27/16 3/28/16
f 21/29/17 4/24/17 7/23/17
f 21/29/18 5/30/18 4/24/18
f 8/31/19 6/32/19 5/30/19
f 16/33/20 7/34/20 3/28/20
f 5/27/21 12/35/21 18/36/21
f 3/28/22 14/37/22 16/33/22
f 5/30/23 20/38/23 19/39/23
f 5/30/24 22/40/24 8/31/24
f 6/41/25 10/42/25 5/27/25
f 10/42/26 24/43/26 5/27/26
f 8/31/27 36/44/27 6/32/27
f 7/45/28 15/46/28 13/47/28
f 16/33/29 17/48/29 7/34/29
f 18/36/21 3/28/21 5/27/21
f 5/27/21 24/43/21 12/35/21
f 3/28/22 18/36/22 14/37/22
f 19/39/23 22/40/23 5/30/23
f 5/30/30 21/29/30 20/38/30
f 6/41/31 36/49/31 10/42/31
f 8/31/32 22/40/32 36/44/32
f 13/47/28 21/50/28 7/45/28
f 7/45/33 17/51/33 15/46/33
o Cube.001_cell.001_Cube.001_cell.027
v -0.103201 0.103201 0.103380
v -0.105974 0.046134 0.113886
v -0.043380 0.116646 0.116824
v -0.113380 0.057120 0.113810
v -0.098541 0.043914 0.124154
v -0.111766 0.048714 0.117150
v -0.077948 0.050346 0.130639
v -0.065294 0.061819 0.132234
v -0.108100 0.108100 0.081582
v -0.091041 0.113425 0.087062
v -0.109276 0.102017 0.085812
v -0.113380 0.057120 0.113810
v -0.111766 0.048714 0.117150
v -0.098541 0.043914 0.124154
v -0.077948 0.050346 0.130639
v -0.065294 0.061819 0.132234
v -0.043380 0.116646 0.116824
v -0.091041 0.113425 0.087062
v -0.108100 0.108100 0.081582
v -0.109276 0.102017 0.085812
vt 0.280504 0.288184
vt 0.286644 0.282671
vt 0.260468 0.281990
vt 0.382466 0.132624
vt 0.393747 0.141896
vt 0.395360 0.132624
vt 0.748752 0.254719
vt 0.737899 0.257659
vt 0.748752 0.281724
vt 0.295757 0.254719
vt 0.260371 0.254719
vt 0.262368 0.287170
vt 0.271299 0.291330
vt 0.382466 0.168010
vt 0.735858 0.254719
vt 0.335836 0.534577
vt 0.335836 0.497861
vt 0.334247 0.531060
vt 0.327588 0.504618
vt 0.329128 0.499574
vt 0.161754 0.981886
vt 0.161754 0.914303
vt 0.143731 0.912568
vt 0.116062 0.978025
vt 0.090507 0.924768
vt 0.130211 0.986769
vt 0.151919 0.988934
vt 0.334802 0.485411
vn -0.3672 0.2817 0.8864
vn -0.3324 0.3153 0.8889
vn -0.4458 0.2901 0.8468
vn -0.5899 0.5701 0.5719
vn -0.3159 0.8920 0.3233
vn -0.6276 0.7174 0.3023
vn -0.8980 0.3324 0.2881
vn -0.2974 0.5282 0.7953
vn -0.5569 -0.3989 -0.7285
vn -0.5766 -0.3937 -0.7159
vn -0.5782 -0.3947 -0.7141
vn 0.3930 -0.4144 -0.8209
vn 0.5021 -0.4141 -0.7592
vn 0.3932 -0.7978 -0.4571
vn -0.3728 -0.9253 0.0698
vn 0.5061 -0.4565 -0.7318
usemtl Material.002
s 1
f 51/52/34 52/53/35 48/54/36
f 37/55/37 54/56/38 55/57/39
f 37/58/37 56/59/40 48/60/36
f 53/61/41 37/62/37 52/53/35
f 37/62/37 48/54/36 52/53/35
f 48/54/36 49/63/34 50/64/34
f 50/64/34 51/52/34 48/54/36
f 37/55/37 53/65/41 54/56/38
f 37/58/37 55/66/39 56/59/40
usemtl Material.003
s off
f 45/67/42 38/68/42 47/69/42
f 38/68/43 40/70/43 47/69/43
f 40/70/44 38/68/44 42/71/44
f 38/72/45 45/73/45 46/74/45
f 44/75/46 46/74/46 39/76/46
f 38/72/47 43/77/47 41/78/47
f 41/79/48 42/71/48 38/68/48
f 44/75/46 38/72/46 46/74/46
f 38/72/49 44/75/49 43/77/49
o Cube.001_cell.003_Cube.001_cell.001
v -0.103201 0.103201 -0.103023
v -0.061222 0.111577 -0.092618
v -0.056601 0.110810 -0.097415
v -0.105804 0.105804 -0.091445
v -0.113919 0.055514 -0.113741
v -0.054416 0.120408 -0.098918
v -0.058723 0.120883 -0.094465
v -0.055568 0.113907 -0.113729
v -0.072089 0.119174 -0.088337
v -0.065613 0.121395 -0.087943
v -0.086337 0.066639 -0.121630
v -0.063926 0.078911 -0.125568
v -0.072089 0.119174 -0.088337
v -0.065613 0.121395 -0.087943
v -0.058723 0.120883 -0.094465
v -0.054416 0.120408 -0.098918
v -0.055568 0.113907 -0.113729
v -0.105804 0.105804 -0.091445
v -0.063926 0.078911 -0.125568
v -0.086337 0.066639 -0.121630
v -0.113919 0.055514 -0.113741
vt 0.633506 0.254719
vt 0.626657 0.254719
vt 0.627137 0.282425
vt 0.504561 0.160801
vt 0.492266 0.152853
vt 0.494332 0.160202
vt 0.612581 0.278309
vt 0.600911 0.273227
vt 0.497712 0.132624
vt 0.504561 0.132624
vt 0.491394 0.156662
vt 0.496320 0.162445
vt 0.626657 0.282928
vt 0.598479 0.254719
vt 0.488251 0.921271
vt 0.447074 0.933402
vt 0.458443 0.939758
vt 0.452650 0.942925
vt 0.444240 0.940493
vt 0.441295 0.931215
vt 0.438860 0.938659
vt 0.435115 0.925772
vt 0.460510 0.877871
vt 0.438781 0.889913
vt 0.488251 0.867804
vn -0.6244 0.7202 -0.3022
vn -0.5989 0.5703 -0.5621
vn -0.4801 0.2936 -0.8266
vn -0.3026 0.7042 -0.6422
vn -0.2871 0.8885 -0.3579
vn -0.2817 0.8864 -0.3672
vn -0.3450 0.2944 -0.8912
vn -0.3023 0.3382 -0.8911
vn 0.0764 -0.4045 0.9114
vn 0.0813 -0.3986 0.9135
vn 0.6853 -0.0397 0.7271
vn 0.7149 -0.0536 0.6972
vn 0.9755 -0.2189 0.0202
vn 0.4615 -0.6486 0.6052
vn 0.4393 -0.6475 0.6227
vn 0.5040 -0.6337 0.5869
vn 0.0775 -0.4145 0.9067
vn 0.9712 -0.2375 0.0164
usemtl Material.002
s 1
f 74/80/50 57/81/51 77/82/52
f 73/83/53 69/84/54 71/85/55
f 76/86/56 57/81/51 75/87/57
f 74/88/50 69/84/54 57/89/51
f 69/84/54 70/90/55 71/85/55
f 57/89/51 69/84/54 73/83/53
f 71/85/55 72/91/55 73/83/53
f 77/92/52 57/81/51 76/86/56
f 57/81/51 73/93/53 75/87/57
usemtl Material.003
s off
f 60/94/58 58/95/58 65/96/58
f 66/97/59 65/96/59 58/95/59
f 58/95/60 63/98/60 66/97/60
f 63/98/61 59/99/61 62/100/61
f 59/99/62 64/101/62 62/100/62
f 58/95/63 67/102/63 68/103/63
f 58/95/64 61/104/64 67/102/64
f 59/99/65 58/95/65 68/103/65
f 60/94/66 61/104/66 58/95/66
f 63/98/61 58/95/61 59/99/61
f 59/99/67 68/103/67 64/101/67
o Cube.001_cell.004_Cube.001_cell.002
v 0.000000 -0.126395 0.126574
v 0.004601 -0.093647 0.065301
v 0.000000 -0.139602 0.094691
v 0.031580 -0.119298 0.119476
v -0.027600 -0.120192 0.120370
v -0.005622 -0.140504 0.088197
v 0.000000 -0.045322 0.160155
v -0.053195 -0.027585 0.148127
v 0.044544 -0.101788 0.122608
v 0.055306 -0.086832 0.125383
v 0.000000 -0.139602 0.094691
v 0.031580 -0.119298 0.119476
v -0.005622 -0.140504 0.088197
v -0.027600 -0.120192 0.120370
v 0.000000 -0.045322 0.160155
v -0.053195 -0.027585 0.148127
v 0.044544 -0.101788 0.122608
v 0.055306 -0.086832 0.125383
vt 0.397865 0.437862
vt 0.382466 0.419181
vt 0.382466 0.437862
vt 0.382466 0.454189
vt 0.400674 0.440905
vt 0.305092 0.376814
vt 0.321418 0.337657
vt 0.294697 0.330119
vt 0.321418 0.376814
vt 0.346962 0.368959
vt 0.340099 0.376814
vt 0.352366 0.361941
vt 0.972089 0.685449
vt 0.916514 0.723001
vt 0.972089 0.802599
vt 0.993069 0.612147
vt 0.960244 0.557431
vt 0.942092 0.597149
vt 0.704419 0.947952
vt 0.633134 0.873006
vt 0.627818 0.947952
vt 0.993069 0.535546
vt 0.978009 0.545562
vt 0.920733 0.680557
vt 0.941908 0.605531
vt 0.673716 0.834897
vn -0.1423 -0.9145 0.3788
vn 0.2980 -0.5364 0.7896
vn 0.0000 -0.7071 0.7071
vn -0.3087 -0.5934 0.7433
vn -0.2817 -0.8864 0.3672
vn -0.1250 -0.3731 0.9193
vn -0.3164 -0.3515 0.8811
vn 0.2817 -0.3672 0.8864
vn -0.8447 -0.0746 -0.5299
vn 0.7120 -0.4275 -0.5570
vn 0.3705 0.8348 -0.4073
vn 0.7185 -0.4132 -0.5595
usemtl Material.002
s 1
f 88/105/68 89/106/69 78/107/70
f 88/105/68 91/108/71 90/109/72
f 91/110/71 92/111/73 93/112/74
f 78/113/70 94/114/75 92/111/73
f 88/105/68 78/107/70 91/108/71
f 91/110/71 78/113/70 92/111/73
f 89/115/69 94/114/75 78/113/70
f 94/114/75 95/116/75 92/111/73
usemtl Material.003
s off
f 79/117/76 82/118/76 85/119/76
f 79/120/77 81/121/77 80/122/77
f 79/123/78 84/124/78 87/125/78
f 87/126/79 86/127/79 79/120/79
f 79/117/76 83/128/76 82/118/76
f 80/122/77 83/129/77 79/120/77
f 79/120/77 86/127/77 81/121/77
f 79/123/78 85/130/78 84/124/78
o Cube.001_cell.005_Cube.001_cell.003
v -0.029112 0.052981 0.046012
v 0.095186 0.084900 -0.006753
v 0.038393 0.027162 0.019581
v -0.001414 0.029888 0.060167
v 0.045593 0.054533 0.088717
v 0.044819 0.010434 0.044809
v 0.041002 0.010596 0.048280
v 0.105153 0.105153 0.094698
v 0.114289 0.095653 0.078332
v 0.136171 0.091526 0.014865
v 0.136668 0.078206 0.030661
v 0.127089 0.124721 0.000178
v 0.136303 0.072925 0.038690
v -0.039807 0.147405 0.045306
v 0.000000 0.150416 0.068583
v -0.018359 0.158125 0.035883
v 0.000000 0.167278 0.027875
v 0.070611 0.149502 0.000178
v 0.014964 0.165011 0.021864
v 0.096681 0.105918 0.101826
v 0.090970 0.105950 0.106128
v 0.069323 0.112765 0.106286
v 0.075527 0.109421 0.109599
v 0.049798 0.123273 0.095901
v 0.106333 0.130414 -0.013325
v 0.079337 0.102410 0.111292
v 0.105153 0.105153 0.094698
v 0.114289 0.095653 0.078332
v 0.136303 0.072925 0.038690
v 0.136668 0.078206 0.030661
v 0.136171 0.091526 0.014865
v -0.018359 0.158125 0.035883
v -0.039807 0.147405 0.045306
v 0.000000 0.150416 0.068583
v 0.000000 0.167278 0.027875
v 0.069323 0.112765 0.106286
v 0.075527 0.109421 0.109599
v 0.090970 0.105950 0.106128
v 0.096681 0.105918 0.101826
v 0.070611 0.149502 0.000178
v 0.014964 0.165011 0.021864
v 0.049798 0.123273 0.095901
v 0.106333 0.130414 -0.013325
v 0.079337 0.102410 0.111292
v 0.127089 0.124721 0.000178
vt 0.435463 0.270603
vt 0.398442 0.262243
vt 0.426970 0.276173
vt 0.425813 0.184348
vt 0.410475 0.193671
vt 0.430136 0.193671
vt 0.387602 0.254719
vt 0.443514 0.227776
vt 0.393034 0.221969
vt 0.444066 0.254719
vt 0.451086 0.246079
vt 0.367831 0.258210
vt 0.375231 0.254719
vt 0.366096 0.254719
vt 0.443514 0.254719
vt 0.423263 0.278659
vt 0.420526 0.173254
vt 0.385091 0.234328
vt 0.382466 0.238349
vt 0.382466 0.247484
vt 0.384233 0.250553
vt 0.432809 0.201130
vt 0.645979 0.306061
vt 0.627085 0.309250
vt 0.644779 0.310610
vt 0.179458 0.840034
vt 0.183940 0.786602
vt 0.144721 0.793428
vt 0.639245 0.260040
vt 0.621980 0.234723
vt 0.832726 0.880263
vt 0.900997 0.961459
vt 0.838851 0.874085
vt 0.139820 0.794449
vt 0.090507 0.890208
vt 0.137138 0.905994
vt 0.167000 0.910418
vt 0.519977 0.219948
vt 0.536163 0.200884
vt 0.504036 0.251919
vt 0.892836 0.881101
vt 0.876629 0.834693
vt 0.852509 0.860167
vt 0.748028 0.583534
vt 0.848753 0.574669
vt 0.826808 0.535546
vt 0.740757 0.620431
vt 0.848722 0.635776
vt 0.848747 0.659543
vt 0.785381 0.658262
vt 0.502869 0.311804
vt 0.556634 0.352501
vt 0.900997 0.837441
vt 0.876439 0.977236
vt 0.156445 0.912568
vt 0.173661 0.908469
vt 0.183940 0.900802
vt 0.506153 0.236253
vt 0.844336 0.673674
vt 0.848753 0.667102
vt 0.510703 0.352501
vn 0.8864 0.3672 0.2817
vn -0.2817 0.8864 0.3672
vn 0.0941 0.9198 0.3810
vn 0.0813 0.9208 0.3814
vn 0.4729 0.8261 0.3062
vn 0.3704 0.8956 0.2463
vn 0.3115 0.8918 0.3281
vn 0.6073 0.7694 0.1980
vn 0.3914 0.8921 -0.2256
vn 0.2817 0.3672 0.8864
vn 0.2928 0.8326 0.4702
vn 0.2984 0.7850 0.5429
vn 0.2944 0.8933 0.3396
vn 0.2729 0.9299 0.2465
vn 0.3211 0.8816 0.3459
vn -0.4203 -0.8019 -0.4247
vn -0.0974 -0.6685 0.7374
vn -0.4692 -0.7965 -0.3814
vn -0.4617 -0.7858 -0.4116
vn 0.4468 -0.7566 -0.4774
vn 0.4894 -0.6608 0.5691
vn 0.4719 -0.6259 0.6209
vn 0.4689 -0.6247 0.6244
vn 0.4677 -0.6245 0.6255
vn -0.3807 -0.0500 -0.9234
vn -0.3787 -0.0491 -0.9242
vn 0.4231 -0.6861 -0.5918
vn 0.4830 -0.2404 -0.8420
vn -0.5013 -0.0503 0.8638
vn -0.4941 -0.0609 0.8673
vn -0.4951 -0.0597 0.8668
vn -0.3730 -0.0425 -0.9268
vn 0.4824 -0.2398 -0.8425
vn 0.4363 -0.6947 -0.5718
usemtl Material.002
s 1
f 126/131/80 123/132/80 125/133/80
f 127/134/81 129/135/82 130/136/83
f 122/137/84 135/138/85 137/139/86
f 140/140/87 138/141/88 135/138/85
f 139/142/89 133/143/90 132/144/91
f 126/131/80 140/145/87 123/132/80
f 140/145/87 122/137/84 123/132/80
f 123/132/80 124/146/80 125/133/80
f 127/134/81 128/147/81 129/135/82
f 131/148/92 132/149/91 133/150/90
f 133/150/90 134/151/93 131/148/92
f 134/151/93 122/137/84 131/148/92
f 122/137/84 140/145/87 135/138/85
f 135/138/85 136/152/94 137/139/86
f 136/152/94 130/136/83 129/135/82
f 137/139/86 136/152/94 129/135/82
f 137/139/86 131/148/92 122/137/84
usemtl Material.003
s off
f 102/153/95 98/154/95 101/155/95
f 100/156/96 99/157/96 102/158/96
f 99/159/97 96/160/97 102/153/97
f 96/160/98 98/154/98 102/153/98
f 108/161/99 98/162/99 106/163/99
f 101/164/100 108/165/100 102/158/100
f 102/158/101 108/165/101 104/166/101
f 104/166/102 115/167/102 102/158/102
f 100/156/103 102/158/103 115/167/103
f 111/168/104 96/160/104 109/169/104
f 111/168/105 114/170/105 98/154/105
f 97/171/106 106/163/106 98/162/106
f 107/172/107 105/173/107 97/171/107
f 96/174/108 110/175/108 109/176/108
f 99/177/109 119/178/109 96/174/109
f 117/179/110 99/177/110 100/180/110
f 113/181/111 97/182/111 114/170/111
f 107/172/112 97/171/112 120/183/112
f 108/161/113 101/184/113 98/162/113
f 104/166/102 103/185/102 115/167/102
f 116/186/103 121/187/103 115/167/103
f 121/187/103 100/156/103 115/167/103
f 111/168/104 98/154/104 96/160/104
f 112/188/105 114/170/105 111/168/105
f 114/170/105 97/182/105 98/154/105
f 97/171/106 105/173/106 106/163/106
f 96/174/108 119/178/108 110/175/108
f 99/177/109 117/179/109 119/178/109
f 100/180/110 121/189/110 117/179/110
f 121/189/110 118/190/110 117/179/110
f 113/181/111 120/191/111 97/182/111
o Cube.001_cell.006_Cube.001_cell.004
v 0.103201 -0.103201 -0.103023
v 0.055069 -0.069709 0.006877
v 0.104702 -0.033765 -0.119347
v 0.043492 -0.071180 0.010030
v -0.018643 -0.137472 -0.036628
v 0.014562 -0.034490 -0.110609
v -0.030883 -0.103944 -0.113529
v 0.007112 -0.150184 -0.063329
v 0.001157 -0.126135 -0.125957
v 0.064571 -0.133241 -0.058856
v 0.113944 -0.113944 -0.055226
v 0.126433 -0.095175 -0.040392
v 0.024500 -0.062889 -0.144735
v 0.000000 -0.092661 -0.140191
v 0.082373 -0.028677 -0.135338
v 0.054454 -0.024363 -0.148273
v 0.114672 -0.041067 -0.118021
v -0.021328 -0.107390 -0.127311
v -0.007788 -0.118559 -0.126988
v 0.007112 -0.150184 -0.063329
v 0.001157 -0.126135 -0.125957
v 0.113944 -0.113944 -0.055226
v 0.064571 -0.133241 -0.058856
v 0.126433 -0.095175 -0.040392
v 0.000000 -0.092661 -0.140191
v 0.024500 -0.062889 -0.144735
v 0.054454 -0.024363 -0.148273
v 0.082373 -0.028677 -0.135338
v -0.021328 -0.107390 -0.127311
v -0.007788 -0.118559 -0.126988
v 0.114672 -0.041067 -0.118021
vt 0.504561 0.376814
vt 0.476287 0.376814
vt 0.475047 0.403655
vt 0.466400 0.365027
vt 0.504561 0.341333
vt 0.552670 0.347247
vt 0.524014 0.331427
vt 0.565609 0.360521
vt 0.570056 0.373715
vt 0.577729 0.369453
vt 0.474499 0.434115
vt 0.504561 0.437178
vt 0.565609 0.376107
vt 0.538375 0.328467
vt 0.362954 0.748574
vt 0.364056 0.865920
vt 0.439179 0.752307
vt 0.354003 0.867804
vt 0.851140 0.073104
vt 0.927908 0.048484
vt 0.839198 0.002751
vt 0.931232 0.000000
vt 0.449476 0.851132
vt 0.449476 0.758573
vt 0.494069 0.934610
vt 0.580568 0.929453
vt 0.590418 0.923091
vt 0.489405 0.908834
vt 0.517996 0.865907
vt 0.590418 0.823946
vt 0.552753 0.819283
vt 0.965021 0.911443
vt 1.000000 0.926464
vt 1.000000 0.844166
vt 0.986345 0.834693
vt 0.970580 0.841163
vt 0.881358 0.105311
vt 0.914471 0.087317
vt 0.838491 0.125762
vt 0.425271 0.734111
vt 0.405949 0.718076
vt 0.960344 0.846233
vt 0.931232 0.064768
vn 0.5952 -0.5621 -0.5743
vn 0.7268 -0.6168 -0.3020
vn 0.3069 -0.8886 -0.3408
vn 0.9050 -0.3050 -0.2966
vn 0.5717 -0.2907 -0.7672
vn 0.3042 -0.3435 -0.8885
vn 0.3419 -0.3069 -0.8882
vn 0.1364 -0.3805 -0.9146
vn -0.2469 -0.3801 -0.8913
vn -0.2817 -0.3672 -0.8864
vn 0.2893 -0.8841 -0.3670
vn 0.1814 -0.6181 -0.7648
vn 0.3485 -0.3508 -0.8692
vn 0.0195 0.9595 0.2809
vn -0.0396 0.9533 0.2994
vn -0.7925 0.5041 0.3433
vn -0.7937 0.5012 0.3448
vn 0.4888 0.7487 0.4478
vn 0.2801 -0.6024 0.7474
vn 0.2192 -0.6906 0.6892
vn 0.1921 -0.8012 0.5668
vn -0.6130 -0.7553 -0.2317
vn -0.6147 -0.7520 -0.2381
vn -0.6701 0.4629 -0.5803
vn -0.6672 0.4654 -0.5816
vn 0.5396 0.6367 -0.5509
vn 0.0193 0.9602 0.2786
vn 0.5387 0.7304 0.4198
usemtl Material.002
s 1
f 141/192/114 162/193/115 163/194/116
f 164/195/117 141/192/114 157/196/118
f 141/192/114 166/197/119 168/198/120
f 165/199/121 170/200/122 169/201/123
f 163/194/116 160/202/124 161/203/125
f 161/203/125 141/192/114 163/194/116
f 164/195/117 162/193/115 141/192/114
f 168/198/120 157/196/118 141/192/114
f 141/192/114 161/204/125 166/197/119
f 161/204/125 165/199/121 166/197/119
f 166/197/119 167/205/126 168/198/120
f 165/199/121 161/204/125 170/200/122
usemtl Material.003
s off
f 146/206/127 142/207/127 143/208/127
f 146/206/128 144/209/128 142/207/128
f 146/210/129 147/211/129 144/212/129
f 147/211/130 145/213/130 144/212/130
f 143/208/131 152/214/131 171/215/131
f 152/216/132 142/217/132 144/218/132
f 151/219/133 152/216/133 144/218/133
f 150/220/134 145/221/134 148/222/134
f 148/223/135 145/224/135 147/225/135
f 158/226/136 159/227/136 147/225/136
f 146/210/137 153/228/137 154/229/137
f 146/210/138 156/230/138 153/228/138
f 143/208/139 171/215/139 155/231/139
f 146/206/140 155/231/140 156/232/140
f 143/208/141 142/207/141 152/214/141
f 145/221/133 150/220/133 144/218/133
f 150/220/133 151/219/133 144/218/133
f 159/227/135 149/233/135 147/225/135
f 149/233/135 148/223/135 147/225/135
f 158/234/137 147/211/137 154/229/137
f 147/211/137 146/210/137 154/229/137
f 146/206/140 143/208/140 155/231/140
o Cube.001_cell.007_Cube.001_cell.005
v 0.103201 0.103201 -0.103023
v 0.013442 0.059749 -0.081907
v 0.008726 0.072580 -0.077158
v 0.095779 0.085485 -0.008136
v 0.016377 0.065643 -0.067738
v 0.053871 0.114288 -0.114110
v 0.075258 0.036128 -0.135916
v 0.116968 0.041946 -0.116790
v 0.096236 0.038986 -0.126319
v 0.139475 0.089250 0.007433
v 0.133163 0.104292 0.007692
v 0.136657 0.091771 0.013016
v 0.143013 0.086277 0.000178
v 0.128563 0.121163 0.000178
v 0.023261 0.135301 -0.086869
v 0.027025 0.132687 -0.090291
v 0.028609 0.135559 -0.082142
v 0.078693 0.133566 -0.039429
v 0.125734 0.125734 -0.002767
v 0.106465 0.129841 -0.014955
v 0.135285 0.067716 -0.048325
v 0.116968 0.041946 -0.116790
v 0.096236 0.038986 -0.126319
v 0.075258 0.036128 -0.135916
v 0.053871 0.114288 -0.114110
v 0.139475 0.089250 0.007433
v 0.143013 0.086277 0.000178
v 0.133163 0.104292 0.007692
v 0.136657 0.091771 0.013016
v 0.027025 0.132687 -0.090291
v 0.023261 0.135301 -0.086869
v 0.028609 0.135559 -0.082142
v 0.078693 0.133566 -0.039429
v 0.106465 0.129841 -0.014955
v 0.125734 0.125734 -0.002767
v 0.135285 0.067716 -0.048325
v 0.128563 0.121163 0.000178
vt 0.504561 0.254719
vt 0.515943 0.293752
vt 0.527150 0.296207
vt 0.443514 0.274096
vt 0.443433 0.257393
vt 0.439355 0.264865
vt 0.465132 0.234168
vt 0.452023 0.246293
vt 0.445256 0.254719
vt 0.469517 0.280484
vt 0.533742 0.254719
vt 0.504561 0.290954
vt 0.436487 0.270616
vt 0.439576 0.272226
vt 0.504561 0.225538
vt 0.489108 0.208622
vt 0.485076 0.209292
vt 0.487077 0.206427
vt 0.443514 0.257246
vt 0.978732 0.338404
vt 0.977562 0.327773
vt 0.968265 0.337554
vt 0.832726 0.790291
vt 0.832726 0.692010
vt 0.822786 0.680557
vt 0.063201 0.886774
vt 0.001076 0.891555
vt 0.073389 0.896446
vt 0.908806 0.313113
vt 0.008611 0.929973
vt 0.073389 0.979361
vt 0.923901 0.251225
vt 0.977825 0.229806
vt 0.934926 0.216960
vt 0.740713 0.692262
vt 0.735690 0.714260
vt 0.818501 0.833169
vt 0.824866 0.834693
vt 0.775492 0.794021
vt 0.730798 0.736052
vt 0.947675 0.192905
vt 0.942546 0.195899
vt 0.965544 0.188287
vt 0.978732 0.184923
vt 0.000000 0.886109
vt 0.907579 0.319888
vt 0.810400 0.831151
vn 0.5708 0.5800 -0.5811
vn 0.3672 0.2817 -0.8864
vn 0.3309 0.3008 -0.8944
vn 0.9211 0.3815 -0.0773
vn 0.9038 0.3744 -0.2072
vn 0.8864 0.3672 0.2817
vn 0.3391 0.8910 -0.3018
vn 0.3672 0.8864 -0.2817
vn 0.7730 0.5593 -0.2994
vn 0.8904 0.3420 -0.3004
vn 0.3132 0.7568 -0.5737
vn 0.6266 0.3023 -0.7183
vn 0.2817 0.8864 -0.3672
vn 0.3021 0.8863 -0.3509
vn -0.8285 -0.4350 0.3526
vn -0.0677 -0.9161 0.3951
vn -0.6585 0.0362 -0.7517
vn -0.6464 0.2608 0.7170
vn -0.6502 0.0338 -0.7590
vn -0.6204 0.2609 0.7396
vn -0.6178 0.2628 0.7411
vn -0.0390 -0.9311 0.3625
vn -0.0583 -0.9206 0.3862
vn -0.0321 -0.9326 0.3596
vn -0.4804 0.2452 0.8421
vn -0.4749 0.2288 0.8498
vn -0.4798 0.2445 0.8426
usemtl Material.002
s 1
f 172/235/142 194/236/143 195/237/144
f 198/238/145 208/239/146 199/240/147
f 204/241/148 205/242/149 172/235/142
f 206/243/150 207/244/151 172/235/142
f 195/237/144 196/245/152 172/235/142
f 172/235/142 193/246/153 194/236/143
f 200/247/147 197/248/147 199/240/147
f 197/248/147 198/238/145 199/240/147
f 206/243/150 172/235/142 205/242/149
f 172/235/142 196/249/152 204/241/148
f 196/249/152 201/250/154 203/251/155
f 201/250/154 202/252/154 203/251/155
f 203/251/155 204/241/148 196/249/152
f 206/243/150 208/253/146 207/244/151
f 208/253/146 198/238/145 207/244/151
f 207/244/151 193/246/153 172/235/142
usemtl Material.003
s off
f 173/254/156 176/255/156 174/256/156
f 175/257/157 176/258/157 173/259/157
f 174/260/158 187/261/158 173/262/158
f 188/263/159 174/256/159 176/255/159
f 173/262/160 177/264/160 178/265/160
f 176/255/161 189/266/161 188/263/161
f 175/267/162 191/268/162 189/266/162
f 173/259/163 178/269/163 180/270/163
f 175/257/164 181/271/164 183/272/164
f 192/273/165 180/270/165 179/274/165
f 191/268/166 185/275/166 190/276/166
f 182/277/167 175/267/167 183/278/167
f 185/275/168 175/267/168 182/277/168
f 174/260/158 186/279/158 187/261/158
f 188/263/159 186/280/159 174/256/159
f 173/262/160 187/261/160 177/264/160
f 176/255/161 175/267/161 189/266/161
f 180/270/163 192/273/163 173/259/163
f 192/273/163 184/281/163 181/271/163
f 173/259/163 192/273/163 181/271/163
f 175/257/164 173/259/164 181/271/164
f 191/268/166 175/267/166 185/275/166
o Cube.001_cell.008_Cube.001_cell.006
v -0.126395 -0.126395 0.000178
v -0.017639 -0.134964 0.041151
v -0.029372 -0.146978 -0.019717
v -0.090433 -0.121848 0.061354
v -0.112333 -0.112333 0.062748
v -0.024175 -0.168737 0.000178
v -0.016396 -0.156281 0.041842
v -0.018070 -0.152294 0.050183
v -0.017585 -0.158638 0.035239
v -0.094308 -0.119449 -0.063494
v -0.087758 -0.122858 -0.061305
v -0.113203 -0.113203 -0.058520
v -0.026913 -0.163734 -0.011994
v -0.038321 -0.154625 -0.025785
v -0.059298 -0.137902 -0.051063
v -0.128248 -0.090375 -0.040936
v -0.153728 -0.060408 0.000178
v -0.145730 -0.056473 0.030472
v -0.017585 -0.158638 0.035239
v -0.016396 -0.156281 0.041842
v -0.018070 -0.152294 0.050183
v -0.090433 -0.121848 0.061354
v -0.112333 -0.112333 0.062748
v -0.024175 -0.168737 0.000178
v -0.087758 -0.122858 -0.061305
v -0.059298 -0.137902 -0.051063
v -0.038321 -0.154625 -0.025785
v -0.026913 -0.163734 -0.011994
v -0.113203 -0.113203 -0.058520
v -0.094308 -0.119449 -0.063494
v -0.153728 -0.060408 0.000178
v -0.128248 -0.090375 -0.040936
v -0.145730 -0.056473 0.030472
vt 0.443514 0.498910
vt 0.443514 0.449538
vt 0.408911 0.486596
vt 0.478236 0.498910
vt 0.478096 0.485135
vt 0.687704 0.376814
vt 0.664725 0.362539
vt 0.652982 0.376814
vt 0.702615 0.343523
vt 0.687704 0.344943
vt 0.426148 0.446787
vt 0.422907 0.446264
vt 0.416559 0.447814
vt 0.406501 0.498910
vt 0.479875 0.489020
vt 0.470537 0.468777
vt 0.456712 0.457029
vt 0.449643 0.451111
vt 0.724717 0.376814
vt 0.001646 0.662923
vt 0.018550 0.688897
vt 0.000000 0.643982
vt 0.115175 0.673348
vt 0.116982 0.650543
vt 0.086968 0.727560
vt 0.056359 0.729161
vt 0.187852 0.392864
vt 0.181399 0.350370
vt 0.173160 0.360238
vt 0.050191 0.580941
vt 0.002882 0.637084
vt 0.165152 0.342465
vt 0.167891 0.299130
vt 0.187852 0.301691
vt 0.170348 0.294868
vt 0.166212 0.304292
vt 0.111433 0.583428
vt 0.116982 0.575153
vt 0.159528 0.332031
vt 0.016050 0.607052
vn -0.7071 -0.7071 0.0000
vn -0.3721 -0.9266 0.0536
vn -0.3602 -0.8863 0.2909
vn -0.5915 -0.7479 -0.3010
vn -0.3672 -0.8864 -0.2817
vn -0.8864 -0.3672 -0.2817
vn -0.8864 -0.3672 0.2817
vn -0.9203 -0.3812 0.0882
vn -0.3235 -0.8842 0.3370
vn -0.2817 -0.8864 0.3672
vn -0.3109 -0.8784 0.3628
vn -0.6313 -0.7141 0.3024
vn -0.0088 0.6065 -0.7950
vn 0.3106 0.6079 0.7307
vn 0.5436 0.8020 -0.2477
vn 0.6713 -0.2253 -0.7061
vn 0.5208 0.8133 -0.2594
vn 0.6718 -0.2265 -0.7053
vn 0.9839 0.0628 0.1675
vn 0.9796 0.0508 -0.1946
vn 0.3127 0.4329 0.8455
vn 0.5201 0.8133 -0.2608
vn 0.9786 0.0519 -0.1989
vn 0.5223 0.8128 -0.2580
vn 0.5144 0.8127 -0.2736
vn 0.5235 0.8097 -0.2653
vn 0.3121 0.6086 0.7295
usemtl Material.002
s 1
f 209/282/169 232/283/170 230/284/171
f 209/282/169 237/285/172 233/286/173
f 209/287/169 240/288/174 237/289/172
f 209/287/169 241/290/175 239/291/176
f 232/283/170 227/292/177 230/284/171
f 227/292/177 228/293/178 229/294/179
f 230/284/171 227/292/177 229/294/179
f 230/284/171 231/295/180 209/282/169
f 238/296/173 233/286/173 237/285/172
f 233/286/173 234/297/173 209/282/169
f 234/297/173 235/298/173 209/282/169
f 235/298/173 236/299/173 232/283/170
f 209/282/169 235/298/173 232/283/170
f 209/287/169 239/291/176 240/288/174
f 209/287/169 231/300/180 241/290/175
usemtl Material.003
s off
f 220/301/181 224/302/181 218/303/181
f 213/304/182 212/305/182 226/306/182
f 224/302/183 225/307/183 226/306/183
f 223/308/184 211/309/184 222/310/184
f 211/311/185 219/312/185 226/306/185
f 221/313/186 222/310/186 211/309/186
f 215/314/187 210/315/187 216/316/187
f 217/317/188 210/315/188 215/314/188
f 210/318/189 212/305/189 216/319/189
f 211/311/190 226/306/190 210/318/190
f 210/315/191 217/317/191 214/320/191
f 226/306/192 219/312/192 224/302/192
f 219/312/193 218/303/193 224/302/193
f 211/311/194 223/321/194 219/312/194
f 210/318/195 226/306/195 212/305/195
f 214/320/191 221/313/191 211/309/191
f 211/309/191 210/315/191 214/320/191
o Cube.001_cell.009_Cube.001_cell.007
v -0.148971 -0.040424 0.041052
v -0.148240 -0.051629 0.028888
l 243 242
o Cube.001_cell.010_Cube.001_cell.008
v -0.126395 0.126395 0.000178
v -0.178750 0.000000 0.000178
v -0.145975 -0.049352 0.030979
v -0.051828 0.065378 0.039626
v -0.062017 0.111716 -0.090222
v -0.068296 0.025119 0.080099
v -0.073369 0.018643 0.082192
v -0.106966 0.045305 0.112225
v -0.082459 0.028804 0.093370
v -0.108950 0.097069 -0.092927
v -0.106351 0.106351 -0.089007
v -0.128012 0.032042 -0.097729
v -0.151725 0.000000 -0.065067
v -0.115438 0.053886 -0.111322
v -0.118997 0.047633 -0.107529
v -0.122203 0.042052 -0.104072
v -0.115648 0.047822 0.115826
v -0.108693 0.108693 0.078946
v -0.080305 0.134960 0.033299
v -0.081971 0.144797 0.000178
v -0.066703 0.122194 -0.085177
v -0.168392 -0.024697 -0.000227
v -0.157884 -0.048475 -0.002299
v -0.170810 -0.019169 0.000178
v -0.152663 -0.021916 -0.045985
v -0.148793 -0.028079 0.050954
v -0.147127 0.000000 0.076523
v -0.114416 0.056545 0.112106
v -0.106351 0.106351 -0.089007
v -0.108950 0.097069 -0.092927
v -0.115438 0.053886 -0.111322
v -0.118997 0.047633 -0.107529
v -0.122203 0.042052 -0.104072
v -0.128012 0.032042 -0.097729
v -0.151725 0.000000 -0.065067
v -0.108693 0.108693 0.078946
v -0.080305 0.134960 0.033299
v -0.066703 0.122194 -0.085177
v -0.081971 0.144797 0.000178
v -0.168392 -0.024697 -0.000227
v -0.170810 -0.019169 0.000178
v -0.152663 -0.021916 -0.045985
v -0.157884 -0.048475 -0.002299
v -0.148793 -0.028079 0.050954
v -0.147127 0.000000 0.076523
v -0.115648 0.047822 0.115826
v -0.114416 0.056545 0.112106
vt 0.687704 0.254719
vt 0.633525 0.259673
vt 0.637839 0.297713
vt 0.443514 0.132624
vt 0.426483 0.152928
vt 0.443514 0.154080
vt 0.496270 0.132624
vt 0.489936 0.156257
vt 0.687704 0.315767
vt 0.656192 0.315767
vt 0.664706 0.327053
vt 0.713220 0.330320
vt 0.687704 0.325025
vt 0.724578 0.315767
vt 0.748752 0.285128
vt 0.747788 0.282432
vt 0.634948 0.254719
vt 0.628177 0.284066
vt 0.630980 0.288057
vt 0.633467 0.291570
vt 0.398184 0.133704
vt 0.686419 0.339268
vt 0.687498 0.327705
vt 0.734298 0.254719
vt 0.016645 0.390395
vt 0.022781 0.395879
vt 0.131382 0.394890
vt 0.960344 0.842603
vt 0.944052 0.837368
vt 0.960344 0.951209
vt 0.910136 0.834693
vt 0.334548 0.882484
vt 0.350410 0.871913
vt 0.301986 0.891490
vt 0.035601 0.205825
vt 0.000000 0.335196
vt 0.350367 0.879322
vt 0.483216 0.629198
vt 0.488913 0.682195
vt 0.488913 0.627780
vt 0.916911 0.902583
vt 0.939758 0.931559
vt 0.293425 0.895052
vt 0.289913 0.886509
vt 0.270981 0.829402
vt 0.127884 0.246101
vt 0.152911 0.318294
vt 0.147627 0.291584
vt 0.458587 0.635051
vt 0.463705 0.668988
vt 0.152911 0.368175
vt 0.121039 0.235272
vt 0.287342 0.774092
vt 0.348378 0.814559
vt 0.289735 0.748026
vt 0.488291 0.622277
vt 0.458587 0.590680
vt 0.477435 0.627780
vt 0.463111 0.581649
vt 0.488291 0.543157
vt 0.117208 0.229304
vt 0.350410 0.708447
vt 0.339195 0.706125
vt 0.900997 0.837078
vt 0.112902 0.222687
vn -0.7186 0.6953 -0.0004
vn -0.9076 0.3128 -0.2800
vn -0.8970 0.3152 -0.3097
vn -0.3672 0.8864 0.2817
vn -0.3774 0.9259 -0.0139
vn -0.7010 0.6428 -0.3087
vn -0.3295 0.8964 -0.2963
vn -0.9999 0.0110 -0.0006
vn -0.9152 0.1853 -0.3578
vn -0.8833 -0.3099 -0.3517
vn -0.8855 -0.2938 0.3599
vn -0.9209 -0.3805 -0.0847
vn -0.9189 0.1717 0.3551
vn -0.8864 0.2817 0.3672
vn -0.8904 0.2995 0.3425
vn -0.8877 0.2868 -0.3601
vn -0.8877 0.2868 -0.3603
vn -0.8189 0.4854 0.3063
vn -0.8758 -0.3589 -0.3228
vn -0.8756 -0.3591 -0.3228
vn 0.7403 -0.6432 -0.1956
vn 0.1276 -0.6801 0.7220
vn 0.1096 -0.6730 0.7315
vn 0.6948 0.2705 0.6664
vn 0.7666 -0.5833 -0.2683
vn 0.6260 -0.2519 0.7380
vn -0.8643 -0.4004 0.3045
vn 0.1085 -0.6728 0.7318
vn 0.4383 0.2995 0.8474
vn 0.5790 0.3913 0.7153
vn -0.1595 -0.6444 -0.7479
vn -0.8632 -0.4074 0.2982
vn 0.7417 -0.6088 -0.2815
vn 0.7503 -0.6013 -0.2749
vn 0.9212 0.3832 0.0675
vn -0.0740 0.4055 -0.9111
vn -0.0722 0.4000 -0.9137
vn 0.7541 -0.5962 -0.2753
vn 0.9221 0.3817 0.0639
vn 0.6967 0.3425 0.6303
vn 0.6998 0.3469 0.6244
vn 0.6974 0.3458 0.6277
usemtl Material.002
s 1
f 244/322/196 273/323/197 277/324/198
f 244/325/196 280/326/199 282/327/200
f 272/328/201 282/327/200 281/329/202
f 245/330/203 278/331/204 285/332/205
f 287/333/206 245/330/203 284/334/207
f 288/335/208 289/336/209 290/337/210
f 278/331/204 245/330/203 244/322/196
f 244/322/196 272/338/201 273/323/197
f 273/323/197 274/339/211 275/340/211
f 275/340/211 276/341/212 273/323/197
f 276/341/212 277/324/198 273/323/197
f 277/324/198 278/331/204 244/322/196
f 244/325/196 279/342/213 280/326/199
f 272/328/201 244/325/196 282/327/200
f 286/343/214 283/344/215 285/332/205
f 283/344/215 284/334/207 285/332/205
f 284/334/207 245/330/203 285/332/205
f 287/333/206 288/335/208 245/330/203
f 290/337/210 279/345/213 288/335/208
f 279/345/213 244/322/196 288/335/208
f 244/322/196 245/330/203 288/335/208
usemtl Material.003
s off
f 249/346/216 250/347/216 246/348/216
f 250/349/217 252/350/217 246/351/217
f 252/350/218 251/352/218 246/351/218
f 252/353/219 249/354/219 251/355/219
f 248/356/220 247/357/220 249/346/220
f 252/353/221 250/358/221 249/354/221
f 265/359/222 269/360/222 267/361/222
f 251/352/223 270/362/223 269/363/223
f 260/364/224 251/355/224 271/365/224
f 271/365/225 251/355/225 261/366/225
f 255/367/226 268/368/226 256/369/226
f 265/359/227 266/370/227 246/371/227
f 246/348/228 266/372/228 268/368/228
f 259/373/229 249/346/229 246/348/229
f 262/374/230 247/375/230 263/376/230
f 248/377/231 254/378/231 264/379/231
f 253/380/232 248/377/232 257/381/232
f 258/382/233 248/356/233 249/346/233
f 263/376/234 248/383/234 264/384/234
f 247/375/235 262/374/235 261/366/235
f 265/359/222 246/371/222 269/360/222
f 269/363/223 246/351/223 251/352/223
f 251/352/223 260/385/223 270/362/223
f 268/368/228 255/367/228 246/348/228
f 255/367/228 259/373/228 246/348/228
f 259/373/229 258/382/229 249/346/229
f 248/377/231 253/380/231 254/378/231
f 258/382/233 257/386/233 248/356/233
f 263/376/234 247/375/234 248/383/234
f 251/355/236 249/354/236 261/366/236
f 249/354/237 247/375/237 261/366/237
o Cube.001_cell.011_Cube.001_cell.009
v -0.050510 0.063679 0.039577
v -0.061040 0.109994 -0.091066
v -0.066818 0.025181 0.078756
v -0.071703 0.017410 0.080945
v 0.036680 0.026044 0.018460
v 0.015041 0.063993 -0.066913
v -0.031114 0.052828 0.044895
v 0.006416 0.072067 -0.076238
v -0.055378 0.109358 -0.096516
v 0.012605 -0.032901 -0.109496
v 0.007358 0.018693 -0.114168
v 0.042546 -0.070278 0.011762
v 0.012317 0.058235 -0.082294
v 0.046305 -0.066010 0.029481
v 0.049280 -0.052195 0.045058
v -0.050566 -0.104672 -0.116276
v -0.003940 0.027637 0.059928
v 0.040463 0.009046 0.046837
v -0.033371 -0.103274 -0.113051
v -0.020413 -0.136735 -0.035346
v -0.146607 -0.053441 0.029302
v 0.004228 -0.092528 0.063266
v -0.016128 -0.132143 0.041112
v 0.044692 -0.054471 0.048582
v -0.028129 -0.145137 -0.020703
v -0.156914 -0.052717 0.000178
v -0.150269 -0.054285 0.019043
v -0.115109 0.052605 -0.113101
v -0.124638 0.036051 -0.102796
v -0.117084 0.044279 -0.114720
v -0.090460 -0.120335 -0.065722
v -0.130887 -0.085399 -0.039118
v -0.085298 -0.123099 -0.063753
v -0.062300 -0.135108 -0.055943
v -0.067194 -0.119563 -0.091152
v -0.066288 -0.122666 -0.084357
v -0.155144 -0.036680 -0.026292
v -0.151350 -0.028621 -0.044011
v -0.137739 -0.068077 -0.040135
v -0.082276 0.039921 -0.131804
v -0.091910 0.025057 -0.132537
v -0.063477 0.074146 -0.127684
v -0.062203 0.069594 -0.129975
v -0.156331 -0.044559 -0.012288
v -0.117084 0.044279 -0.114720
v -0.124638 0.036051 -0.102796
v -0.115109 0.052605 -0.113101
v -0.062300 -0.135108 -0.055943
v -0.085298 -0.123099 -0.063753
v -0.090460 -0.120335 -0.065722
v -0.067194 -0.119563 -0.091152
v -0.066288 -0.122666 -0.084357
v -0.062203 0.069594 -0.129975
v -0.082276 0.039921 -0.131804
v -0.091910 0.025057 -0.132537
v -0.063477 0.074146 -0.127684
v -0.151350 -0.028621 -0.044011
v -0.137739 -0.068077 -0.040135
v -0.130887 -0.085399 -0.039118
v -0.156914 -0.052717 0.000178
v -0.156331 -0.044559 -0.012288
v -0.155144 -0.036680 -0.026292
vt 0.627492 0.289662
vt 0.634787 0.295173
vt 0.626657 0.285416
vt 0.480880 0.487091
vt 0.493367 0.476058
vt 0.489433 0.474968
vt 0.600286 0.275937
vt 0.608010 0.293822
vt 0.674286 0.334117
vt 0.665508 0.330444
vt 0.666133 0.350748
vt 0.473325 0.470658
vt 0.479323 0.483991
vt 0.599232 0.278574
vt 0.611773 0.301891
vt 0.626657 0.289021
vt 0.665981 0.359758
vt 0.687363 0.340771
vt 0.679441 0.336777
vt 0.277235 0.507092
vt 0.326723 0.467180
vt 0.326325 0.458029
vt 0.326614 0.194710
vt 0.207912 0.200884
vt 0.319850 0.200884
vt 0.327588 0.376492
vt 0.201971 0.417571
vt 0.230487 0.519495
vt 0.308271 0.515976
vt 0.327588 0.515439
vt 0.416402 0.200884
vt 0.354003 0.201949
vt 0.375704 0.348692
vt 0.188461 0.381690
vt 0.025432 0.418052
vt 0.125374 0.409076
vt 0.066657 0.395879
vt 0.120698 0.406217
vt 0.190765 0.472133
vt 0.236257 0.537767
vt 0.187852 0.477208
vt 0.173152 0.194527
vt 0.106960 0.185616
vt 0.119268 0.205825
vt 0.064927 0.106465
vt 0.004195 0.067219
vt 0.045941 0.177406
vt 0.027439 0.165706
vt 0.000000 0.068698
vt 0.044432 0.569757
vt 0.023127 0.491801
vt 0.011372 0.478410
vt 0.109248 0.441094
vt 0.113882 0.423775
vt 0.184402 0.177490
vt 0.187852 0.160624
vt 0.155997 0.058759
vt 0.079863 0.101514
vt 0.074938 0.116360
vt 0.187852 0.015390
vt 0.180077 0.003579
vt 0.112497 0.064571
vt 0.125374 0.563375
vt 0.342824 0.141519
vt 0.188998 0.162997
vt 0.189184 0.177453
vt 0.200640 0.193196
vt 0.386142 0.350568
vt 0.442417 0.314697
vt 0.463552 0.256192
vt 0.454037 0.231676
vt 0.031595 0.030221
vt 0.441589 0.329561
vt 0.485143 0.242007
vt 0.465877 0.261720
vt 0.010535 0.552620
vt 0.033116 0.575153
vt 0.000000 0.517413
vt 0.008401 0.545826
vt 0.188358 0.147374
vt 0.229112 0.027159
vt 0.307829 0.006853
vt 0.268156 0.000000
vt 0.307012 0.011453
vt 0.502869 0.235321
vt 0.487539 0.369829
vt 0.502869 0.338146
vt 0.056053 0.000000
vt 0.049285 0.009107
vt 0.036186 0.028010
vt 0.440783 0.361727
vt 0.479269 0.372100
vt 0.404766 0.355647
vt 0.217711 0.044868
vt 0.187852 0.128402
vn -0.6864 0.2962 -0.6641
vn -0.8864 0.2817 -0.3672
vn -0.5460 0.2964 -0.7835
vn -0.3442 -0.8764 -0.3368
vn -0.3529 -0.8680 -0.3493
vn -0.3496 -0.8713 -0.3443
vn -0.3871 0.3168 -0.8659
vn -0.3840 0.3030 -0.8722
vn -0.8827 -0.3521 -0.3113
vn -0.8779 -0.3363 -0.3409
vn -0.8854 -0.3625 -0.2909
vn -0.3439 -0.8769 -0.3357
vn -0.3430 -0.8776 -0.3349
vn -0.3969 0.3215 -0.8597
vn -0.3907 0.2962 -0.8715
vn -0.8864 -0.3672 -0.2817
vn 0.2824 0.0915 0.9549
vn -0.7582 0.5672 0.3216
vn -0.2902 -0.3440 0.8930
vn 0.2895 0.0462 0.9560
vn 0.3005 0.0469 0.9526
vn 0.4548 0.7638 0.4579
vn 0.1949 0.6490 0.7354
vn 0.1732 0.6655 0.7260
vn -0.5150 -0.8132 0.2709
vn -0.2910 -0.3487 0.8909
vn 0.6943 -0.5885 0.4143
vn 0.6697 -0.5003 0.5488
vn 0.3020 0.0463 0.9522
vn 0.4685 0.7840 0.4072
vn 0.5887 0.0613 0.8061
vn 0.9886 0.1436 -0.0458
vn 0.4309 0.8610 0.2702
vn 0.4101 0.8689 0.2770
vn 0.4437 0.8536 0.2730
vn 0.3720 0.8839 0.2834
vn 0.1839 -0.8913 -0.4145
vn 0.7290 -0.6845 -0.0086
vn 0.7264 -0.6873 0.0034
vn 0.7280 -0.6854 0.0106
vn 0.7022 -0.5939 0.3926
vn 0.9761 0.0320 -0.2148
vn 0.9731 0.0511 -0.2245
vn 0.9725 0.0694 -0.2221
vn 0.9743 0.0862 -0.2081
vn 0.9742 0.0908 -0.2066
vn 0.5166 0.8234 0.2351
vn 0.8095 0.4882 -0.3261
vn 0.5328 0.5197 -0.6679
vn 0.1897 -0.0745 -0.9790
vn 0.1847 -0.0700 -0.9803
vn 0.7923 -0.5000 -0.3497
vn 0.7912 -0.5026 -0.3484
vn 0.9666 0.0761 -0.2448
vn -0.7501 0.6003 0.2776
vn -0.8054 0.5125 0.2978
vn -0.9422 0.0265 0.3341
vn -0.5303 -0.8083 0.2557
vn -0.5160 -0.8133 0.2689
vn 0.5204 0.4957 -0.6953
vn -0.6959 -0.3132 -0.6462
vn 0.1526 -0.8912 -0.4272
vn 0.1653 -0.8947 -0.4150
vn -0.7500 0.6016 0.2748
vn -0.4450 0.6488 -0.6173
vn -0.4758 0.6680 -0.5722
vn -0.6938 -0.3030 -0.6533
vn 0.1774 -0.0665 -0.9819
vn 0.1789 -0.0605 -0.9820
vn -0.6959 -0.3040 -0.6506
vn -0.7574 0.5795 0.3008
vn -0.6597 -0.7317 0.1716
vn 0.5205 0.4954 -0.6955
vn 0.5205 0.4956 -0.6953
vn -0.7502 0.6018 0.2738
vn -0.7503 0.6020 0.2731
vn -0.7652 0.5765 0.2865
vn -0.7312 0.6662 0.1465
usemtl Material.002
s 1
f 335/387/238 336/388/239 337/389/240
f 340/390/241 341/391/242 342/392/243
f 337/389/240 346/393/244 344/394/245
f 352/395/246 347/396/247 348/397/248
f 342/392/243 338/398/249 339/399/250
f 339/399/250 340/390/241 342/392/243
f 346/393/244 343/400/251 344/394/245
f 344/394/245 345/401/252 335/402/238
f 335/402/238 337/389/240 344/394/245
f 349/403/253 316/404/253 348/397/248
f 316/404/253 334/405/253 348/397/248
f 334/405/253 352/395/246 348/397/248
usemtl Material.003
s off
f 307/406/254 293/407/254 294/408/254
f 293/409/255 311/410/255 294/411/255
f 311/412/256 312/413/256 294/408/256
f 312/413/257 307/406/257 294/408/257
f 312/413/258 308/414/258 307/406/258
f 308/414/259 297/415/259 307/406/259
f 297/415/260 293/407/260 307/406/260
f 297/415/261 291/416/261 293/407/261
f 315/417/262 313/418/262 311/419/262
f 313/420/263 312/413/263 311/412/263
f 313/421/264 305/422/264 312/423/264
f 305/422/265 314/424/265 312/423/265
f 314/425/266 308/414/266 312/413/266
f 295/426/267 297/415/267 308/414/267
f 314/425/268 305/427/268 308/414/268
f 305/428/269 295/429/269 308/430/269
f 298/431/270 299/432/270 297/433/270
f 299/432/271 291/434/271 297/433/271
f 295/429/272 298/431/272 297/433/272
f 299/432/273 292/435/273 291/434/273
f 309/436/274 310/437/274 315/438/274
f 310/437/275 302/439/275 315/438/275
f 302/439/276 313/421/276 315/438/276
f 302/439/277 304/440/277 313/421/277
f 304/440/278 305/422/278 313/421/278
f 304/441/279 302/442/279 305/428/279
f 302/442/280 300/443/280 305/428/280
f 300/443/281 303/444/281 305/428/281
f 303/444/282 295/429/282 305/428/282
f 303/444/283 296/445/283 295/429/283
f 296/445/284 298/431/284 295/429/284
f 296/445/285 303/444/285 298/431/285
f 303/444/286 299/432/286 298/431/286
f 300/443/287 309/446/287 306/447/287
f 301/448/288 300/443/288 306/447/288
f 300/449/289 302/439/289 309/436/289
f 302/439/290 310/437/290 309/436/290
f 301/448/291 303/444/291 300/443/291
f 291/450/292 351/451/292 293/409/292
f 311/410/293 351/451/293 350/452/293
f 311/410/294 350/452/294 317/453/294
f 311/419/295 317/454/295 322/455/295
f 315/417/296 323/456/296 324/457/296
f 332/458/297 299/432/297 303/444/297
f 329/459/298 325/460/298 321/461/298
f 309/436/299 325/462/299 306/463/299
f 309/436/300 324/464/300 326/465/300
f 327/466/301 351/451/301 291/450/301
f 318/467/302 299/468/302 332/469/302
f 292/470/303 299/468/303 318/467/303
f 306/471/304 320/472/304 331/473/304
f 301/448/305 331/474/305 330/475/305
f 301/448/306 330/475/306 333/476/306
f 329/459/307 328/477/307 319/478/307
f 311/410/308 293/409/308 351/451/308
f 321/461/295 323/456/295 322/455/295
f 323/456/295 311/419/295 322/455/295
f 317/454/309 350/479/309 322/455/309
f 315/417/296 311/419/296 323/456/296
f 301/448/310 333/476/310 303/444/310
f 333/476/311 332/458/311 303/444/311
f 321/461/298 322/455/298 329/459/298
f 329/459/298 306/471/298 325/460/298
f 309/436/299 326/465/299 325/462/299
f 309/436/300 315/438/300 324/464/300
f 291/450/312 292/470/312 319/480/312
f 292/470/313 318/467/313 319/480/313
f 319/480/314 328/481/314 291/450/314
f 328/481/315 327/466/315 291/450/315
f 301/448/305 306/447/305 331/474/305
f 320/472/307 306/471/307 319/478/307
f 306/471/307 329/459/307 319/478/307
o Cube.001_cell.012_Cube.001_cell.010
v -0.020788 -0.138484 -0.036578
v -0.033107 -0.104769 -0.114156
v -0.028351 -0.147230 -0.021542
v -0.063772 -0.118075 -0.097371
v -0.062918 -0.122100 -0.088308
v -0.060327 -0.133842 -0.061950
v -0.058256 -0.113303 -0.113125
v -0.003132 -0.159207 -0.044599
v 0.000000 -0.158388 -0.048981
v 0.000000 -0.131999 -0.112688
v -0.002837 -0.125758 -0.125580
v -0.026094 -0.163347 -0.014278
v -0.057895 -0.138173 -0.052037
v 0.005026 -0.152679 -0.058906
v 0.001266 -0.137065 -0.099487
v -0.050683 -0.106763 -0.118240
v -0.024871 -0.107801 -0.126014
v -0.057895 -0.138173 -0.052037
v -0.060327 -0.133842 -0.061950
v -0.062918 -0.122100 -0.088308
v -0.063772 -0.118075 -0.097371
v -0.058256 -0.113303 -0.113125
v -0.002837 -0.125758 -0.125580
v 0.000000 -0.131999 -0.112688
v 0.000000 -0.158388 -0.048981
v -0.003132 -0.159207 -0.044599
v -0.026094 -0.163347 -0.014278
v 0.005026 -0.152679 -0.058906
v 0.001266 -0.137065 -0.099487
v -0.024871 -0.107801 -0.126014
v -0.050683 -0.106763 -0.118240
vt 0.467257 0.437862
vt 0.465246 0.439480
vt 0.470977 0.468069
vt 0.491730 0.437172
vt 0.472258 0.435227
vt 0.600070 0.376814
vt 0.579814 0.370027
vt 0.567287 0.376814
vt 0.450771 0.450740
vt 0.476447 0.469925
vt 0.491334 0.473333
vt 0.498027 0.437862
vt 0.496496 0.474530
vt 0.504561 0.472323
vt 0.504561 0.439540
vt 0.594258 0.372197
vt 0.921604 0.453422
vt 0.920102 0.466688
vt 0.957617 0.483217
vt 0.960873 0.403033
vt 0.926294 0.412617
vt 0.967296 0.485252
vt 0.945553 0.490853
vt 0.351433 0.386643
vt 0.329037 0.389461
vt 0.328659 0.397826
vt 0.327588 0.422227
vt 0.351433 0.460308
vt 0.328027 0.432075
vt 0.967296 0.386207
vt 0.934058 0.397625
vt 0.339506 0.376492
vt 0.331708 0.379579
vt 0.335011 0.485411
vt 0.344425 0.470897
vt 0.959774 0.371342
vt 0.920464 0.480373
vt 0.930593 0.401549
vn -0.2062 -0.9042 -0.3739
vn -0.2910 -0.8857 -0.3617
vn -0.2965 -0.8969 -0.3280
vn 0.2817 -0.8864 -0.3672
vn -0.2995 -0.7714 -0.5613
vn -0.2817 -0.3672 -0.8864
vn -0.2965 -0.8037 -0.5158
vn -0.2953 -0.8908 -0.3452
vn -0.2871 -0.8911 -0.3513
vn -0.2817 -0.8864 -0.3672
vn -0.2657 -0.8907 -0.3689
vn 0.6118 0.7563 0.2315
vn 0.6154 0.7531 0.2327
vn -0.0447 0.9600 -0.2764
vn -0.1625 0.8960 0.4133
vn -0.1610 0.8956 0.4148
vn -0.1715 0.8866 0.4295
vn 0.7157 0.3840 0.5833
vn -0.6533 0.7571 0.0005
vn -0.6647 0.2276 0.7116
vn 0.7166 0.3675 0.5928
vn -0.1898 0.9081 0.3732
usemtl Material.002
s 1
f 377/482/316 378/483/317 370/484/318
f 377/482/316 381/485/319 380/486/319
f 374/487/320 382/488/321 375/489/322
f 379/490/323 370/484/318 378/483/317
f 370/484/318 371/491/324 377/482/316
f 371/491/324 372/492/325 376/493/326
f 372/492/325 373/494/325 374/495/320
f 376/493/326 372/492/325 374/495/320
f 374/495/320 375/496/322 376/493/326
f 376/493/326 377/482/316 371/491/324
f 377/482/316 376/493/326 381/485/319
f 374/487/320 368/497/321 382/488/321
usemtl Material.003
s off
f 367/498/327 362/499/327 354/500/327
f 367/498/328 353/501/328 366/502/328
f 383/503/329 354/500/329 369/504/329
f 354/505/330 356/506/330 357/507/330
f 354/505/331 358/508/331 353/509/331
f 365/510/332 353/509/332 358/508/332
f 353/501/333 355/511/333 360/512/333
f 383/513/334 359/514/334 356/506/334
f 364/515/335 355/516/335 365/510/335
f 360/512/336 355/511/336 364/517/336
f 363/518/327 369/504/327 362/499/327
f 369/504/327 354/500/327 362/499/327
f 354/500/327 353/501/327 367/498/327
f 354/505/337 383/513/337 356/506/337
f 354/505/331 357/507/331 358/508/331
f 365/510/332 355/516/332 353/509/332
f 360/512/333 361/519/333 353/501/333
f 361/519/333 366/502/333 353/501/333
o Cube.001_cell.013_Cube.001_cell.011
v 0.000000 0.126395 -0.126217
v 0.012968 0.058806 -0.084024
v 0.006604 0.073618 -0.078228
v 0.008300 0.020086 -0.115368
v -0.054099 0.109933 -0.097783
v 0.000000 0.042335 -0.161037
v 0.063304 0.078149 -0.126081
v 0.056443 0.100107 -0.119166
v 0.051703 0.114776 -0.114597
v 0.056085 0.003539 -0.154216
v 0.035515 0.018210 -0.158074
v 0.073313 0.035804 -0.136825
v 0.025806 0.132349 -0.092043
v 0.020995 0.135576 -0.087945
v 0.000000 0.140143 -0.093028
v -0.053108 0.114460 -0.114282
v -0.051603 0.121049 -0.099527
v -0.007448 0.137396 -0.093945
v -0.061354 0.077866 -0.126818
v -0.058947 0.069596 -0.131009
v -0.013284 0.048453 -0.154280
v 0.035515 0.018210 -0.158074
v 0.000000 0.042335 -0.161037
v 0.051703 0.114776 -0.114597
v 0.056443 0.100107 -0.119166
v 0.063304 0.078149 -0.126081
v 0.073313 0.035804 -0.136825
v 0.056085 0.003539 -0.154216
v 0.020995 0.135576 -0.087945
v 0.025806 0.132349 -0.092043
v 0.000000 0.140143 -0.093028
v -0.053108 0.114460 -0.114282
v -0.051603 0.121049 -0.099527
v -0.007448 0.137396 -0.093945
v -0.061354 0.077866 -0.126818
v -0.013284 0.048453 -0.154280
v -0.058947 0.069596 -0.131009
vt 0.530719 0.273706
vt 0.528180 0.296454
vt 0.548005 0.306521
vt 0.489899 0.207978
vt 0.504561 0.193671
vt 0.488531 0.193671
vt 0.504561 0.162256
vt 0.496346 0.164072
vt 0.489444 0.189604
vt 0.597441 0.278792
vt 0.565609 0.254719
vt 0.572483 0.291906
vt 0.538380 0.313917
vt 0.565609 0.295320
vt 0.533114 0.262182
vt 0.535025 0.254719
vt 0.487448 0.205184
vt 0.504561 0.224255
vt 0.599377 0.274024
vt 0.597024 0.254719
vt 0.913925 0.731777
vt 0.852993 0.694865
vt 0.916514 0.748204
vt 0.897360 0.792837
vt 0.732627 0.899494
vt 0.731907 0.941189
vt 0.780114 0.979984
vt 0.895067 0.819029
vt 0.914292 0.834693
vt 0.794787 0.951387
vt 0.798458 0.908037
vt 0.798458 0.884719
vt 0.798378 0.869112
vt 0.774781 0.840036
vt 0.730798 0.882966
vt 0.832730 0.741608
vt 0.856958 0.780231
vt 0.864011 0.791435
vt 0.916514 0.687320
vt 0.890557 0.681452
vt 0.853389 0.686868
vt 0.336451 0.499810
vt 0.351433 0.492580
vt 0.342843 0.485411
vt 0.770433 0.834693
vt 0.832726 0.732309
vt 0.896813 0.680557
vt 0.351433 0.535159
vn 0.3009 0.3491 -0.8874
vn 0.3567 0.3016 -0.8842
vn 0.3345 0.3124 -0.8891
vn 0.2817 0.8864 -0.3672
vn 0.0000 0.7071 -0.7071
vn 0.0361 0.9232 -0.3824
vn -0.3027 0.6482 -0.6987
vn -0.2817 0.8864 -0.3672
vn -0.2817 0.3672 -0.8864
vn 0.3672 0.2817 -0.8864
vn 0.1064 0.3697 -0.9230
vn 0.2817 0.3672 -0.8864
vn 0.2997 0.5635 -0.7698
vn -0.5205 -0.4957 0.6953
vn -0.5217 -0.4979 0.6928
vn 0.3597 -0.6129 0.7035
vn -0.5176 -0.8033 -0.2946
vn 0.3925 -0.5899 0.7056
vn 0.6495 -0.0392 0.7594
vn 0.6490 -0.0365 0.7599
vn 0.6451 -0.0293 0.7635
vn 0.6376 -0.0273 0.7699
vn -0.5283 -0.5011 0.6854
vn -0.5211 -0.8009 -0.2949
vn -0.5197 -0.8014 -0.2960
vn -0.1905 0.1951 0.9621
vn -0.1935 0.1943 0.9617
vn -0.9757 0.2193 0.0016
usemtl Material.002
s 1
f 409/520/338 410/521/339 405/522/340
f 413/523/341 384/524/342 414/525/343
f 415/526/344 416/527/345 417/528/345
f 420/529/346 384/530/342 419/531/346
f 411/532/347 405/522/340 410/521/339
f 405/522/340 406/533/348 409/520/338
f 406/533/348 384/530/342 408/534/349
f 384/530/342 407/535/350 408/534/349
f 408/534/349 409/520/338 406/533/348
f 414/525/343 412/536/341 413/523/341
f 413/523/341 407/537/350 384/524/342
f 417/528/345 414/525/343 384/524/342
f 384/524/342 415/526/344 417/528/345
f 420/529/346 418/538/346 384/530/342
f 418/538/346 415/539/344 384/530/342
f 384/530/342 406/533/348 419/531/346
usemtl Material.003
s off
f 386/540/351 388/541/351 385/542/351
f 388/541/352 387/543/352 385/542/352
f 385/544/353 387/545/353 393/546/353
f 394/547/354 393/548/354 387/543/354
f 385/544/355 393/546/355 395/549/355
f 390/550/356 385/544/356 395/549/356
f 391/551/357 385/544/357 390/550/357
f 385/544/358 392/552/358 396/553/358
f 396/553/359 386/554/359 385/544/359
f 388/541/360 403/555/360 387/543/360
f 387/543/361 403/555/361 404/556/361
f 387/543/362 389/557/362 394/547/362
f 397/558/363 401/559/363 386/540/363
f 388/541/364 401/559/364 400/560/364
f 399/561/365 388/562/365 400/563/365
f 385/544/358 391/551/358 392/552/358
f 396/553/359 397/564/359 386/554/359
f 388/541/360 402/565/360 403/555/360
f 387/543/362 404/556/362 389/557/362
f 397/558/363 398/566/363 401/559/363
f 388/541/364 386/540/364 401/559/364
f 399/561/365 402/567/365 388/562/365
o Cube.001_cell.014_Cube.001_cell.012
v 0.126395 0.000000 -0.126217
v 0.106668 -0.031710 -0.119803
v 0.093427 0.008296 -0.137237
v 0.074933 0.000000 -0.147534
v 0.121775 0.020557 -0.121597
v 0.118815 -0.033727 -0.118637
v 0.127203 -0.014936 -0.112808
v 0.132072 -0.003911 -0.109512
v 0.086084 -0.027158 -0.134283
v 0.113588 -0.036281 -0.119991
v 0.074933 0.000000 -0.147534
v 0.093427 0.008296 -0.137237
v 0.121775 0.020557 -0.121597
v 0.132072 -0.003911 -0.109512
v 0.127203 -0.014936 -0.112808
v 0.118815 -0.033727 -0.118637
v 0.113588 -0.036281 -0.119991
v 0.086084 -0.027158 -0.134283
vt 0.504561 0.315767
vt 0.519961 0.311236
vt 0.504561 0.303607
vt 0.499392 0.324288
vt 0.504561 0.335718
vt 0.496533 0.315767
vt 0.507048 0.336989
vt 0.522237 0.330678
vt 0.529417 0.315767
vt 0.496770 0.317933
vt 0.670532 0.180530
vt 0.654106 0.199146
vt 0.676525 0.177678
vt 0.676733 0.172007
vt 0.666498 0.154306
vt 0.660428 0.144007
vt 0.626377 0.177361
vt 0.632115 0.144249
vt 0.622839 0.199146
vn 0.7303 0.0183 -0.6828
vn 0.3672 0.2817 -0.8864
vn 0.6078 0.3017 -0.7345
vn 0.8864 -0.2817 -0.3672
vn 0.4913 -0.2946 -0.8196
vn 0.9378 -0.0805 -0.3375
vn 0.3672 -0.2817 -0.8864
vn 0.3791 -0.1358 -0.9153
vn -0.4833 -0.7501 0.4513
vn -0.1321 -0.2394 0.9619
vn -0.1455 -0.2238 0.9637
vn -0.5343 0.1828 0.8253
vn -0.5390 0.1802 0.8228
usemtl Material.002
s 1
f 421/568/366 432/569/367 433/570/368
f 421/568/366 435/571/369 436/572/370
f 433/570/368 434/573/371 421/568/366
f 421/568/366 437/574/372 438/575/372
f 421/568/366 431/576/373 432/569/367
f 421/568/366 434/577/371 435/571/369
f 438/575/372 431/576/373 421/568/366
f 421/568/366 436/572/370 437/574/372
usemtl Material.003
s off
f 422/578/374 429/579/374 430/580/374
f 422/578/375 426/581/375 427/582/375
f 422/578/376 427/582/376 428/583/376
f 423/584/377 428/583/377 425/585/377
f 423/584/378 429/579/378 422/578/378
f 422/578/375 430/580/375 426/581/375
f 423/584/377 422/578/377 428/583/377
f 423/584/378 424/586/378 429/579/378
o Cube.001_cell.015_Cube.001_cell.013
v 0.126395 -0.126395 0.000178
v 0.000000 -0.178750 0.000178
v 0.054161 -0.070184 0.009964
v 0.043957 -0.071786 0.011650
v -0.019274 -0.138173 -0.034533
v 0.056229 -0.067026 0.027601
v 0.047646 -0.067602 0.028514
v -0.015449 -0.134856 0.040663
v -0.027556 -0.146709 -0.019522
v 0.121746 -0.121746 0.020866
v 0.033932 -0.153771 0.034446
v 0.000000 -0.162498 0.039413
v -0.022295 -0.169515 0.000178
v -0.015541 -0.159587 0.034518
v -0.014084 -0.157285 0.041192
v 0.000000 -0.160329 -0.044295
v -0.024983 -0.164701 -0.011467
v 0.007124 -0.152619 -0.057440
v 0.086140 -0.125376 -0.055493
v 0.114354 -0.114354 -0.053400
v 0.124100 -0.116472 0.020332
v 0.138614 -0.084104 0.016851
v 0.142220 -0.088192 0.000178
v 0.140643 -0.086331 0.007565
v 0.128182 -0.093580 -0.036968
v 0.121746 -0.121746 0.020866
v 0.033932 -0.153771 0.034446
v 0.000000 -0.162498 0.039413
v -0.014084 -0.157285 0.041192
v -0.015541 -0.159587 0.034518
v -0.022295 -0.169515 0.000178
v -0.024983 -0.164701 -0.011467
v 0.000000 -0.160329 -0.044295
v 0.007124 -0.152619 -0.057440
v 0.086140 -0.125376 -0.055493
v 0.114354 -0.114354 -0.053400
v 0.124100 -0.116472 0.020332
v 0.142220 -0.088192 0.000178
v 0.140643 -0.086331 0.007565
v 0.138614 -0.084104 0.016851
v 0.128182 -0.093580 -0.036968
vt 0.443514 0.376814
vt 0.431276 0.376814
vt 0.426261 0.420771
vt 0.424564 0.437862
vt 0.423290 0.445079
vt 0.426546 0.445750
vt 0.443514 0.437862
vt 0.449365 0.450155
vt 0.464994 0.437862
vt 0.465364 0.437659
vt 0.471631 0.434133
vt 0.474625 0.392034
vt 0.443514 0.358363
vt 0.439518 0.357892
vt 0.431808 0.373993
vt 0.464350 0.363859
vt 0.443514 0.448630
vt 0.475207 0.376814
vt 0.434457 0.357391
vt 0.427543 0.552656
vt 0.368747 0.632380
vt 0.371290 0.642215
vt 0.354003 0.637725
vt 0.356154 0.645796
vt 0.835889 0.255150
vt 0.833558 0.263214
vt 0.873907 0.343986
vt 0.418588 0.543157
vt 0.367389 0.560360
vt 0.458587 0.653029
vt 0.435638 0.701941
vt 0.456801 0.682424
vt 0.399271 0.717471
vt 0.406391 0.718076
vt 0.907579 0.304781
vt 0.903553 0.209162
vt 0.904253 0.338971
vt 0.894815 0.350212
vt 0.164159 0.287756
vt 0.166036 0.294497
vt 0.187852 0.294868
vt 0.179482 0.234758
vt 0.161592 0.241993
vt 0.156310 0.253328
vt 0.165649 0.216377
vt 0.187852 0.222725
vt 0.458587 0.571924
vt 0.390370 0.716634
vt 0.907579 0.213096
vt 0.173213 0.205825
vt 0.878861 0.184923
vn 0.7071 -0.7071 0.0000
vn 0.6534 -0.6938 0.3028
vn 0.3434 -0.8876 0.3069
vn -0.0244 -0.9236 0.3825
vn -0.2817 -0.8864 0.3672
vn -0.2974 -0.8846 0.3591
vn -0.0055 -1.0000 -0.0035
vn -0.3394 -0.8797 -0.3330
vn 0.1872 -0.9091 -0.3720
vn 0.3132 -0.8834 -0.3484
vn 0.3570 -0.8859 -0.2962
vn 0.9232 -0.3824 0.0393
vn 0.8864 -0.3672 0.2817
vn 0.8864 -0.3672 -0.2817
vn -0.3826 -0.9237 -0.0159
vn 0.6040 -0.7377 -0.3015
vn -0.2222 0.6905 -0.6884
vn -0.1839 0.9627 -0.1986
vn -0.0836 0.9826 -0.1661
vn 0.0998 0.0855 0.9913
vn -0.7282 0.6853 0.0115
vn -0.7229 0.6909 -0.0060
vn -0.7187 0.6952 -0.0153
vn -0.2187 0.6907 -0.6893
vn 0.1741 0.9630 -0.2055
vn 0.1392 0.0381 0.9895
vn 0.1368 0.0317 0.9901
vn -0.9716 -0.0537 0.2306
vn -0.9774 -0.0475 0.2060
vn -0.7156 -0.3681 -0.5936
vn -0.7159 -0.3588 -0.5990
vn -0.2208 0.6898 -0.6895
vn 0.1749 0.9654 -0.1934
vn 0.1383 0.0444 0.9894
vn 0.1741 0.9631 -0.2055
vn -0.7160 -0.3591 -0.5986
usemtl Material.002
s 1
f 439/587/379 464/588/380 465/589/381
f 466/590/382 467/591/383 468/592/384
f 440/593/385 470/594/386 471/595/387
f 471/596/387 472/597/388 473/598/389
f 476/599/390 477/600/391 475/601/391
f 439/587/379 479/602/392 476/599/390
f 466/590/382 440/593/385 465/589/381
f 440/593/385 439/587/379 465/589/381
f 468/592/384 469/603/393 440/593/385
f 440/593/385 466/590/382 468/592/384
f 440/593/385 469/603/393 470/594/386
f 474/604/394 439/587/379 473/598/389
f 439/587/379 440/593/385 473/598/389
f 440/593/385 471/596/387 473/598/389
f 478/605/391 475/601/391 477/600/391
f 475/601/391 464/588/380 439/587/379
f 476/599/390 475/601/391 439/587/379
f 439/587/379 474/604/394 479/602/392
usemtl Material.003
s off
f 443/606/395 442/607/395 441/608/395
f 442/607/396 445/609/396 441/608/396
f 445/609/397 444/610/397 441/608/397
f 444/611/398 445/612/398 446/613/398
f 445/609/399 447/614/399 446/615/399
f 445/609/400 443/606/400 447/614/400
f 445/609/401 442/607/401 443/606/401
f 457/616/402 463/617/402 458/618/402
f 463/617/403 462/619/403 461/620/403
f 449/621/404 459/622/404 446/613/404
f 450/623/405 446/613/405 453/624/405
f 452/625/406 453/626/406 446/627/406
f 447/628/407 455/629/407 451/630/407
f 455/629/408 447/628/408 454/631/408
f 443/632/409 454/631/409 447/628/409
f 456/633/410 441/608/410 457/616/410
f 460/634/411 441/608/411 444/610/411
f 459/622/412 444/611/412 446/613/412
f 457/616/402 441/608/402 463/617/402
f 463/617/413 441/608/413 462/619/413
f 449/621/404 448/635/404 459/622/404
f 450/623/405 449/621/405 446/613/405
f 452/625/407 446/627/407 451/630/407
f 446/627/407 447/628/407 451/630/407
f 443/632/414 456/636/414 454/631/414
f 456/633/410 443/606/410 441/608/410
f 460/634/411 462/619/411 441/608/411
f 459/622/412 460/637/412 444/611/412
o Cube.001_cell.016_Cube.001_cell.014
v 0.104520 -0.031708 -0.118362
v 0.053783 -0.068387 0.008964
v 0.055201 -0.064378 0.028019
v 0.068919 -0.048563 0.043774
v 0.013878 0.057080 -0.083441
v 0.017346 0.063923 -0.066515
v 0.095252 0.083721 -0.008221
v 0.044634 -0.069160 0.011153
v 0.014792 -0.032785 -0.110145
v 0.009964 0.018149 -0.114257
v 0.039080 0.026008 0.018270
v 0.046155 0.008632 0.043760
v 0.048387 -0.065050 0.029136
v 0.051134 -0.051744 0.044175
v 0.067297 0.000000 -0.150697
v 0.075882 0.033577 -0.136469
v 0.120840 0.024718 -0.120662
v 0.117541 0.039397 -0.117363
v 0.151751 0.036965 0.036950
v 0.144399 0.054658 0.037023
v 0.137653 0.070938 0.037034
v 0.136942 0.090279 0.014064
v 0.143640 0.084763 0.000178
v 0.139846 0.087987 0.007913
v 0.161243 0.042266 0.000178
v 0.149486 0.023419 -0.052501
v 0.134341 0.001195 -0.106118
v 0.135992 0.066029 -0.048300
v 0.055763 -0.021433 -0.148662
v 0.057847 -0.000386 -0.154488
v 0.073828 -0.024362 -0.140249
v 0.069377 -0.006344 -0.147819
v 0.057847 -0.000386 -0.154488
v 0.075882 0.033577 -0.136469
v 0.117541 0.039397 -0.117363
v 0.120840 0.024718 -0.120662
v 0.067297 0.000000 -0.150697
v 0.136942 0.090279 0.014064
v 0.137653 0.070938 0.037034
v 0.144399 0.054658 0.037023
v 0.151751 0.036965 0.036950
v 0.161243 0.042266 0.000178
v 0.143640 0.084763 0.000178
v 0.139846 0.087987 0.007913
v 0.149486 0.023419 -0.052501
v 0.134341 0.001195 -0.106118
v 0.135992 0.066029 -0.048300
v 0.069377 -0.006344 -0.147819
v 0.073828 -0.024362 -0.140249
v 0.055763 -0.021433 -0.148662
vt 0.526040 0.297366
vt 0.504561 0.292462
vt 0.504561 0.301145
vt 0.443514 0.274827
vt 0.439320 0.272812
vt 0.423711 0.279503
vt 0.469415 0.281388
vt 0.469822 0.303591
vt 0.531801 0.319131
vt 0.528631 0.328853
vt 0.537833 0.326961
vt 0.533105 0.315767
vt 0.537518 0.314357
vt 0.435921 0.271277
vt 0.424289 0.287939
vt 0.424918 0.297078
vt 0.443514 0.295353
vt 0.494932 0.315111
vt 0.537648 0.315767
vt 0.490173 0.166268
vt 0.499662 0.149712
vt 0.492794 0.147499
vt 0.425551 0.027299
vt 0.487643 0.036864
vt 0.250911 0.924081
vt 0.195053 0.953899
vt 0.260026 0.973062
vt 0.298774 0.365393
vt 0.347465 0.351418
vt 0.354003 0.228067
vt 0.304443 0.261671
vt 0.293414 0.353111
vt 0.470846 0.182802
vt 0.495326 0.167411
vt 0.485136 0.183214
vt 0.341428 0.205796
vt 0.310755 0.231637
vt 0.350062 0.213752
vt 0.225604 0.285280
vt 0.325692 0.200884
vt 0.260887 0.887144
vt 0.204339 0.973062
vt 0.187852 0.925319
vt 0.430118 0.002099
vt 0.375305 0.030440
vt 0.440008 0.007507
vt 0.259851 0.376492
vt 0.187852 0.261246
vt 0.200926 0.295930
vt 0.383273 0.041850
vt 0.360758 0.095549
vt 0.342824 0.148068
vt 0.203179 0.228167
vt 0.190962 0.254610
vt 0.189546 0.257632
vt 0.207221 0.219328
vt 0.211593 0.209765
vt 0.321799 0.376492
vt 0.426971 0.000000
vt 0.449744 0.000031
vt 0.355082 0.183214
vt 0.225418 0.348119
vn 0.3651 0.2825 -0.8870
vn 0.7112 0.3083 -0.6317
vn 0.7074 0.3025 -0.6387
vn 0.9217 0.3818 0.0678
vn 0.8864 0.3672 0.2817
vn 0.8881 0.3284 -0.3214
vn 0.8879 0.3079 -0.3416
vn 0.3672 -0.2817 -0.8864
vn 0.3734 0.0539 -0.9261
vn 0.3739 -0.0714 -0.9247
vn 0.9283 0.3708 -0.0244
vn 0.8864 0.2817 -0.3672
vn 0.1287 -0.9723 0.1950
vn -0.0145 -0.9587 -0.2839
vn -0.6658 -0.1225 -0.7360
vn -0.9733 -0.0744 0.2171
vn -0.9730 -0.0731 0.2188
vn 0.0165 -0.9625 -0.2707
vn -0.9730 -0.0588 0.2231
vn 0.7146 -0.6944 0.0847
vn 0.7025 -0.7051 0.0961
vn 0.1768 -0.7674 0.6163
vn 0.1493 -0.7539 0.6398
vn -0.9663 -0.0780 0.2455
vn -0.4287 0.6867 0.5871
vn -0.5240 0.7193 0.4560
vn 0.0210 0.0086 0.9997
vn -0.3656 0.6000 -0.7116
vn -0.6574 -0.1399 -0.7405
vn -0.3881 0.5843 -0.7128
vn 0.5458 -0.1911 -0.8158
vn 0.5331 -0.2124 -0.8189
vn -0.0159 -0.9544 -0.2981
vn 0.0262 0.9249 -0.3793
vn -0.9728 -0.0731 0.2197
vn 0.0435 0.9296 -0.3661
vn 0.7237 -0.6855 0.0797
vn 0.7191 -0.6895 0.0862
vn -0.4239 0.6863 0.5910
vn 0.0315 0.9414 -0.3359
vn 0.0605 0.0210 0.9979
vn 0.0576 0.0232 0.9981
vn 0.0402 0.9285 -0.3690
vn 0.1280 -0.9723 0.1955
vn -0.9731 -0.0746 0.2179
vn -0.9727 -0.0732 0.2201
vn 0.0401 0.9286 -0.3688
vn 0.0398 0.9284 -0.3695
usemtl Material.002
s 1
f 513/638/415 514/639/416 515/640/417
f 522/641/418 523/642/419 518/643/419
f 514/639/416 526/644/420 524/645/421
f 527/646/422 528/647/422 529/648/422
f 515/640/417 516/649/423 513/638/415
f 516/649/423 512/650/424 513/638/415
f 523/642/419 517/651/419 518/643/419
f 518/643/419 519/652/419 522/641/418
f 519/652/419 520/653/419 521/654/425
f 522/641/418 519/652/419 521/654/425
f 526/644/420 522/641/418 521/654/425
f 524/645/421 525/655/426 514/639/416
f 525/655/426 515/640/417 514/639/416
f 526/644/420 521/654/425 524/645/421
f 529/648/422 512/656/424 527/646/422
f 512/656/424 516/649/423 527/646/422
usemtl Material.003
s off
f 482/657/427 487/658/427 481/659/427
f 480/660/428 487/658/428 488/661/428
f 489/662/429 509/663/429 488/664/429
f 484/665/430 488/666/430 487/667/430
f 490/668/431 484/665/431 487/667/431
f 480/660/432 481/659/432 487/658/432
f 490/668/433 485/669/433 484/665/433
f 483/670/434 481/659/434 480/660/434
f 483/670/435 482/657/435 481/659/435
f 483/670/436 492/671/436 482/657/436
f 483/670/437 493/672/437 492/671/437
f 493/673/438 491/674/438 492/675/438
f 491/674/439 486/676/439 490/668/439
f 486/676/440 485/669/440 490/668/440
f 491/674/441 493/673/441 483/677/441
f 509/663/442 489/662/442 484/678/442
f 488/664/443 509/663/443 508/679/443
f 484/678/444 495/680/444 509/663/444
f 511/681/445 496/682/445 480/660/445
f 511/681/446 480/660/446 510/683/446
f 488/661/447 510/683/447 480/660/447
f 495/684/448 484/665/448 485/669/448
f 491/674/449 487/667/449 492/675/449
f 486/676/450 502/685/450 507/686/450
f 480/660/451 506/687/451 505/688/451
f 483/670/452 505/688/452 504/689/452
f 500/690/453 486/676/453 491/674/453
f 486/676/454 501/691/454 503/692/454
f 499/693/455 483/677/455 498/694/455
f 499/693/456 491/674/456 483/677/456
f 485/669/457 486/676/457 507/686/457
f 482/657/458 492/671/458 487/658/458
f 484/665/459 489/695/459 488/666/459
f 494/696/445 496/682/445 511/681/445
f 496/682/445 506/687/445 480/660/445
f 488/661/447 508/697/447 510/683/447
f 491/674/460 490/668/460 487/667/460
f 486/676/450 503/692/450 502/685/450
f 504/689/452 498/698/452 483/670/452
f 483/670/452 480/660/452 505/688/452
f 500/690/453 501/691/453 486/676/453
f 499/693/456 500/690/456 491/674/456
f 507/686/461 497/699/461 485/669/461
f 497/699/462 495/684/462 485/669/462
o Cube.001_cell.017_Cube.001_cell.015
v 0.103201 0.103201 0.103380
v 0.126395 0.000000 0.126574
v 0.046953 0.054423 0.091511
v 0.041836 0.009232 0.048483
v 0.047002 -0.053569 0.050171
v 0.070430 -0.048074 0.045323
v 0.104522 0.104522 0.097504
v 0.114428 0.094466 0.079441
v 0.144090 0.054127 0.038689
v 0.136445 0.071923 0.039549
v 0.151609 0.035559 0.038418
v 0.159297 0.000000 0.047143
v 0.095396 0.104956 0.105134
v 0.062159 -0.020447 0.146682
v 0.062057 0.000000 0.153223
v 0.110620 -0.070194 0.110798
v 0.062788 -0.077315 0.126947
v 0.076537 -0.078981 0.121887
v 0.054483 0.064181 0.135027
v 0.052891 0.076339 0.130497
v 0.078696 0.099348 0.112765
v 0.074849 0.096052 0.115352
v 0.140730 -0.044801 0.057589
v 0.159297 0.000000 0.047143
v 0.151609 0.035559 0.038418
v 0.144090 0.054127 0.038689
v 0.136445 0.071923 0.039549
v 0.114428 0.094466 0.079441
v 0.104522 0.104522 0.097504
v 0.062057 0.000000 0.153223
v 0.062159 -0.020447 0.146682
v 0.062788 -0.077315 0.126947
v 0.076537 -0.078981 0.121887
v 0.110620 -0.070194 0.110798
v 0.054483 0.064181 0.135027
v 0.095396 0.104956 0.105134
v 0.078696 0.099348 0.112765
v 0.074849 0.096052 0.115352
v 0.052891 0.076339 0.130497
v 0.140730 -0.044801 0.057589
vt 0.423437 0.288147
vt 0.422301 0.278831
vt 0.397896 0.262806
vt 0.382466 0.254719
vt 0.385942 0.254719
vt 0.382466 0.250102
vt 0.352343 0.326545
vt 0.356286 0.359707
vt 0.363888 0.359417
vt 0.364557 0.262388
vt 0.350464 0.282037
vt 0.382466 0.315767
vt 0.415822 0.338087
vt 0.382466 0.357289
vt 0.420830 0.315767
vt 0.424191 0.297739
vt 0.351391 0.315767
vt 0.350329 0.276528
vt 0.377849 0.254719
vt 0.367165 0.260045
vt 0.717413 0.676908
vt 0.740757 0.680557
vt 0.740576 0.619427
vt 0.747485 0.301300
vt 0.645979 0.302810
vt 0.746150 0.359720
vt 0.666651 0.360402
vt 0.734438 0.579240
vt 0.684353 0.535546
vt 0.665356 0.545505
vt 0.675140 0.536211
vt 0.643640 0.566363
vt 0.637647 0.584117
vt 0.433337 0.956445
vt 0.355348 0.942607
vt 0.354003 0.956445
vt 0.361795 0.907573
vt 0.631871 0.602645
vt 0.627818 0.638197
vt 0.649962 0.680557
vt 0.435115 0.932884
vt 0.412103 0.867804
vt 0.687747 0.203114
vt 0.672906 0.248328
vt 0.703055 0.216564
vt 0.685170 0.200884
vt 0.747485 0.280462
vt 0.710983 0.226472
vt 0.701368 0.540065
vn 0.8774 0.3267 0.3513
vn 0.8864 0.3672 0.2817
vn 0.8964 0.2934 0.3322
vn 0.5696 0.5893 0.5729
vn 0.7978 0.5245 0.2972
vn 0.2938 0.4814 0.8258
vn 0.3614 -0.2846 0.8879
vn 0.2950 -0.3103 0.9037
vn 0.3356 -0.2963 0.8941
vn 0.3281 0.3045 0.8942
vn 0.3527 0.3141 0.8814
vn 0.7071 0.0061 0.7071
vn 0.8864 -0.2817 0.3672
vn 0.6129 -0.3036 0.7295
vn 0.9228 0.0481 0.3822
vn 0.8690 0.3199 0.3775
vn 0.3826 0.0183 0.9237
vn 0.2817 0.3672 0.8864
vn -0.1929 -0.0422 -0.9803
vn -0.9808 -0.0736 0.1807
vn -0.9811 -0.0759 0.1782
vn -0.4877 0.6303 -0.6040
vn -0.4828 0.6255 -0.6130
vn -0.4744 0.6281 -0.6168
vn -0.0980 0.0060 -0.9952
vn -0.2067 -0.9459 -0.2500
vn 0.1157 -0.9203 -0.3737
vn -0.0704 -0.0140 -0.9974
vn 0.1776 -0.2926 -0.9396
vn 0.1181 -0.8907 -0.4391
vn -0.7355 0.6323 -0.2434
vn -0.7240 0.6369 -0.2650
vn -0.9809 -0.0636 0.1840
vn -0.4787 0.6298 -0.6117
vn 0.1329 -0.2090 -0.9688
vn -0.9812 -0.0602 0.1833
vn -0.9809 -0.0638 0.1837
vn -0.9809 -0.0637 0.1839
usemtl Material.002
s 1
f 555/700/463 556/701/464 557/702/465
f 530/703/466 558/704/467 565/705/468
f 560/706/469 561/707/470 562/708/471
f 567/709/472 564/710/473 531/711/474
f 569/712/475 531/711/474 563/713/476
f 557/702/465 558/704/467 530/703/466
f 530/703/466 531/711/474 557/702/465
f 531/711/474 553/714/477 554/715/478
f 557/702/465 531/711/474 555/700/463
f 554/715/478 555/700/463 531/711/474
f 562/708/471 563/713/476 560/706/469
f 563/713/476 531/711/474 560/706/469
f 531/711/474 559/716/479 560/706/469
f 567/709/472 568/717/480 564/710/473
f 564/710/473 559/716/479 531/711/474
f 531/711/474 530/703/466 567/709/472
f 530/703/466 565/718/468 566/719/480
f 567/709/472 530/703/466 566/719/480
f 569/712/475 553/714/477 531/711/474
usemtl Material.003
s off
f 535/720/481 534/721/481 533/722/481
f 543/723/482 533/724/482 546/725/482
f 534/726/483 546/725/483 533/724/483
f 532/727/484 542/728/484 533/722/484
f 537/729/485 542/728/485 536/730/485
f 533/722/486 537/729/486 539/731/486
f 533/722/487 538/732/487 535/720/487
f 534/733/488 547/734/488 546/735/488
f 534/733/489 545/736/489 547/734/489
f 540/737/490 535/720/490 538/732/490
f 535/720/491 541/738/491 552/739/491
f 535/740/492 552/741/492 534/733/492
f 551/742/493 532/743/493 549/744/493
f 550/745/494 532/743/494 551/742/494
f 544/746/495 548/747/495 532/743/495
f 532/727/484 550/748/484 542/728/484
f 537/729/496 533/722/496 542/728/496
f 533/722/487 539/731/487 538/732/487
f 534/733/489 552/741/489 545/736/489
f 535/720/497 540/737/497 541/738/497
f 549/744/498 532/743/498 548/747/498
f 532/743/499 533/724/499 543/723/499
f 544/746/500 532/743/500 543/723/500
o Cube.001_cell.019_Cube.001_cell.016
v 0.000000 0.126395 0.126574
v -0.094773 0.041903 0.121194
v -0.104774 0.045159 0.112270
v -0.031476 0.053675 0.046735
v 0.045419 0.056095 0.091220
v -0.003794 0.029435 0.061089
v -0.050093 0.065428 0.041071
v -0.066927 0.026064 0.080815
v -0.083122 0.031021 0.095738
v -0.054077 0.071602 0.132082
v 0.000000 0.075992 0.147451
v -0.036810 0.118123 0.118301
v -0.060494 0.056961 0.135767
v -0.104866 0.110985 0.076722
v -0.099332 0.112230 0.080017
v -0.094726 0.120408 0.060291
v -0.050765 0.144003 0.043345
v -0.078659 0.135178 0.034758
v -0.042061 0.146302 0.046240
v 0.000000 0.149528 0.070728
v -0.006727 0.149025 0.066779
v -0.031945 0.147105 0.052064
v 0.072313 0.110143 0.110322
v 0.009018 0.076286 0.144463
v 0.077144 0.101047 0.112554
v 0.051189 0.078029 0.130338
v -0.036810 0.118123 0.118301
v -0.054077 0.071602 0.132082
v -0.060494 0.056961 0.135767
v 0.000000 0.075992 0.147451
v -0.099332 0.112230 0.080017
v 0.000000 0.149528 0.070728
v -0.006727 0.149025 0.066779
v -0.031945 0.147105 0.052064
v -0.042061 0.146302 0.046240
v -0.050765 0.144003 0.043345
v -0.078659 0.135178 0.034758
v -0.094726 0.120408 0.060291
v -0.104866 0.110985 0.076722
v 0.072313 0.110143 0.110322
v 0.009018 0.076286 0.144463
v 0.051189 0.078029 0.130338
v 0.077144 0.101047 0.112554
vt 0.292138 0.278022
vt 0.321418 0.279064
vt 0.299644 0.254719
vt 0.409220 0.142660
vt 0.382466 0.171897
vt 0.421144 0.167632
vt 0.409439 0.193671
vt 0.382466 0.193671
vt 0.382466 0.236447
vt 0.326244 0.278452
vt 0.349478 0.274743
vt 0.321418 0.254719
vt 0.289565 0.285619
vt 0.397080 0.137823
vt 0.417297 0.177086
vt 0.419975 0.172064
vt 0.411039 0.190115
vt 0.424690 0.153558
vt 0.398582 0.135061
vt 0.366384 0.259256
vt 0.364195 0.254719
vt 0.733037 0.520162
vt 0.761241 0.527553
vt 0.782902 0.524261
vt 0.870455 0.566998
vt 0.938087 0.586626
vt 0.889853 0.556809
vt 0.941634 0.535546
vt 0.732776 0.530628
vt 0.941908 0.568593
vt 0.738622 0.481571
vt 0.760660 0.422992
vt 0.275740 0.907970
vt 0.347876 0.901382
vt 0.347202 0.895052
vt 0.768051 0.417471
vt 0.833434 0.484535
vt 0.889995 0.647183
vt 0.910241 0.652185
vt 0.941908 0.659948
vt 0.673710 0.144007
vt 0.747066 0.144007
vt 0.744220 0.114850
vt 0.742899 0.105834
vt 0.655979 0.131041
vt 0.739393 0.095073
vt 0.730558 0.068200
vt 0.622839 0.111910
vt 0.824705 0.371342
vt 0.802628 0.391578
vt 0.833434 0.422843
vt 0.626001 0.050511
vt 0.728190 0.061026
vt 0.270981 0.920484
vt 0.283834 0.957299
vt 0.299088 0.961869
vt 0.848753 0.587410
vt 0.662861 0.001447
vt 0.652741 0.000000
vt 0.347876 0.972767
vn -0.2821 0.3558 0.8909
vn -0.0326 0.3811 0.9239
vn -0.3109 0.7152 0.6260
vn -0.3225 0.8896 0.3235
vn -0.3342 0.8728 0.3556
vn -0.1031 0.9189 0.3806
vn 0.0000 0.7071 0.7071
vn 0.2970 0.5224 0.7993
vn 0.2817 0.3672 0.8864
vn -0.2823 0.3486 0.8937
vn -0.3157 0.9003 0.2995
vn -0.3037 0.8773 0.3716
vn -0.3806 0.7361 0.5596
vn -0.2817 0.8864 0.3672
vn -0.3672 0.8864 0.2817
vn 0.1348 -0.8873 0.4410
vn -0.6909 -0.3456 -0.6350
vn -0.1933 -0.6549 -0.7305
vn -0.4418 -0.8801 0.1740
vn -0.1843 -0.6480 -0.7390
vn 0.1825 -0.8660 0.4656
vn -0.5336 0.4013 0.7445
vn 0.1897 -0.8681 0.4587
vn -0.7008 -0.3397 -0.6273
vn -0.6937 -0.3415 -0.6341
vn 0.2854 0.0302 -0.9579
vn 0.3083 0.0301 -0.9508
vn 0.4952 0.0520 -0.8672
vn 0.5002 0.0534 -0.8643
vn 0.7323 -0.6344 0.2477
vn 0.5024 0.0550 -0.8629
vn -0.5037 0.4119 0.7593
vn 0.1894 -0.8681 0.4587
vn 0.1896 -0.8681 0.4588
vn -0.5038 0.4119 0.7593
usemtl Material.002
s 1
f 597/749/501 599/750/502 596/751/503
f 607/752/504 596/753/503 605/754/505
f 601/755/506 570/756/507 609/757/508
f 610/758/509 611/759/509 570/760/507
f 598/761/510 599/750/502 597/749/501
f 599/750/502 570/760/507 596/751/503
f 600/762/511 596/753/503 607/752/504
f 596/753/503 570/756/507 601/755/506
f 605/754/505 603/763/512 604/764/513
f 601/755/506 602/765/514 596/753/503
f 602/765/514 603/763/512 596/753/503
f 596/753/503 603/763/512 605/754/505
f 605/754/505 606/766/515 607/752/504
f 607/752/504 608/767/515 600/762/511
f 612/768/509 609/769/508 611/759/509
f 609/769/508 570/760/507 611/759/509
f 570/760/507 599/750/502 610/758/509
usemtl Material.003
s off
f 571/770/516 578/771/516 577/772/516
f 578/773/517 576/774/517 577/775/517
f 576/774/518 575/776/518 577/775/518
f 572/777/519 578/771/519 571/770/519
f 573/778/520 575/776/520 576/774/520
f 582/779/521 577/772/521 580/780/521
f 572/781/522 584/782/522 583/783/522
f 593/784/523 577/772/523 575/785/523
f 578/773/524 583/786/524 585/787/524
f 576/774/525 585/787/525 587/788/525
f 576/789/526 587/790/526 586/791/526
f 576/789/527 588/792/527 573/793/527
f 591/794/528 573/793/528 588/792/528
f 590/795/529 575/796/529 591/794/529
f 594/797/530 595/798/530 574/799/530
f 574/800/531 590/795/531 589/801/531
f 571/802/532 582/803/532 579/804/532
f 571/770/521 577/772/521 582/779/521
f 577/772/521 593/784/521 580/780/521
f 572/781/522 571/802/522 584/782/522
f 575/785/533 574/799/533 593/784/533
f 574/799/534 595/798/534 593/784/534
f 578/773/524 572/805/524 583/786/524
f 576/774/525 578/773/525 585/787/525
f 576/789/527 586/791/527 588/792/527
f 591/794/528 575/796/528 573/793/528
f 590/795/529 574/800/529 575/796/529
f 589/801/531 592/806/531 574/800/531
f 592/806/531 594/807/531 574/800/531
f 581/808/535 584/782/535 579/804/535
f 584/782/535 571/802/535 579/804/535
o Cube.001_cell.020_Cube.001_cell.017
v 0.000000 0.178750 0.000178
v -0.031946 0.055033 0.044477
v 0.093492 0.084795 -0.007642
v 0.037921 0.028461 0.018103
v -0.049825 0.065795 0.039583
v 0.015805 0.065508 -0.065440
v 0.006084 0.073712 -0.076491
v -0.060499 0.112676 -0.090727
v -0.055299 0.110716 -0.096129
v -0.078330 0.135942 0.032782
v -0.080128 0.145560 0.000178
v -0.048852 0.145188 0.042109
v -0.056778 0.142660 0.039733
v -0.041935 0.147223 0.044114
v -0.019456 0.158262 0.034711
v 0.000000 0.167919 0.026327
v 0.066602 0.151163 0.000178
v 0.056109 0.137225 -0.057020
v 0.020744 0.136430 -0.086074
v 0.000000 0.140926 -0.091138
v 0.104624 0.130776 -0.014412
v 0.088099 0.139675 -0.007950
v -0.064815 0.122453 -0.086001
v -0.067913 0.127517 -0.071399
v -0.060694 0.122003 -0.090249
v -0.008237 0.137875 -0.092182
v -0.052876 0.121370 -0.097777
v -0.080128 0.145560 0.000178
v -0.078330 0.135942 0.032782
v -0.056778 0.142660 0.039733
v -0.048852 0.145188 0.042109
v -0.041935 0.147223 0.044114
v -0.019456 0.158262 0.034711
v 0.000000 0.167919 0.026327
v 0.066602 0.151163 0.000178
v 0.088099 0.139675 -0.007950
v 0.104624 0.130776 -0.014412
v 0.056109 0.137225 -0.057020
v 0.020744 0.136430 -0.086074
v 0.000000 0.140926 -0.091138
v -0.064815 0.122453 -0.086001
v -0.067913 0.127517 -0.071399
v -0.008237 0.137875 -0.092182
v -0.052876 0.121370 -0.097777
v -0.060694 0.122003 -0.090249
vt 0.421862 0.168677
vt 0.421090 0.172213
vt 0.426373 0.183813
vt 0.443514 0.193671
vt 0.430884 0.193671
vt 0.443514 0.225840
vt 0.473526 0.223157
vt 0.482222 0.156732
vt 0.488636 0.189180
vt 0.443514 0.154970
vt 0.425795 0.153867
vt 0.422791 0.164630
vt 0.447922 0.236705
vt 0.451683 0.245325
vt 0.486492 0.205010
vt 0.487618 0.193671
vt 0.492196 0.159350
vt 0.490222 0.157282
vt 0.495530 0.163428
vt 0.838649 0.472594
vt 0.884800 0.372622
vt 0.833434 0.402115
vt 0.877374 0.371342
vt 0.294123 0.620047
vt 0.229304 0.690644
vt 0.303084 0.706125
vt 0.294341 0.603755
vt 0.845652 0.483995
vt 0.909379 0.409901
vt 0.909166 0.417420
vt 0.502685 0.022376
vt 0.551315 0.000000
vt 0.505037 0.003251
vt 0.622839 0.037535
vt 0.499662 0.047132
vt 0.622839 0.114477
vt 0.523401 0.134231
vt 0.541441 0.152908
vt 0.214573 0.613760
vt 0.187852 0.670742
vt 0.238134 0.576103
vt 0.544962 0.157481
vt 0.617354 0.131613
vt 0.549163 0.162632
vt 0.303084 0.542513
vt 0.254384 0.556634
vt 0.247148 0.560121
vt 0.917728 0.420406
vt 0.920102 0.410124
vt 0.916537 0.426042
vt 0.918102 0.439126
vt 0.560367 0.176526
vt 0.920102 0.499468
vt 0.507655 0.118018
vt 0.293576 0.537767
vt 0.905989 0.517272
vn -0.3443 0.9012 0.2633
vn -0.3396 0.9062 0.2519
vn -0.3410 0.8878 0.3091
vn 0.0057 0.9999 0.0111
vn -0.0349 0.9233 0.3824
vn 0.3740 0.9034 -0.2095
vn 0.3270 0.8878 -0.3236
vn -0.3063 0.8874 -0.3445
vn -0.2817 0.8864 -0.3672
vn -0.3778 0.9258 0.0118
vn -0.3672 0.8864 0.2817
vn 0.3665 0.8863 -0.2832
vn 0.2817 0.8864 -0.3672
vn -0.0343 0.9233 -0.3825
vn -0.4292 -0.8625 -0.2681
vn -0.4207 -0.8654 -0.2724
vn 0.5196 -0.7216 -0.4575
vn 0.6170 -0.2663 -0.7405
vn -0.4427 -0.8564 -0.2656
vn -0.4327 -0.8605 -0.2689
vn -0.5521 -0.7980 -0.2419
vn 0.3838 0.0429 0.9224
vn 0.3754 0.0475 0.9257
vn 0.3673 0.0435 0.9291
vn 0.6177 -0.2589 -0.7426
vn 0.6168 -0.2578 -0.7437
vn -0.2714 -0.0256 0.9621
vn -0.2791 -0.0271 0.9599
vn 0.1918 -0.1925 -0.9624
vn 0.1932 -0.1922 -0.9622
vn -0.6910 0.0455 -0.7214
vn -0.7165 0.0208 -0.6973
vn -0.9242 -0.3762 -0.0656
vn -0.2986 -0.0289 0.9539
vn -0.9226 -0.3809 -0.0614
vn -0.9226 -0.3808 -0.0614
usemtl Material.002
s 1
f 643/809/536 644/810/537 645/811/538
f 613/812/539 646/813/540 647/814/541
f 613/812/539 647/814/541 650/815/542
f 654/816/543 613/812/539 655/817/544
f 645/811/538 646/813/540 613/812/539
f 613/812/539 640/818/545 645/811/538
f 640/818/545 641/819/546 642/820/546
f 645/811/538 640/818/545 643/809/536
f 642/820/546 643/809/536 640/818/545
f 647/814/541 648/821/547 650/815/542
f 648/821/547 649/822/547 650/815/542
f 650/815/542 651/823/548 613/812/539
f 651/823/548 652/824/549 613/812/539
f 657/825/544 653/826/544 654/816/543
f 654/816/543 640/818/545 613/812/539
f 613/812/539 652/824/549 655/817/544
f 655/817/544 656/827/544 657/825/544
f 657/825/544 654/816/543 655/817/544
usemtl Material.003
s off
f 614/828/550 619/829/550 616/830/550
f 619/829/551 618/831/551 616/830/551
f 618/832/552 615/833/552 616/834/552
f 618/832/553 619/835/553 615/833/553
f 617/836/554 621/837/554 614/828/554
f 621/837/555 619/829/555 614/828/555
f 620/838/556 621/837/556 617/836/556
f 634/839/557 615/840/557 633/841/557
f 616/842/558 634/839/558 629/843/558
f 614/844/559 627/845/559 626/846/559
f 615/833/560 630/847/560 633/848/560
f 631/849/561 630/847/561 619/835/561
f 626/846/562 624/850/562 614/844/562
f 617/851/563 624/850/563 625/852/563
f 621/853/564 638/854/564 619/835/564
f 631/849/565 638/854/565 632/855/565
f 621/837/566 637/856/566 639/857/566
f 637/856/567 620/838/567 635/858/567
f 635/858/568 620/838/568 636/859/568
f 617/851/569 625/852/569 622/860/569
f 617/836/570 623/861/570 636/859/570
f 634/839/557 616/842/557 615/840/557
f 629/843/558 628/862/558 616/842/558
f 628/862/558 627/845/558 616/842/558
f 614/844/559 616/842/559 627/845/559
f 615/833/560 619/835/560 630/847/560
f 617/851/563 614/844/563 624/850/563
f 621/853/564 639/863/564 638/854/564
f 631/849/565 619/835/565 638/854/565
f 637/856/567 621/837/567 620/838/567
f 636/859/571 620/838/571 617/836/571
f 617/836/571 622/864/571 623/861/571
o Cube.001_cell.021_Cube.001_cell.018
v 0.103201 -0.103201 0.103380
v 0.056477 -0.066595 0.030093
v 0.047729 -0.067143 0.031363
v -0.015152 -0.135933 0.042191
v 0.069542 -0.050098 0.044086
v 0.045852 -0.055181 0.049625
v 0.050448 -0.053002 0.045762
v 0.005326 -0.095071 0.063945
v 0.121355 -0.121355 0.022607
v 0.033977 -0.118759 0.118937
v 0.031616 -0.153767 0.036233
v 0.000000 -0.140864 0.091643
v 0.000000 -0.161842 0.040997
v -0.016598 -0.150628 0.055334
v -0.006997 -0.143345 0.080285
v -0.015717 -0.152772 0.050834
v -0.014083 -0.156621 0.042796
v -0.004578 -0.141626 0.086290
v 0.110320 -0.071529 0.110498
v 0.057027 -0.086980 0.124775
v 0.061602 -0.083373 0.124815
v 0.139777 -0.072968 0.027705
v 0.138200 -0.083371 0.019109
v 0.123443 -0.116656 0.022160
v 0.141710 -0.045259 0.054873
v 0.000000 -0.161842 0.040997
v 0.031616 -0.153767 0.036233
v 0.121355 -0.121355 0.022607
v 0.033977 -0.118759 0.118937
v 0.000000 -0.140864 0.091643
v -0.014083 -0.156621 0.042796
v -0.004578 -0.141626 0.086290
v -0.006997 -0.143345 0.080285
v -0.016598 -0.150628 0.055334
v -0.015717 -0.152772 0.050834
v 0.061602 -0.083373 0.124815
v 0.057027 -0.086980 0.124775
v 0.123443 -0.116656 0.022160
v 0.138200 -0.083371 0.019109
v 0.139777 -0.072968 0.027705
v 0.141710 -0.045259 0.054873
v 0.110320 -0.071529 0.110498
vt 0.382466 0.417763
vt 0.399337 0.437862
vt 0.425385 0.421877
vt 0.416229 0.446523
vt 0.418486 0.446015
vt 0.423799 0.437862
vt 0.353368 0.362183
vt 0.341517 0.376814
vt 0.382466 0.376814
vt 0.415323 0.339400
vt 0.382466 0.358079
vt 0.430246 0.376814
vt 0.422500 0.445094
vt 0.404446 0.441619
vt 0.401663 0.440333
vt 0.355740 0.360603
vt 0.430711 0.374295
vt 0.433226 0.357179
vt 0.428727 0.352501
vt 0.768622 0.108277
vt 0.760497 0.055245
vt 0.750818 0.152889
vt 0.747066 0.064643
vt 0.759771 0.271568
vt 0.762156 0.279828
vt 0.801849 0.190793
vt 0.751112 0.295090
vt 0.747485 0.276656
vt 0.758031 0.051231
vt 0.829957 0.325100
vt 0.833558 0.228059
vt 0.804429 0.349722
vt 0.770123 0.360402
vt 0.795288 0.353357
vt 0.793147 0.000000
vt 0.761909 0.039491
vt 0.838491 0.036503
vt 0.838491 0.070019
vt 0.830504 0.196193
vt 0.821091 0.184923
vt 0.755801 0.169707
vt 0.761741 0.167153
vt 0.765080 0.165715
vt 0.789024 0.154527
vt 0.837744 0.075281
vt 0.800908 0.148851
vt 0.831620 0.113285
vt 0.794827 0.151811
vt 0.833558 0.321617
vn 0.2977 -0.7928 0.5318
vn 0.1505 -0.9133 0.3783
vn 0.3041 -0.8881 0.3446
vn -0.2817 -0.8864 0.3672
vn 0.0284 -0.9235 0.3825
vn 0.2817 -0.3672 0.8864
vn 0.5763 -0.5735 0.5822
vn 0.8908 -0.3345 0.3076
vn 0.7217 -0.3021 0.6227
vn 0.6957 -0.6514 0.3027
vn 0.2946 -0.3451 0.8911
vn 0.8864 -0.3672 0.2817
vn 0.8883 -0.3594 0.2857
vn -0.7094 0.5736 -0.4096
vn -0.6955 0.5662 -0.4424
vn -0.1420 -0.0259 -0.9895
vn -0.1450 0.7043 -0.6949
vn -0.1685 0.7190 -0.6743
vn -0.6642 0.5922 -0.4562
vn -0.1385 -0.0326 -0.9898
vn -0.1390 -0.0291 -0.9899
vn 0.0264 0.6344 -0.7726
vn 0.0601 0.6967 -0.7148
vn -0.1128 0.9353 0.3353
vn -0.1152 0.9217 0.3704
vn -0.1399 -0.0362 -0.9895
vn -0.9833 -0.0559 -0.1732
vn -0.9845 -0.0529 -0.1674
vn -0.9118 0.3199 0.2574
vn -0.1245 0.9202 0.3711
vn -0.5721 0.7213 0.3903
vn -0.7185 0.4192 0.5549
vn -0.9061 0.3236 0.2725
vn -0.1152 0.9217 0.3703
usemtl Material.002
s 1
f 686/865/572 687/866/573 684/867/574
f 691/868/575 692/869/575 683/870/576
f 694/871/577 686/872/572 658/873/578
f 698/874/579 699/875/580 658/873/578
f 687/866/573 683/870/576 684/867/574
f 684/867/574 685/876/581 658/873/578
f 658/873/578 686/865/572 684/867/574
f 692/869/575 688/877/575 683/870/576
f 683/870/576 687/866/573 690/878/575
f 687/866/573 689/879/575 690/878/575
f 690/878/575 691/868/575 683/870/576
f 699/875/580 693/880/582 658/873/578
f 693/880/582 694/871/577 658/873/578
f 685/876/581 695/881/583 658/873/578
f 695/881/583 696/882/583 697/883/584
f 658/873/578 695/881/583 697/883/584
f 697/883/584 698/874/579 658/873/578
usemtl Material.003
s off
f 665/884/585 663/885/585 661/886/585
f 663/885/586 660/887/586 661/886/586
f 660/888/587 659/889/587 661/890/587
f 660/888/588 662/891/588 659/889/588
f 660/888/589 664/892/589 662/891/589
f 660/887/590 663/885/590 664/893/590
f 681/894/591 668/895/591 661/890/591
f 659/889/592 681/894/592 661/890/592
f 662/891/593 680/896/593 659/889/593
f 662/891/594 682/897/594 679/898/594
f 682/899/595 662/900/595 664/893/595
f 676/901/596 664/893/596 678/902/596
f 661/890/597 670/903/597 674/904/597
f 674/905/598 673/906/598 661/886/598
f 671/907/599 661/886/599 673/906/599
f 661/886/600 672/908/600 665/884/600
f 664/893/601 663/885/601 678/902/601
f 677/909/602 663/885/602 665/884/602
f 665/884/603 669/910/603 667/911/603
f 675/912/604 665/884/604 672/908/604
f 681/894/591 666/913/591 668/895/591
f 659/889/592 680/896/592 681/894/592
f 662/891/593 679/898/593 680/896/593
f 676/901/605 682/899/605 664/893/605
f 661/890/597 668/895/597 670/903/597
f 661/886/600 671/907/600 672/908/600
f 677/909/602 678/902/602 663/885/602
f 667/911/603 677/909/603 665/884/603
f 665/884/603 675/912/603 669/910/603
o Cube.001_cell.022_Cube.001_cell.019
v 0.000000 0.000000 0.178928
v 0.003648 -0.090706 0.065305
v 0.044543 0.053778 0.090841
v 0.039989 0.009506 0.049912
v 0.044622 -0.054874 0.051182
v -0.093424 0.040737 0.123457
v -0.080764 0.028650 0.093965
v -0.001996 0.027619 0.061611
v -0.067305 0.025073 0.081076
v -0.071298 0.018276 0.083303
v -0.001252 0.074109 0.147833
v -0.092548 0.037569 0.128653
v -0.071037 0.000000 0.149504
v -0.068685 0.051742 0.134033
v -0.089106 0.031534 0.131997
v 0.000000 -0.042823 0.161190
v -0.054228 -0.024966 0.148531
v 0.060188 0.000000 0.153998
v 0.056680 -0.084996 0.125707
v 0.060514 -0.079190 0.126893
v 0.008103 0.074924 0.145318
v 0.052418 0.063773 0.135852
v 0.050902 0.074255 0.131992
v -0.092548 0.037569 0.128653
v -0.089106 0.031534 0.131997
v -0.071037 0.000000 0.149504
v -0.001252 0.074109 0.147833
v -0.068685 0.051742 0.134033
v -0.054228 -0.024966 0.148531
v 0.000000 -0.042823 0.161190
v 0.060514 -0.079190 0.126893
v 0.060188 0.000000 0.153998
v 0.056680 -0.084996 0.125707
v 0.052418 0.063773 0.135852
v 0.050902 0.074255 0.131992
v 0.008103 0.074924 0.145318
vt 0.321418 0.315767
vt 0.320752 0.279911
vt 0.285412 0.287944
vt 0.294275 0.328777
vt 0.321418 0.336450
vt 0.350489 0.315767
vt 0.325745 0.279166
vt 0.349325 0.282376
vt 0.273828 0.294730
vt 0.276148 0.298303
vt 0.287108 0.315767
vt 0.353034 0.361058
vt 0.354810 0.358178
vt 0.348976 0.275683
vt 0.321418 0.279779
vt 0.258333 0.867538
vt 0.267369 0.853014
vt 0.270981 0.723496
vt 0.270981 0.856101
vt 0.520291 0.600921
vt 0.627818 0.547029
vt 0.584492 0.535546
vt 0.627818 0.753671
vt 0.656750 0.829594
vt 0.730798 0.802884
vt 0.585967 0.593371
vt 0.627200 0.635683
vt 0.627010 0.578927
vt 0.515758 0.598778
vt 0.505561 0.611826
vt 0.658795 0.834897
vt 0.726049 0.834897
vt 0.187852 0.774071
vt 0.198974 0.816072
vt 0.688679 0.698806
vt 0.643965 0.690913
vt 0.730273 0.740218
vt 0.226001 0.884682
vt 0.222017 0.878349
vt 0.201172 0.845216
vt 0.584811 0.687083
vt 0.627818 0.680458
vt 0.575423 0.687708
vt 0.511959 0.657687
vt 0.159528 0.323084
vt 0.159528 0.294868
vt 0.153725 0.296262
vt 0.231437 0.887144
vt 0.218465 0.706125
vt 0.647499 0.680557
vt 0.489405 0.640737
vn 0.0063 -0.0109 0.9999
vn -0.0171 0.3866 0.9221
vn -0.3464 0.3087 0.8858
vn -0.3541 -0.3065 0.8835
vn 0.0960 -0.3621 0.9272
vn 0.3692 -0.0290 0.9289
vn 0.2512 0.3734 0.8930
vn 0.3027 0.3500 0.8865
vn -0.3672 0.2817 0.8864
vn -0.3806 0.1035 0.9189
vn 0.2817 -0.3672 0.8864
vn 0.2976 -0.3444 0.8904
vn 0.2817 0.3672 0.8864
vn -0.8210 -0.5293 -0.2140
vn -0.3589 -0.0934 -0.9287
vn -0.2888 -0.0467 -0.9563
vn 0.9806 0.0671 -0.1843
vn 0.0847 0.6717 -0.7360
vn -0.1776 0.8568 -0.4840
vn -0.6630 0.1491 -0.7337
vn 0.5261 -0.7555 -0.3905
vn -0.3698 -0.8368 0.4038
vn 0.9796 0.0726 -0.1875
vn -0.8250 -0.5477 -0.1394
vn -0.8240 -0.5493 -0.1391
vn -0.1191 0.8961 -0.4275
vn -0.1962 0.8728 -0.4470
vn -0.1991 0.8738 -0.4436
vn -0.5218 0.6864 0.5065
vn -0.8514 -0.4992 -0.1609
vn -0.2840 -0.0394 -0.9580
vn 0.9806 0.0669 -0.1842
vn 0.9806 0.0671 -0.1842
vn 0.8185 -0.4743 -0.3241
vn -0.1829 0.8691 -0.4597
vn -0.2839 -0.0393 -0.9580
usemtl Material.002
s 1
f 700/914/606 726/915/607 727/916/608
f 700/914/606 728/917/609 729/918/610
f 717/919/611 700/914/606 729/918/610
f 720/920/612 700/914/606 721/921/613
f 727/916/608 723/922/614 724/923/614
f 724/923/614 725/924/615 727/916/608
f 725/924/615 700/914/606 727/916/608
f 700/914/606 725/924/615 728/917/609
f 732/925/616 719/926/617 729/918/610
f 719/926/617 717/919/611 729/918/610
f 721/921/613 734/927/618 720/920/612
f 720/920/612 726/928/607 700/914/606
f 700/914/606 717/919/611 721/921/613
usemtl Material.003
s off
f 706/929/619 709/930/619 701/931/619
f 709/930/620 708/932/620 701/931/620
f 708/933/621 704/934/621 701/935/621
f 731/936/622 730/937/622 704/938/622
f 707/939/623 702/940/623 703/941/623
f 707/939/624 708/933/624 702/940/624
f 708/933/625 709/942/625 706/943/625
f 704/938/626 718/944/626 701/945/626
f 701/931/627 715/946/627 716/947/627
f 702/948/628 733/949/628 703/950/628
f 711/951/629 706/929/629 714/952/629
f 712/953/630 706/929/630 716/947/630
f 702/940/631 735/954/631 722/955/631
f 708/933/632 710/956/632 735/954/632
f 706/943/633 713/957/633 710/956/633
f 713/958/634 705/959/634 711/960/634
f 705/961/635 706/929/635 711/951/635
f 707/939/636 704/934/636 708/933/636
f 704/938/637 703/950/637 731/936/637
f 703/950/638 733/949/638 731/936/638
f 704/938/639 730/937/639 718/944/639
f 701/931/627 718/962/627 715/946/627
f 702/948/628 722/963/628 733/949/628
f 714/952/630 706/929/630 712/953/630
f 706/929/630 701/931/630 716/947/630
f 702/940/640 708/933/640 735/954/640
f 708/933/632 706/943/632 710/956/632
f 706/943/633 705/964/633 713/957/633
f 707/939/641 703/941/641 704/934/641
o Cube.001_cell.023_Cube.001_cell.020
v 0.178750 0.000000 0.000178
v 0.107156 -0.032595 -0.117996
v 0.056093 -0.069082 0.008073
v 0.057869 -0.064953 0.028506
v 0.071623 -0.048691 0.043108
v 0.155965 0.037041 0.023594
v 0.162024 0.040380 0.000178
v 0.160139 0.000000 0.045109
v 0.152540 0.035014 0.036589
v 0.139370 -0.081845 0.017415
v 0.143164 -0.051120 0.045520
v 0.141654 -0.084593 0.006649
v 0.143042 -0.086207 0.000178
v 0.143466 -0.043438 0.052030
v 0.136220 0.000000 -0.102498
v 0.117440 -0.039848 -0.117262
v 0.127706 -0.015810 -0.110922
v 0.133002 -0.004012 -0.107188
v 0.128648 -0.091706 -0.037944
v 0.147478 0.017294 -0.062050
v 0.162024 0.040380 0.000178
v 0.155965 0.037041 0.023594
v 0.152540 0.035014 0.036589
v 0.160139 0.000000 0.045109
v 0.143466 -0.043438 0.052030
v 0.143164 -0.051120 0.045520
v 0.139370 -0.081845 0.017415
v 0.141654 -0.084593 0.006649
v 0.143042 -0.086207 0.000178
v 0.127706 -0.015810 -0.110922
v 0.133002 -0.004012 -0.107188
v 0.136220 0.000000 -0.102498
v 0.128648 -0.091706 -0.037944
v 0.147478 0.017294 -0.062050
v 0.117440 -0.039848 -0.117262
vt 0.431624 0.297296
vt 0.425142 0.298070
vt 0.421813 0.315767
vt 0.443514 0.315767
vt 0.419999 0.342072
vt 0.440023 0.356990
vt 0.464833 0.362967
vt 0.498529 0.324757
vt 0.493105 0.315767
vt 0.474329 0.306655
vt 0.443514 0.296264
vt 0.443514 0.357404
vt 0.416893 0.338323
vt 0.434178 0.356307
vt 0.504561 0.338007
vt 0.495649 0.317983
vt 0.625392 0.391952
vt 0.613006 0.375858
vt 0.588223 0.372100
vt 0.979242 0.000000
vt 0.949438 0.093447
vt 0.979242 0.113189
vt 0.015695 0.733246
vt 0.084520 0.736938
vt 0.084405 0.729161
vt 0.003344 0.749484
vt 0.082284 0.769793
vt 0.545719 0.506777
vt 0.491603 0.440306
vt 0.495833 0.463627
vt 0.000000 0.769515
vt 0.067396 0.823329
vt 0.083675 0.780715
vt 0.137491 0.567552
vt 0.133619 0.541179
vt 0.125374 0.565945
vt 0.137491 0.528702
vt 0.625392 0.528650
vt 0.580685 0.533612
vt 0.029465 0.884454
vt 0.040407 0.886109
vt 0.931232 0.051572
vt 0.489405 0.427297
vt 0.084520 0.787274
vt 0.587159 0.535546
vn 0.8953 0.3180 0.3119
vn 0.9202 0.2689 0.2845
vn 0.9277 -0.0332 0.3718
vn 1.0000 0.0039 -0.0062
vn 0.8911 -0.3343 0.3069
vn 0.8864 -0.3672 0.2817
vn 0.8833 -0.3385 -0.3242
vn 0.8947 -0.3019 -0.3290
vn 0.9040 -0.2330 -0.3584
vn 0.8836 0.2979 -0.3612
vn 0.9239 0.3827 -0.0061
vn 0.9232 -0.3824 -0.0362
vn 0.9033 -0.2975 0.3091
vn 0.8983 -0.2987 -0.3222
vn 0.8864 -0.2817 -0.3672
vn -0.7274 0.6822 -0.0746
vn -0.1354 0.2064 0.9690
vn -0.0476 -0.6447 0.7629
vn -0.0386 -0.6718 0.7397
vn -0.7190 0.6895 -0.0877
vn -0.7197 0.6894 -0.0822
vn -0.1710 -0.9627 0.2094
vn -0.1713 -0.9639 0.2037
vn 0.1911 0.1732 -0.9662
vn 0.1300 0.2457 -0.9606
vn -0.7207 0.6869 -0.0931
vn -0.5021 -0.7546 -0.4224
vn -0.5029 -0.7543 -0.4220
usemtl Material.002
s 1
f 757/965/642 758/966/643 759/967/644
f 736/968/645 761/969/646 763/970/647
f 768/971/648 765/972/649 767/973/650
f 736/968/645 769/974/651 756/975/652
f 759/967/644 736/968/645 757/965/642
f 736/968/645 756/975/652 757/965/642
f 763/970/647 764/976/653 736/968/645
f 736/968/645 759/967/644 761/969/646
f 759/967/644 760/977/654 761/969/646
f 761/969/646 762/978/647 763/970/647
f 768/971/648 770/979/655 765/972/649
f 765/972/649 766/980/656 767/973/650
f 767/973/650 736/968/645 768/971/648
f 736/968/645 764/976/653 768/971/648
f 736/968/645 767/973/650 769/974/651
usemtl Material.003
s off
f 738/981/657 739/982/657 740/983/657
f 740/984/658 743/985/658 744/986/658
f 740/987/659 746/988/659 749/989/659
f 739/990/660 745/991/660 746/988/660
f 755/992/661 741/993/661 742/994/661
f 740/983/662 741/993/662 738/981/662
f 738/995/663 745/991/663 739/990/663
f 754/996/664 747/997/664 738/995/664
f 737/998/665 752/999/665 751/1000/665
f 737/998/666 753/1001/666 752/999/666
f 737/1002/667 755/992/667 750/1003/667
f 754/996/668 737/1004/668 751/1005/668
f 740/984/658 749/1006/658 743/985/658
f 740/987/659 739/990/659 746/988/659
f 755/992/661 738/981/661 741/993/661
f 740/983/662 744/1007/662 741/993/662
f 738/995/663 747/997/663 745/991/663
f 754/996/664 748/1008/664 747/997/664
f 750/1003/667 753/1009/667 737/1002/667
f 737/1002/667 738/981/667 755/992/667
f 754/996/669 738/995/669 737/1004/669
o Cube.001_cell.024_Cube.001_cell.021
v 0.000000 0.000000 -0.178572
v 0.008569 0.017695 -0.116262
v 0.013609 -0.032841 -0.112072
v -0.032375 -0.102981 -0.114979
v 0.000000 0.040284 -0.161886
v 0.050554 0.005638 -0.155840
v 0.055510 0.002108 -0.154909
v 0.000000 -0.089804 -0.141374
v 0.048220 -0.030597 -0.148874
v 0.053681 -0.022938 -0.149046
v -0.088488 0.000000 -0.141919
v -0.050824 -0.105229 -0.118831
v -0.024032 -0.106075 -0.126996
v -0.035595 -0.105724 -0.123466
v -0.090658 0.021422 -0.134211
v -0.063433 0.064064 -0.131874
v -0.054568 0.064993 -0.134307
v 0.050554 0.005638 -0.155840
v 0.055510 0.002108 -0.154909
v 0.000000 0.040284 -0.161886
v 0.053681 -0.022938 -0.149046
v 0.048220 -0.030597 -0.148874
v 0.000000 -0.089804 -0.141374
v -0.024032 -0.106075 -0.126996
v -0.035595 -0.105724 -0.123466
v -0.054568 0.064993 -0.134307
v -0.088488 0.000000 -0.141919
v -0.090658 0.021422 -0.134211
v -0.063433 0.064064 -0.131874
v -0.050824 -0.105229 -0.118831
vt 0.540986 0.312838
vt 0.565609 0.315767
vt 0.565609 0.296310
vt 0.538414 0.315767
vt 0.538816 0.327710
vt 0.541307 0.331556
vt 0.608348 0.315767
vt 0.565609 0.359141
vt 0.586054 0.370084
vt 0.610849 0.303967
vt 0.594750 0.281591
vt 0.595548 0.370171
vt 0.579270 0.369054
vt 0.597901 0.279893
vt 0.489405 0.780799
vt 0.504465 0.687708
vt 0.490187 0.699342
vt 0.520483 0.819283
vt 0.462306 0.802983
vt 0.488897 0.774975
vt 0.488897 0.724051
vt 0.470220 0.807684
vt 0.475651 0.797275
vt 0.126021 0.416198
vt 0.135840 0.475166
vt 0.178105 0.523218
vt 0.175602 0.444702
vt 0.125374 0.410258
vt 0.449476 0.751388
vt 0.463072 0.821392
vt 0.604973 0.769739
vt 0.593574 0.753074
vt 0.604973 0.818900
vt 0.134447 0.395879
vt 0.183799 0.411049
vt 0.183799 0.528702
vt 0.488025 0.718076
vn 0.3631 0.3003 -0.8820
vn -0.0076 0.0050 -0.9999
vn -0.1191 0.3570 -0.9265
vn 0.3876 -0.0912 -0.9173
vn 0.3048 -0.2381 -0.9221
vn 0.3396 -0.3043 -0.8900
vn -0.3601 0.0273 -0.9325
vn -0.1794 -0.3544 -0.9177
vn -0.2983 -0.3164 -0.9004
vn -0.3441 0.2830 -0.8953
vn -0.3164 0.2640 -0.9112
vn -0.2865 -0.3020 -0.9092
vn -0.2817 -0.3672 -0.8864
vn -0.2799 0.2298 -0.9321
vn -0.2151 0.1008 0.9714
vn -0.1750 0.0640 0.9825
vn 0.6650 -0.4679 0.5821
vn 0.0586 -0.9562 0.2868
vn 0.5149 0.8035 0.2989
vn 0.5149 0.8024 0.3017
vn 0.6613 -0.4582 0.5940
vn 0.0564 -0.9561 0.2876
vn -0.8894 -0.2319 0.3940
vn -0.1815 0.0621 0.9814
vn -0.1727 0.0629 0.9830
vn 0.6555 0.1271 0.7444
vn 0.1695 0.5406 0.8240
vn 0.6552 0.1265 0.7448
usemtl Material.002
s 1
f 788/1010/670 771/1011/671 790/1012/672
f 789/1013/673 791/1014/674 792/1015/675
f 797/1016/676 793/1017/677 795/1018/678
f 797/1016/676 798/1019/679 796/1020/680
f 788/1010/670 789/1013/673 771/1011/671
f 792/1015/675 793/1017/677 771/1011/671
f 771/1011/671 789/1013/673 792/1015/675
f 795/1018/678 782/1021/681 797/1016/676
f 797/1016/676 771/1011/671 793/1017/677
f 793/1017/677 794/1022/682 795/1018/678
f 799/1023/683 796/1020/680 798/1019/679
f 796/1020/680 790/1012/672 797/1016/676
f 790/1012/672 771/1011/671 797/1016/676
usemtl Material.003
s off
f 773/1024/684 800/1025/684 774/1026/684
f 800/1025/685 773/1024/685 772/1027/685
f 774/1028/686 778/1029/686 779/1030/686
f 774/1028/687 784/1031/687 783/1032/687
f 776/1033/688 775/1034/688 787/1035/688
f 772/1036/689 777/1037/689 776/1033/689
f 779/1030/690 773/1038/690 774/1028/690
f 784/1031/691 774/1028/691 800/1039/691
f 800/1025/692 785/1040/692 781/1041/692
f 800/1025/693 786/1042/693 785/1040/693
f 800/1025/694 772/1027/694 786/1042/694
f 780/1043/695 772/1036/695 773/1044/695
f 774/1028/686 783/1032/686 778/1029/686
f 776/1033/689 787/1035/689 772/1036/689
f 787/1035/696 786/1045/696 772/1036/696
f 779/1030/690 780/1046/690 773/1038/690
f 780/1043/697 777/1037/697 772/1036/697
o Cube.001_cell.025_Cube.001_cell.022
v -0.103201 -0.103201 -0.103023
v -0.126395 0.000000 -0.126217
v -0.150806 0.000000 -0.067285
v -0.130122 0.028049 -0.095699
v -0.119453 0.039529 -0.112645
v -0.116911 0.042202 -0.116733
v -0.066023 -0.117836 -0.096221
v -0.060138 -0.112880 -0.112702
v -0.062597 -0.114999 -0.105698
v -0.112707 -0.112707 -0.060727
v -0.082920 -0.119894 -0.076935
v -0.092354 -0.119110 -0.067108
v -0.090108 0.000000 -0.141248
v -0.051944 -0.105678 -0.118289
v -0.092298 0.020654 -0.133776
v -0.127857 -0.089531 -0.043266
v -0.131045 -0.082309 -0.042647
v -0.116935 -0.106251 -0.055841
v -0.151643 -0.020487 -0.049544
v -0.150806 0.000000 -0.067285
v -0.130122 0.028049 -0.095699
v -0.119453 0.039529 -0.112645
v -0.060138 -0.112880 -0.112702
v -0.062597 -0.114999 -0.105698
v -0.066023 -0.117836 -0.096221
v -0.082920 -0.119894 -0.076935
v -0.092354 -0.119110 -0.067108
v -0.051944 -0.105678 -0.118289
v -0.090108 0.000000 -0.141248
v -0.116911 0.042202 -0.116733
v -0.092298 0.020654 -0.133776
v -0.131045 -0.082309 -0.042647
v -0.151643 -0.020487 -0.049544
v -0.112707 -0.112707 -0.060727
v -0.116935 -0.106251 -0.055841
v -0.127857 -0.089531 -0.043266
vt 0.627941 0.291718
vt 0.626657 0.315767
vt 0.639258 0.300081
vt 0.496101 0.475778
vt 0.486709 0.483862
vt 0.504561 0.498910
vt 0.626657 0.376814
vt 0.609130 0.315767
vt 0.611612 0.304367
vt 0.655057 0.372675
vt 0.664124 0.358418
vt 0.626657 0.290803
vt 0.655120 0.315767
vt 0.481205 0.488970
vt 0.479541 0.498910
vt 0.504561 0.473436
vt 0.500995 0.474440
vt 0.595778 0.371888
vt 0.601183 0.376814
vt 0.663427 0.362304
vt 0.662977 0.326374
vt 0.651677 0.376814
vt 0.676279 0.383831
vt 0.640285 0.408242
vt 0.625392 0.429355
vt 0.630927 0.500285
vt 0.668766 0.533687
vt 0.628977 0.492854
vt 0.681880 0.535546
vt 0.696262 0.373703
vt 0.727576 0.395395
vt 0.701055 0.371342
vt 0.732776 0.524890
vt 0.706848 0.535444
vt 0.158327 0.351102
vt 0.155697 0.332900
vt 0.153725 0.340129
vt 0.158327 0.323084
vt 0.145981 0.553330
vt 0.139857 0.539960
vt 0.137491 0.544337
vt 0.732776 0.414104
vt 0.145981 0.528702
vn -0.8864 0.2817 -0.3672
vn -0.7071 0.0000 -0.7071
vn -0.2842 -0.8889 -0.3591
vn -0.3319 -0.8903 -0.3116
vn -0.5725 -0.5735 -0.5859
vn -0.3699 -0.0456 -0.9279
vn -0.3672 0.2817 -0.8864
vn -0.8864 -0.3672 -0.2817
vn -0.8922 -0.3442 -0.2923
vn -0.6895 0.3028 -0.6579
vn -0.9133 -0.1506 -0.3783
vn -0.3672 -0.8864 -0.2817
vn -0.7474 -0.5922 -0.3011
vn -0.3003 -0.5763 -0.7600
vn -0.2817 -0.8864 -0.3672
vn -0.2843 -0.3254 -0.9018
vn -0.8893 -0.2950 -0.3493
vn 0.1582 0.6427 0.7496
vn 0.6692 0.2350 0.7049
vn 0.6990 0.3051 0.6467
vn 0.7075 0.3032 0.6383
vn 0.6806 0.3649 0.6353
vn 0.6624 -0.7491 0.0059
vn 0.6729 -0.7394 0.0220
vn 0.0779 -0.5686 0.8189
vn 0.8893 0.2360 -0.3918
vn 0.7077 0.3042 0.6377
vn 0.7090 0.3049 0.6359
vn 0.0810 -0.5648 0.8212
usemtl Material.002
s 1
f 822/1047/698 802/1048/699 821/1049/698
f 825/1050/700 826/1051/701 801/1052/702
f 801/1053/702 802/1048/699 829/1054/703
f 802/1048/699 831/1055/704 829/1054/703
f 801/1053/702 835/1056/705 832/1057/706
f 830/1058/707 802/1048/699 822/1047/698
f 802/1048/699 820/1059/708 821/1049/698
f 826/1051/701 827/1060/709 801/1052/702
f 827/1060/709 834/1061/710 801/1052/702
f 801/1052/702 823/1062/711 824/1063/712
f 825/1050/700 801/1052/702 824/1063/712
f 829/1054/703 828/1064/713 801/1053/702
f 828/1064/713 823/1065/711 801/1053/702
f 802/1048/699 830/1058/707 831/1055/704
f 836/1066/705 832/1057/706 835/1056/705
f 832/1057/706 833/1067/714 801/1053/702
f 833/1067/714 820/1059/708 802/1048/699
f 802/1048/699 801/1053/702 833/1067/714
f 801/1053/702 834/1068/710 835/1056/705
usemtl Material.003
s off
f 804/1069/715 803/1070/715 819/1071/715
f 816/1072/716 812/1073/716 817/1074/716
f 811/1075/717 805/1076/717 804/1069/717
f 805/1076/718 815/1077/718 806/1078/718
f 814/1079/719 811/1075/719 807/1080/719
f 814/1081/720 809/1082/720 808/1083/720
f 809/1082/721 814/1081/721 807/1084/721
f 812/1085/722 818/1086/722 810/1087/722
f 814/1079/723 813/1088/723 815/1077/723
f 819/1071/717 817/1074/717 804/1069/717
f 817/1074/717 812/1073/717 811/1075/717
f 804/1069/717 817/1074/717 811/1075/717
f 805/1076/724 814/1079/724 815/1077/724
f 814/1079/725 805/1076/725 811/1075/725
f 812/1085/726 816/1089/726 818/1086/726
