# Blender v2.91.0 OBJ File: 'snowballs.blend'
# www.blender.org
mtllib egg_round_fractured.mtl
o Sphere.003_cell_Sphere.003_cell.062
v 0.000000 -0.032047 -0.121373
v 0.004058 -0.084145 -0.071264
v 0.066382 -0.015948 -0.075270
v 0.063135 -0.036499 -0.042024
v -0.003647 -0.084234 -0.048976
v 0.047304 -0.052968 -0.034960
v 0.000985 -0.075216 -0.018613
v 0.008374 -0.069570 -0.011663
v -0.051052 -0.061101 -0.086116
v -0.046313 -0.064543 -0.078645
v 0.032070 -0.009635 -0.021129
v -0.033202 -0.003332 -0.083300
v -0.030280 -0.008656 -0.030190
v 0.020784 -0.011803 0.003873
v 0.064156 -0.015987 -0.065905
v -0.045638 -0.013645 -0.063755
v -0.053227 -0.050138 -0.072748
v 0.052277 -0.047382 -0.034128
v -0.032276 -0.053837 -0.025533
v -0.016397 -0.061059 -0.014036
v -0.043876 -0.014943 -0.051017
v -0.036161 -0.012118 -0.033117
v 0.061261 -0.028343 -0.039038
v -0.046006 -0.038468 -0.036818
v -0.042654 -0.018291 -0.037267
v 0.014531 -0.038986 0.002692
v 0.007940 -0.052523 0.000630
v 0.011655 0.000701 -0.111303
v 0.025322 0.000076 -0.107774
v 0.000000 0.000905 -0.114383
v 0.033102 -0.032047 -0.112504
v 0.035340 -0.001967 -0.105523
v 0.000000 -0.066390 -0.114100
v 0.028360 -0.037005 -0.112724
v 0.058845 -0.010660 -0.100756
v -0.030813 -0.032047 -0.113117
v -0.023463 -0.004821 -0.109311
v -0.008762 0.000556 -0.112109
v -0.044233 -0.061841 -0.103211
v -0.038509 -0.064486 -0.104185
v -0.033721 -0.038206 -0.111034
v -0.041387 -0.055368 -0.105345
v -0.006819 -0.075568 -0.110329
v -0.012947 -0.073602 -0.109104
v 0.000000 0.000905 -0.114383
v 0.011655 0.000701 -0.111303
v 0.025322 0.000076 -0.107774
v 0.033102 -0.032047 -0.112504
v 0.028360 -0.037005 -0.112724
v 0.000000 -0.066390 -0.114100
v -0.008762 0.000556 -0.112109
v -0.030813 -0.032047 -0.113117
v -0.023463 -0.004821 -0.109311
v -0.038509 -0.064486 -0.104185
v -0.044233 -0.061841 -0.103211
v -0.041387 -0.055368 -0.105345
v -0.033721 -0.038206 -0.111034
v -0.006819 -0.075568 -0.110329
v -0.012947 -0.073602 -0.109104
v 0.058845 -0.010660 -0.100756
v 0.035340 -0.001967 -0.105523
vt 0.034263 0.125312
vt 0.645836 0.125312
vt 0.645836 0.736885
vt 0.034263 0.125312
vt 0.645836 0.125312
vt 0.034263 0.125312
vt 0.645836 0.125312
vt 0.034263 0.125312
vt 0.645836 0.125312
vt 0.034263 0.125312
vt 0.645836 0.125312
vt 0.645836 0.125312
vt 0.645836 0.736885
vt 0.034263 0.125312
vt 0.645836 0.125312
vt 0.034263 0.125312
vt 0.645836 0.125312
vt 0.034263 0.125312
vt 0.645836 0.125312
vt 0.034263 0.125312
vt 0.645836 0.125312
vt 0.645836 0.736885
vt 0.034263 0.125312
vt 0.645836 0.736885
vt 0.645836 0.736885
vt 0.645836 0.736885
vt 0.645836 0.125312
vt 0.645836 0.736885
vt 0.034263 0.125312
vt 0.034263 0.125312
vt 0.645836 0.125312
vt 0.645836 0.736885
vt 0.034263 0.125312
vt 0.645836 0.125312
vt 0.034263 0.125312
vt 0.645836 0.125312
vt 0.645836 0.736885
vt 0.034263 0.125312
vt 0.645836 0.125312
vt 0.645836 0.125312
vt 0.645836 0.736885
vt 0.034263 0.125312
vt 0.645836 0.125312
vt 0.645836 0.736885
vt 0.034263 0.125312
vt 0.645836 0.125312
vt 0.034263 0.125312
vt 0.034263 0.125312
vt 0.645836 0.125312
vt 0.645836 0.736885
vt 0.034263 0.125312
vt 0.645836 0.125312
vt 0.645836 0.125312
vt 0.645836 0.125312
vt 0.645836 0.736885
vt 0.645836 0.736885
vt 0.645836 0.736885
vt 0.645836 0.736885
vt 0.330444 0.125312
vt 0.645836 0.511959
vt 0.645836 0.125312
vt 0.420910 0.511959
vt 0.506921 0.125312
vt 0.034263 0.125312
vt 0.645836 0.478622
vt 0.588276 0.433696
vt 0.645836 0.440703
vt 0.605956 0.345152
vt 0.645836 0.125312
vt 0.645836 0.391326
vt 0.034263 0.125312
vt 0.645836 0.452462
vt 0.299384 0.390433
vt 0.361414 0.452463
vt 0.223057 0.314106
vt 0.645836 0.736885
vt 0.435610 0.125312
vt 0.291631 0.382680
vt 0.423793 0.125312
vt 0.435610 0.526659
vt 0.645836 0.468357
vt 0.297736 0.125312
vt 0.377308 0.468357
vt 0.645836 0.332581
vt 0.241532 0.332581
vt 0.645836 0.347354
vt 0.034263 0.125312
vt 0.645836 0.125312
vt 0.300277 0.391326
vt 0.034263 0.125312
vt 0.387573 0.478622
vt 0.484005 0.125312
vt 0.645836 0.314106
vt 0.645836 0.264226
vt 0.562632 0.269608
vt 0.645836 0.382680
vt 0.468999 0.125312
vt 0.645836 0.390433
vt 0.569979 0.412652
vt 0.455672 0.344868
vt 0.450906 0.342751
vt 0.454320 0.305598
vt 0.481354 0.305598
vt 0.457985 0.299484
vt 0.481354 0.263251
vt 0.506519 0.305598
vt 0.500057 0.344844
vt 0.487359 0.251934
vt 0.492736 0.254358
vt 0.431792 0.331776
vt 0.471241 0.346046
vt 0.481354 0.346298
vt 0.488959 0.345868
vt 0.514677 0.265598
vt 0.516542 0.276842
vt 0.519432 0.268860
vt 0.509179 0.298004
vn -0.8143 -0.5067 0.2831
vn -0.7992 -0.5123 0.3145
vn -0.8111 -0.4885 0.3217
vn -0.9759 0.1653 0.1424
vn -0.9758 0.1686 0.1395
vn -0.9317 0.3250 0.1620
vn -0.6545 0.7377 0.1657
vn -0.5500 0.8252 0.1290
vn -0.5225 0.8451 0.1135
vn -0.5649 -0.7675 0.3030
vn -0.5681 -0.7646 0.3043
vn -0.5538 0.0987 0.8268
vn -0.5655 0.0962 0.8191
vn -0.6127 0.1192 0.7813
vn -0.7423 0.6329 0.2201
vn -0.5421 0.1061 0.8336
vn -0.5330 0.2133 0.8188
vn 0.9373 0.2671 0.2239
vn 0.9698 0.1535 0.1896
vn 0.6698 -0.7206 -0.1790
vn 0.4829 -0.8603 0.1635
vn 0.4773 -0.8596 0.1825
vn -0.5486 -0.7750 0.3138
vn -0.2737 -0.5832 0.7648
vn -0.2696 -0.5678 0.7778
vn -0.5398 0.1037 0.8354
vn 0.6650 -0.1844 0.7238
vn 0.6808 -0.1607 0.7147
vn 0.7056 -0.0949 0.7022
vn 0.6604 0.6527 0.3713
vn 0.6142 0.7126 0.3390
vn -0.3899 0.0497 0.9195
vn 0.7371 -0.6697 0.0905
vn 0.5833 -0.6008 0.5466
vn 0.4784 -0.8577 0.1882
vn 0.5783 -0.4674 0.6686
vn 0.5945 -0.3960 0.6998
vn -0.8886 0.2752 -0.3670
vn -0.8901 0.2706 -0.3668
vn -0.8573 0.3838 -0.3430
vn -0.8814 0.2901 -0.3728
vn 0.6879 -0.6430 -0.3368
vn -0.3243 -0.9388 -0.1158
vn -0.3525 -0.9293 -0.1098
vn -0.4344 -0.8906 -0.1347
vn -0.0113 0.9940 0.1088
vn -0.0382 0.9941 0.1018
vn 0.0179 0.9942 0.1065
vn 0.1782 0.9793 0.0959
vn 0.3286 0.9398 0.0936
vn 0.3547 0.9308 0.0882
vn 0.0476 0.9931 0.1076
vn 0.6863 -0.6466 -0.3329
vn -0.3690 0.9098 -0.1902
vn 0.3232 0.9413 0.0980
vn 0.6862 -0.6467 -0.3330
vn 0.6861 -0.6469 -0.3328
vn 0.2535 0.2007 -0.9463
vn 0.2587 0.2000 -0.9450
vn 0.2602 0.1013 -0.9602
vn 0.0000 0.0002 -1.0000
vn 0.2535 -0.2004 -0.9463
vn -0.1344 -0.2053 -0.9694
vn -0.2586 -0.0421 -0.9651
vn -0.2535 0.2007 -0.9463
vn -0.2535 -0.2004 -0.9463
vn 0.2650 0.1992 -0.9434
vn 0.0018 0.2075 -0.9782
usemtl Egg
s off
f 9/1/1 10/2/1 17/3/1
f 10/4/2 19/5/2 17/3/2
f 19/6/3 24/7/3 17/3/3
f 24/8/4 25/9/4 17/3/4
f 25/10/5 16/11/5 17/3/5
f 25/10/6 21/12/6 16/13/6
f 21/14/7 22/15/7 16/13/7
f 22/16/8 13/17/8 16/13/8
f 13/18/9 12/19/9 16/13/9
f 5/20/10 20/21/10 10/22/10
f 20/23/11 19/5/11 10/22/11
f 20/23/12 22/15/12 19/24/12
f 22/16/13 24/7/13 19/24/13
f 22/16/14 25/9/14 24/25/14
f 22/16/15 21/12/15 25/26/15
f 20/23/16 14/27/16 22/28/16
f 14/29/17 13/17/17 22/28/17
f 15/30/18 23/31/18 3/32/18
f 23/33/19 4/34/19 3/32/19
f 4/35/20 6/36/20 2/37/20
f 6/38/21 5/39/21 2/37/21
f 6/38/22 7/40/22 5/41/22
f 7/42/23 20/21/23 5/41/23
f 7/42/24 8/43/24 20/44/24
f 8/45/25 27/46/25 20/44/25
f 27/47/26 14/27/26 20/44/26
f 26/48/27 18/49/27 14/50/27
f 18/51/28 4/34/28 14/50/28
f 4/35/29 23/31/29 14/50/29
f 23/33/30 15/52/30 14/50/30
f 15/30/31 11/53/31 14/50/31
f 27/47/32 26/54/32 14/50/32
f 18/51/33 6/36/33 4/55/33
f 18/51/34 8/43/34 6/56/34
f 8/45/35 7/40/35 6/56/35
f 18/51/36 27/46/36 8/57/36
f 18/51/37 26/54/37 27/58/37
f 17/3/38 41/59/38 42/60/38
f 9/61/39 42/62/39 39/63/39
f 12/64/40 37/65/40 16/13/40
f 16/13/41 36/66/41 41/67/41
f 31/68/42 3/69/42 34/70/42
f 2/71/43 44/72/43 43/73/43
f 10/2/44 44/74/44 5/20/44
f 9/61/45 40/75/45 10/4/45
f 13/76/46 14/29/46 28/77/46
f 38/78/47 12/19/47 13/76/47
f 14/29/48 29/79/48 28/80/48
f 11/53/49 61/81/49 29/82/49
f 61/83/50 15/52/50 60/84/50
f 60/85/51 15/30/51 3/69/51
f 29/86/52 14/50/52 11/87/52
f 4/35/53 2/88/53 34/89/53
f 17/3/38 16/90/38 41/59/38
f 9/61/39 17/3/39 42/62/39
f 16/13/41 37/91/41 36/66/41
f 31/68/42 60/92/42 3/69/42
f 2/71/43 5/39/43 44/72/43
f 10/2/44 40/93/44 44/74/44
f 9/61/45 39/94/45 40/75/45
f 30/95/46 38/96/46 28/77/46
f 38/96/46 13/76/46 28/77/46
f 38/78/54 37/97/54 12/19/54
f 61/83/55 11/87/55 15/52/55
f 43/98/56 33/99/56 2/88/56
f 33/99/56 34/89/56 2/88/56
f 34/89/57 3/32/57 4/35/57
s 1
f 47/100/58 32/101/59 48/102/60
f 1/103/61 49/104/62 50/105/63
f 1/103/61 52/106/64 53/107/65
f 50/105/63 58/108/66 59/109/66
f 32/101/59 35/110/67 48/102/60
f 48/102/60 1/103/61 46/111/58
f 1/103/61 45/112/68 46/111/58
f 46/111/58 47/100/58 48/102/60
f 1/103/61 48/102/60 49/104/62
f 53/107/65 51/113/65 1/103/61
f 51/113/65 45/112/68 1/103/61
f 59/109/66 54/114/66 56/115/66
f 54/114/66 55/116/66 56/115/66
f 56/115/66 57/117/66 59/109/66
f 59/109/66 57/117/66 50/105/63
f 57/117/66 52/106/64 1/103/61
f 1/103/61 50/105/63 57/117/66
o Sphere.003_cell.001_Sphere.003_cell.063
v 0.000000 -0.149906 -0.060687
v -0.001162 -0.145015 -0.048821
v 0.000000 -0.145476 -0.065478
v -0.006805 -0.150434 -0.057361
v -0.005601 -0.152232 -0.052567
v -0.005837 -0.144109 -0.065392
v 0.016516 -0.150577 -0.054354
v 0.003822 -0.154238 -0.047337
v 0.016516 -0.150577 -0.054354
v 0.003822 -0.154238 -0.047337
v 0.000000 -0.145476 -0.065478
v -0.005601 -0.152232 -0.052567
v -0.006805 -0.150434 -0.057361
v -0.005837 -0.144109 -0.065392
vt 0.645836 0.125312
vt 0.079283 0.155956
vt 0.034263 0.125312
vt 0.034263 0.125312
vt 0.107822 0.125312
vt 0.138315 0.229364
vt 0.645836 0.242554
vt 0.559831 0.125312
vt 0.645836 0.132861
vt 0.151505 0.242554
vt 0.107822 0.198871
vt 0.102902 0.125312
vt 0.535278 0.221120
vt 0.481354 0.126460
vt 0.457955 0.116249
vt 0.481354 0.116249
vt 0.480267 0.108669
vt 0.492739 0.116249
vt 0.483819 0.127756
vt 0.450230 0.113739
vt 0.451672 0.097207
vn 0.2278 0.9736 -0.0111
vn 0.3771 0.3422 0.8607
vn -0.8680 0.3522 0.3501
vn -0.8454 0.4645 0.2639
vn -0.5025 -0.1342 0.8541
vn 0.2985 0.9544 -0.0056
vn -0.0339 -0.7338 -0.6785
vn 0.1252 -0.8981 -0.4215
vn -0.0014 -0.8399 -0.5427
vn -0.0551 -0.9491 -0.3099
vn -0.1496 -0.8823 -0.4462
vn -0.2124 -0.7358 -0.6430
vn 0.0415 -0.9468 -0.3191
usemtl Egg
s off
f 63/118/69 64/119/69 75/120/69
f 63/121/70 69/122/70 68/123/70
f 63/118/71 74/124/71 73/125/71
f 63/121/72 75/126/72 74/127/72
f 69/128/73 63/121/73 73/129/73
f 63/118/74 68/130/74 64/119/74
s 1
f 72/131/75 70/132/76 62/133/77
f 62/133/77 66/134/78 65/135/79
f 67/136/80 62/133/77 65/135/79
f 62/133/77 70/137/76 71/138/81
f 62/133/77 71/138/81 66/134/78
f 67/136/80 72/131/75 62/133/77
o Sphere.003_cell.002_Sphere.003_cell.001
v 0.030343 0.125407 -0.052556
v 0.016825 0.106264 -0.046491
v 0.015172 0.116834 -0.011209
v -0.002878 0.158901 -0.003947
v 0.017959 0.125407 -0.055875
v 0.025883 0.110343 -0.062034
v 0.030533 0.116673 -0.057307
v 0.035613 0.125407 -0.047286
v 0.010912 0.163971 -0.006300
v 0.039246 0.137733 -0.022659
v 0.023413 0.154964 0.001561
v 0.036954 0.144032 0.001900
v -0.006253 0.164642 -0.009817
v -0.003542 0.154483 -0.023482
v -0.001235 0.165864 -0.009908
v 0.000000 0.145090 -0.036143
v 0.025883 0.110343 -0.062034
v 0.017959 0.125407 -0.055875
v 0.010912 0.163971 -0.006300
v 0.023413 0.154964 0.001561
v 0.036954 0.144032 0.001900
v -0.006253 0.164642 -0.009817
v -0.001235 0.165864 -0.009908
v 0.039246 0.137733 -0.022659
v 0.035613 0.125407 -0.047286
v 0.000000 0.145090 -0.036143
v 0.030533 0.116673 -0.057307
v -0.003542 0.154483 -0.023482
vt 0.580072 0.125312
vt 0.645836 0.125312
vt 0.645836 0.182205
vt 0.091156 0.182205
vt 0.034263 0.125312
vt 0.382301 0.125312
vt 0.088338 0.179387
vt 0.034263 0.125312
vt 0.103417 0.125312
vt 0.385000 0.327746
vt 0.263805 0.354854
vt 0.203041 0.294090
vt 0.100027 0.125312
vt 0.172599 0.125312
vt 0.645836 0.125312
vt 0.645836 0.246935
vt 0.645836 0.736885
vt 0.215770 0.125312
vt 0.034263 0.125312
vt 0.645836 0.388846
vt 0.645836 0.363233
vt 0.645836 0.736885
vt 0.645836 0.125312
vt 0.622944 0.168133
vt 0.615678 0.222334
vt 0.409801 0.131516
vt 0.435567 0.526616
vt 0.507499 0.125312
vt 0.464329 0.125312
vt 0.155886 0.246935
vt 0.452021 0.494947
vt 0.434947 0.484714
vt 0.443892 0.477297
vt 0.431792 0.487324
vt 0.431792 0.494947
vt 0.420034 0.494947
vt 0.378909 0.507951
vt 0.351276 0.524753
vt 0.342130 0.512649
vt 0.387446 0.537909
vt 0.421489 0.525178
vt 0.403683 0.535587
vt 0.435963 0.515713
vt 0.371840 0.535633
vt 0.436050 0.516027
vn -0.1169 0.6617 0.7406
vn -0.0799 0.5902 0.8033
vn 0.6962 -0.6810 0.2270
vn -0.8189 -0.2128 -0.5330
vn -0.1483 0.6631 0.7337
vn 0.6988 -0.6745 0.2382
vn -0.9041 -0.4092 0.1233
vn -0.2354 -0.2625 0.9358
vn -0.9063 -0.4146 0.0817
vn 0.6986 -0.6759 0.2349
vn -0.9053 -0.4067 0.1228
vn -0.9018 -0.4272 0.0646
vn 0.6985 -0.6758 0.2352
vn 0.1932 0.6651 -0.7213
vn 0.3053 0.4601 -0.8337
vn 0.2286 0.4690 -0.8531
vn 0.4178 0.6369 -0.6479
vn 0.4268 0.7616 -0.4877
vn 0.4288 0.8044 -0.4111
vn 0.6297 0.7654 -0.1328
vn 0.6242 0.7688 -0.1389
vn 0.0655 0.7853 -0.6156
vn -0.1684 0.7692 -0.6164
vn -0.1981 0.7674 -0.6098
vn 0.2796 0.7831 -0.5554
vn 0.4183 0.7752 -0.4733
usemtl Egg
s off
f 90/139/82 79/140/82 84/141/82
f 84/142/83 79/143/83 86/144/83
f 82/145/84 77/146/84 81/147/84
f 77/146/85 80/148/85 81/149/85
f 88/150/86 79/143/86 90/151/86
f 87/152/87 78/153/87 85/154/87
f 79/155/88 103/156/88 78/153/88
f 78/157/89 86/158/89 79/155/89
f 78/157/90 91/159/90 77/160/90
f 77/161/91 82/162/91 83/163/91
f 77/146/85 91/164/85 80/148/85
f 79/155/92 88/165/92 103/156/92
f 78/157/89 87/166/89 86/158/89
f 78/157/93 103/167/93 91/159/93
f 83/163/94 85/168/94 78/157/94
f 78/157/94 77/161/94 83/163/94
s 1
f 93/169/95 102/170/96 92/171/97
f 102/172/96 76/173/98 100/174/99
f 99/175/100 95/176/101 96/177/102
f 98/178/103 89/179/104 97/180/105
f 76/173/98 93/169/95 101/181/106
f 93/169/95 76/173/98 102/170/96
f 99/175/100 94/182/107 95/176/101
f 98/178/103 101/183/106 89/179/104
f 98/178/103 94/182/107 101/181/106
f 94/182/107 99/175/100 101/181/106
f 99/175/100 100/174/99 101/181/106
f 100/174/99 76/173/98 101/181/106
o Sphere.003_cell.003_Sphere.003_cell.002
v 0.052556 0.044604 -0.091030
v 0.033290 -0.007300 -0.024005
v 0.029208 0.039313 -0.016989
v 0.022612 0.093688 -0.070646
v 0.026918 0.055187 -0.022663
v 0.065465 -0.013944 -0.067415
v 0.033618 0.053483 -0.022551
v 0.067475 -0.014548 -0.077630
v 0.023306 0.083659 -0.077395
v 0.026860 0.044604 -0.097916
v 0.037360 0.089877 -0.070211
v 0.031073 0.001742 -0.105879
v 0.028154 0.031113 -0.100431
v 0.058220 -0.008792 -0.100840
v 0.074865 0.005198 -0.080141
v 0.070287 0.044604 -0.073300
v 0.070841 -0.012744 -0.089365
v 0.073373 -0.006866 -0.085129
v 0.075573 -0.001208 -0.081289
v 0.049587 0.083005 -0.065159
v 0.060644 0.075718 -0.059574
v 0.053443 0.080518 -0.063171
v 0.026860 0.044604 -0.097916
v 0.023306 0.083659 -0.077395
v 0.031073 0.001742 -0.105879
v 0.028154 0.031113 -0.100431
v 0.070287 0.044604 -0.073300
v 0.074865 0.005198 -0.080141
v 0.075573 -0.001208 -0.081289
v 0.073373 -0.006866 -0.085129
v 0.070841 -0.012744 -0.089365
v 0.049587 0.083005 -0.065159
v 0.053443 0.080518 -0.063171
v 0.060644 0.075718 -0.059574
v 0.022612 0.093688 -0.070646
v 0.037360 0.089877 -0.070211
v 0.058220 -0.008792 -0.100840
vt 0.034263 0.125312
vt 0.645836 0.125312
vt 0.645836 0.736885
vt 0.034263 0.125312
vt 0.645836 0.125312
vt 0.034263 0.125312
vt 0.645836 0.125312
vt 0.034263 0.125312
vt 0.645836 0.125312
vt 0.034263 0.125312
vt 0.645836 0.736885
vt 0.353183 0.125312
vt 0.645836 0.398075
vt 0.645836 0.125312
vt 0.307026 0.398075
vt 0.494880 0.125312
vt 0.645836 0.655311
vt 0.645836 0.736885
vt 0.645836 0.662361
vt 0.564262 0.655311
vt 0.571312 0.662361
vt 0.514599 0.380363
vt 0.645836 0.570097
vt 0.645836 0.736885
vt 0.494180 0.585229
vt 0.479048 0.570097
vt 0.471212 0.125312
vt 0.645836 0.353128
vt 0.645836 0.736885
vt 0.471212 0.562261
vt 0.645836 0.125312
vt 0.262079 0.353128
vt 0.050114 0.125312
vt 0.645836 0.391161
vt 0.549062 0.394333
vt 0.300112 0.391161
vt 0.645836 0.660639
vt 0.645836 0.736885
vt 0.512568 0.603617
vt 0.645836 0.687993
vt 0.569591 0.660639
vt 0.083154 0.125312
vt 0.494180 0.125312
vt 0.645836 0.417964
vt 0.453731 0.446033
vt 0.431792 0.452211
vt 0.431792 0.400273
vt 0.455499 0.383609
vt 0.431933 0.334397
vt 0.431792 0.334321
vt 0.410159 0.351601
vt 0.413841 0.336700
vt 0.414712 0.442352
vt 0.406193 0.436728
vt 0.456025 0.400273
vt 0.451609 0.458439
vt 0.454387 0.347332
vt 0.417646 0.329439
vt 0.408951 0.400273
vt 0.410372 0.343689
vt 0.419564 0.445266
vn 0.8018 -0.0197 0.5973
vn 0.8035 -0.0165 0.5951
vn 0.0721 0.3449 0.9359
vn -0.9885 -0.1032 0.1104
vn -0.1699 -0.9851 0.0249
vn -0.9947 -0.1018 0.0157
vn -0.3449 -0.9339 -0.0941
vn 0.8611 -0.4686 0.1972
vn 0.8142 -0.0140 0.5804
vn 0.8099 -0.0077 0.5865
vn 0.2057 0.7654 0.6098
vn 0.1865 0.7734 0.6058
vn 0.1850 0.7741 0.6054
vn 0.1824 0.7748 0.6053
vn -0.9962 -0.0838 0.0221
vn -0.9951 -0.0982 0.0146
vn -0.1338 -0.9730 -0.1880
vn 0.8547 -0.4905 0.1698
vn -0.3451 -0.9339 -0.0938
vn 0.2083 0.5002 -0.8404
vn 0.3282 0.5082 -0.7962
vn 0.4700 0.3416 -0.8139
vn 0.2535 0.2007 -0.9463
vn 0.5358 0.2072 -0.8185
vn 0.6927 0.2007 -0.6927
vn 0.6245 0.4690 -0.6245
vn 0.2435 0.3384 -0.9089
vn 0.1683 0.5583 -0.8124
vn 0.6641 0.3435 -0.6641
vn 0.5845 0.4839 -0.6512
usemtl Egg
s off
f 105/184/108 109/185/108 106/186/108
f 109/187/109 110/188/109 106/186/109
f 110/189/110 108/190/110 106/186/110
f 108/191/111 105/192/111 106/186/111
f 111/193/112 109/185/112 105/194/112
f 105/194/113 116/195/113 115/196/113
f 111/197/114 115/198/114 117/199/114
f 111/193/115 122/200/115 109/201/115
f 118/202/116 109/201/116 122/203/116
f 109/201/117 118/204/117 119/205/117
f 125/206/118 110/207/118 124/208/118
f 108/190/119 125/209/119 123/210/119
f 139/211/120 108/212/120 123/213/120
f 138/214/121 108/212/121 139/215/121
f 138/216/122 112/217/122 108/212/122
f 113/218/123 108/212/123 112/219/123
f 120/220/124 111/221/124 117/222/124
f 121/223/125 111/221/125 120/224/125
f 105/194/113 108/191/113 116/195/113
f 111/197/126 105/194/126 115/198/126
f 111/193/115 121/225/115 122/200/115
f 119/205/117 124/226/117 110/188/117
f 110/188/117 109/201/117 119/205/117
f 108/190/119 110/207/119 125/209/119
f 113/218/123 116/227/123 108/212/123
s 1
f 127/228/127 114/229/128 104/230/129
f 129/231/130 104/230/129 140/232/131
f 140/233/131 131/234/132 133/235/132
f 136/236/133 137/237/133 104/230/129
f 104/230/129 126/238/134 127/228/127
f 127/228/127 107/239/135 114/229/128
f 140/232/131 128/240/130 129/231/130
f 129/231/130 126/238/134 104/230/129
f 133/235/132 134/241/132 140/233/131
f 140/233/131 104/230/129 131/234/132
f 104/230/129 130/242/136 131/234/132
f 131/234/132 132/243/132 133/235/132
f 137/237/133 130/242/136 104/230/129
f 104/230/129 114/229/128 135/244/137
f 135/244/137 136/236/133 104/230/129
o Sphere.003_cell.004_Sphere.003_cell.003
v 0.060687 -0.032047 -0.105112
v 0.005246 -0.085366 -0.074364
v 0.049927 -0.053339 -0.041583
v 0.065767 -0.036414 -0.045058
v 0.067628 -0.015696 -0.078929
v 0.044723 -0.024446 -0.107778
v 0.035581 -0.032047 -0.111840
v 0.058686 -0.013181 -0.101646
v 0.032420 -0.089788 -0.100458
v 0.016827 -0.096337 -0.103249
v 0.000000 -0.081653 -0.110867
v 0.015122 -0.053272 -0.112827
v 0.055624 -0.079859 -0.096343
v 0.074050 -0.021256 -0.088622
v 0.070792 -0.014081 -0.089801
v 0.078934 -0.032047 -0.086866
v 0.069045 -0.069881 -0.085808
v 0.077413 -0.055388 -0.081633
v 0.082822 -0.045156 -0.079184
v -0.004969 -0.077250 -0.110469
v -0.002019 -0.072782 -0.112205
v 0.035581 -0.032047 -0.111840
v 0.044723 -0.024446 -0.107778
v 0.058686 -0.013181 -0.101646
v 0.032420 -0.089788 -0.100458
v 0.016827 -0.096337 -0.103249
v 0.000000 -0.081653 -0.110867
v 0.015122 -0.053272 -0.112827
v 0.055624 -0.079859 -0.096343
v 0.070792 -0.014081 -0.089801
v 0.074050 -0.021256 -0.088622
v 0.078934 -0.032047 -0.086866
v 0.069045 -0.069881 -0.085808
v 0.082822 -0.045156 -0.079184
v 0.077413 -0.055388 -0.081633
v -0.004969 -0.077250 -0.110469
v -0.002019 -0.072782 -0.112205
vt 0.034263 0.125312
vt 0.645836 0.125312
vt 0.645836 0.736885
vt 0.645836 0.125312
vt 0.645836 0.189329
vt 0.574009 0.125312
vt 0.034263 0.125312
vt 0.645836 0.290330
vt 0.199281 0.290330
vt 0.034263 0.125312
vt 0.211894 0.125312
vt 0.519372 0.125312
vt 0.645836 0.197139
vt 0.334137 0.125312
vt 0.477880 0.524805
vt 0.645836 0.559254
vt 0.645836 0.736885
vt 0.645836 0.125312
vt 0.432548 0.336798
vt 0.304535 0.125312
vt 0.199427 0.290476
vt 0.034263 0.125312
vt 0.544158 0.354792
vt 0.645836 0.125312
vt 0.645836 0.437010
vt 0.309262 0.400311
vt 0.406444 0.125312
vt 0.645836 0.736885
vt 0.406444 0.497493
vt 0.645836 0.489565
vt 0.446686 0.468205
vt 0.645836 0.466612
vt 0.332152 0.243468
vt 0.098280 0.189329
vt 0.243282 0.125312
vt 0.645836 0.290476
vt 0.243282 0.334331
vt 0.309262 0.125312
vt 0.645836 0.736885
vt 0.398516 0.489565
vt 0.431792 0.305598
vt 0.444401 0.314986
vt 0.431792 0.328900
vt 0.452295 0.305598
vt 0.431792 0.246643
vt 0.427907 0.330659
vt 0.417896 0.327789
vt 0.415244 0.318926
vt 0.411435 0.305598
vt 0.404948 0.289434
vt 0.409451 0.276817
vt 0.481354 0.244430
vt 0.485737 0.249860
vt 0.481354 0.258933
vt 0.451874 0.234399
vt 0.468473 0.279427
vt 0.465947 0.226324
vt 0.417026 0.258946
vn -0.6365 0.6730 0.3767
vn 0.8453 0.4348 0.3106
vn 0.8456 0.4334 0.3116
vn 0.7189 -0.4965 0.4865
vn -0.0547 0.9899 0.1311
vn -0.6764 0.6541 0.3387
vn 0.6825 -0.5369 0.4959
vn 0.2856 -0.8505 0.4416
vn 0.2807 -0.8545 0.4371
vn -0.6859 0.6456 0.3357
vn -0.7003 0.6262 0.3427
vn -0.7189 0.6065 0.3397
vn -0.6623 -0.7490 0.0190
vn -0.6622 -0.7490 0.0190
vn 0.5000 0.0002 -0.8660
vn 0.2535 0.2007 -0.9463
vn 0.5414 0.2071 -0.8148
vn 0.2571 -0.1125 -0.9598
vn 0.4187 -0.2065 -0.8843
vn 0.6927 0.2007 -0.6927
vn 0.7059 -0.0590 -0.7059
vn 0.6927 -0.2004 -0.6927
vn 0.1184 -0.1871 -0.9752
vn -0.2535 -0.2004 -0.9463
vn 0.0099 -0.1469 -0.9891
vn 0.2535 -0.2004 -0.9463
vn 0.2426 -0.1949 -0.9503
usemtl Egg
s off
f 143/245/138 144/246/138 145/247/138
f 145/248/139 154/249/139 155/250/139
f 145/251/140 144/246/140 159/252/140
f 159/253/141 144/254/141 158/255/141
f 148/256/142 145/248/142 155/257/142
f 146/258/143 145/247/143 148/259/143
f 143/245/144 158/260/144 144/261/144
f 142/262/145 153/263/145 143/245/145
f 150/264/146 149/265/146 142/266/146
f 147/267/147 143/268/147 146/269/147
f 142/262/148 152/270/148 161/271/148
f 142/272/149 161/273/149 160/274/149
f 142/272/150 151/275/150 150/276/150
f 159/252/140 156/277/140 145/251/140
f 156/277/140 154/278/140 145/251/140
f 146/258/143 143/268/143 145/247/143
f 143/245/144 157/279/144 158/260/144
f 149/280/145 153/263/145 142/262/145
f 153/263/145 157/281/145 143/245/145
f 147/267/147 152/282/147 143/268/147
f 142/262/148 143/283/148 152/270/148
f 142/272/151 160/284/151 151/275/151
s 1
f 141/285/152 163/286/153 164/287/154
f 162/288/155 141/285/152 169/289/156
f 164/290/154 170/291/157 171/292/157
f 172/293/158 174/294/159 175/295/159
f 167/296/160 176/297/161 177/298/162
f 141/285/152 162/288/155 163/286/153
f 169/289/156 165/299/163 168/300/164
f 165/299/163 166/301/163 167/296/160
f 168/300/164 167/296/160 177/298/162
f 165/299/163 167/296/160 168/300/164
f 168/300/164 162/288/155 169/289/156
f 172/293/158 141/285/152 171/292/157
f 141/285/152 164/290/154 171/292/157
f 175/295/159 173/302/159 141/285/152
f 173/302/159 169/289/156 141/285/152
f 141/285/152 172/293/158 175/295/159
o Sphere.003_cell.005_Sphere.003_cell.004
v 0.052556 -0.108827 -0.091030
v 0.003948 -0.124922 -0.050637
v 0.049140 -0.054901 -0.040152
v 0.052890 -0.100556 -0.034974
v 0.047186 -0.055426 -0.034501
v 0.005020 -0.086260 -0.071033
v 0.009614 -0.076713 -0.012662
v 0.003367 -0.085629 -0.019542
v -0.002560 -0.085165 -0.048050
v 0.001512 -0.077245 -0.018657
v 0.016637 -0.118322 -0.090386
v 0.018538 -0.108827 -0.100145
v 0.039293 -0.133355 -0.068057
v 0.017745 -0.098153 -0.102618
v 0.038130 -0.089198 -0.099053
v 0.055435 -0.081637 -0.096017
v 0.041546 -0.135970 -0.061942
v 0.057131 -0.128654 -0.057164
v 0.069233 -0.108930 -0.074201
v 0.063646 -0.125510 -0.055294
v 0.069084 -0.081447 -0.082424
v 0.068779 -0.071853 -0.085504
v 0.039293 -0.133355 -0.068057
v 0.016637 -0.118322 -0.090386
v 0.018538 -0.108827 -0.100145
v 0.017745 -0.098153 -0.102618
v 0.038130 -0.089198 -0.099053
v 0.055435 -0.081637 -0.096017
v 0.069233 -0.108930 -0.074201
v 0.063646 -0.125510 -0.055294
v 0.057131 -0.128654 -0.057164
v 0.041546 -0.135970 -0.061942
v 0.068779 -0.071853 -0.085504
v 0.069084 -0.081447 -0.082424
vt 0.034263 0.125312
vt 0.645836 0.125312
vt 0.645836 0.736885
vt 0.034263 0.125312
vt 0.645836 0.125312
vt 0.034263 0.125312
vt 0.645836 0.125312
vt 0.034263 0.125312
vt 0.645836 0.125312
vt 0.034263 0.125312
vt 0.645836 0.125312
vt 0.645836 0.736885
vt 0.034263 0.125312
vt 0.645836 0.125312
vt 0.034263 0.125312
vt 0.645836 0.125312
vt 0.645836 0.736885
vt 0.034263 0.125312
vt 0.645836 0.736885
vt 0.645836 0.524722
vt 0.645836 0.736885
vt 0.645836 0.485522
vt 0.433673 0.524722
vt 0.424090 0.461631
vt 0.645836 0.361257
vt 0.270208 0.361257
vt 0.348739 0.125312
vt 0.361231 0.125312
vt 0.645836 0.736885
vt 0.323955 0.261845
vt 0.592033 0.387059
vt 0.645836 0.399064
vt 0.180126 0.125312
vt 0.308015 0.399064
vt 0.180126 0.271175
vt 0.645836 0.125312
vt 0.645836 0.522406
vt 0.645836 0.736885
vt 0.431357 0.522406
vt 0.645836 0.510475
vt 0.645836 0.469289
vt 0.469665 0.125312
vt 0.348739 0.439787
vt 0.361231 0.452280
vt 0.301858 0.125312
vt 0.212714 0.127054
vt 0.431792 0.210924
vt 0.463843 0.189039
vt 0.463872 0.210924
vt 0.465037 0.224086
vt 0.446698 0.235128
vt 0.410212 0.210686
vt 0.400534 0.172474
vt 0.407038 0.165228
vt 0.415192 0.244684
vt 0.410265 0.210924
vt 0.431792 0.154393
vt 0.431792 0.244451
vt 0.425455 0.148368
vt 0.428881 0.246876
vt 0.416718 0.254704
vn -0.4792 0.8619 -0.1658
vn -0.4727 0.8589 -0.1969
vn -0.9429 -0.1345 -0.3046
vn -0.9688 -0.1703 0.1801
vn -0.5725 -0.2103 0.7924
vn -0.3080 0.8896 0.3373
vn -0.4504 0.8898 -0.0731
vn -0.9306 -0.2355 0.2802
vn 0.0215 -0.6202 0.7841
vn 0.4799 0.0515 0.8758
vn 0.9258 0.1731 0.3362
vn -0.2792 0.8535 -0.4399
vn -0.2938 0.8489 -0.4394
vn -0.2960 0.8485 -0.4387
vn -0.9355 -0.1442 -0.3226
vn -0.3433 -0.9027 -0.2594
vn 0.0523 -0.6217 0.7815
vn 0.0691 -0.6119 0.7879
vn 0.9255 0.1132 0.3614
vn 0.9272 0.1409 0.3471
vn 0.9258 0.1028 0.3638
vn 0.4409 -0.4735 -0.7625
vn 0.1790 -0.7223 -0.6679
vn 0.2287 -0.4681 -0.8535
vn 0.2535 -0.2004 -0.9463
vn 0.5997 -0.5323 -0.5975
vn 0.4890 -0.7223 -0.4890
vn 0.6933 -0.2010 -0.6920
vn 0.3954 -0.7326 -0.5540
vn 0.5558 -0.2065 -0.8052
vn 0.6927 -0.2004 -0.6927
usemtl Egg
s off
f 187/303/165 180/304/165 186/305/165
f 180/306/166 183/307/166 186/305/166
f 183/308/167 179/309/167 186/305/167
f 179/310/168 187/311/168 186/305/168
f 185/312/169 184/313/169 187/314/169
f 184/315/170 182/316/170 187/314/170
f 182/317/171 180/304/171 187/314/171
f 179/310/172 185/318/172 187/314/172
f 184/315/173 185/318/173 179/319/173
f 181/320/174 182/316/174 184/321/174
f 210/322/175 180/323/175 182/317/175
f 193/324/176 180/323/176 210/325/176
f 193/326/177 192/327/177 180/323/177
f 183/307/178 192/328/178 191/329/178
f 188/330/179 183/331/179 189/332/179
f 179/319/180 190/333/180 194/334/180
f 195/335/181 179/319/181 194/336/181
f 195/337/182 181/338/182 184/321/182
f 181/320/183 211/339/183 182/340/183
f 182/340/184 211/341/184 210/342/184
f 181/338/185 197/343/185 196/344/185
f 183/307/178 180/323/178 192/328/178
f 179/309/179 183/331/179 188/330/179
f 183/331/179 191/345/179 189/332/179
f 179/319/180 188/346/180 190/333/180
f 195/335/181 184/313/181 179/319/181
f 195/337/182 197/347/182 181/338/182
f 181/320/183 196/348/183 211/339/183
s 1
f 178/349/186 201/350/187 202/351/188
f 202/351/188 203/352/189 204/353/189
f 206/354/190 207/355/191 208/356/191
f 198/357/192 206/358/190 178/349/186
f 178/349/186 200/359/193 201/350/187
f 205/360/194 178/349/186 204/353/189
f 178/349/186 202/351/188 204/353/189
f 209/361/191 200/359/193 208/356/191
f 200/359/193 178/349/186 208/356/191
f 178/349/186 206/354/190 208/356/191
f 178/349/186 205/362/194 198/357/192
f 205/362/194 199/363/195 198/357/192
o Sphere.003_cell.006_Sphere.003_cell.005
v -0.004046 -0.141554 -0.062962
v 0.000748 -0.138340 -0.050157
v 0.003483 -0.126820 -0.050743
v 0.000000 -0.143965 -0.067112
v 0.024139 -0.146996 -0.057365
v 0.005925 -0.144764 -0.064661
v 0.015639 -0.120145 -0.088682
v 0.033835 -0.142109 -0.060053
v 0.038320 -0.135155 -0.066372
v 0.039991 -0.137130 -0.061783
v -0.000863 -0.139534 -0.071672
v 0.015639 -0.120145 -0.088682
v 0.038320 -0.135155 -0.066372
v 0.033835 -0.142109 -0.060053
v 0.024139 -0.146996 -0.057365
v 0.005925 -0.144764 -0.064661
v 0.039991 -0.137130 -0.061783
v -0.000863 -0.139534 -0.071672
v 0.000000 -0.143965 -0.067112
vt 0.034263 0.125312
vt 0.645836 0.125312
vt 0.645836 0.736885
vt 0.645836 0.125312
vt 0.645836 0.174268
vt 0.622071 0.125312
vt 0.124975 0.216024
vt 0.034263 0.125312
vt 0.034263 0.125312
vt 0.360999 0.164414
vt 0.297280 0.388329
vt 0.624685 0.715733
vt 0.645836 0.678039
vt 0.645836 0.125312
vt 0.586991 0.678039
vt 0.501091 0.125312
vt 0.645836 0.736885
vt 0.351296 0.157825
vt 0.645836 0.418960
vt 0.179007 0.125312
vt 0.311592 0.402641
vt 0.645836 0.388329
vt 0.352187 0.125312
vt 0.431792 0.150246
vt 0.427022 0.145695
vt 0.431792 0.135405
vt 0.472922 0.128101
vt 0.443536 0.122955
vt 0.481354 0.129942
vt 0.479759 0.145841
vt 0.464549 0.184838
vt 0.432747 0.134219
vn -0.9282 0.2351 0.2885
vn -0.7346 -0.5508 -0.3962
vn -0.8140 0.5558 -0.1686
vn 0.3357 0.9035 0.2665
vn -0.2467 -0.9229 0.2957
vn -0.2405 -0.9164 0.3200
vn 0.2846 -0.0187 0.9585
vn 0.2828 -0.0340 0.9586
vn -0.8178 0.5513 -0.1651
vn 0.2691 -0.7370 -0.6200
vn 0.4623 -0.7409 -0.4872
vn 0.2294 -0.7314 -0.6421
vn 0.1724 -0.7153 -0.6772
vn 0.1790 -0.7223 -0.6679
vn 0.1982 -0.6840 -0.7020
vn 0.1579 -0.7122 -0.6840
vn 0.1715 -0.7219 -0.6705
usemtl Egg
s off
f 213/364/196 214/365/196 212/366/196
f 212/367/197 229/368/197 230/369/197
f 214/365/198 229/370/198 212/371/198
f 214/372/199 224/373/199 223/374/199
f 230/375/200 227/376/200 212/366/200
f 213/377/201 227/378/201 226/379/201
f 214/380/202 225/381/202 221/382/202
f 213/364/203 226/383/203 225/384/203
f 214/365/204 223/385/204 229/370/204
f 214/372/199 221/386/199 224/373/199
f 213/377/201 212/366/201 227/378/201
f 214/380/202 213/364/202 225/381/202
s 1
f 220/387/205 228/388/206 219/389/207
f 217/390/208 220/387/205 216/391/209
f 215/392/210 222/393/211 217/390/208
f 222/393/211 218/394/212 217/390/208
f 218/394/212 220/387/205 217/390/208
f 220/387/205 219/395/207 216/391/209
o Sphere.003_cell.007_Sphere.003_cell.006
v -0.000000 0.174076 -0.000000
v -0.004704 0.160028 -0.002709
v -0.000000 0.164101 0.012438
v -0.011128 0.163772 0.006424
v -0.013913 0.162606 0.001450
v -0.010417 0.164600 -0.005221
v 0.009020 0.165723 -0.005208
v 0.014133 0.160988 0.008160
v 0.018169 0.158900 0.002813
v 0.006397 0.163076 0.012002
v -0.003156 0.166669 -0.008390
v -0.011128 0.163772 0.006424
v -0.000000 0.164101 0.012438
v -0.010417 0.164600 -0.005221
v -0.013913 0.162606 0.001450
v 0.014133 0.160988 0.008160
v 0.018169 0.158900 0.002813
v 0.009020 0.165723 -0.005208
v 0.006397 0.163076 0.012002
v -0.003156 0.166669 -0.008390
vt 0.601857 0.125312
vt 0.645836 0.125312
vt 0.645836 0.334507
vt 0.034263 0.125312
vt 0.230141 0.239257
vt 0.289426 0.350908
vt 0.245278 0.174471
vt 0.127834 0.218883
vt 0.645836 0.736885
vt 0.498883 0.589932
vt 0.645836 0.673396
vt 0.645836 0.676892
vt 0.593340 0.666988
vt 0.645836 0.452220
vt 0.590169 0.646737
vt 0.243458 0.334507
vt 0.127834 0.125312
vt 0.318927 0.125312
vt 0.331172 0.535770
vt 0.369117 0.546294
vt 0.308931 0.535422
vt 0.371368 0.537481
vt 0.345987 0.532486
vt 0.352521 0.529388
vt 0.335364 0.533796
vt 0.392739 0.538040
vt 0.409356 0.536519
vt 0.384647 0.539189
vt 0.374363 0.537864
vt 0.405338 0.536204
vt 0.352645 0.533406
vn -0.4249 -0.7818 -0.4563
vn -0.1316 -0.9463 0.2953
vn -0.1156 -0.9517 0.2844
vn -0.1585 -0.6202 -0.7682
vn 0.1409 -0.6623 -0.7358
vn 0.1436 -0.6669 -0.7312
vn -0.0523 0.7790 0.6247
vn 0.0036 0.9996 -0.0273
vn -0.5175 0.8149 0.2610
vn 0.5672 0.7957 -0.2122
vn 0.5559 0.8065 0.2011
vn 0.5457 0.8335 0.0865
vn 0.3346 0.7767 0.5335
vn -0.1712 0.7696 -0.6150
vn -0.5773 0.8007 -0.1603
vn -0.4409 0.8968 0.0369
usemtl Egg
s off
f 244/396/213 232/397/213 245/398/213
f 232/399/214 233/400/214 234/401/214
f 232/399/215 238/402/215 240/403/215
f 232/404/216 244/405/216 250/406/216
f 237/407/217 232/404/217 250/408/217
f 239/409/218 232/404/218 237/410/218
f 234/401/214 245/411/214 232/399/214
f 232/399/214 240/412/214 233/400/214
f 232/399/215 239/413/215 238/402/215
s 1
f 243/414/219 231/415/220 242/416/221
f 248/417/222 246/418/223 247/419/224
f 231/415/220 249/420/225 246/418/223
f 231/415/220 241/421/226 236/422/227
f 241/423/226 231/415/220 248/424/222
f 242/416/221 236/425/227 235/426/228
f 248/417/222 231/415/220 246/418/223
f 231/415/220 243/414/219 249/420/225
f 242/416/221 231/415/220 236/425/227
o Sphere.003_cell.008_Sphere.003_cell.007
v 0.052556 0.125407 -0.030343
v 0.071010 0.087845 -0.003491
v 0.042455 0.131136 0.009006
v 0.016842 0.104106 -0.046777
v 0.016275 0.115071 -0.010398
v 0.061345 0.065606 -0.013647
v 0.034588 0.055481 -0.022374
v 0.012455 0.094482 -0.009765
v 0.008382 0.067828 -0.021071
v 0.025966 0.057115 -0.022054
v 0.015558 0.090232 -0.056085
v 0.021680 0.094039 -0.066802
v 0.026195 0.106517 -0.064053
v 0.031609 0.115613 -0.057602
v 0.037319 0.091356 -0.069409
v 0.037231 0.125407 -0.045669
v 0.056507 0.079853 -0.060605
v 0.060974 0.077069 -0.058230
v 0.074491 0.079340 -0.043007
v 0.080499 0.077347 -0.024672
v 0.075793 0.094347 -0.007356
v 0.060275 0.125407 -0.001535
v 0.039328 0.141836 -0.003256
v 0.040675 0.136410 -0.023484
v 0.038480 0.142714 0.002339
v 0.042959 0.137982 0.007644
v 0.047537 0.134810 0.005315
v 0.074491 0.079340 -0.043007
v 0.060974 0.077069 -0.058230
v 0.056507 0.079853 -0.060605
v 0.060275 0.125407 -0.001535
v 0.075793 0.094347 -0.007356
v 0.040675 0.136410 -0.023484
v 0.039328 0.141836 -0.003256
v 0.038480 0.142714 0.002339
v 0.042959 0.137982 0.007644
v 0.047537 0.134810 0.005315
v 0.037231 0.125407 -0.045669
v 0.026195 0.106517 -0.064053
v 0.031609 0.115613 -0.057602
v 0.037319 0.091356 -0.069409
v 0.021680 0.094039 -0.066802
v 0.080499 0.077347 -0.024672
vt 0.034263 0.125312
vt 0.645836 0.125312
vt 0.645836 0.736885
vt 0.034263 0.125312
vt 0.645836 0.125312
vt 0.034263 0.125312
vt 0.645836 0.125312
vt 0.645836 0.125312
vt 0.645836 0.736885
vt 0.645836 0.125312
vt 0.645836 0.736885
vt 0.034263 0.125312
vt 0.645836 0.125312
vt 0.645836 0.736885
vt 0.034263 0.125312
vt 0.645836 0.125312
vt 0.034263 0.125312
vt 0.645836 0.736885
vt 0.645836 0.125312
vt 0.645836 0.736885
vt 0.645836 0.736885
vt 0.415723 0.125312
vt 0.645836 0.125312
vt 0.645836 0.149412
vt 0.645836 0.154437
vt 0.257374 0.170396
vt 0.034263 0.125312
vt 0.645836 0.231970
vt 0.073985 0.165034
vt 0.034263 0.125312
vt 0.645836 0.310105
vt 0.140921 0.231970
vt 0.219056 0.310105
vt 0.034263 0.125312
vt 0.181825 0.125312
vt 0.645836 0.183862
vt 0.572792 0.125312
vt 0.645836 0.125312
vt 0.527736 0.618785
vt 0.645836 0.355425
vt 0.544504 0.635552
vt 0.645836 0.125312
vt 0.645836 0.618785
vt 0.645836 0.283627
vt 0.181825 0.272874
vt 0.192578 0.283627
vt 0.400573 0.145164
vt 0.434090 0.525139
vt 0.106305 0.125312
vt 0.645836 0.348780
vt 0.034263 0.125312
vt 0.544503 0.125312
vt 0.381112 0.179658
vt 0.058363 0.149412
vt 0.034263 0.125312
vt 0.171147 0.216595
vt 0.092813 0.183862
vt 0.441192 0.477056
vt 0.434732 0.455050
vt 0.449933 0.460545
vt 0.410238 0.441573
vt 0.431792 0.485136
vt 0.382229 0.494947
vt 0.342861 0.454368
vt 0.382229 0.440972
vt 0.328657 0.506887
vt 0.330011 0.503436
vt 0.348997 0.510460
vt 0.416424 0.494947
vt 0.379265 0.506555
vt 0.404892 0.438311
vt 0.431792 0.454086
vt 0.335174 0.494947
vt 0.360725 0.438637
vt 0.340443 0.511283
vn -0.6443 0.1426 0.7513
vn -0.1434 -0.3556 0.9236
vn -0.1371 -0.3571 0.9239
vn -0.1318 -0.3638 0.9221
vn -0.0707 -0.5374 0.8403
vn -0.9823 0.1581 -0.1001
vn -0.8649 0.3324 -0.3760
vn -0.1698 -0.3627 0.9163
vn -0.4602 -0.7059 -0.5384
vn -0.5189 -0.6678 -0.5336
vn 0.5194 0.1298 0.8446
vn 0.5317 0.1082 0.8400
vn 0.8097 -0.2935 0.5082
vn 0.4089 -0.8831 -0.2300
vn 0.4085 -0.8830 -0.2310
vn -0.7128 0.6352 -0.2973
vn -0.9813 0.1795 -0.0696
vn -0.6580 0.1932 0.7278
vn -0.7115 0.6696 -0.2129
vn -0.1707 -0.7836 -0.5974
vn -0.1868 -0.7743 -0.6046
vn -0.8320 0.3883 -0.3962
vn -0.2316 -0.7611 -0.6059
vn -0.6973 0.6793 -0.2287
vn 0.6431 -0.5313 0.5515
vn 0.4091 -0.8830 -0.2299
vn -0.9812 0.1799 -0.0695
vn -0.6972 0.6793 -0.2291
vn 0.1216 0.4087 -0.9045
vn 0.3939 0.4388 -0.8076
vn -0.1165 0.2536 -0.9602
vn 0.6126 0.4694 -0.6359
vn 0.5340 0.4718 -0.7015
vn 0.6730 0.6268 -0.3926
vn 0.8531 0.4690 -0.2286
vn 0.7585 0.4818 -0.4387
vn 0.6251 0.7776 0.0667
vn 0.6073 0.7916 0.0673
vn 0.6410 0.7658 -0.0513
vn 0.6088 0.5085 -0.6088
vn 0.5715 0.7786 -0.2590
vn 0.6245 0.4690 -0.6245
vn 0.7429 0.6484 -0.1663
vn 0.7251 0.6886 0.0020
usemtl Egg
s off
f 255/427/229 258/428/229 253/429/229
f 258/430/230 260/431/230 253/429/230
f 260/432/231 252/433/231 253/429/231
f 260/432/232 256/434/232 252/435/232
f 260/432/233 257/436/233 256/437/233
f 261/438/234 259/439/234 254/440/234
f 292/441/235 261/442/235 254/440/235
f 259/443/236 260/431/236 258/444/236
f 259/443/237 292/445/237 260/446/237
f 292/441/238 259/439/238 261/447/238
f 276/448/239 253/449/239 277/450/239
f 252/433/240 271/451/240 272/452/240
f 252/453/241 293/454/241 271/455/241
f 256/456/242 269/457/242 293/458/242
f 269/459/243 257/460/243 268/461/243
f 290/462/244 263/463/244 254/464/244
f 258/430/245 254/440/245 259/443/245
f 275/465/246 253/449/246 276/466/246
f 273/467/247 255/468/247 275/469/247
f 257/460/248 267/470/248 268/471/248
f 267/472/249 260/432/249 291/473/249
f 292/445/250 254/440/250 263/474/250
f 260/446/251 292/475/251 291/476/251
f 254/477/252 273/478/252 274/479/252
f 272/452/240 277/480/240 253/481/240
f 253/481/240 252/433/240 272/452/240
f 252/453/253 256/434/253 293/454/253
f 256/456/254 257/436/254 269/457/254
f 258/430/255 255/468/255 254/440/255
f 275/465/246 255/427/246 253/449/246
f 273/467/247 254/477/247 255/468/247
f 257/460/248 260/431/248 267/470/248
f 274/479/252 266/482/252 254/477/252
f 266/482/256 290/483/256 254/477/256
s 1
f 289/484/257 265/485/258 262/486/259
f 280/487/260 264/488/261 251/489/262
f 251/489/262 282/490/263 278/491/264
f 286/492/265 287/493/266 284/494/267
f 288/495/268 283/496/269 251/489/262
f 289/484/257 264/488/261 265/485/258
f 279/497/270 280/487/260 278/491/264
f 280/487/260 265/498/258 264/488/261
f 278/491/264 280/487/260 251/489/262
f 264/488/261 288/495/268 251/489/262
f 281/499/271 282/490/263 251/489/262
f 282/490/263 270/500/263 278/491/264
f 287/493/266 281/499/271 284/494/267
f 281/499/271 251/489/262 283/496/269
f 284/494/267 281/499/271 283/496/269
f 284/494/267 285/501/272 286/492/265
o Sphere.003_cell.009_Sphere.003_cell.008
v 0.091030 0.044604 -0.052556
v 0.065421 -0.015296 -0.064603
v 0.035024 0.052979 -0.021929
v 0.029074 0.033469 -0.014363
v 0.032711 -0.008266 -0.020529
v 0.062204 -0.027072 -0.037851
v 0.061669 0.063260 -0.014314
v 0.059307 0.014423 0.012534
v 0.022699 -0.010532 0.004110
v 0.071262 0.044604 -0.072324
v 0.073389 0.025306 -0.075789
v 0.076757 -0.001037 -0.080056
v 0.098187 0.005651 -0.056688
v 0.075341 0.077554 -0.043498
v 0.069311 0.051026 -0.069452
v 0.064494 0.066950 -0.062310
v 0.062046 0.075112 -0.058627
v 0.101491 0.044604 -0.013517
v 0.111481 -0.001382 -0.012642
v 0.113959 -0.002589 -0.004347
v 0.111325 0.015321 -0.000000
v 0.081329 0.075448 -0.025472
v 0.076906 0.077032 -0.038729
v 0.112168 0.003632 0.006107
v 0.113959 0.000201 0.002139
v 0.111758 0.009299 0.003150
v 0.073389 0.025306 -0.075789
v 0.071262 0.044604 -0.072324
v 0.076757 -0.001037 -0.080056
v 0.064494 0.066950 -0.062310
v 0.062046 0.075112 -0.058627
v 0.069311 0.051026 -0.069452
v 0.113959 -0.002589 -0.004347
v 0.111481 -0.001382 -0.012642
v 0.101491 0.044604 -0.013517
v 0.111325 0.015321 -0.000000
v 0.081329 0.075448 -0.025472
v 0.075341 0.077554 -0.043498
v 0.076906 0.077032 -0.038729
v 0.111758 0.009299 0.003150
v 0.112168 0.003632 0.006107
v 0.098187 0.005651 -0.056688
v 0.113959 0.000201 0.002139
vt 0.034263 0.125312
vt 0.645836 0.125312
vt 0.645836 0.736885
vt 0.034263 0.125312
vt 0.645836 0.125312
vt 0.034263 0.125312
vt 0.645836 0.125312
vt 0.645836 0.736885
vt 0.034263 0.125312
vt 0.034263 0.125312
vt 0.645836 0.125312
vt 0.645836 0.736885
vt 0.645836 0.736885
vt 0.034263 0.125312
vt 0.214771 0.160131
vt 0.169382 0.260431
vt 0.645836 0.312064
vt 0.431887 0.125312
vt 0.645836 0.125312
vt 0.645836 0.125312
vt 0.221015 0.312064
vt 0.034263 0.125312
vt 0.645836 0.549404
vt 0.554675 0.143511
vt 0.390202 0.204743
vt 0.453058 0.125312
vt 0.645836 0.125312
vt 0.645836 0.201767
vt 0.034263 0.125312
vt 0.645836 0.348671
vt 0.122391 0.213440
vt 0.257622 0.348671
vt 0.543153 0.346392
vt 0.611514 0.125312
vt 0.645836 0.736885
vt 0.103494 0.125312
vt 0.176153 0.125312
vt 0.645836 0.318089
vt 0.645836 0.125312
vt 0.611514 0.702563
vt 0.535155 0.125312
vt 0.600001 0.691050
vt 0.176153 0.267202
vt 0.144943 0.125312
vt 0.221743 0.125312
vt 0.645836 0.275489
vt 0.143589 0.125312
vt 0.143589 0.234638
vt 0.576605 0.125312
vt 0.645836 0.339260
vt 0.645836 0.187504
vt 0.096455 0.187504
vt 0.382229 0.352160
vt 0.408510 0.376437
vt 0.382229 0.400273
vt 0.407694 0.400273
vt 0.407104 0.407797
vt 0.345414 0.400273
vt 0.382229 0.438879
vt 0.376608 0.438267
vt 0.329902 0.356666
vt 0.332667 0.344470
vt 0.332667 0.364104
vt 0.408951 0.343900
vt 0.405441 0.426455
vt 0.399197 0.436839
vt 0.343601 0.343474
vt 0.336429 0.341983
vt 0.361283 0.436412
vt 0.327343 0.349667
vn -0.4282 0.4373 0.7909
vn -0.4027 0.4558 0.7937
vn -0.9254 -0.0248 -0.3783
vn -0.4556 0.3999 0.7953
vn -0.6444 -0.6683 -0.3717
vn -0.6364 -0.7005 -0.3230
vn -0.4170 0.8808 0.2242
vn -0.8101 0.0178 -0.5860
vn -0.8110 0.0206 -0.5847
vn -0.4086 0.8802 0.2415
vn 0.2008 0.4654 0.8621
vn 0.5642 -0.7704 -0.2969
vn -0.8035 -0.0063 -0.5953
vn -0.8099 0.0161 -0.5864
vn 0.0675 -0.4066 0.9111
vn 0.1997 0.4646 0.8627
vn 0.5642 -0.7717 -0.2935
vn 0.1137 -0.8831 0.4552
vn 0.1760 -0.9043 0.3889
vn 0.5524 -0.7854 -0.2793
vn -0.4128 0.8808 0.2320
vn -0.0808 -0.7717 0.6309
vn 0.8449 0.2075 -0.4929
vn 0.6927 0.2007 -0.6927
vn 0.8142 0.3407 -0.4700
vn 0.6669 0.3323 -0.6669
vn 0.6245 0.4690 -0.6245
vn 0.9219 0.2984 -0.2470
vn 0.7596 0.4818 -0.4369
vn 0.8531 0.4690 -0.2286
vn 0.9463 0.2007 0.2535
vn 0.9832 0.1774 0.0433
vn 0.9637 0.1988 -0.1781
vn 0.9463 0.2007 -0.2535
vn 0.9643 0.1872 -0.1870
usemtl Egg
s off
f 297/502/273 301/503/273 296/504/273
f 301/505/274 300/506/274 296/504/274
f 298/507/275 302/508/275 297/509/275
f 302/510/276 301/503/276 297/509/276
f 299/511/277 298/512/277 295/513/277
f 299/511/278 302/508/278 298/514/278
f 296/515/279 307/516/279 310/517/279
f 309/518/280 308/519/280 297/520/280
f 296/521/281 309/522/281 297/502/281
f 300/523/282 316/524/282 296/504/282
f 300/523/283 314/525/283 311/526/283
f 306/527/284 295/528/284 305/529/284
f 295/530/285 304/531/285 305/532/285
f 304/533/286 297/520/286 303/534/286
f 336/535/287 301/536/287 302/510/287
f 301/536/288 319/537/288 300/506/288
f 312/538/289 295/528/289 306/539/289
f 299/540/290 336/541/290 302/510/290
f 299/511/291 313/542/291 336/543/291
f 299/540/292 312/544/292 313/545/292
f 296/515/293 316/546/293 307/516/293
f 296/521/281 310/547/281 309/522/281
f 300/523/282 315/548/282 316/524/282
f 311/526/283 315/549/283 300/523/283
f 300/523/283 319/550/283 314/525/283
f 295/530/285 298/512/285 304/531/285
f 298/507/286 297/520/286 304/533/286
f 297/520/286 308/551/286 303/534/286
f 336/535/294 317/552/294 301/536/294
f 301/536/288 317/553/288 319/537/288
f 299/540/292 295/513/292 312/544/292
s 1
f 335/554/295 320/555/296 294/556/297
f 294/556/297 321/557/298 325/558/299
f 335/554/295 294/556/297 328/559/300
f 294/556/297 331/560/301 332/561/302
f 333/562/303 318/563/304 329/564/305
f 322/565/296 320/555/296 335/554/295
f 320/555/296 321/557/298 294/556/297
f 325/558/299 323/566/299 294/556/297
f 323/566/299 324/567/299 331/560/301
f 294/556/297 323/566/299 331/560/301
f 328/559/300 329/564/305 327/568/306
f 329/564/305 318/563/304 326/569/307
f 327/568/306 329/564/305 326/569/307
f 327/568/306 335/554/295 328/559/300
f 332/561/302 330/570/302 294/556/297
f 330/570/302 328/559/300 294/556/297
f 333/562/303 334/571/303 318/563/304
o Sphere.003_cell.010_Sphere.003_cell.009
v 0.105112 -0.032047 -0.060687
v 0.063809 -0.028900 -0.038980
v 0.066542 -0.015476 -0.066603
v 0.065924 -0.034650 -0.043359
v 0.068169 -0.016046 -0.075879
v 0.071909 -0.014086 -0.088685
v 0.098481 0.004048 -0.056858
v 0.078516 -0.002174 -0.078626
v 0.080297 -0.032047 -0.085503
v 0.083991 -0.043995 -0.078351
v 0.101686 -0.050727 -0.058709
v 0.113863 -0.014895 -0.014448
v 0.113860 -0.032047 -0.028041
v 0.113852 -0.004512 -0.006269
v 0.110555 -0.002576 -0.017041
v 0.106059 -0.049117 -0.043661
v 0.071909 -0.014086 -0.088685
v 0.078516 -0.002174 -0.078626
v 0.080297 -0.032047 -0.085503
v 0.098481 0.004048 -0.056858
v 0.101686 -0.050727 -0.058709
v 0.083991 -0.043995 -0.078351
v 0.113863 -0.014895 -0.014448
v 0.113860 -0.032047 -0.028041
v 0.110555 -0.002576 -0.017041
v 0.113852 -0.004512 -0.006269
v 0.106059 -0.049117 -0.043661
vt 0.034263 0.125312
vt 0.645836 0.125312
vt 0.645836 0.736885
vt 0.034263 0.125312
vt 0.645836 0.125312
vt 0.174900 0.125312
vt 0.645836 0.125312
vt 0.645836 0.410461
vt 0.034263 0.125312
vt 0.466271 0.255537
vt 0.319412 0.410461
vt 0.104267 0.195316
vt 0.221369 0.130182
vt 0.223589 0.314638
vt 0.466632 0.125312
vt 0.466632 0.557681
vt 0.034263 0.125312
vt 0.645836 0.496141
vt 0.265960 0.293311
vt 0.202028 0.125312
vt 0.645836 0.206319
vt 0.522423 0.125312
vt 0.645836 0.125312
vt 0.563601 0.125312
vt 0.645836 0.736885
vt 0.645836 0.569120
vt 0.645836 0.736885
vt 0.335260 0.303434
vt 0.275007 0.125312
vt 0.645836 0.596247
vt 0.260712 0.351761
vt 0.645836 0.736885
vt 0.563601 0.654650
vt 0.409915 0.305598
vt 0.415743 0.329557
vt 0.407075 0.342495
vt 0.382229 0.305598
vt 0.403819 0.290865
vt 0.381122 0.349932
vt 0.347366 0.341999
vt 0.355568 0.305598
vt 0.371611 0.281565
vt 0.382229 0.350181
vt 0.382229 0.282565
vt 0.338076 0.339607
vt 0.344899 0.326784
vn -0.9772 -0.1363 -0.1629
vn -0.9595 -0.2107 -0.1868
vn -0.2072 -0.6055 0.7684
vn -0.2058 -0.6078 0.7670
vn -0.5623 0.7726 0.2948
vn -0.5625 0.7709 0.2988
vn -0.5731 0.7579 0.3116
vn -0.2257 -0.6414 0.7333
vn -0.3949 -0.9178 0.0412
vn -0.8007 0.5778 -0.1582
vn -0.8639 0.4702 -0.1803
vn -0.8380 -0.4467 -0.3134
vn -0.3313 -0.9232 0.1950
vn -0.8380 -0.4468 -0.3132
vn 0.7055 0.0670 -0.7055
vn 0.6927 0.2007 -0.6927
vn 0.8660 0.0002 -0.5000
vn 0.6927 -0.2004 -0.6927
vn 0.8495 0.2075 -0.4851
vn 0.9463 0.2007 -0.2535
vn 0.9614 0.0963 -0.2576
vn 0.9463 -0.2004 -0.2535
vn 0.8539 -0.2072 -0.4773
usemtl Egg
s off
f 339/572/308 341/573/308 338/574/308
f 341/575/309 340/576/309 338/574/309
f 350/577/310 338/578/310 348/579/310
f 338/580/311 349/581/311 348/582/311
f 344/583/312 339/572/312 343/584/312
f 343/585/313 339/572/313 351/586/313
f 338/578/314 351/587/314 339/572/314
f 338/574/315 340/588/315 352/589/315
f 347/590/316 340/588/316 346/591/316
f 344/592/317 342/593/317 339/594/317
f 342/595/318 341/573/318 339/596/318
f 346/597/319 341/598/319 345/599/319
f 338/580/311 352/600/311 349/581/311
f 338/578/314 350/601/314 351/587/314
f 347/590/320 352/602/320 340/588/320
f 340/603/319 341/598/319 346/597/319
f 341/598/321 342/604/321 345/599/321
s 1
f 355/605/322 353/606/323 354/607/323
f 337/608/324 358/609/325 355/605/322
f 356/610/326 361/611/327 360/612/328
f 363/613/329 337/608/324 360/612/328
f 356/614/326 337/608/324 354/607/323
f 337/608/324 355/605/322 354/607/323
f 337/608/324 357/615/330 358/609/325
f 362/616/327 359/617/327 361/611/327
f 359/617/327 360/612/328 361/611/327
f 360/612/328 337/608/324 356/610/326
f 363/613/329 357/615/330 337/608/324
o Sphere.003_cell.011_Sphere.003_cell.010
v 0.091030 -0.108827 -0.052556
v 0.055787 -0.102071 -0.034798
v 0.049686 -0.054213 -0.035149
v 0.070141 -0.113721 -0.034967
v 0.053888 -0.048573 -0.035071
v 0.062909 -0.039022 -0.041314
v 0.065817 -0.124769 -0.054218
v 0.067575 -0.118893 -0.061140
v 0.070530 -0.125068 -0.049062
v 0.070836 -0.108827 -0.072750
v 0.070576 -0.071421 -0.083832
v 0.076832 -0.058487 -0.081318
v 0.100966 -0.054654 -0.058293
v 0.082448 -0.048075 -0.078714
v 0.076286 -0.124971 -0.042420
v 0.079165 -0.123331 -0.038299
v 0.083675 -0.119934 -0.035174
v 0.095664 -0.108827 -0.035262
v 0.090107 -0.113981 -0.035199
v 0.102509 -0.076190 -0.035514
v 0.103321 -0.067468 -0.039377
v 0.104351 -0.055514 -0.044978
v 0.067575 -0.118893 -0.061140
v 0.070836 -0.108827 -0.072750
v 0.070530 -0.125068 -0.049062
v 0.065817 -0.124769 -0.054218
v 0.070576 -0.071421 -0.083832
v 0.076832 -0.058487 -0.081318
v 0.082448 -0.048075 -0.078714
v 0.100966 -0.054654 -0.058293
v 0.095664 -0.108827 -0.035262
v 0.090107 -0.113981 -0.035199
v 0.083675 -0.119934 -0.035174
v 0.079165 -0.123331 -0.038299
v 0.104351 -0.055514 -0.044978
v 0.103321 -0.067468 -0.039377
v 0.102509 -0.076190 -0.035514
v 0.076286 -0.124971 -0.042420
vt 0.034263 0.125312
vt 0.645836 0.125312
vt 0.645836 0.736885
vt 0.034263 0.125312
vt 0.645836 0.736885
vt 0.034263 0.125312
vt 0.645836 0.522541
vt 0.391713 0.125312
vt 0.645836 0.125312
vt 0.468898 0.125312
vt 0.645836 0.415215
vt 0.324166 0.415215
vt 0.645836 0.547557
vt 0.456509 0.547558
vt 0.645836 0.617536
vt 0.588956 0.125312
vt 0.645836 0.125312
vt 0.645836 0.736885
vt 0.588956 0.680005
vt 0.645836 0.682406
vt 0.591357 0.682406
vt 0.645836 0.655224
vt 0.564175 0.655224
vt 0.645836 0.615701
vt 0.645836 0.125312
vt 0.645836 0.354174
vt 0.411267 0.125312
vt 0.263125 0.354174
vt 0.645836 0.736885
vt 0.221747 0.125312
vt 0.645836 0.519017
vt 0.564179 0.331576
vt 0.645836 0.302250
vt 0.578790 0.298513
vt 0.470151 0.125312
vt 0.470151 0.561200
vt 0.645836 0.549400
vt 0.645836 0.736885
vt 0.155447 0.125312
vt 0.431493 0.522541
vt 0.034263 0.125312
vt 0.645836 0.379434
vt 0.427968 0.519017
vt 0.645836 0.359880
vt 0.402464 0.187723
vt 0.382229 0.210924
vt 0.390455 0.173492
vt 0.409623 0.272996
vt 0.404883 0.285835
vt 0.382229 0.277722
vt 0.369958 0.185324
vt 0.375032 0.177497
vt 0.364110 0.251167
vt 0.366939 0.261922
vt 0.398113 0.174183
vt 0.408243 0.210924
vt 0.383757 0.172918
vt 0.414958 0.257048
vt 0.382229 0.172881
vt 0.365920 0.210924
vt 0.367550 0.199044
vt 0.370917 0.276662
vn -0.0243 0.0042 0.9997
vn -0.7784 0.5832 -0.2325
vn 0.0116 -0.0002 0.9999
vn 0.0123 0.0055 0.9999
vn -0.9326 -0.1214 -0.3398
vn -0.5702 -0.6649 0.4826
vn -0.5594 -0.6653 0.4945
vn -0.5215 -0.6506 0.5521
vn -0.4754 -0.6514 0.5913
vn -0.2133 -0.4928 0.8436
vn 0.0115 -0.0083 0.9999
vn 0.2359 0.3956 0.8876
vn 0.2226 0.3774 0.8989
vn -0.7483 0.4557 -0.4821
vn -0.9269 -0.1125 -0.3580
vn 0.3670 0.9296 -0.0333
vn -0.7086 0.5053 -0.4925
vn 0.0125 0.0051 0.9999
vn 0.4890 -0.7223 -0.4890
vn 0.7623 -0.4745 -0.4402
vn 0.4980 -0.7294 -0.4690
vn 0.6927 -0.2004 -0.6927
vn 0.8346 -0.2071 -0.5104
vn 0.6679 -0.7223 -0.1790
vn 0.9463 -0.2004 -0.2535
vn 0.6391 -0.4279 -0.6391
vn 0.5892 -0.7407 -0.3228
vn 0.8564 -0.4624 -0.2295
usemtl Egg
s off
f 368/618/331 366/619/331 365/620/331
f 369/621/332 366/619/332 368/622/332
f 367/623/333 381/624/333 365/620/333
f 365/620/334 383/625/334 368/626/334
f 365/620/335 371/627/335 370/628/335
f 370/629/336 372/630/336 365/620/336
f 372/631/337 401/632/337 365/620/337
f 401/633/338 367/634/338 365/620/338
f 367/635/339 401/636/339 379/637/339
f 367/635/340 379/638/340 380/639/340
f 367/635/341 380/640/341 382/641/341
f 369/642/342 384/643/342 385/644/342
f 368/626/343 384/645/343 369/621/343
f 366/646/344 375/647/344 374/648/344
f 366/646/345 373/649/345 371/650/345
f 369/642/346 376/651/346 377/652/346
f 377/653/347 375/654/347 369/655/347
f 367/623/333 382/656/333 381/624/333
f 365/620/348 381/657/348 383/625/348
f 365/620/335 366/658/335 371/627/335
f 368/626/343 383/659/343 384/645/343
f 366/646/344 369/621/344 375/647/344
f 366/646/345 374/660/345 373/649/345
f 369/642/346 385/661/346 376/651/346
s 1
f 386/662/349 364/663/350 388/664/351
f 391/665/352 392/666/352 393/667/353
f 396/668/354 397/669/354 364/663/350
f 400/670/355 393/667/353 399/671/355
f 389/672/349 386/662/349 388/664/351
f 386/662/349 387/673/356 364/663/350
f 388/664/351 364/663/350 378/674/357
f 393/667/353 364/663/350 390/675/352
f 364/663/350 387/673/356 390/675/352
f 390/675/352 391/665/352 393/667/353
f 397/669/354 378/676/357 364/663/350
f 364/663/350 394/677/358 395/678/354
f 395/678/354 396/668/354 364/663/350
f 400/670/355 394/677/358 364/663/350
f 364/663/350 393/667/353 400/670/355
f 393/667/353 398/679/355 399/671/355
o Sphere.003_cell.012_Sphere.003_cell.011
v 0.030343 -0.149906 -0.052556
v 0.052556 -0.149906 -0.030343
v 0.022168 -0.094447 -0.001597
v 0.066936 -0.114320 -0.034697
v 0.014640 -0.106425 -0.000098
v 0.000498 -0.142165 -0.046443
v 0.000080 -0.101512 -0.019446
v 0.016325 -0.089184 -0.002263
v 0.004481 -0.125684 -0.048655
v 0.053866 -0.103099 -0.034300
v 0.010776 -0.078997 -0.011378
v 0.002578 -0.088838 -0.019519
v 0.033106 -0.144798 -0.057341
v 0.042013 -0.136676 -0.060431
v 0.064194 -0.126205 -0.053719
v 0.054399 -0.130749 -0.056802
v 0.068099 -0.136670 -0.025757
v 0.057563 -0.149906 -0.011658
v 0.076674 -0.125506 -0.038816
v 0.032566 -0.159128 -0.007024
v 0.027411 -0.160111 -0.015826
v 0.038201 -0.157549 0.002758
v 0.044025 -0.155553 0.002218
v 0.007108 -0.154904 -0.044563
v 0.023723 -0.150061 -0.053889
v 0.018295 -0.151618 -0.050915
v 0.020054 -0.159178 -0.026811
v 0.042013 -0.136676 -0.060431
v 0.054399 -0.130749 -0.056802
v 0.064194 -0.126205 -0.053719
v 0.076674 -0.125506 -0.038816
v 0.068099 -0.136670 -0.025757
v 0.057563 -0.149906 -0.011658
v 0.032566 -0.159128 -0.007024
v 0.027411 -0.160111 -0.015826
v 0.044025 -0.155553 0.002218
v 0.038201 -0.157549 0.002758
v 0.020054 -0.159178 -0.026811
v 0.007108 -0.154904 -0.044563
v 0.018295 -0.151618 -0.050915
v 0.023723 -0.150061 -0.053889
v 0.033106 -0.144798 -0.057341
vt 0.034263 0.125312
vt 0.645836 0.125312
vt 0.645836 0.736885
vt 0.034263 0.125312
vt 0.645836 0.125312
vt 0.034263 0.125312
vt 0.645836 0.125312
vt 0.645836 0.736885
vt 0.034263 0.125312
vt 0.645836 0.125312
vt 0.645836 0.736885
vt 0.034263 0.125312
vt 0.645836 0.125312
vt 0.645836 0.125312
vt 0.645836 0.736885
vt 0.645836 0.736885
vt 0.645836 0.125312
vt 0.645836 0.736885
vt 0.645836 0.125312
vt 0.645836 0.198073
vt 0.547474 0.125312
vt 0.034263 0.125312
vt 0.176533 0.125312
vt 0.107024 0.198073
vt 0.645836 0.329575
vt 0.034263 0.125312
vt 0.302496 0.228395
vt 0.034263 0.125312
vt 0.329766 0.125312
vt 0.314357 0.125312
vt 0.645836 0.125312
vt 0.625440 0.240092
vt 0.645836 0.125312
vt 0.155297 0.246346
vt 0.329766 0.420815
vt 0.034263 0.125312
vt 0.645836 0.420422
vt 0.307358 0.398407
vt 0.333897 0.290977
vt 0.329373 0.420422
vt 0.328504 0.419553
vt 0.034263 0.125312
vt 0.645836 0.594614
vt 0.369643 0.125312
vt 0.234558 0.325607
vt 0.645836 0.575848
vt 0.484799 0.575848
vt 0.098469 0.189518
vt 0.238526 0.329575
vt 0.645836 0.398407
vt 0.328504 0.125312
vt 0.645836 0.223673
vt 0.355964 0.258827
vt 0.369643 0.460692
vt 0.645836 0.456790
vt 0.431792 0.116249
vt 0.441440 0.116249
vt 0.431792 0.128022
vt 0.409034 0.160401
vt 0.398803 0.170873
vt 0.382229 0.116249
vt 0.351708 0.116249
vt 0.329475 0.095970
vt 0.344941 0.078527
vt 0.387199 0.079314
vt 0.436782 0.095564
vt 0.441013 0.109970
vt 0.366943 0.146754
vt 0.376823 0.172484
vt 0.382229 0.169908
vt 0.429318 0.134014
vt 0.423897 0.146739
vt 0.328780 0.087153
vt 0.359473 0.071226
vn -0.9390 0.1835 -0.2908
vn -0.9365 0.1865 -0.2970
vn 0.6033 0.6885 0.4026
vn 0.5783 0.6959 0.4257
vn -0.0009 0.1247 0.9922
vn 0.5999 0.6942 0.3978
vn -0.0357 0.6544 -0.7553
vn -0.7584 0.1537 0.6334
vn -0.7724 0.1454 0.6182
vn -0.7848 0.1581 0.5992
vn -0.3911 -0.3297 -0.8593
vn -0.3851 -0.3147 -0.8675
vn 0.6504 0.3110 0.6930
vn 0.6314 0.2712 0.7265
vn 0.5561 0.6662 -0.4969
vn 0.5579 0.6674 -0.4933
vn 0.0632 0.0847 0.9944
vn -0.7915 -0.3363 0.5103
vn -0.7946 -0.3395 0.5033
vn -0.7970 -0.3398 0.4994
vn -0.3202 -0.0496 -0.9461
vn -0.3062 -0.0262 -0.9516
vn -0.0654 0.6169 -0.7844
vn -0.0482 0.6299 -0.7752
vn 0.2612 -0.8415 -0.4729
vn 0.1047 -0.9038 -0.4150
vn 0.4298 -0.7300 -0.5313
vn 0.4890 -0.7223 -0.4890
vn 0.5265 -0.7139 -0.4616
vn 0.4698 -0.8399 -0.2716
vn 0.4536 -0.8838 -0.1146
vn 0.3321 -0.9420 -0.0475
vn 0.3310 -0.9408 -0.0726
vn 0.1980 -0.9445 -0.2620
vn 0.1051 -0.9467 -0.3046
vn 0.0968 -0.9466 -0.3074
vn 0.6679 -0.7223 -0.1790
vn 0.5956 -0.7155 -0.3651
vn 0.3213 -0.9464 -0.0323
vn 0.2860 -0.9434 -0.1677
usemtl Egg
s off
f 408/680/359 413/681/359 407/682/359
f 413/683/360 410/684/360 407/682/360
f 411/685/361 404/686/361 405/687/361
f 412/688/362 409/689/362 404/690/362
f 409/691/363 406/692/363 404/690/363
f 411/685/364 412/693/364 404/690/364
f 413/683/365 412/693/365 411/694/365
f 409/691/366 412/693/366 406/695/366
f 412/688/367 408/696/367 406/695/367
f 412/688/368 413/681/368 408/697/368
f 407/698/369 427/699/369 425/700/369
f 407/701/370 426/702/370 427/703/370
f 433/704/371 405/705/371 404/686/371
f 434/706/372 404/707/372 424/708/372
f 416/709/373 411/710/373 432/711/373
f 411/685/374 405/712/374 432/713/374
f 406/692/375 424/714/375 404/707/375
f 406/715/376 421/716/376 423/717/376
f 408/680/377 422/718/377 421/719/377
f 407/698/378 428/720/378 408/680/378
f 410/721/379 426/722/379 407/682/379
f 410/721/380 415/723/380 414/724/380
f 417/725/381 410/721/381 413/681/381
f 411/710/382 417/726/382 413/683/382
f 433/704/371 432/727/371 405/705/371
f 434/706/372 433/728/372 404/707/372
f 406/692/375 423/729/375 424/714/375
f 406/715/376 408/696/376 421/716/376
f 408/680/377 428/730/377 422/718/377
f 407/698/378 425/731/378 428/720/378
f 410/721/379 414/732/379 426/722/379
f 417/725/381 415/733/381 410/721/381
f 411/710/382 416/734/382 417/726/382
s 1
f 402/735/383 442/736/384 443/737/385
f 430/738/386 431/739/387 403/740/388
f 419/741/389 437/742/390 435/743/391
f 439/744/392 440/745/393 441/746/394
f 418/747/395 403/740/388 420/748/396
f 431/739/387 420/749/396 403/740/388
f 403/740/388 402/735/383 443/750/385
f 443/750/385 429/751/386 403/740/388
f 429/751/386 430/738/386 403/740/388
f 438/752/397 435/743/391 437/742/390
f 435/743/391 436/753/398 403/740/388
f 419/741/389 435/743/391 403/740/388
f 442/736/384 402/735/383 441/746/394
f 402/735/383 403/740/388 439/744/392
f 441/746/394 402/735/383 439/744/392
f 403/740/388 436/753/398 439/744/392
f 418/747/395 419/741/389 403/740/388
o Sphere.003_cell.013_Sphere.003_cell.012
v 0.072204 0.088640 -0.002055
v 0.044081 0.131469 0.010596
v 0.077794 0.091376 -0.005983
v 0.071616 0.098812 0.013782
v 0.077389 0.089880 0.010564
v 0.078554 0.090872 0.004180
v 0.060578 0.125407 0.000404
v 0.054623 0.125407 0.022629
v 0.045990 0.133367 0.017804
v 0.044403 0.136403 0.009602
v 0.054726 0.129415 0.003593
v 0.071616 0.098812 0.013782
v 0.077389 0.089880 0.010564
v 0.078554 0.090872 0.004180
v 0.054623 0.125407 0.022629
v 0.045990 0.133367 0.017804
v 0.060578 0.125407 0.000404
v 0.054726 0.129415 0.003593
v 0.044403 0.136403 0.009602
v 0.044081 0.131469 0.010596
v 0.077794 0.091376 -0.005983
vt 0.645836 0.125312
vt 0.645836 0.164471
vt 0.521947 0.125312
vt 0.034263 0.125312
vt 0.068745 0.125312
vt 0.073422 0.164471
vt 0.383354 0.147906
vt 0.432631 0.125312
vt 0.645836 0.125312
vt 0.432631 0.523680
vt 0.034263 0.125312
vt 0.645836 0.218249
vt 0.277313 0.225433
vt 0.127201 0.218250
vt 0.158151 0.125312
vt 0.068745 0.159794
vt 0.645836 0.277936
vt 0.082412 0.173461
vt 0.332667 0.493126
vt 0.332667 0.455266
vt 0.340066 0.455075
vt 0.332006 0.494947
vt 0.314624 0.463787
vt 0.323403 0.505383
vt 0.295705 0.494947
vt 0.329181 0.498304
vt 0.319674 0.453322
vt 0.324425 0.505431
vt 0.309199 0.502855
vn 0.3920 -0.9173 -0.0708
vn 0.3955 -0.9154 -0.0751
vn -0.5338 -0.1127 -0.8381
vn -0.5622 -0.1278 -0.8171
vn -0.7332 -0.5842 0.3480
vn -0.7217 -0.5943 0.3549
vn 0.7930 0.5803 0.1855
vn 0.8770 0.4682 0.1075
vn 0.8881 0.4575 -0.0437
vn 0.8531 0.4690 0.2286
vn 0.6262 0.6487 0.4324
vn 0.7056 0.6972 0.1266
vn 0.5456 0.7949 0.2651
vn 0.5622 0.1278 0.8171
vn 0.7332 0.5842 -0.3480
usemtl Egg
s off
f 444/754/399 449/755/399 448/756/399
f 444/757/400 464/758/400 449/759/400
f 450/760/401 444/757/401 454/761/401
f 463/762/402 454/763/402 444/757/402
f 463/764/403 447/765/403 451/766/403
f 447/767/404 444/757/404 448/768/404
f 450/760/401 464/769/401 444/757/401
f 463/762/402 453/770/402 454/763/402
f 451/766/403 452/771/403 463/764/403
f 463/764/403 444/754/403 447/765/403
s 1
f 460/772/405 457/773/406 446/774/407
f 460/775/405 455/776/408 457/773/406
f 445/777/409 458/778/410 461/779/411
f 458/778/410 455/776/408 460/775/405
f 455/776/408 456/780/408 457/773/406
f 461/779/411 462/781/412 445/777/409
f 445/777/409 459/782/413 458/778/410
f 458/778/410 460/775/405 461/779/411
o Sphere.003_cell.014_Sphere.003_cell.013
v 0.105112 0.044604 -0.000000
v 0.072417 0.087289 -0.002316
v 0.062747 0.064388 -0.013457
v 0.060433 0.015525 0.013779
v 0.066124 0.023020 0.024426
v 0.101976 0.044604 -0.011707
v 0.107039 0.029610 -0.004683
v 0.110378 0.019784 -0.000000
v 0.081405 0.076022 -0.024009
v 0.091646 0.060359 -0.017931
v 0.078371 0.089984 -0.006685
v 0.110191 0.007936 0.010078
v 0.107646 0.012589 0.015893
v 0.098059 0.030399 0.037572
v 0.094043 0.044604 0.041311
v 0.079216 0.089608 0.004304
v 0.077988 0.088506 0.011148
v 0.083874 0.061754 0.044073
v 0.107039 0.029610 -0.004683
v 0.101976 0.044604 -0.011707
v 0.110378 0.019784 -0.000000
v 0.091646 0.060359 -0.017931
v 0.081405 0.076022 -0.024009
v 0.078371 0.089984 -0.006685
v 0.094043 0.044604 0.041311
v 0.098059 0.030399 0.037572
v 0.107646 0.012589 0.015893
v 0.110191 0.007936 0.010078
v 0.083874 0.061754 0.044073
v 0.079216 0.089608 0.004304
v 0.077988 0.088506 0.011148
vt 0.139503 0.230552
vt 0.645836 0.125312
vt 0.645836 0.162184
vt 0.071135 0.162184
vt 0.034263 0.125312
vt 0.081416 0.143808
vt 0.645836 0.230552
vt 0.483777 0.125312
vt 0.645836 0.125312
vt 0.645836 0.736885
vt 0.483777 0.574826
vt 0.422074 0.335132
vt 0.034263 0.125312
vt 0.645836 0.604491
vt 0.645836 0.736885
vt 0.513442 0.604491
vt 0.645836 0.694794
vt 0.428003 0.278601
vt 0.645836 0.125312
vt 0.645836 0.381234
vt 0.645836 0.736885
vt 0.165937 0.125312
vt 0.645836 0.125312
vt 0.645836 0.736885
vt 0.529109 0.472060
vt 0.645836 0.397951
vt 0.165937 0.256986
vt 0.645836 0.400166
vt 0.309117 0.400166
vt 0.645836 0.552013
vt 0.034263 0.125312
vt 0.034263 0.125312
vt 0.389913 0.125312
vt 0.373197 0.125312
vt 0.142655 0.125312
vt 0.460964 0.552013
vt 0.336887 0.381753
vt 0.332667 0.400273
vt 0.332667 0.369617
vt 0.351211 0.418733
vt 0.359746 0.437085
vt 0.340872 0.453443
vt 0.318618 0.360730
vt 0.298148 0.382728
vt 0.327404 0.453003
vt 0.319069 0.451711
vt 0.343707 0.400273
vt 0.332667 0.453720
vt 0.326115 0.352438
vt 0.293709 0.400273
vt 0.287134 0.420367
vn -0.6434 0.5371 -0.5455
vn -0.3745 0.9253 0.0605
vn -0.1984 -0.4646 -0.8630
vn -0.1987 -0.4700 -0.8600
vn -0.9053 0.2357 0.3533
vn -0.3891 0.9179 0.0780
vn -0.1961 -0.4754 -0.8576
vn -0.0766 -0.7956 0.6010
vn -0.2963 -0.3206 0.8997
vn -0.0757 -0.7944 0.6026
vn -0.0712 -0.7860 0.6142
vn -0.9163 0.2272 0.3298
vn -0.1535 -0.6388 -0.7539
vn -0.9166 0.2268 0.3294
vn 0.9463 0.2007 -0.2535
vn 0.9385 0.3452 -0.0010
vn 0.9625 0.2042 0.1783
vn 0.8529 0.4854 -0.1920
vn 0.8531 0.4690 -0.2286
vn 0.8942 0.4372 -0.0963
vn 0.9463 0.2007 0.2535
vn 0.8812 0.4680 0.0665
vn 0.8531 0.4690 0.2286
vn 0.8939 0.3789 -0.2395
vn 0.8999 0.3634 0.2411
usemtl Egg
s off
f 473/783/414 466/784/414 475/785/414
f 475/786/415 466/787/415 480/788/415
f 473/789/416 474/790/416 467/791/416
f 467/792/417 474/793/417 470/794/417
f 469/795/418 481/796/418 466/797/418
f 466/797/419 481/798/419 480/799/419
f 472/800/420 468/801/420 471/802/420
f 468/803/421 476/804/421 469/805/421
f 469/806/422 479/807/422 482/808/422
f 469/806/423 476/809/423 477/810/423
f 469/806/424 477/811/424 478/812/424
f 469/805/425 467/792/425 468/813/425
f 473/783/414 467/814/414 466/784/414
f 470/794/417 471/815/417 468/801/417
f 468/801/417 467/792/417 470/794/417
f 469/795/418 482/816/418 481/796/418
f 472/800/426 476/817/426 468/801/426
f 469/806/422 478/818/422 479/807/422
f 469/805/427 466/784/427 467/792/427
s 1
f 483/819/428 465/820/429 485/821/430
f 486/822/431 487/823/432 488/824/433
f 491/825/434 465/820/429 490/826/434
f 465/820/429 494/827/435 495/828/436
f 483/819/428 484/829/437 465/820/429
f 488/824/433 494/830/435 486/822/431
f 494/830/435 465/820/429 486/822/431
f 465/820/429 484/829/437 486/822/431
f 491/825/434 492/831/434 485/821/430
f 485/821/430 465/820/429 491/825/434
f 465/820/429 489/832/438 490/826/434
f 495/828/436 493/833/436 465/820/429
f 493/833/436 489/832/438 465/820/429
o Sphere.003_cell.015_Sphere.003_cell.014
v 0.121373 -0.032047 -0.000000
v 0.017049 -0.043846 0.018241
v 0.053454 -0.047040 -0.033612
v 0.016423 -0.038924 0.005016
v 0.030294 -0.042315 0.032226
v 0.018036 -0.041016 0.022854
v 0.065921 -0.035601 -0.041947
v 0.022425 -0.014735 0.005381
v 0.020250 -0.032765 0.021164
v 0.062681 -0.029086 -0.037501
v 0.114494 -0.019627 -0.015842
v 0.114509 -0.032047 -0.025618
v 0.114521 -0.008516 -0.006943
v 0.104107 -0.063842 -0.039308
v 0.103135 -0.075079 -0.034053
v 0.109134 -0.089839 -0.000000
v 0.106908 -0.084457 -0.012559
v 0.105132 -0.052570 -0.044392
v 0.112104 -0.032047 0.034594
v 0.112482 -0.018191 0.022214
v 0.114876 -0.002124 0.000558
v 0.112926 -0.002785 0.008357
v 0.099003 -0.093315 0.035062
v 0.097263 -0.074845 0.056155
v 0.100030 -0.059759 0.057752
v 0.093376 -0.066418 0.062480
v 0.095134 -0.070448 0.059555
v 0.114509 -0.032047 -0.025618
v 0.114494 -0.019627 -0.015842
v 0.103135 -0.075079 -0.034053
v 0.104107 -0.063842 -0.039308
v 0.105132 -0.052570 -0.044392
v 0.109134 -0.089839 -0.000000
v 0.106908 -0.084457 -0.012559
v 0.112482 -0.018191 0.022214
v 0.112104 -0.032047 0.034594
v 0.112926 -0.002785 0.008357
v 0.097263 -0.074845 0.056155
v 0.099003 -0.093315 0.035062
v 0.100030 -0.059759 0.057752
v 0.095134 -0.070448 0.059555
v 0.114521 -0.008516 -0.006943
v 0.114876 -0.002124 0.000558
v 0.093376 -0.066418 0.062480
vt 0.034263 0.125312
vt 0.645836 0.125312
vt 0.645836 0.736885
vt 0.034263 0.125312
vt 0.645836 0.125312
vt 0.645836 0.736885
vt 0.034263 0.125312
vt 0.645836 0.125312
vt 0.034263 0.125312
vt 0.645836 0.125312
vt 0.645836 0.736885
vt 0.645836 0.125312
vt 0.645836 0.125312
vt 0.645836 0.125312
vt 0.645836 0.736885
vt 0.645836 0.736885
vt 0.645836 0.125312
vt 0.645836 0.352395
vt 0.424393 0.125312
vt 0.034263 0.125312
vt 0.315080 0.219786
vt 0.261346 0.352395
vt 0.435814 0.125312
vt 0.314703 0.405752
vt 0.645836 0.125312
vt 0.645836 0.480401
vt 0.094679 0.125312
vt 0.034263 0.125312
vt 0.310697 0.125312
vt 0.336844 0.178240
vt 0.645836 0.447217
vt 0.338567 0.125312
vt 0.356168 0.447217
vt 0.034263 0.125312
vt 0.390346 0.125312
vt 0.358743 0.449791
vt 0.034263 0.125312
vt 0.390346 0.481395
vt 0.645836 0.346754
vt 0.291909 0.382958
vt 0.034263 0.125312
vt 0.645836 0.335333
vt 0.444766 0.535815
vt 0.562414 0.167529
vt 0.645836 0.681865
vt 0.590816 0.681865
vt 0.424876 0.125312
vt 0.645836 0.374958
vt 0.314703 0.125312
vt 0.388187 0.388729
vt 0.389352 0.480401
vt 0.384168 0.179265
vt 0.398852 0.226057
vt 0.645836 0.382958
vt 0.572530 0.663579
vt 0.332667 0.305598
vt 0.345961 0.320938
vt 0.338625 0.334662
vt 0.343894 0.240973
vt 0.366638 0.266393
vt 0.353589 0.305598
vt 0.332183 0.342558
vt 0.325445 0.341741
vt 0.332667 0.234337
vt 0.304414 0.305598
vt 0.279598 0.258247
vt 0.283104 0.271427
vt 0.276647 0.263216
vt 0.332667 0.341933
vt 0.362749 0.252537
vt 0.370208 0.280291
vt 0.314033 0.322712
vt 0.302346 0.227897
vt 0.283104 0.252825
vn -0.6540 0.1768 -0.7356
vn -0.1762 0.6603 0.7300
vn -0.5572 0.3075 0.7714
vn -0.9802 0.1658 0.1081
vn -0.9338 0.2927 0.2057
vn -0.9645 0.2376 0.1151
vn -0.4801 -0.8293 -0.2860
vn -0.6905 0.1819 -0.7001
vn -0.6810 0.1972 -0.7053
vn -0.2221 -0.3841 -0.8962
vn 0.2137 0.6044 -0.7675
vn 0.2094 0.6109 -0.7635
vn -0.1058 0.6667 0.7378
vn -0.1135 0.6481 0.7531
vn -0.5122 -0.6666 0.5415
vn -0.5161 -0.6764 0.5254
vn -0.4662 -0.8526 -0.2360
vn -0.4736 -0.8347 -0.2811
vn -0.2312 -0.3957 -0.8888
vn 0.2021 0.6187 -0.7592
vn 0.0822 0.7566 -0.6487
vn -0.1067 0.9085 -0.4042
vn -0.1132 0.6762 0.7279
vn -0.5172 -0.6389 0.5695
vn -0.1048 0.6642 0.7402
vn -0.5601 -0.7927 -0.2404
vn -0.4392 0.8978 -0.0337
vn -0.5176 -0.6185 0.5912
vn 1.0000 0.0006 -0.0000
vn 0.9463 0.2007 -0.2535
vn 0.9497 0.2074 -0.2343
vn 0.9463 -0.2004 -0.2535
vn 0.9622 -0.0879 -0.2578
vn 0.9741 0.2099 0.0837
vn 0.9463 0.2007 0.2535
vn 0.9773 -0.2070 0.0450
vn 0.9618 -0.0924 0.2577
vn 0.6927 -0.2004 0.6927
vn 0.9035 -0.2055 0.3759
vn 0.9463 -0.2004 0.2535
vn 0.9058 -0.2054 0.3706
usemtl Egg
s off
f 498/834/439 505/835/439 502/836/439
f 503/837/440 504/838/440 500/839/440
f 504/840/441 501/841/441 500/839/441
f 499/842/442 497/843/442 501/844/442
f 504/840/443 503/845/443 501/844/443
f 503/837/444 499/846/444 501/844/444
f 499/842/445 498/847/445 497/848/445
f 499/842/446 503/845/446 498/849/446
f 503/837/447 505/835/447 498/849/447
f 502/850/448 513/851/448 509/852/448
f 502/853/449 507/854/449 513/855/449
f 502/853/450 537/856/450 506/857/450
f 500/858/451 515/859/451 517/860/451
f 500/861/452 539/862/452 520/863/452
f 518/864/453 522/865/453 501/841/453
f 518/866/454 501/867/454 497/843/454
f 512/868/455 518/869/455 497/870/455
f 498/847/456 512/871/456 497/870/456
f 498/834/457 509/872/457 510/873/457
f 505/874/458 537/875/458 502/836/458
f 537/876/459 505/874/459 538/877/459
f 517/878/460 505/874/460 503/845/460
f 517/879/461 503/837/461 500/858/461
f 500/839/462 522/880/462 539/881/462
f 502/853/449 506/882/449 507/854/449
f 520/863/463 514/883/463 500/861/463
f 514/883/463 515/884/463 500/861/463
f 518/864/453 519/885/453 522/865/453
f 512/868/464 511/886/464 518/869/464
f 498/847/456 510/887/456 512/871/456
f 498/834/457 502/850/457 509/872/457
f 517/878/465 538/888/465 505/874/465
f 500/839/466 501/867/466 522/880/466
s 1
f 496/889/467 524/890/468 508/891/469
f 529/892/470 526/893/470 523/894/471
f 496/889/467 516/895/472 532/896/473
f 528/897/474 496/889/467 531/898/475
f 536/899/476 535/900/477 521/901/476
f 508/891/469 516/902/472 496/889/467
f 496/889/467 523/894/471 524/890/468
f 529/892/470 525/903/470 526/893/470
f 526/893/470 527/904/470 523/894/471
f 523/894/471 496/889/467 529/892/470
f 496/889/467 528/897/474 529/892/470
f 532/896/473 530/905/473 496/889/467
f 530/905/473 531/898/475 496/889/467
f 531/898/475 535/900/477 534/906/478
f 535/900/477 533/907/479 534/906/478
f 534/906/478 528/897/474 531/898/475
f 536/899/476 533/907/479 535/900/477
o Sphere.003_cell.016_Sphere.003_cell.015
v 0.105112 -0.108827 -0.000000
v 0.049563 -0.105632 0.010807
v 0.068035 -0.112470 -0.033796
v 0.023856 -0.093481 -0.001449
v 0.016310 -0.045604 0.016958
v 0.052004 -0.048561 -0.033188
v 0.015520 -0.040467 0.004376
v 0.017714 -0.081322 0.006185
v 0.012785 -0.051426 0.013654
v 0.053699 -0.100263 -0.033216
v 0.048198 -0.053835 -0.033457
v 0.017294 -0.087632 -0.000752
v 0.010463 -0.076099 -0.011415
v 0.009246 -0.070212 -0.010955
v 0.009589 -0.051713 0.002187
v 0.084158 -0.119819 -0.033838
v 0.091269 -0.113225 -0.033914
v 0.096024 -0.108827 -0.033919
v 0.089375 -0.123379 -0.000000
v 0.101977 -0.080825 -0.033833
v 0.105583 -0.083917 -0.017933
v 0.108697 -0.091900 -0.000000
v 0.098943 -0.097570 0.031923
v 0.097630 -0.108827 0.027925
v 0.100597 -0.096509 0.026590
v 0.085502 -0.122209 0.019173
v 0.089435 -0.117866 0.022024
v 0.089375 -0.123379 -0.000000
v 0.084158 -0.119819 -0.033838
v 0.091269 -0.113225 -0.033914
v 0.096024 -0.108827 -0.033919
v 0.101977 -0.080825 -0.033833
v 0.105583 -0.083917 -0.017933
v 0.108697 -0.091900 -0.000000
v 0.098943 -0.097570 0.031923
v 0.097630 -0.108827 0.027925
v 0.100597 -0.096509 0.026590
v 0.089435 -0.117866 0.022024
v 0.085502 -0.122209 0.019173
vt 0.034263 0.125312
vt 0.645836 0.125312
vt 0.645836 0.736885
vt 0.034263 0.125312
vt 0.645836 0.125312
vt 0.034263 0.125312
vt 0.645836 0.125312
vt 0.645836 0.125312
vt 0.645836 0.736885
vt 0.034263 0.125312
vt 0.645836 0.125312
vt 0.034263 0.125312
vt 0.645836 0.125312
vt 0.645836 0.736885
vt 0.645836 0.125312
vt 0.645836 0.736885
vt 0.645836 0.125312
vt 0.034263 0.125312
vt 0.645836 0.125312
vt 0.645836 0.125312
vt 0.645836 0.736885
vt 0.645836 0.125312
vt 0.645836 0.736885
vt 0.034263 0.125312
vt 0.645836 0.125312
vt 0.645836 0.125312
vt 0.645836 0.736885
vt 0.034263 0.125312
vt 0.645836 0.736885
vt 0.645836 0.736885
vt 0.645836 0.736885
vt 0.645836 0.125312
vt 0.645836 0.305522
vt 0.445070 0.125312
vt 0.034263 0.125312
vt 0.233872 0.157358
vt 0.214473 0.305522
vt 0.034263 0.125312
vt 0.171267 0.125312
vt 0.129525 0.220574
vt 0.256499 0.299537
vt 0.645836 0.391520
vt 0.300471 0.391520
vt 0.034263 0.125312
vt 0.034263 0.125312
vt 0.645836 0.477874
vt 0.293742 0.384791
vt 0.386825 0.477874
vt 0.368858 0.125312
vt 0.399688 0.346161
vt 0.368858 0.459907
vt 0.034263 0.125312
vt 0.360906 0.451955
vt 0.645836 0.326078
vt 0.231005 0.322054
vt 0.171267 0.262316
vt 0.645836 0.451955
vt 0.504021 0.406164
vt 0.034263 0.125312
vt 0.645836 0.220574
vt 0.336743 0.178240
vt 0.368496 0.185591
vt 0.366026 0.200788
vt 0.364654 0.210924
vt 0.362528 0.250037
vt 0.348722 0.241638
vt 0.332667 0.210924
vt 0.332667 0.231795
vt 0.308202 0.226113
vt 0.306332 0.210924
vt 0.309733 0.190091
vt 0.303192 0.224804
vt 0.311657 0.180081
vt 0.332667 0.177385
vn -0.3461 -0.2834 0.8944
vn -0.5451 -0.6035 0.5819
vn -0.5520 -0.6772 0.4865
vn -0.6477 -0.6874 -0.3286
vn -0.5957 -0.6924 -0.4071
vn -0.0498 -0.0111 -0.9987
vn -0.5957 -0.6793 -0.4286
vn -0.4764 -0.0610 -0.8771
vn -0.4895 -0.0331 -0.8714
vn -0.5811 0.4536 -0.6757
vn -0.5823 0.4661 -0.6660
vn -0.6335 0.4559 -0.6252
vn -0.8790 0.4196 0.2265
vn -0.8848 0.4014 0.2366
vn -0.3658 -0.2819 0.8870
vn -0.9220 -0.2299 0.3116
vn -0.9164 -0.2670 0.2983
vn -0.9298 -0.2156 0.2983
vn -0.9476 -0.1732 0.2685
vn -0.3391 -0.2821 0.8975
vn -0.4133 -0.9102 -0.0279
vn -0.0053 -0.0058 -1.0000
vn -0.0049 0.0041 -1.0000
vn 0.0136 0.0410 -0.9991
vn 0.5423 0.8392 0.0403
vn 0.4731 0.8325 0.2884
vn 0.4655 0.8292 0.3094
vn -0.3386 -0.2796 0.8984
vn -0.4142 -0.9096 -0.0321
vn 0.4724 0.8362 0.2786
vn -0.4145 -0.9095 -0.0322
vn -0.4146 -0.9095 -0.0318
vn 0.6789 -0.7342 0.0035
vn 0.6679 -0.7223 -0.1790
vn 0.8343 -0.5038 -0.2235
vn 0.9463 -0.2004 -0.2535
vn 0.8807 -0.4736 0.0000
vn 0.9772 -0.2069 -0.0470
vn 0.9463 -0.2004 0.2535
vn 0.8702 -0.4340 0.2332
vn 0.6679 -0.7223 0.1790
usemtl Egg
s off
f 544/908/480 547/909/480 541/910/480
f 547/911/481 551/912/481 541/910/481
f 551/913/482 543/914/482 541/910/482
f 551/913/483 552/915/483 543/916/483
f 552/917/484 542/918/484 543/916/484
f 549/919/485 550/920/485 542/921/485
f 552/917/486 549/922/486 542/921/486
f 549/919/487 552/915/487 550/923/487
f 552/917/488 553/924/488 550/923/488
f 553/925/489 545/926/489 550/923/489
f 553/925/490 546/927/490 545/928/490
f 553/925/491 554/929/491 546/930/491
f 554/931/492 544/932/492 546/930/492
f 554/931/493 548/933/493 544/934/493
f 548/935/494 547/909/494 544/934/494
f 548/935/495 552/915/495 547/936/495
f 552/917/496 551/912/496 547/936/496
f 548/935/497 553/924/497 552/937/497
f 548/935/498 554/929/498 553/938/498
f 541/939/499 565/940/499 566/941/499
f 541/942/500 558/943/500 565/944/500
f 542/945/501 556/946/501 555/947/501
f 557/948/502 542/945/502 559/949/502
f 559/950/503 550/951/503 545/926/503
f 545/952/504 560/953/504 559/954/504
f 560/955/505 564/956/505 561/957/505
f 544/932/506 564/958/506 546/959/506
f 562/960/507 541/939/507 566/961/507
f 541/942/508 542/918/508 558/962/508
f 556/963/502 542/945/502 557/948/502
f 542/945/502 550/920/502 559/949/502
f 545/952/509 546/927/509 560/953/509
f 560/955/505 546/959/505 564/956/505
f 544/932/506 562/964/506 564/958/506
f 566/961/507 563/965/507 562/960/507
f 562/960/507 544/908/507 541/939/507
f 543/966/510 542/918/510 541/942/510
f 542/918/511 555/967/511 558/962/511
s 1
f 567/968/512 568/969/513 569/970/513
f 570/971/514 571/972/515 572/973/515
f 540/974/516 573/975/517 576/976/518
f 540/974/516 575/977/519 577/978/520
f 570/971/514 540/974/516 569/970/513
f 540/974/516 567/968/512 569/970/513
f 572/973/515 573/975/517 540/974/516
f 540/974/516 570/971/514 572/973/515
f 576/976/518 574/979/518 575/977/519
f 575/977/519 540/974/516 576/976/518
f 578/980/520 567/981/512 577/978/520
f 567/981/512 540/974/516 577/978/520
o Sphere.003_cell.017_Sphere.003_cell.016
v 0.060687 -0.149906 -0.000000
v 0.025344 -0.096529 -0.000912
v 0.070633 -0.115658 -0.034380
v 0.053400 -0.109325 0.012289
v 0.071145 -0.133449 -0.027391
v 0.058339 -0.149906 -0.008763
v 0.078162 -0.124442 -0.037557
v 0.084254 -0.122055 -0.024453
v 0.088139 -0.124522 -0.000000
v 0.082580 -0.121134 -0.034422
v 0.058235 -0.149906 0.009148
v 0.076328 -0.130123 0.021475
v 0.084228 -0.123345 0.019344
v 0.047625 -0.154227 0.002863
v 0.058339 -0.149906 -0.008763
v 0.071145 -0.133449 -0.027391
v 0.078162 -0.124442 -0.037557
v 0.082580 -0.121134 -0.034422
v 0.084254 -0.122055 -0.024453
v 0.088139 -0.124522 -0.000000
v 0.084228 -0.123345 0.019344
v 0.076328 -0.130123 0.021475
v 0.058235 -0.149906 0.009148
v 0.047625 -0.154227 0.002863
vt 0.034263 0.125312
vt 0.645836 0.125312
vt 0.645836 0.736885
vt 0.645836 0.125312
vt 0.645836 0.176060
vt 0.543233 0.125312
vt 0.645836 0.333772
vt 0.526525 0.125312
vt 0.034263 0.125312
vt 0.645836 0.407212
vt 0.242723 0.333772
vt 0.464316 0.355567
vt 0.645836 0.227914
vt 0.422572 0.369867
vt 0.645836 0.654602
vt 0.645836 0.664404
vt 0.563553 0.654602
vt 0.573355 0.664404
vt 0.645836 0.688174
vt 0.645836 0.244622
vt 0.486694 0.125312
vt 0.645836 0.125312
vt 0.316163 0.407212
vt 0.193404 0.125312
vt 0.374269 0.175754
vt 0.369701 0.182560
vt 0.359339 0.180436
vt 0.332667 0.174751
vt 0.311194 0.177463
vt 0.306721 0.161843
vt 0.332667 0.116249
vt 0.328311 0.101159
vt 0.346980 0.116249
vt 0.367427 0.154176
vt 0.317724 0.116249
vn 0.4049 0.9140 0.0255
vn -0.6432 -0.2959 -0.7062
vn -0.4633 -0.1231 0.8776
vn -0.4681 -0.1235 0.8750
vn -0.6454 -0.2953 -0.7045
vn 0.4087 0.9123 0.0271
vn 0.4167 0.9090 0.0140
vn 0.2242 0.4956 -0.8391
vn -0.0524 0.3546 0.9336
vn 0.6679 -0.7223 -0.1790
vn 0.6789 -0.7342 -0.0035
vn 0.6679 -0.7223 0.1790
vn 0.5325 -0.8464 -0.0038
vn 0.3165 -0.9485 0.0125
vn 0.5594 -0.8152 -0.1499
vn 0.5375 -0.8308 0.1440
usemtl Egg
s off
f 580/982/521 582/983/521 581/984/521
f 581/985/522 585/986/522 583/987/522
f 582/983/523 589/988/523 590/989/523
f 582/990/524 592/991/524 589/992/524
f 584/993/525 580/982/525 583/994/525
f 582/990/526 587/995/526 586/996/526
f 588/997/527 581/984/527 586/998/527
f 581/984/528 588/999/528 585/1000/528
f 582/983/529 590/1001/529 591/1002/529
f 582/990/524 580/1003/524 592/991/524
f 592/1004/525 580/982/525 584/993/525
f 580/982/525 581/985/525 583/994/525
f 586/996/526 581/984/526 582/990/526
f 582/990/526 591/1005/526 587/995/526
s 1
f 595/1006/530 596/1007/530 597/1008/530
f 598/1009/531 599/1010/532 600/1011/532
f 579/1012/533 602/1013/534 593/1014/535
f 597/1008/530 598/1009/531 594/1015/530
f 598/1009/531 579/1012/533 594/1015/530
f 579/1012/533 593/1014/535 594/1015/530
f 594/1015/530 595/1006/530 597/1008/530
f 600/1011/532 601/1016/536 579/1012/533
f 579/1012/533 598/1009/531 600/1011/532
f 579/1012/533 601/1016/536 602/1013/534
o Sphere.003_cell.018_Sphere.003_cell.017
v 0.052556 0.125407 0.030343
v 0.043101 0.128975 0.010459
v 0.071239 0.087057 -0.002019
v 0.008427 0.083307 0.068907
v 0.002666 0.077436 0.060795
v 0.008740 0.089673 -0.008010
v 0.060446 0.064078 -0.012968
v 0.064700 0.022535 0.023870
v 0.058859 0.015253 0.014396
v 0.033233 0.054019 -0.020546
v 0.007493 0.066729 -0.019711
v 0.026442 0.055690 -0.021022
v 0.053142 0.017990 0.027800
v 0.005198 0.011632 0.020167
v 0.020355 -0.005669 0.008072
v -0.008504 0.027865 0.020452
v 0.002829 0.063757 -0.016844
v -0.006333 0.033201 -0.000567
v 0.028210 0.036983 -0.013573
v -0.002453 0.020600 0.003684
v 0.077417 0.088483 0.013324
v 0.070466 0.099360 0.016950
v 0.038171 0.122172 0.047158
v 0.040831 0.125407 0.042069
v 0.045815 0.131650 0.026451
v 0.061412 0.070280 0.062890
v 0.080204 0.064940 0.048109
v 0.033122 0.115298 0.057370
v 0.018826 0.096819 0.071360
v 0.039028 0.084721 0.072598
v 0.018682 0.090338 0.074962
v 0.061412 0.070280 0.062890
v 0.080204 0.064940 0.048109
v 0.040831 0.125407 0.042069
v 0.038171 0.122172 0.047158
v 0.033122 0.115298 0.057370
v 0.018682 0.090338 0.074962
v 0.039028 0.084721 0.072598
v 0.018826 0.096819 0.071360
v 0.045815 0.131650 0.026451
v 0.052556 0.125407 0.030343
v 0.077417 0.088483 0.013324
v 0.070466 0.099360 0.016950
vt 0.034263 0.125312
vt 0.645836 0.125312
vt 0.645836 0.736885
vt 0.034263 0.125312
vt 0.645836 0.125312
vt 0.034263 0.125312
vt 0.645836 0.125312
vt 0.034263 0.125312
vt 0.645836 0.125312
vt 0.645836 0.736885
vt 0.034263 0.125312
vt 0.645836 0.125312
vt 0.034263 0.125312
vt 0.645836 0.125312
vt 0.645836 0.736885
vt 0.645836 0.125312
vt 0.645836 0.125312
vt 0.645836 0.736885
vt 0.034263 0.125312
vt 0.645836 0.125312
vt 0.034263 0.125312
vt 0.645836 0.125312
vt 0.034263 0.125312
vt 0.645836 0.125312
vt 0.645836 0.736885
vt 0.034263 0.125312
vt 0.645836 0.125312
vt 0.034263 0.125312
vt 0.645836 0.125312
vt 0.645836 0.736885
vt 0.034263 0.125312
vt 0.645836 0.736885
vt 0.645836 0.125312
vt 0.645836 0.736885
vt 0.034263 0.125312
vt 0.645836 0.125312
vt 0.034263 0.125312
vt 0.645836 0.736885
vt 0.645836 0.736885
vt 0.645836 0.125312
vt 0.645836 0.736885
vt 0.645836 0.736885
vt 0.266717 0.357766
vt 0.034263 0.125312
vt 0.417896 0.125312
vt 0.645836 0.216762
vt 0.494962 0.125312
vt 0.645836 0.125312
vt 0.645836 0.434118
vt 0.511711 0.382957
vt 0.034263 0.125312
vt 0.435095 0.346709
vt 0.343069 0.434118
vt 0.146601 0.237650
vt 0.520317 0.248185
vt 0.085912 0.125312
vt 0.645836 0.125312
vt 0.645836 0.454652
vt 0.363603 0.454652
vt 0.645836 0.125312
vt 0.645836 0.375775
vt 0.645836 0.276185
vt 0.387234 0.478283
vt 0.645836 0.185452
vt 0.034263 0.125312
vt 0.481626 0.125312
vt 0.481626 0.572675
vt 0.385662 0.476711
vt 0.645836 0.353251
vt 0.113759 0.204808
vt 0.034263 0.125312
vt 0.585696 0.125312
vt 0.034263 0.125312
vt 0.645836 0.204808
vt 0.285956 0.421955
vt 0.310306 0.464429
vt 0.283104 0.494947
vt 0.257236 0.430356
vt 0.248405 0.491157
vt 0.294137 0.501533
vt 0.256942 0.494947
vt 0.208398 0.461451
vt 0.233542 0.446416
vt 0.233542 0.483103
vt 0.316400 0.451684
vt 0.283104 0.423775
vt 0.207125 0.453858
vn -0.0476 -0.6000 0.7986
vn 0.4037 -0.8473 0.3452
vn 0.4445 -0.8214 0.3573
vn 0.1438 0.3698 -0.9179
vn 0.8978 -0.2393 -0.3696
vn 0.8944 -0.2404 -0.3771
vn -0.0435 0.4558 -0.8890
vn 0.1356 0.3683 -0.9198
vn -0.6469 0.3741 -0.6645
vn -0.9657 0.2473 -0.0793
vn -0.9667 0.2527 -0.0404
vn -0.5304 -0.4602 0.7119
vn -0.7641 -0.6451 0.0037
vn -0.7545 -0.6563 -0.0069
vn -0.2831 -0.3920 -0.8753
vn 0.3870 -0.4730 -0.7915
vn 0.3998 -0.4580 -0.7940
vn 0.3891 -0.4449 -0.8066
vn 0.1438 0.3173 -0.9374
vn 0.1355 0.3431 -0.9295
vn -0.2811 -0.3778 -0.8822
vn -0.2887 -0.3822 -0.8778
vn -0.2984 -0.3775 -0.8766
vn -0.2881 -0.3845 -0.8770
vn -0.9206 -0.3451 -0.1827
vn -0.9680 0.2482 -0.0370
vn -0.5339 -0.4581 0.7107
vn -0.0266 -0.3720 -0.9279
vn 0.4132 -0.5516 0.7246
vn 0.7324 0.5845 -0.3492
vn -0.7572 0.6529 0.0193
vn -0.7747 0.6309 0.0416
vn 0.7388 0.6304 -0.2382
vn -0.0598 -0.5634 0.8240
vn 0.0005 -0.5573 0.8303
vn 0.9496 -0.2190 -0.2243
vn -0.7603 0.3284 0.5605
vn -0.3808 0.8562 -0.3492
vn -0.1057 -0.5559 0.8245
vn 0.4557 -0.5614 0.6907
vn 0.7243 0.5916 -0.3542
vn 0.7296 0.6436 -0.2314
vn -0.0562 -0.5647 0.8234
vn 0.9099 -0.2306 -0.3449
vn -0.7787 0.6260 0.0426
vn 0.7285 0.4776 0.4910
vn 0.8527 0.4620 0.2438
vn 0.6223 0.5965 0.5068
vn 0.6154 0.4648 0.6365
vn 0.6245 0.4690 0.6245
vn 0.4517 0.7694 0.4517
vn 0.5989 0.5316 0.5989
vn 0.2286 0.4690 0.8531
vn 0.4586 0.4656 0.7569
vn 0.5336 0.4746 0.7000
vn 0.8519 0.4628 0.2450
usemtl Egg
s off
f 616/1017/537 617/1018/537 615/1019/537
f 617/1020/538 611/1021/538 615/1019/538
f 611/1022/539 610/1023/539 615/1019/539
f 609/1024/540 604/1025/540 605/1026/540
f 610/1027/541 611/1021/541 605/1026/541
f 611/1022/542 609/1028/542 605/1026/542
f 613/1029/543 608/1030/543 604/1031/543
f 609/1024/544 613/1032/544 604/1031/544
f 613/1029/545 619/1033/545 608/1034/545
f 619/1035/546 620/1036/546 608/1034/546
f 620/1037/547 607/1038/547 608/1034/547
f 606/1039/548 618/1040/548 616/1041/548
f 618/1042/549 622/1043/549 616/1041/549
f 622/1044/550 617/1018/550 616/1041/550
f 622/1044/551 621/1045/551 617/1046/551
f 621/1047/552 611/1021/552 617/1046/552
f 621/1047/553 609/1028/553 611/1048/553
f 621/1047/554 612/1049/554 609/1050/554
f 612/1051/555 614/1052/555 609/1050/555
f 614/1053/556 613/1032/556 609/1050/556
f 614/1053/557 621/1045/557 613/1054/557
f 621/1047/558 620/1036/558 613/1054/558
f 620/1037/559 619/1033/559 613/1054/559
f 621/1047/560 622/1043/560 620/1055/560
f 622/1044/561 618/1040/561 620/1055/561
f 618/1042/562 607/1038/562 620/1055/562
f 618/1042/563 606/1056/563 607/1057/563
f 614/1053/564 612/1049/564 621/1058/564
f 628/1059/565 615/1060/565 629/1061/565
f 645/1062/566 644/1063/566 605/1064/566
f 608/1030/567 625/1065/567 626/1066/567
f 608/1067/568 630/1068/568 625/1069/568
f 645/1070/569 604/1025/569 603/1071/569
f 639/1072/570 616/1073/570 640/1074/570
f 640/1075/571 615/1076/571 628/1077/571
f 610/1027/572 644/1078/572 629/1079/572
f 641/1080/573 607/1081/573 639/1082/573
f 639/1083/574 607/1081/574 606/1056/574
f 639/1084/575 606/1039/575 616/1073/575
f 615/1019/576 610/1027/576 629/1085/576
f 626/1066/567 627/1086/567 604/1087/567
f 604/1087/567 608/1030/567 626/1066/567
f 608/1067/568 641/1088/568 630/1068/568
f 605/1089/577 604/1025/577 645/1070/577
f 604/1025/578 627/1090/578 603/1071/578
f 640/1075/579 616/1017/579 615/1076/579
f 610/1027/580 605/1064/580 644/1078/580
f 641/1080/581 608/1034/581 607/1081/581
s 1
f 635/1091/582 624/1092/583 643/1093/584
f 634/1094/585 643/1093/584 637/1095/586
f 642/1096/587 636/1097/588 643/1093/584
f 631/1098/589 632/1099/590 638/1100/591
f 635/1091/582 623/1101/592 624/1092/583
f 632/1099/590 634/1094/585 638/1100/591
f 634/1094/585 635/1102/582 643/1093/584
f 638/1100/591 634/1094/585 637/1095/586
f 643/1093/584 636/1097/588 637/1095/586
f 631/1098/589 633/1103/589 632/1099/590
o Sphere.003_cell.019_Sphere.003_cell.018
v 0.091030 0.044604 0.052556
v 0.054468 0.019160 0.029758
v 0.065784 0.022583 0.025866
v 0.093607 0.044604 0.042939
v 0.097703 0.029948 0.039256
v 0.094442 0.026030 0.054526
v 0.082280 0.062981 0.047504
v 0.063524 0.044604 0.080062
v 0.060279 0.069238 0.064806
v 0.067106 0.067331 0.059412
v 0.070124 0.013280 0.082539
v 0.065486 0.011212 0.087776
v 0.076404 0.016471 0.075335
v 0.097703 0.029948 0.039256
v 0.093607 0.044604 0.042939
v 0.094442 0.026030 0.054526
v 0.060279 0.069238 0.064806
v 0.063524 0.044604 0.080062
v 0.082280 0.062981 0.047504
v 0.067106 0.067331 0.059412
v 0.065486 0.011212 0.087776
v 0.070124 0.013280 0.082539
v 0.076404 0.016471 0.075335
vt 0.371704 0.462753
vt 0.034263 0.125312
vt 0.251098 0.125312
vt 0.645836 0.125312
vt 0.531965 0.277575
vt 0.461408 0.125312
vt 0.645836 0.125312
vt 0.251097 0.342146
vt 0.034263 0.125312
vt 0.516977 0.227617
vt 0.270520 0.361569
vt 0.569009 0.268219
vt 0.437984 0.125312
vt 0.645836 0.736885
vt 0.437984 0.529033
vt 0.645836 0.411052
vt 0.320003 0.411052
vt 0.299603 0.125312
vt 0.645836 0.462753
vt 0.645836 0.361569
vt 0.380495 0.125312
vt 0.645836 0.309740
vt 0.296629 0.382170
vt 0.283104 0.400273
vt 0.283104 0.377332
vt 0.283104 0.421805
vt 0.292174 0.400273
vt 0.263869 0.426901
vt 0.258978 0.365525
vt 0.247670 0.400273
vt 0.250777 0.361584
vt 0.255018 0.429135
vt 0.244846 0.359030
vn -0.4092 0.5550 -0.7242
vn 0.3056 0.3115 -0.8998
vn -0.4157 0.5534 -0.7218
vn -0.9827 -0.0151 0.1846
vn 0.2918 -0.9396 -0.1787
vn 0.2776 -0.9444 -0.1763
vn 0.2296 -0.9575 -0.1748
vn 0.2501 0.3758 -0.8923
vn 0.9463 0.2007 0.2535
vn 0.8142 0.3407 0.4700
vn 0.8213 0.2073 0.5315
vn 0.6796 0.4768 0.5574
vn 0.9182 0.3103 0.2460
vn 0.6245 0.4690 0.6245
vn 0.6927 0.2007 0.6927
vn 0.6701 0.3193 0.6701
usemtl Egg
s off
f 652/1104/593 648/1105/593 655/1106/593
f 648/1107/594 649/1108/594 650/1109/594
f 647/1110/595 655/1111/595 648/1105/595
f 647/1112/596 653/1113/596 654/1114/596
f 648/1107/597 651/1115/597 658/1116/597
f 648/1117/598 658/1118/598 656/1119/598
f 647/1110/599 656/1120/599 657/1121/599
f 648/1107/600 652/1122/600 649/1108/600
f 647/1110/595 654/1123/595 655/1111/595
f 647/1112/596 657/1124/596 653/1113/596
f 648/1107/597 650/1125/597 651/1115/597
f 647/1110/599 648/1117/599 656/1120/599
s 1
f 659/1126/601 646/1127/602 661/1128/603
f 664/1129/604 646/1127/602 660/1130/605
f 646/1127/602 664/1129/604 665/1131/606
f 668/1132/607 663/1133/608 667/1134/607
f 659/1126/601 660/1130/605 646/1127/602
f 665/1131/606 662/1135/606 663/1133/608
f 663/1133/608 646/1127/602 665/1131/606
f 668/1132/607 661/1128/603 646/1127/602
f 646/1127/602 663/1133/608 668/1132/607
f 663/1133/608 666/1136/607 667/1134/607
o Sphere.003_cell.020_Sphere.003_cell.019
v 0.105112 -0.032047 0.060687
v 0.053918 0.016532 0.027980
v 0.065566 0.021311 0.024413
v 0.032909 -0.042659 0.035696
v 0.020350 -0.029794 0.021983
v 0.048380 -0.052383 0.055391
v 0.018682 -0.018680 0.026316
v 0.022335 -0.012006 0.006553
v 0.059112 0.013520 0.014496
v 0.107131 0.012156 0.018157
v 0.111613 -0.032047 0.036426
v 0.112472 0.000437 0.007503
v 0.098290 0.028743 0.038019
v 0.094731 0.024458 0.054693
v 0.100382 -0.057840 0.057955
v 0.086957 -0.065065 0.069290
v 0.092321 -0.065418 0.063824
v 0.068796 -0.049179 0.092047
v 0.067463 -0.037893 0.096645
v 0.066834 -0.032047 0.098965
v 0.069492 -0.054167 0.089907
v 0.058991 -0.007893 0.099809
v 0.065084 0.008601 0.088936
v 0.069419 0.011105 0.083875
v 0.057303 -0.002721 0.099798
v 0.107131 0.012156 0.018157
v 0.098290 0.028743 0.038019
v 0.094731 0.024458 0.054693
v 0.111613 -0.032047 0.036426
v 0.112472 0.000437 0.007503
v 0.100382 -0.057840 0.057955
v 0.066834 -0.032047 0.098965
v 0.067463 -0.037893 0.096645
v 0.068796 -0.049179 0.092047
v 0.069492 -0.054167 0.089907
v 0.086957 -0.065065 0.069290
v 0.058991 -0.007893 0.099809
v 0.069419 0.011105 0.083875
v 0.065084 0.008601 0.088936
v 0.092321 -0.065418 0.063824
v 0.057303 -0.002721 0.099798
vt 0.034263 0.125312
vt 0.645836 0.125312
vt 0.645836 0.736885
vt 0.034263 0.125312
vt 0.645836 0.125312
vt 0.034263 0.125312
vt 0.645836 0.125312
vt 0.034263 0.125312
vt 0.645836 0.125312
vt 0.645836 0.736885
vt 0.034263 0.125312
vt 0.034263 0.125312
vt 0.645836 0.441019
vt 0.645836 0.427374
vt 0.349970 0.441019
vt 0.405116 0.431185
vt 0.645836 0.296359
vt 0.586902 0.320696
vt 0.274343 0.125312
vt 0.206152 0.291714
vt 0.645836 0.155446
vt 0.645836 0.736885
vt 0.577168 0.278967
vt 0.328612 0.188860
vt 0.267703 0.125312
vt 0.645836 0.125312
vt 0.267702 0.358751
vt 0.345301 0.125312
vt 0.034263 0.125312
vt 0.645836 0.483472
vt 0.645836 0.736885
vt 0.226269 0.125312
vt 0.215771 0.306820
vt 0.484855 0.235112
vt 0.645836 0.125312
vt 0.645836 0.475262
vt 0.384213 0.475262
vt 0.645836 0.125312
vt 0.645836 0.496804
vt 0.645836 0.155946
vt 0.645836 0.736885
vt 0.589877 0.680926
vt 0.327987 0.125312
vt 0.575822 0.666871
vt 0.645836 0.313746
vt 0.352112 0.125312
vt 0.287675 0.125312
vt 0.645836 0.320327
vt 0.064397 0.155446
vt 0.215771 0.125312
vt 0.457401 0.125312
vt 0.316620 0.360195
vt 0.283104 0.375390
vt 0.302918 0.305598
vt 0.283104 0.305598
vt 0.283104 0.273794
vt 0.245024 0.284474
vt 0.246532 0.278323
vt 0.270120 0.264110
vt 0.249580 0.358897
vt 0.325013 0.350385
vt 0.297852 0.380682
vt 0.277222 0.266657
vt 0.240399 0.305598
vt 0.241944 0.298390
vt 0.233542 0.342172
vt 0.234561 0.335432
vt 0.243985 0.355804
vn -0.8276 -0.3073 0.4697
vn -0.7054 0.7008 0.1063
vn -0.9768 -0.0673 -0.2033
vn -0.4459 0.8215 -0.3552
vn -0.4773 0.8005 -0.3626
vn -0.8208 -0.2959 0.4885
vn -0.8224 -0.2842 0.4928
vn -0.8273 -0.2688 0.4932
vn -0.6952 0.6854 0.2165
vn 0.0987 -0.6583 -0.7462
vn 0.1010 -0.6631 -0.7417
vn 0.0746 -0.6923 -0.7178
vn -0.2475 -0.9517 -0.1815
vn -0.8153 -0.3206 0.4821
vn -0.3639 -0.9148 0.1753
vn -0.2884 0.9404 0.1801
vn -0.3256 0.9281 0.1804
vn -0.0379 0.3463 -0.9373
vn 0.0984 0.7505 -0.6536
vn 0.0404 0.6821 -0.7301
vn 0.0793 0.7822 -0.6179
vn 0.0954 -0.6709 -0.7353
vn -0.2216 -0.9322 -0.2862
vn 0.9463 0.2007 0.2535
vn 0.8706 0.2073 0.4461
vn 0.9616 0.0942 0.2576
vn 0.8660 0.0002 0.5000
vn 0.7768 -0.2055 0.5952
vn 0.6927 -0.2004 0.6927
vn 0.6927 0.2007 0.6927
vn 0.7066 0.0391 0.7066
vn 0.6698 0.2200 0.7092
vn 0.6866 0.2059 0.6972
vn 0.6908 0.2023 0.6941
usemtl Egg
s off
f 673/1137/609 672/1138/609 675/1139/609
f 670/1140/610 676/1141/610 675/1139/610
f 676/1142/611 673/1143/611 675/1139/611
f 671/1144/612 677/1145/612 670/1146/612
f 677/1147/613 676/1141/613 670/1146/613
f 672/1148/614 687/1149/614 675/1139/614
f 690/1150/615 687/1151/615 688/1152/615
f 709/1153/616 675/1139/616 690/1154/616
f 691/1155/617 675/1139/617 709/1156/617
f 676/1142/618 680/1157/618 673/1158/618
f 683/1159/619 673/1158/619 679/1160/619
f 708/1161/620 672/1138/620 673/1158/620
f 674/1162/621 708/1163/621 684/1164/621
f 674/1165/622 686/1166/622 672/1167/622
f 674/1165/623 684/1168/623 689/1169/623
f 682/1170/624 671/1171/624 692/1172/624
f 692/1173/625 670/1174/625 691/1175/625
f 677/1147/626 680/1176/626 676/1177/626
f 680/1178/627 677/1147/627 671/1171/627
f 671/1144/628 678/1179/628 680/1180/628
f 671/1171/629 681/1181/629 678/1182/629
f 672/1148/614 686/1183/614 687/1149/614
f 690/1150/615 675/1139/615 687/1151/615
f 691/1155/617 670/1174/617 675/1139/617
f 708/1184/630 673/1158/630 683/1159/630
f 673/1158/619 680/1185/619 679/1160/619
f 674/1162/631 672/1167/631 708/1163/631
f 674/1165/622 689/1186/622 686/1166/622
f 682/1170/624 681/1187/624 671/1171/624
f 692/1173/625 671/1144/625 670/1174/625
s 1
f 694/1188/632 696/1189/633 697/1190/634
f 669/1191/635 699/1192/636 697/1190/634
f 702/1193/637 703/1194/637 704/1195/637
f 669/1191/635 696/1189/633 706/1196/638
f 697/1190/634 698/1197/632 694/1188/632
f 694/1188/632 695/1198/632 696/1189/633
f 696/1189/633 669/1191/635 697/1190/634
f 704/1195/637 685/1199/637 699/1192/636
f 699/1192/636 669/1191/635 704/1195/637
f 669/1191/635 700/1200/639 701/1201/637
f 704/1195/637 669/1191/635 702/1193/637
f 701/1201/637 702/1193/637 669/1191/635
f 693/1202/640 705/1203/641 707/1204/642
f 705/1203/641 700/1200/639 706/1196/638
f 707/1204/642 705/1203/641 706/1196/638
f 700/1200/639 669/1191/635 706/1196/638
o Sphere.003_cell.021_Sphere.003_cell.020
v 0.091030 -0.108827 0.052556
v 0.052949 -0.108108 0.013761
v 0.017782 -0.081317 0.008802
v 0.016152 -0.105269 0.052795
v 0.011416 -0.067905 0.047987
v 0.046458 -0.053781 0.053902
v 0.016019 -0.045504 0.018939
v 0.012281 -0.051888 0.015507
v 0.032525 -0.044659 0.034372
v 0.017877 -0.042767 0.023042
v 0.011493 -0.052533 0.030360
v 0.098481 -0.094882 0.035769
v 0.098123 -0.100524 0.032646
v 0.097125 -0.108827 0.029810
v 0.098118 -0.090644 0.040475
v 0.096868 -0.077000 0.055926
v 0.068372 -0.133020 0.039474
v 0.075715 -0.129816 0.024997
v 0.088485 -0.118302 0.023812
v 0.084427 -0.122719 0.021130
v 0.072218 -0.108827 0.071369
v 0.081961 -0.083279 0.069016
v 0.085067 -0.075182 0.068253
v 0.092156 -0.067131 0.063494
v 0.088173 -0.067409 0.067396
v 0.042947 -0.131147 0.067665
v 0.062062 -0.116482 0.070216
v 0.098481 -0.094882 0.035769
v 0.098118 -0.090644 0.040475
v 0.096868 -0.077000 0.055926
v 0.097125 -0.108827 0.029810
v 0.098123 -0.100524 0.032646
v 0.068372 -0.133020 0.039474
v 0.075715 -0.129816 0.024997
v 0.084427 -0.122719 0.021130
v 0.088485 -0.118302 0.023812
v 0.092156 -0.067131 0.063494
v 0.088173 -0.067409 0.067396
v 0.085067 -0.075182 0.068253
v 0.081961 -0.083279 0.069016
v 0.072218 -0.108827 0.071369
v 0.062062 -0.116482 0.070216
v 0.042947 -0.131147 0.067665
vt 0.034263 0.125312
vt 0.645836 0.125312
vt 0.645836 0.736885
vt 0.034263 0.125312
vt 0.645836 0.125312
vt 0.034263 0.125312
vt 0.645836 0.125312
vt 0.034263 0.125312
vt 0.645836 0.125312
vt 0.645836 0.736885
vt 0.034263 0.125312
vt 0.645836 0.125312
vt 0.645836 0.736885
vt 0.034263 0.125312
vt 0.645836 0.125312
vt 0.645836 0.736885
vt 0.645836 0.125312
vt 0.645836 0.736885
vt 0.645836 0.125312
vt 0.645836 0.736885
vt 0.645836 0.125312
vt 0.462612 0.553661
vt 0.645836 0.574494
vt 0.483445 0.574494
vt 0.645836 0.614443
vt 0.645836 0.553661
vt 0.363860 0.125312
vt 0.481759 0.288782
vt 0.645836 0.449831
vt 0.363860 0.454909
vt 0.358782 0.449831
vt 0.034263 0.125312
vt 0.355016 0.446065
vt 0.034263 0.125312
vt 0.408415 0.235112
vt 0.034263 0.125312
vt 0.434555 0.125312
vt 0.645836 0.395474
vt 0.244433 0.125312
vt 0.227916 0.125312
vt 0.304425 0.395474
vt 0.645836 0.127417
vt 0.227916 0.318965
vt 0.244433 0.335482
vt 0.645836 0.336592
vt 0.645836 0.736885
vt 0.452279 0.264593
vt 0.507730 0.125312
vt 0.645836 0.413829
vt 0.322780 0.413829
vt 0.266889 0.215191
vt 0.315251 0.125312
vt 0.364848 0.125312
vt 0.034263 0.125312
vt 0.645836 0.242456
vt 0.283104 0.210924
vt 0.304555 0.210924
vt 0.302347 0.221161
vt 0.304951 0.163500
vt 0.309403 0.178906
vt 0.307788 0.189087
vt 0.283104 0.250168
vt 0.266295 0.242425
vt 0.258870 0.210924
vt 0.252727 0.193282
vt 0.299793 0.228119
vt 0.295767 0.233344
vt 0.283104 0.155167
vt 0.275346 0.262337
vt 0.268488 0.252410
vt 0.270669 0.261995
vt 0.240240 0.158550
vn -0.9861 -0.1371 -0.0938
vn -0.9804 -0.1557 -0.1211
vn -0.5095 -0.7476 -0.4259
vn -0.4398 0.0596 0.8961
vn 0.3318 0.2681 -0.9045
vn -0.3832 0.6969 0.6061
vn -0.9967 -0.0586 -0.0554
vn -0.8572 0.5144 -0.0231
vn -0.8338 0.5520 0.0093
vn -0.3810 0.7009 0.6030
vn -0.3691 0.7129 0.5963
vn 0.3293 0.2502 -0.9105
vn -0.0106 -0.4684 -0.8834
vn 0.3328 0.2688 -0.9039
vn 0.4021 0.4238 -0.8116
vn 0.4906 0.6058 -0.6263
vn 0.5123 0.6574 -0.5525
vn 0.5152 0.6627 -0.5435
vn -0.2439 0.1833 0.9523
vn -0.2445 0.1810 0.9526
vn -0.2562 0.1684 0.9518
vn -0.2414 0.2012 0.9494
vn 0.2134 0.9347 0.2843
vn -0.5162 -0.7488 -0.4158
vn 0.3487 0.2772 -0.8953
vn -0.5009 -0.7583 -0.4171
vn -0.5070 -0.7508 -0.4233
vn 0.7627 -0.4736 0.4404
vn 0.8191 -0.5299 0.2195
vn 0.9463 -0.2004 0.2535
vn 0.6679 -0.7223 0.1790
vn 0.7739 -0.2054 0.5990
vn 0.6927 -0.2004 0.6927
vn 0.5904 -0.5502 0.5904
vn 0.4890 -0.7223 0.4890
vn 0.5818 -0.7342 0.3500
usemtl Egg
s off
f 714/1205/643 717/1206/643 713/1207/643
f 717/1208/644 712/1209/644 713/1207/644
f 712/1210/645 711/1211/645 713/1207/645
f 752/1212/646 714/1213/646 713/1207/646
f 712/1210/647 717/1206/647 711/1214/647
f 715/1215/648 720/1216/648 714/1217/648
f 720/1218/649 717/1206/649 714/1217/649
f 720/1218/650 716/1219/650 717/1220/650
f 720/1218/651 719/1221/651 716/1222/651
f 720/1218/652 715/1223/652 719/1224/652
f 715/1215/653 718/1225/653 719/1224/653
f 711/1214/654 728/1226/654 729/1227/654
f 711/1214/655 729/1228/655 727/1229/655
f 728/1230/656 722/1231/656 723/1232/656
f 717/1208/657 721/1233/657 722/1234/657
f 721/1235/658 716/1236/658 719/1221/658
f 718/1225/659 721/1237/659 719/1238/659
f 725/1239/660 718/1240/660 733/1241/660
f 714/1213/661 731/1242/661 732/1243/661
f 736/1244/662 731/1245/662 714/1205/662
f 714/1205/663 752/1246/663 736/1247/663
f 732/1248/664 715/1223/664 714/1217/664
f 715/1215/665 733/1249/665 718/1250/665
f 711/1211/666 726/1251/666 752/1252/666
f 728/1230/656 711/1214/656 722/1231/656
f 711/1214/656 717/1208/656 722/1231/656
f 717/1208/667 716/1219/667 721/1233/667
f 718/1225/659 724/1253/659 721/1237/659
f 725/1239/660 724/1254/660 718/1240/660
f 736/1244/662 730/1255/662 731/1245/662
f 732/1248/664 734/1256/664 715/1223/664
f 715/1215/665 734/1257/665 733/1249/665
f 752/1252/668 713/1258/668 711/1211/668
f 711/1211/669 727/1259/669 726/1251/669
s 1
f 710/1260/670 740/1261/671 741/1262/672
f 743/1263/673 744/1264/673 745/1265/673
f 710/1260/670 739/1266/674 749/1267/675
f 710/1260/670 750/1268/676 751/1269/677
f 741/1262/672 737/1270/672 710/1260/670
f 737/1270/672 738/1271/672 710/1260/670
f 738/1271/672 739/1266/674 710/1260/670
f 740/1261/671 710/1260/670 745/1265/673
f 710/1260/670 742/1272/678 745/1265/673
f 742/1272/678 743/1263/673 745/1265/673
f 739/1266/674 746/1273/675 748/1274/675
f 746/1273/675 747/1275/675 748/1274/675
f 748/1274/675 749/1267/675 739/1266/674
f 749/1267/675 750/1268/676 710/1260/670
f 751/1269/677 735/1276/677 742/1272/678
f 742/1272/678 710/1260/670 751/1269/677
o Sphere.003_cell.022_Sphere.003_cell.021
v 0.052556 -0.149906 0.030343
v 0.016270 -0.106430 0.051428
v 0.047748 -0.106601 0.011767
v 0.017657 -0.083837 0.007024
v 0.012982 -0.130307 0.022212
v 0.022787 -0.094608 0.000316
v 0.017082 -0.089578 0.000197
v 0.014814 -0.107156 0.001711
v 0.067112 -0.134365 0.038747
v 0.074404 -0.131318 0.023828
v 0.040488 -0.143909 0.051271
v 0.039479 -0.149906 0.043420
v 0.042531 -0.132750 0.065713
v 0.052412 -0.133174 0.055205
v 0.044289 -0.155279 0.004142
v 0.037236 -0.157643 0.005360
v 0.056853 -0.150276 0.010378
v 0.029518 -0.158924 0.018333
v 0.074404 -0.131318 0.023828
v 0.067112 -0.134365 0.038747
v 0.042531 -0.132750 0.065713
v 0.040488 -0.143909 0.051271
v 0.039479 -0.149906 0.043420
v 0.052412 -0.133174 0.055205
v 0.029518 -0.158924 0.018333
v 0.056853 -0.150276 0.010378
v 0.037236 -0.157643 0.005360
v 0.044289 -0.155279 0.004142
vt 0.034263 0.125312
vt 0.645836 0.125312
vt 0.645836 0.736885
vt 0.034263 0.125312
vt 0.645836 0.125312
vt 0.645836 0.736885
vt 0.645836 0.125312
vt 0.645836 0.125312
vt 0.645836 0.736885
vt 0.034263 0.125312
vt 0.645836 0.267985
vt 0.034263 0.125312
vt 0.173452 0.125312
vt 0.176936 0.267985
vt 0.645836 0.439656
vt 0.354024 0.445073
vt 0.034263 0.125312
vt 0.338422 0.368066
vt 0.348607 0.439656
vt 0.645836 0.396789
vt 0.227466 0.318515
vt 0.645836 0.430011
vt 0.300463 0.391512
vt 0.645836 0.125312
vt 0.338963 0.430011
vt 0.034263 0.125312
vt 0.645836 0.125312
vt 0.324026 0.415075
vt 0.034263 0.125312
vt 0.168972 0.125312
vt 0.266838 0.357887
vt 0.645836 0.125312
vt 0.389610 0.273953
vt 0.166321 0.257370
vt 0.227466 0.125312
vt 0.645836 0.357887
vt 0.283104 0.116249
vt 0.303371 0.159088
vt 0.283104 0.152067
vt 0.247076 0.130071
vt 0.255876 0.154810
vt 0.326482 0.098943
vt 0.305086 0.076131
vt 0.253926 0.116249
vt 0.314842 0.116249
vt 0.238401 0.155787
vt 0.325889 0.089456
vn 0.5111 0.7595 0.4024
vn -0.9943 0.1031 0.0276
vn -0.9930 0.1149 0.0274
vn -0.9918 0.1261 -0.0225
vn 0.5158 0.7544 0.4061
vn 0.5029 0.7422 0.4430
vn -0.7384 -0.4791 0.4747
vn -0.7362 -0.4889 0.4680
vn -0.7774 -0.3814 -0.5002
vn -0.1271 -0.1275 -0.9837
vn -0.0502 -0.0806 -0.9955
vn 0.4562 0.1060 -0.8835
vn 0.5083 0.1330 -0.8508
vn 0.5532 0.6140 -0.5629
vn -0.0478 -0.0796 -0.9957
vn 0.4052 0.1133 -0.9072
vn 0.4697 -0.8418 0.2659
vn 0.6674 -0.7252 0.1692
vn 0.5934 -0.7342 0.3300
vn 0.4890 -0.7223 0.4890
vn 0.3265 -0.9405 0.0940
vn 0.2987 -0.9439 0.1407
vn 0.4073 -0.8174 0.4073
vn 0.4756 -0.8716 0.1185
vn 0.3323 -0.9373 0.1052
usemtl Egg
s off
f 756/1277/679 754/1278/679 755/1279/679
f 760/1280/680 757/1281/680 754/1282/680
f 756/1277/681 760/1283/681 754/1282/681
f 756/1277/682 759/1284/682 760/1285/682
f 755/1286/683 754/1278/683 766/1287/683
f 754/1288/684 765/1289/684 766/1290/684
f 754/1288/685 763/1291/685 765/1292/685
f 757/1293/686 764/1294/686 763/1295/686
f 757/1293/687 779/1296/687 770/1297/687
f 760/1280/688 780/1298/688 779/1299/688
f 758/1300/689 780/1301/689 759/1302/689
f 755/1303/690 780/1304/690 758/1305/690
f 755/1286/691 762/1306/691 769/1307/691
f 756/1308/692 758/1305/692 759/1302/692
f 766/1287/683 761/1309/683 755/1286/683
f 761/1309/683 762/1310/683 755/1286/683
f 754/1288/685 757/1281/685 763/1291/685
f 757/1293/686 770/1311/686 764/1294/686
f 757/1293/687 760/1283/687 779/1296/687
f 760/1280/693 759/1284/693 780/1298/693
f 755/1303/694 769/1312/694 780/1304/694
f 756/1308/692 755/1279/692 758/1305/692
s 1
f 753/1313/695 771/1314/696 772/1315/697
f 774/1316/698 753/1313/695 776/1317/698
f 767/1318/699 753/1313/695 777/1319/700
f 777/1319/700 753/1313/695 775/1320/701
f 753/1313/695 778/1321/702 771/1314/696
f 776/1317/698 773/1322/698 774/1316/698
f 774/1316/698 775/1320/701 753/1313/695
f 753/1313/695 772/1315/697 776/1317/698
f 777/1319/700 768/1323/703 767/1318/699
f 767/1318/699 778/1321/702 753/1313/695
o Sphere.003_cell.023_Sphere.003_cell.022
v 0.030343 0.125407 0.052556
v -0.000872 0.082092 0.065869
v 0.007565 0.087192 0.071836
v 0.008203 0.091950 -0.007410
v 0.001277 0.079189 0.061849
v 0.041994 0.131586 0.010530
v -0.004021 0.158391 -0.002336
v 0.015392 0.115398 -0.009413
v 0.032571 0.117304 0.056414
v 0.038646 0.125407 0.044254
v 0.007948 0.125407 0.058557
v 0.017261 0.097889 0.071191
v 0.013235 0.093763 0.074538
v -0.000000 0.135771 0.047764
v -0.000000 0.162768 0.014101
v -0.025400 0.146762 0.021124
v -0.026080 0.149925 0.015057
v -0.012670 0.162343 0.007315
v -0.018875 0.158446 0.002293
v -0.025576 0.152647 0.004270
v 0.020487 0.156939 0.003287
v 0.015969 0.159288 0.009220
v 0.044542 0.134064 0.019964
v 0.044127 0.133213 0.025477
v 0.042263 0.138178 0.009325
v 0.037380 0.143260 0.003902
v 0.007724 0.161612 0.013473
v 0.032571 0.117304 0.056414
v 0.038646 0.125407 0.044254
v 0.013235 0.093763 0.074538
v 0.017261 0.097889 0.071191
v -0.000000 0.162768 0.014101
v -0.012670 0.162343 0.007315
v -0.026080 0.149925 0.015057
v -0.025400 0.146762 0.021124
v 0.020487 0.156939 0.003287
v 0.015969 0.159288 0.009220
v 0.044127 0.133213 0.025477
v 0.044542 0.134064 0.019964
v 0.042263 0.138178 0.009325
v 0.037380 0.143260 0.003902
v 0.007724 0.161612 0.013473
v -0.000000 0.135771 0.047764
v 0.007948 0.125407 0.058557
v -0.025576 0.152647 0.004270
v -0.018875 0.158446 0.002293
vt 0.034263 0.125312
vt 0.645836 0.125312
vt 0.645836 0.736885
vt 0.034263 0.125312
vt 0.645836 0.125312
vt 0.645836 0.736885
vt 0.645836 0.125312
vt 0.645836 0.181598
vt 0.464312 0.243989
vt 0.471963 0.179966
vt 0.645836 0.125312
vt 0.645836 0.228152
vt 0.263814 0.213747
vt 0.034263 0.125312
vt 0.333881 0.152383
vt 0.563139 0.654188
vt 0.645836 0.654188
vt 0.096129 0.125312
vt 0.645836 0.125312
vt 0.185084 0.125312
vt 0.645836 0.677635
vt 0.034263 0.125312
vt 0.191719 0.125312
vt 0.098944 0.189993
vt 0.034263 0.125312
vt 0.645836 0.435274
vt 0.474053 0.565102
vt 0.645836 0.736885
vt 0.580877 0.125312
vt 0.645836 0.370611
vt 0.092408 0.125312
vt 0.645836 0.736885
vt 0.645836 0.125312
vt 0.580877 0.671926
vt 0.645836 0.678739
vt 0.592199 0.683248
vt 0.525830 0.125312
vt 0.645836 0.518667
vt 0.401358 0.299248
vt 0.645836 0.736885
vt 0.354840 0.229709
vt 0.122216 0.125312
vt 0.335874 0.125312
vt 0.137103 0.228152
vt 0.292134 0.125312
vt 0.034263 0.125312
vt 0.645836 0.125312
vt 0.506237 0.276212
vt 0.645836 0.189993
vt 0.624492 0.215507
vt 0.185084 0.276133
vt 0.228059 0.520815
vt 0.345421 0.528799
vt 0.330611 0.522524
vt 0.252066 0.494947
vt 0.233542 0.494947
vt 0.233542 0.485453
vt 0.196961 0.494947
vt 0.200704 0.457871
vt 0.206514 0.462705
vt 0.326101 0.534364
vt 0.300590 0.533916
vt 0.218379 0.516719
vt 0.342983 0.530692
vt 0.306291 0.503728
vt 0.339602 0.513124
vt 0.331477 0.532068
vt 0.223403 0.505881
vt 0.326176 0.507259
vt 0.350217 0.527232
vt 0.296900 0.503183
vn 0.0541 -0.7956 0.6034
vn 0.6766 -0.2661 -0.6866
vn -0.6423 0.2573 0.7220
vn 0.1215 0.9511 -0.2840
vn 0.1195 0.9518 -0.2826
vn -0.6544 0.2464 0.7148
vn -0.8977 -0.4238 -0.1204
vn 0.7412 -0.6678 0.0684
vn 0.9673 -0.0833 -0.2395
vn 0.2417 0.2564 -0.9358
vn -0.2974 0.0182 -0.9546
vn -0.8836 -0.4427 -0.1526
vn -0.3064 0.0126 -0.9518
vn -0.8755 -0.4572 -0.1563
vn 0.6531 -0.1619 -0.7397
vn 0.7694 -0.6375 -0.0405
vn -0.6438 0.2569 0.7208
vn -0.6444 0.2566 0.7203
vn -0.1482 0.8616 -0.4856
vn 0.2305 0.2585 -0.9381
vn -0.2984 0.0223 -0.9542
vn -0.8757 -0.4516 -0.1708
vn 0.7693 -0.6376 -0.0404
vn 0.7694 -0.6375 -0.0404
vn -0.5089 0.7785 0.3673
vn -0.6170 0.7694 0.1653
vn 0.3505 0.8223 0.4483
vn 0.3745 0.7041 0.6032
vn 0.3398 0.4788 0.8094
vn 0.1977 0.6454 0.7378
vn 0.2286 0.4690 0.8531
vn -0.1039 0.7824 0.6140
vn -0.4444 0.7855 0.4305
vn -0.3520 0.7575 0.5498
vn 0.5005 0.7419 0.4462
vn 0.6170 0.7694 0.1653
vn 0.3560 0.7060 0.6122
vn 0.1496 0.8010 0.5796
vn 0.4319 0.8065 0.4036
usemtl Egg
s off
f 782/1324/704 785/1325/704 783/1326/704
f 784/1327/705 788/1328/705 786/1329/705
f 783/1330/706 793/1331/706 791/1332/706
f 802/1333/707 787/1334/707 807/1335/707
f 795/1336/708 787/1337/708 798/1338/708
f 782/1324/709 783/1330/709 796/1339/709
f 796/1340/710 797/1341/710 782/1342/710
f 783/1326/711 792/1343/711 793/1344/711
f 786/1345/712 805/1346/712 803/1347/712
f 788/1348/713 801/1349/713 806/1350/713
f 787/1351/714 825/1352/714 826/1353/714
f 797/1354/715 785/1325/715 782/1355/715
f 788/1348/716 784/1356/716 825/1357/716
f 784/1327/717 797/1358/717 825/1359/717
f 786/1329/718 806/1360/718 805/1361/718
f 784/1327/719 789/1362/719 785/1363/719
f 791/1332/720 794/1364/720 783/1330/720
f 794/1364/721 796/1365/721 783/1330/721
f 802/1333/707 801/1366/707 787/1334/707
f 807/1367/708 787/1337/708 795/1336/708
f 787/1337/722 826/1368/722 798/1338/722
f 783/1326/711 785/1369/711 792/1343/711
f 788/1348/723 787/1334/723 801/1349/723
f 787/1351/724 788/1348/724 825/1352/724
f 784/1327/725 785/1325/725 797/1358/725
f 786/1329/718 788/1348/718 806/1360/718
f 784/1327/726 786/1370/726 790/1371/726
f 786/1370/727 803/1372/727 804/1373/727
f 790/1371/727 786/1370/727 804/1373/727
f 790/1371/719 789/1362/719 784/1327/719
f 789/1362/727 792/1374/727 785/1363/727
s 1
f 814/1375/728 799/1376/729 800/1377/729
f 809/1378/730 781/1379/731 808/1380/732
f 824/1381/733 810/1382/734 811/1383/734
f 812/1384/735 813/1385/736 815/1386/737
f 817/1387/738 819/1388/739 821/1389/739
f 822/1390/740 812/1384/735 823/1391/741
f 814/1375/728 813/1385/736 799/1376/729
f 811/1383/734 808/1380/732 824/1381/733
f 808/1380/732 781/1379/731 824/1381/733
f 814/1375/728 815/1386/737 813/1385/736
f 815/1386/737 823/1391/741 812/1384/735
f 820/1392/739 821/1389/739 819/1388/739
f 821/1389/739 816/1393/739 817/1387/738
f 817/1387/738 818/1394/742 819/1388/739
f 823/1391/741 824/1381/733 781/1379/731
f 781/1379/731 809/1378/730 823/1391/741
f 809/1378/730 818/1394/742 823/1391/741
f 818/1394/742 817/1387/738 823/1391/741
f 817/1387/738 822/1390/740 823/1391/741
o Sphere.003_cell.024_Sphere.003_cell.023
v 0.052556 0.044604 0.091030
v 0.052409 0.017555 0.029211
v 0.009197 0.085543 0.073253
v 0.007070 0.009710 0.020592
v 0.019367 -0.004771 0.059562
v 0.009591 -0.001161 0.027302
v 0.020776 -0.006445 0.011024
v 0.019712 -0.013782 0.031845
v 0.018001 -0.013088 0.024850
v 0.062034 0.044604 0.081552
v 0.059631 0.063220 0.069973
v 0.058747 0.069978 0.065782
v 0.042174 0.082372 0.073047
v 0.063547 0.017366 0.087932
v 0.063797 0.009827 0.089867
v 0.017139 0.062272 0.090806
v 0.022037 0.044604 0.099208
v 0.010096 0.088474 0.078287
v 0.016517 0.089508 0.075998
v 0.029482 0.007626 0.105057
v 0.050363 0.001042 0.100859
v 0.055808 -0.000629 0.099755
v 0.028094 0.013170 0.104253
v 0.062034 0.044604 0.081552
v 0.059631 0.063220 0.069973
v 0.058747 0.069978 0.065782
v 0.042174 0.082372 0.073047
v 0.063797 0.009827 0.089867
v 0.063547 0.017366 0.087932
v 0.010096 0.088474 0.078287
v 0.017139 0.062272 0.090806
v 0.022037 0.044604 0.099208
v 0.016517 0.089508 0.075998
v 0.028094 0.013170 0.104253
v 0.029482 0.007626 0.105057
v 0.050363 0.001042 0.100859
v 0.055808 -0.000629 0.099755
vt 0.034263 0.125312
vt 0.645836 0.125312
vt 0.645836 0.736885
vt 0.645836 0.125312
vt 0.645836 0.736885
vt 0.034263 0.125312
vt 0.645836 0.125312
vt 0.034263 0.125312
vt 0.645836 0.125312
vt 0.034263 0.125312
vt 0.645836 0.125312
vt 0.645836 0.736885
vt 0.645836 0.125312
vt 0.645836 0.736885
vt 0.034263 0.125312
vt 0.645836 0.395200
vt 0.065693 0.156742
vt 0.034263 0.125312
vt 0.339985 0.294615
vt 0.304151 0.395200
vt 0.645836 0.125312
vt 0.476806 0.363608
vt 0.397321 0.125312
vt 0.034263 0.125312
vt 0.622248 0.713297
vt 0.645836 0.125312
vt 0.627888 0.718937
vt 0.645836 0.409543
vt 0.034263 0.125312
vt 0.283783 0.125312
vt 0.401183 0.125312
vt 0.283783 0.374832
vt 0.645836 0.378695
vt 0.271824 0.125312
vt 0.260069 0.246630
vt 0.287646 0.378695
vt 0.282777 0.125312
vt 0.210076 0.301125
vt 0.271824 0.362873
vt 0.215676 0.125312
vt 0.645836 0.736885
vt 0.464422 0.125312
vt 0.645836 0.369964
vt 0.361605 0.125312
vt 0.645836 0.713297
vt 0.645836 0.547967
vt 0.210076 0.125312
vt 0.233542 0.400273
vt 0.245752 0.400273
vt 0.251063 0.422085
vt 0.243384 0.366630
vt 0.233542 0.346262
vt 0.233542 0.444525
vt 0.201906 0.420974
vt 0.208892 0.361448
vt 0.227622 0.346468
vt 0.253158 0.430003
vt 0.242612 0.357318
vt 0.202289 0.453425
vt 0.196285 0.451674
vt 0.204761 0.400273
vt 0.209853 0.354600
vn -0.9753 -0.1069 0.1933
vn -0.8010 -0.4378 -0.4083
vn -0.7891 -0.4767 -0.3874
vn -0.7962 -0.5894 0.1362
vn -0.7980 -0.5760 0.1774
vn 0.6662 -0.7134 -0.2173
vn 0.0637 0.5480 -0.8340
vn 0.6334 -0.7395 -0.2282
vn -0.9581 -0.1375 0.2512
vn -0.9559 -0.1430 0.2565
vn 0.0628 0.5659 -0.8221
vn 0.0588 0.5646 -0.8232
vn -0.0011 0.5704 -0.8214
vn -0.9440 -0.1982 0.2639
vn -0.2306 -0.9246 0.3032
vn 0.9824 -0.0153 -0.1864
vn 0.9824 0.0109 -0.1863
vn 0.9822 0.0122 -0.1877
vn 0.6665 -0.7135 -0.2160
vn -0.2241 -0.9276 0.2988
vn -0.2939 0.8479 -0.4412
vn 0.4704 0.3397 0.8144
vn 0.6609 0.3555 0.6609
vn 0.6245 0.4690 0.6245
vn 0.6665 0.1930 0.7201
vn 0.4215 0.2033 0.8837
vn 0.3693 0.4803 0.7956
vn 0.2286 0.4690 0.8531
vn 0.2535 0.2007 0.9463
vn 0.6391 0.2110 0.7396
vn 0.2424 0.3499 0.9048
usemtl Egg
s off
f 830/1395/743 832/1396/743 829/1397/743
f 830/1395/744 833/1398/744 832/1399/744
f 833/1400/745 835/1401/745 832/1399/745
f 835/1402/746 834/1403/746 832/1399/746
f 834/1404/747 831/1405/747 832/1399/747
f 834/1404/748 833/1398/748 828/1406/748
f 833/1400/749 830/1407/749 828/1406/749
f 834/1404/750 835/1401/750 833/1408/750
f 829/1409/751 842/1410/751 844/1411/751
f 832/1412/752 843/1413/752 842/1414/752
f 828/1415/753 839/1416/753 838/1417/753
f 828/1418/754 830/1407/754 845/1419/754
f 829/1420/755 845/1421/755 830/1395/755
f 849/1422/756 831/1423/756 846/1424/756
f 831/1423/757 847/1425/757 846/1426/757
f 840/1427/758 841/1428/758 828/1415/758
f 828/1418/759 836/1429/759 840/1430/759
f 838/1431/760 837/1432/760 828/1418/760
f 834/1403/761 841/1433/761 848/1434/761
f 831/1435/762 848/1436/762 847/1437/762
f 829/1409/751 832/1396/751 842/1410/751
f 832/1412/752 849/1438/752 843/1413/752
f 828/1415/753 845/1439/753 839/1416/753
f 829/1420/763 844/1440/763 845/1421/763
f 849/1422/756 832/1399/756 831/1423/756
f 828/1418/759 837/1441/759 836/1429/759
f 834/1403/761 828/1406/761 841/1433/761
f 831/1435/762 834/1404/762 848/1436/762
s 1
f 827/1442/764 850/1443/765 851/1444/766
f 855/1445/767 827/1442/764 863/1446/768
f 853/1447/769 857/1448/770 827/1442/764
f 827/1442/764 860/1449/771 862/1450/771
f 852/1451/766 853/1447/769 851/1444/766
f 853/1447/769 827/1442/764 851/1444/766
f 863/1446/768 854/1452/772 855/1445/767
f 855/1445/767 850/1443/765 827/1442/764
f 853/1447/769 859/1453/770 857/1448/770
f 859/1453/770 856/1454/770 857/1448/770
f 857/1448/770 858/1455/773 827/1442/764
f 862/1450/771 863/1446/768 827/1442/764
f 827/1442/764 858/1455/773 860/1449/771
f 860/1449/771 861/1456/771 862/1450/771
o Sphere.003_cell.025_Sphere.003_cell.024
v 0.060687 -0.032047 0.105112
v -0.000000 -0.032047 0.121373
v -0.009573 -0.057121 0.057220
v 0.018863 -0.005707 0.062814
v 0.019274 -0.014996 0.032604
v 0.018087 -0.020457 0.027824
v 0.007550 -0.069914 0.054156
v -0.006543 -0.059740 0.052636
v 0.046360 -0.051739 0.055809
v 0.010076 -0.066259 0.049118
v 0.029960 -0.042992 0.034105
v 0.019567 -0.032175 0.023512
v 0.009949 -0.052262 0.032389
v 0.017332 -0.041131 0.024126
v 0.068185 -0.053994 0.091265
v 0.057497 -0.062170 0.099587
v 0.065455 -0.030647 0.099939
v 0.058223 -0.008817 0.100845
v 0.023716 -0.079763 0.104913
v 0.051126 -0.065606 0.100567
v -0.000000 -0.062996 0.114819
v 0.028567 0.005741 0.105702
v 0.055344 -0.002438 0.100263
v 0.010527 -0.000936 0.111953
v -0.000000 -0.016665 0.118110
v -0.009843 -0.056183 0.113624
v -0.016776 -0.051179 0.112826
v -0.009311 -0.032308 0.118823
v 0.057497 -0.062170 0.099587
v 0.068185 -0.053994 0.091265
v 0.065455 -0.030647 0.099939
v 0.058223 -0.008817 0.100845
v -0.000000 -0.062996 0.114819
v 0.023716 -0.079763 0.104913
v 0.051126 -0.065606 0.100567
v 0.010527 -0.000936 0.111953
v -0.000000 -0.016665 0.118110
v -0.016776 -0.051179 0.112826
v -0.009843 -0.056183 0.113624
v 0.028567 0.005741 0.105702
v 0.055344 -0.002438 0.100263
v -0.009311 -0.032308 0.118823
vt 0.034263 0.125312
vt 0.645836 0.125312
vt 0.645836 0.736885
vt 0.034263 0.125312
vt 0.645836 0.125312
vt 0.034263 0.125312
vt 0.645836 0.125312
vt 0.645836 0.125312
vt 0.645836 0.736885
vt 0.034263 0.125312
vt 0.645836 0.125312
vt 0.645836 0.125312
vt 0.645836 0.736885
vt 0.034263 0.125312
vt 0.645836 0.125312
vt 0.034263 0.125312
vt 0.645836 0.125312
vt 0.645836 0.736885
vt 0.034263 0.125312
vt 0.645836 0.125312
vt 0.034263 0.125312
vt 0.645836 0.736885
vt 0.645836 0.736885
vt 0.645836 0.736885
vt 0.645836 0.736885
vt 0.331729 0.422778
vt 0.034263 0.125312
vt 0.034263 0.125312
vt 0.645836 0.435647
vt 0.344346 0.435394
vt 0.034263 0.125312
vt 0.517043 0.375283
vt 0.344598 0.435647
vt 0.464685 0.321462
vt 0.645836 0.125312
vt 0.642567 0.502497
vt 0.645836 0.125312
vt 0.414307 0.505356
vt 0.645836 0.494025
vt 0.526162 0.381169
vt 0.402976 0.494025
vt 0.645836 0.473100
vt 0.645836 0.443803
vt 0.228803 0.125312
vt 0.645836 0.125312
vt 0.352754 0.443803
vt 0.275409 0.366458
vt 0.034263 0.125312
vt 0.306908 0.125312
vt 0.306908 0.397957
vt 0.228803 0.319852
vt 0.645836 0.436940
vt 0.352036 0.398873
vt 0.411871 0.125312
vt 0.425605 0.503128
vt 0.645836 0.548688
vt 0.298047 0.125312
vt 0.295303 0.125312
vt 0.645836 0.422778
vt 0.222460 0.125312
vt 0.233542 0.305598
vt 0.244993 0.278536
vt 0.239361 0.305598
vt 0.233542 0.334291
vt 0.239066 0.307328
vt 0.183979 0.267436
vt 0.205090 0.246761
vt 0.228319 0.264218
vt 0.183979 0.305598
vt 0.193094 0.344025
vt 0.175538 0.275837
vt 0.176366 0.305276
vt 0.183979 0.324597
vt 0.176484 0.305598
vt 0.233542 0.268454
vt 0.231634 0.342169
vt 0.208960 0.352271
vt 0.232779 0.337800
vt 0.169747 0.282007
vn -0.8606 0.4283 -0.2756
vn -0.7996 0.1339 -0.5854
vn -0.7972 0.1149 -0.5926
vn -0.7851 0.0634 -0.6161
vn -0.4258 -0.6792 -0.5977
vn -0.1656 -0.7570 -0.6321
vn 0.4032 -0.8249 -0.3962
vn 0.8165 0.2847 -0.5022
vn 0.8131 0.2831 -0.5087
vn 0.7905 0.2970 -0.5356
vn -0.7500 0.1429 -0.6458
vn 0.5890 -0.2007 -0.7828
vn 0.3763 -0.7001 -0.6068
vn 0.3792 -0.7083 -0.5955
vn 0.3922 -0.7114 -0.5831
vn -0.6581 -0.7529 -0.0048
vn -0.5863 -0.8099 0.0155
vn -0.5708 -0.8207 0.0225
vn -0.8486 0.4969 -0.1816
vn -0.8582 0.4774 -0.1887
vn 0.4141 -0.8561 -0.3093
vn 0.4009 -0.8670 -0.2959
vn 0.2246 0.9296 -0.2923
vn 0.1597 0.9442 -0.2882
vn -0.3895 0.9080 -0.1542
vn -0.7885 0.5848 -0.1905
vn 0.8098 0.3207 -0.4913
vn 0.8191 0.2919 -0.4939
vn 0.8256 0.2788 -0.4905
vn -0.8995 0.4066 -0.1600
vn 0.5117 -0.0037 0.8591
vn 0.7011 -0.1935 0.6863
vn 0.7335 0.0135 0.6796
vn 0.3001 0.2031 0.9320
vn 0.0977 -0.2062 0.9736
vn 0.2535 -0.2004 0.9463
vn -0.0027 0.0019 1.0000
vn 0.2535 0.2007 0.9463
vn -0.2535 -0.2004 0.9463
vn -0.2619 -0.0656 0.9629
vn 0.1642 0.2047 0.9649
vn 0.4125 -0.2064 0.8872
usemtl Egg
s off
f 868/1457/774 869/1458/774 866/1459/774
f 869/1460/775 877/1461/775 866/1459/775
f 877/1462/776 871/1463/776 866/1459/776
f 877/1462/777 876/1464/777 871/1465/777
f 876/1466/778 870/1467/778 871/1465/778
f 876/1466/779 873/1468/779 870/1469/779
f 873/1470/780 872/1471/780 870/1469/780
f 872/1472/781 874/1473/781 868/1474/781
f 874/1475/782 875/1476/782 868/1474/782
f 875/1477/783 869/1458/783 868/1474/783
f 875/1477/784 877/1461/784 869/1478/784
f 875/1477/785 874/1473/785 877/1479/785
f 874/1475/786 876/1464/786 877/1479/786
f 874/1475/787 873/1468/787 876/1480/787
f 873/1470/788 874/1473/788 872/1481/788
f 890/1482/789 866/1483/789 871/1463/789
f 871/1484/790 889/1485/790 890/1486/790
f 870/1487/791 884/1488/791 889/1489/791
f 888/1490/792 868/1491/792 905/1492/792
f 866/1493/793 905/1494/793 868/1457/793
f 883/1495/794 872/1472/794 879/1496/794
f 870/1469/795 883/1497/795 882/1498/795
f 868/1491/796 903/1499/796 904/1500/796
f 868/1457/797 867/1501/797 903/1502/797
f 903/1503/798 867/1504/798 887/1505/798
f 867/1504/799 868/1491/799 887/1506/799
f 904/1507/800 881/1508/800 868/1474/800
f 872/1471/801 881/1509/801 880/1510/801
f 880/1511/802 878/1512/802 872/1481/802
f 871/1484/790 870/1467/790 889/1485/790
f 870/1487/791 882/1513/791 884/1488/791
f 888/1490/792 887/1514/792 868/1491/792
f 866/1493/803 890/1515/803 905/1494/803
f 870/1469/794 872/1472/794 883/1495/794
f 872/1472/794 878/1516/794 879/1496/794
f 872/1471/801 868/1474/801 881/1509/801
s 1
f 864/1517/804 893/1518/805 894/1519/806
f 895/1520/807 864/1517/804 894/1521/806
f 896/1522/808 897/1523/809 898/1524/809
f 865/1525/810 864/1517/804 899/1526/811
f 902/1527/812 865/1525/810 891/1528/813
f 865/1525/810 900/1529/814 891/1530/813
f 864/1517/804 892/1531/815 893/1518/805
f 898/1524/809 892/1531/815 864/1517/804
f 864/1517/804 865/1525/810 898/1524/809
f 865/1525/810 896/1522/808 898/1524/809
f 886/1532/811 885/1533/811 895/1534/807
f 885/1533/811 899/1526/811 864/1517/804
f 895/1534/807 885/1533/811 864/1517/804
f 899/1526/811 900/1529/814 865/1525/810
f 891/1528/813 901/1535/812 902/1527/812
f 902/1527/812 896/1522/808 865/1525/810
o Sphere.003_cell.026_Sphere.003_cell.025
v 0.052556 -0.108827 0.091030
v 0.017039 -0.105273 0.058557
v 0.048432 -0.053985 0.057219
v 0.011302 -0.069212 0.050348
v 0.008569 -0.071866 0.054005
v 0.007888 -0.098660 0.066372
v 0.070746 -0.108827 0.072840
v 0.080454 -0.082960 0.070616
v 0.086512 -0.066659 0.069274
v 0.082611 -0.077180 0.070131
v 0.068859 -0.055878 0.090046
v 0.057248 -0.064516 0.099157
v 0.040690 -0.130771 0.070477
v 0.054765 -0.120929 0.070942
v 0.018206 -0.108827 0.100234
v 0.020951 -0.097356 0.101928
v 0.024779 -0.081697 0.104219
v 0.047662 -0.069543 0.100661
v 0.011247 -0.122488 0.087325
v 0.015242 -0.125019 0.083517
v 0.082611 -0.077180 0.070131
v 0.086512 -0.066659 0.069274
v 0.068859 -0.055878 0.090046
v 0.057248 -0.064516 0.099157
v 0.070746 -0.108827 0.072840
v 0.080454 -0.082960 0.070616
v 0.054765 -0.120929 0.070942
v 0.024779 -0.081697 0.104219
v 0.020951 -0.097356 0.101928
v 0.018206 -0.108827 0.100234
v 0.047662 -0.069543 0.100661
v 0.011247 -0.122488 0.087325
v 0.015242 -0.125019 0.083517
v 0.040690 -0.130771 0.070477
vt 0.034263 0.125312
vt 0.645836 0.125312
vt 0.645836 0.736885
vt 0.645836 0.125312
vt 0.645836 0.736885
vt 0.645836 0.125312
vt 0.383808 0.474857
vt 0.034263 0.125312
vt 0.034263 0.125312
vt 0.210666 0.125312
vt 0.300011 0.391060
vt 0.645836 0.125312
vt 0.645836 0.474857
vt 0.382186 0.125312
vt 0.511881 0.245020
vt 0.438249 0.125312
vt 0.034263 0.125312
vt 0.645836 0.465932
vt 0.412806 0.125312
vt 0.374883 0.465932
vt 0.645836 0.125312
vt 0.438249 0.529298
vt 0.516600 0.125312
vt 0.501002 0.511779
vt 0.645836 0.736885
vt 0.412806 0.503855
vt 0.296233 0.387282
vt 0.322754 0.218890
vt 0.034263 0.125312
vt 0.163977 0.125312
vt 0.645836 0.736885
vt 0.293838 0.366817
vt 0.645836 0.396019
vt 0.304970 0.396019
vt 0.645836 0.391060
vt 0.645836 0.388961
vt 0.645836 0.560481
vt 0.645836 0.332688
vt 0.241639 0.332688
vt 0.299205 0.125312
vt 0.233542 0.210924
vt 0.256975 0.210924
vt 0.264379 0.242819
vt 0.246556 0.183031
vt 0.236296 0.162471
vt 0.233542 0.265562
vt 0.225631 0.259363
vt 0.201148 0.210923
vt 0.196425 0.179440
vt 0.201255 0.173606
vt 0.265904 0.249947
vt 0.246041 0.276213
vt 0.268548 0.262919
vt 0.206121 0.244376
vt 0.203246 0.225068
vt 0.233542 0.160348
vn -0.6705 -0.2645 -0.6932
vn -0.7308 -0.2707 -0.6266
vn 0.2459 -0.1689 -0.9545
vn 0.3594 0.9174 -0.1707
vn 0.2455 -0.1718 -0.9541
vn 0.2450 -0.1739 -0.9538
vn -0.4229 0.8538 0.3037
vn -0.4101 0.8606 0.3020
vn 0.2065 -0.2506 -0.9458
vn -0.4051 0.8630 0.3019
vn -0.9258 0.1775 0.3336
vn -0.9297 0.1604 0.3314
vn -0.4489 -0.6848 -0.5740
vn -0.7425 -0.4983 -0.4477
vn -0.4090 0.8614 0.3012
vn 0.2389 -0.1792 -0.9544
vn -0.9266 0.1724 0.3341
vn 0.4404 -0.4736 0.7627
vn 0.6466 -0.4047 0.6466
vn 0.6927 -0.2004 0.6927
vn 0.4890 -0.7223 0.4890
vn 0.2911 -0.7331 0.6147
vn 0.5628 -0.2064 0.8004
vn 0.2535 -0.2004 0.9463
vn 0.2220 -0.5142 0.8284
vn 0.1790 -0.7223 0.6679
usemtl Egg
s off
f 907/1536/816 910/1537/816 909/1538/816
f 907/1536/817 911/1539/817 910/1540/817
f 908/1541/818 915/1542/818 909/1543/818
f 908/1544/819 916/1545/819 914/1546/819
f 909/1547/820 915/1548/820 913/1549/820
f 909/1547/821 912/1550/821 919/1551/821
f 909/1538/822 910/1552/822 922/1553/822
f 923/1554/823 909/1538/823 922/1555/823
f 907/1556/824 919/1557/824 918/1558/824
f 917/1559/825 908/1560/825 923/1561/825
f 911/1539/826 922/1562/826 910/1552/826
f 920/1563/827 911/1564/827 924/1565/827
f 907/1566/828 918/1567/828 925/1568/828
f 925/1569/829 911/1539/829 907/1566/829
f 908/1541/818 914/1570/818 915/1542/818
f 909/1547/821 913/1571/821 912/1550/821
f 923/1554/830 908/1541/830 909/1538/830
f 907/1556/831 909/1538/831 919/1557/831
f 917/1559/825 916/1572/825 908/1560/825
f 911/1539/826 921/1573/826 922/1562/826
f 920/1563/832 921/1574/832 911/1564/832
f 925/1569/829 924/1575/829 911/1539/829
s 1
f 906/1576/833 930/1577/834 931/1578/835
f 932/1579/836 906/1576/833 939/1580/837
f 906/1576/833 929/1581/838 936/1582/839
f 935/1583/840 937/1584/841 938/1585/841
f 931/1578/835 926/1586/835 928/1587/835
f 926/1586/835 927/1588/835 928/1587/835
f 928/1587/835 929/1581/838 931/1578/835
f 929/1581/838 906/1576/833 931/1578/835
f 932/1579/836 930/1577/834 906/1576/833
f 936/1582/839 933/1589/839 906/1576/833
f 933/1589/839 934/1590/839 906/1576/833
f 934/1590/839 935/1583/840 906/1576/833
f 939/1591/837 906/1576/833 938/1585/841
f 906/1576/833 935/1583/840 938/1585/841
o Sphere.003_cell.027_Sphere.003_cell.026
v 0.030343 -0.149906 0.052556
v 0.013914 -0.134682 0.023047
v 0.011924 -0.129053 0.025722
v 0.014725 -0.112343 0.046144
v 0.010526 -0.129954 0.032417
v 0.016139 -0.108187 0.056925
v 0.038231 -0.149906 0.044669
v 0.040457 -0.137395 0.060926
v 0.040987 -0.133274 0.066483
v 0.008367 -0.149906 0.058445
v 0.011024 -0.139321 0.069180
v 0.013596 -0.129963 0.078611
v 0.027914 -0.158906 0.020007
v 0.033580 -0.154073 0.033124
v 0.007253 -0.153020 0.049885
v 0.014391 -0.159924 0.028329
v 0.038231 -0.149906 0.044669
v 0.040457 -0.137395 0.060926
v 0.040987 -0.133274 0.066483
v 0.013596 -0.129963 0.078611
v 0.011024 -0.139321 0.069180
v 0.008367 -0.149906 0.058445
v 0.033580 -0.154073 0.033124
v 0.007253 -0.153020 0.049885
v 0.027914 -0.158906 0.020007
v 0.014391 -0.159924 0.028329
vt 0.034263 0.125312
vt 0.645836 0.125312
vt 0.645836 0.736885
vt 0.645836 0.125312
vt 0.645836 0.736885
vt 0.645836 0.125312
vt 0.645836 0.736885
vt 0.528193 0.125312
vt 0.645836 0.125312
vt 0.645836 0.294239
vt 0.645836 0.280412
vt 0.482948 0.298461
vt 0.189363 0.280412
vt 0.034263 0.125312
vt 0.239801 0.125312
vt 0.201539 0.292588
vt 0.034263 0.125312
vt 0.142981 0.125312
vt 0.645836 0.125312
vt 0.645836 0.241491
vt 0.347541 0.438590
vt 0.034263 0.125312
vt 0.645836 0.531346
vt 0.205585 0.125312
vt 0.217447 0.308496
vt 0.645836 0.359857
vt 0.205585 0.296634
vt 0.245115 0.272606
vt 0.268808 0.359857
vt 0.645836 0.628166
vt 0.505633 0.125312
vt 0.203190 0.294239
vt 0.034263 0.125312
vt 0.174466 0.125312
vt 0.233542 0.116249
vt 0.239407 0.145084
vt 0.233542 0.156917
vt 0.200292 0.162211
vt 0.198829 0.140644
vt 0.279068 0.074420
vt 0.225758 0.098780
vt 0.251140 0.116249
vt 0.197645 0.116249
vt 0.298370 0.077461
vt 0.271649 0.099816
vn -0.9801 0.1909 0.0550
vn -0.9295 0.3375 -0.1487
vn 0.7149 0.4899 -0.4989
vn -0.9785 0.1912 0.0772
vn -0.9809 0.1849 0.0604
vn -0.9783 -0.0177 -0.2067
vn -0.9537 -0.1002 -0.2837
vn 0.7308 0.5993 -0.3269
vn 0.3765 0.6313 0.6780
vn -0.8930 -0.1082 -0.4368
vn -0.5048 -0.1859 -0.8430
vn 0.7262 0.4813 -0.4910
vn 0.7392 0.4811 -0.4714
vn 0.7430 0.5017 -0.4430
vn 0.2701 -0.8387 0.4728
vn 0.4890 -0.7223 0.4890
vn 0.2722 -0.7188 0.6397
vn 0.2052 -0.7221 0.6606
vn 0.1965 -0.7168 0.6690
vn 0.1771 -0.9445 0.2768
vn 0.0885 -0.9397 0.3303
vn 0.3358 -0.8800 0.3358
vn 0.1387 -0.8441 0.5179
vn 0.2247 -0.9418 0.2499
vn 0.2293 -0.9425 0.2432
usemtl Egg
s off
f 943/1592/842 944/1593/842 945/1594/842
f 943/1592/843 942/1595/843 944/1596/843
f 943/1592/844 941/1597/844 942/1598/844
f 951/1599/845 945/1600/845 950/1601/845
f 944/1593/846 954/1602/846 949/1603/846
f 954/1604/847 944/1605/847 942/1595/847
f 965/1606/848 954/1607/848 942/1608/848
f 945/1594/849 948/1609/849 943/1610/849
f 948/1611/850 945/1594/850 951/1612/850
f 941/1613/851 965/1614/851 942/1598/851
f 941/1613/852 952/1615/852 965/1616/852
f 941/1613/853 953/1617/853 952/1618/853
f 943/1592/854 946/1619/854 953/1620/854
f 948/1621/855 947/1622/855 943/1610/855
f 949/1603/846 950/1623/846 944/1593/846
f 950/1623/846 945/1624/846 944/1593/846
f 941/1613/853 943/1610/853 953/1617/853
f 943/1592/854 947/1625/854 946/1619/854
s 1
f 940/1626/856 957/1627/857 958/1628/858
f 958/1628/858 959/1629/859 960/1630/860
f 955/1631/861 940/1626/856 963/1632/862
f 940/1626/856 956/1633/863 957/1627/857
f 960/1630/860 961/1634/864 940/1626/856
f 940/1626/856 958/1628/858 960/1630/860
f 964/1635/865 962/1636/866 955/1631/861
f 962/1636/866 956/1633/863 940/1626/856
f 955/1631/861 962/1636/866 940/1626/856
f 940/1626/856 961/1634/864 963/1632/862
o Sphere.003_cell.028_Sphere.003_cell.027
v -0.000000 0.125407 0.060687
v -0.030343 0.125407 0.052556
v -0.002485 0.082894 0.067064
v -0.000000 0.090251 0.080016
v 0.008104 0.090344 0.077793
v 0.010513 0.096622 0.073696
v 0.005626 0.125407 0.059179
v -0.020127 0.086454 0.076710
v -0.005655 0.089158 0.079101
v -0.033000 0.115745 0.057157
v -0.000000 0.132669 0.051632
v -0.026093 0.144211 0.024778
v -0.034202 0.125407 0.048697
v 0.010513 0.096622 0.073696
v 0.005626 0.125407 0.059179
v -0.020127 0.086454 0.076710
v -0.005655 0.089158 0.079101
v -0.000000 0.090251 0.080016
v -0.026093 0.144211 0.024778
v -0.034202 0.125407 0.048697
v -0.033000 0.115745 0.057157
v -0.000000 0.132669 0.051632
v 0.008104 0.090344 0.077793
vt 0.497270 0.306562
vt 0.531344 0.125312
vt 0.645836 0.125312
vt 0.645836 0.362049
vt 0.645836 0.736885
vt 0.575132 0.666181
vt 0.372076 0.463125
vt 0.354728 0.207191
vt 0.531344 0.622393
vt 0.645836 0.308954
vt 0.052048 0.125312
vt 0.645836 0.662684
vt 0.581383 0.661220
vt 0.645836 0.666181
vt 0.645836 0.578033
vt 0.516832 0.377061
vt 0.395745 0.161022
vt 0.645836 0.218572
vt 0.197480 0.461221
vt 0.183979 0.494947
vt 0.185147 0.453720
vt 0.177075 0.452475
vt 0.134417 0.483626
vt 0.134417 0.494947
vt 0.211603 0.502609
vt 0.204253 0.513873
vt 0.125806 0.494947
vt 0.193169 0.494947
vt 0.197749 0.456609
vt 0.159682 0.449307
vt 0.183979 0.453756
vn 0.6403 -0.2564 -0.7241
vn 0.0846 -0.8746 0.4774
vn -0.4681 -0.6237 -0.6260
vn 0.7568 -0.5353 -0.3752
vn 0.1386 -0.8723 0.4689
vn 0.0914 -0.8733 0.4785
vn 0.6354 -0.2574 -0.7280
vn -0.4569 -0.6175 -0.6403
vn 0.2286 0.4690 0.8531
vn 0.0000 0.6278 0.7783
vn -0.0172 0.4817 0.8762
vn -0.2286 0.4690 0.8531
vn -0.2902 0.4753 0.8306
vn -0.3793 0.6420 0.6662
vn -0.1145 0.7964 0.5937
vn -0.2228 0.8228 0.5228
vn -0.5199 0.6777 0.5199
vn 0.2044 0.6136 0.7627
usemtl Egg
s off
f 972/1637/867 971/1638/867 968/1639/867
f 973/1640/868 968/1641/868 974/1642/868
f 968/1641/869 973/1643/869 975/1644/869
f 971/1645/870 988/1646/870 968/1641/870
f 968/1641/871 988/1647/871 969/1648/871
f 968/1641/872 969/1649/872 974/1650/872
f 977/1651/873 976/1652/873 968/1639/873
f 976/1652/867 972/1637/867 968/1639/867
f 975/1644/874 978/1653/874 968/1641/874
f 978/1653/874 977/1654/874 968/1641/874
s 1
f 979/1655/875 966/1656/876 983/1657/877
f 982/1658/878 966/1656/876 986/1659/879
f 967/1660/880 987/1661/881 984/1662/882
f 986/1659/879 967/1660/880 985/1663/883
f 966/1656/876 980/1664/884 987/1661/881
f 983/1657/877 970/1665/875 979/1655/875
f 979/1655/875 980/1664/884 966/1656/876
f 986/1659/879 981/1666/878 982/1658/878
f 982/1658/878 983/1667/877 966/1656/876
f 966/1656/876 967/1660/880 986/1659/879
f 984/1662/882 985/1663/883 967/1660/880
f 967/1660/880 966/1656/876 987/1661/881
o Sphere.003_cell.029_Sphere.003_cell.028
v -0.000000 0.044604 0.105112
v -0.019966 0.017724 0.043127
v -0.025894 0.038277 0.037604
v -0.024729 0.031207 0.035500
v 0.017920 -0.003469 0.064317
v 0.008226 0.000538 0.028065
v 0.004412 0.012299 0.021825
v 0.007806 0.085595 0.073860
v 0.001632 0.076981 0.063029
v -0.009430 0.028167 0.022712
v -0.002082 0.080571 0.066986
v 0.020435 0.044604 0.099637
v 0.010876 0.080160 0.082649
v 0.008657 0.088386 0.078721
v -0.000000 0.088551 0.080950
v -0.000000 0.009977 0.112458
v 0.010744 0.003525 0.110948
v 0.027151 0.007739 0.105658
v 0.026176 0.013886 0.104615
v -0.026108 0.068781 0.084824
v -0.021534 0.084071 0.077644
v -0.017679 0.044604 0.100375
v -0.029689 0.080097 0.077643
v -0.010880 0.021350 0.107130
v -0.008925 0.015059 0.108989
v 0.020435 0.044604 0.099637
v 0.010876 0.080160 0.082649
v 0.008657 0.088386 0.078721
v -0.000000 0.088551 0.080950
v 0.026176 0.013886 0.104615
v -0.000000 0.009977 0.112458
v 0.010744 0.003525 0.110948
v 0.027151 0.007739 0.105658
v -0.029689 0.080097 0.077643
v -0.026108 0.068781 0.084824
v -0.017679 0.044604 0.100375
v -0.021534 0.084071 0.077644
v -0.008925 0.015059 0.108989
v -0.010880 0.021350 0.107130
vt 0.034263 0.125312
vt 0.645836 0.125312
vt 0.645836 0.736885
vt 0.034263 0.125312
vt 0.645836 0.125312
vt 0.034263 0.125312
vt 0.645836 0.125312
vt 0.034263 0.125312
vt 0.645836 0.125312
vt 0.645836 0.736885
vt 0.034263 0.125312
vt 0.645836 0.125312
vt 0.645836 0.736885
vt 0.034263 0.125312
vt 0.645836 0.125312
vt 0.645836 0.736885
vt 0.645836 0.125312
vt 0.645836 0.736885
vt 0.645836 0.155824
vt 0.590547 0.125312
vt 0.645836 0.125312
vt 0.271056 0.125312
vt 0.301339 0.392388
vt 0.034263 0.125312
vt 0.645836 0.125312
vt 0.533819 0.305960
vt 0.423248 0.125312
vt 0.357332 0.448381
vt 0.645836 0.440067
vt 0.645836 0.392388
vt 0.489603 0.432040
vt 0.349019 0.440068
vt 0.645836 0.452642
vt 0.271056 0.362105
vt 0.510692 0.351103
vt 0.034263 0.125312
vt 0.645836 0.669169
vt 0.456574 0.547623
vt 0.578120 0.669169
vt 0.583570 0.674619
vt 0.034263 0.125312
vt 0.256850 0.125312
vt 0.206346 0.157523
vt 0.064775 0.155824
vt 0.645836 0.448381
vt 0.645836 0.125312
vt 0.645836 0.180600
vt 0.361593 0.452642
vt 0.456575 0.125312
vt 0.183979 0.400273
vt 0.203251 0.400273
vt 0.196601 0.441933
vt 0.183979 0.357504
vt 0.193341 0.349535
vt 0.207217 0.362332
vt 0.183979 0.451765
vt 0.158388 0.446515
vt 0.155838 0.428600
vt 0.167307 0.400273
vt 0.174245 0.371550
vt 0.194517 0.451571
vt 0.207809 0.354739
vt 0.149618 0.441859
vt 0.176076 0.363781
vn 0.9463 0.1569 -0.2827
vn 0.5610 0.4618 -0.6871
vn 0.0568 0.7654 -0.6411
vn -0.5046 -0.8624 0.0396
vn -0.6210 0.1277 -0.7733
vn -0.6119 -0.4995 -0.6133
vn -0.6147 -0.5159 -0.5966
vn -0.6283 -0.5392 -0.5608
vn -0.1626 0.6500 -0.7424
vn -0.2559 0.6446 -0.7205
vn 0.5036 0.4795 -0.7187
vn 0.9585 0.1401 -0.2481
vn 0.3004 -0.9354 0.1865
vn -0.9596 -0.2361 0.1530
vn -0.9558 -0.2528 0.1500
vn -0.5090 -0.8593 0.0506
vn 0.9631 0.1113 -0.2452
vn 0.9585 0.1388 -0.2489
vn -0.2954 0.6064 -0.7383
vn -0.9750 -0.1934 0.1096
vn -0.9661 -0.2177 0.1388
vn -0.1071 0.8702 -0.4808
vn -0.2835 0.6496 -0.7054
vn -0.1075 0.8700 -0.4812
vn -0.1071 0.8700 -0.4812
vn 0.0000 0.3407 0.9401
vn 0.2445 0.3274 0.9127
vn 0.2286 0.4690 0.8531
vn 0.0887 0.2067 0.9744
vn 0.2535 0.2007 0.9463
vn 0.0156 0.4817 0.8762
vn -0.2286 0.4690 0.8531
vn -0.2405 0.3699 0.8974
vn -0.2535 0.2007 0.9463
usemtl Egg
s off
f 994/1668/885 995/1669/885 996/1670/885
f 995/1671/886 997/1672/886 996/1670/886
f 997/1673/887 999/1674/887 996/1670/887
f 990/1675/888 994/1676/888 993/1677/888
f 991/1678/889 998/1679/889 992/1680/889
f 998/1681/890 995/1669/890 992/1680/890
f 995/1671/891 994/1676/891 992/1680/891
f 994/1668/892 990/1682/892 992/1680/892
f 997/1673/893 998/1679/893 999/1683/893
f 998/1681/894 991/1684/894 999/1683/894
f 998/1681/895 997/1672/895 995/1685/895
f 1002/1686/896 1001/1687/896 996/1688/896
f 1006/1689/897 1005/1690/897 993/1691/897
f 992/1692/898 1010/1693/898 1008/1694/898
f 1012/1695/899 990/1682/899 1013/1696/899
f 1005/1697/900 1004/1698/900 1013/1699/900
f 993/1691/901 1007/1700/901 1006/1701/901
f 994/1668/902 996/1688/902 1000/1702/902
f 999/1703/903 1011/1704/903 1009/1705/903
f 991/1678/904 992/1692/904 1011/1706/904
f 1011/1707/905 992/1708/905 1008/1709/905
f 1003/1710/906 1002/1711/906 996/1670/906
f 992/1692/898 1012/1712/898 1010/1693/898
f 1012/1695/899 992/1708/899 990/1682/899
f 1013/1699/900 990/1675/900 993/1713/900
f 993/1713/900 1005/1697/900 1013/1699/900
f 993/1691/901 994/1676/901 1007/1700/901
f 1001/1714/902 1000/1702/902 996/1688/902
f 1000/1702/902 1007/1715/902 994/1668/902
f 999/1703/907 991/1684/907 1011/1704/907
f 996/1670/908 999/1703/908 1003/1710/908
f 999/1703/909 1009/1716/909 1003/1710/909
s 1
f 989/1717/910 1014/1718/911 1015/1719/912
f 1019/1720/913 1020/1721/914 1018/1722/914
f 1017/1723/915 1025/1724/916 1023/1725/916
f 989/1717/910 1024/1726/917 1027/1727/918
f 1016/1728/912 1017/1723/915 1015/1719/912
f 1017/1723/915 989/1717/910 1015/1719/912
f 1021/1729/914 1018/1722/914 1020/1721/914
f 1018/1722/914 1014/1718/911 989/1717/910
f 1019/1720/913 1018/1722/914 989/1717/910
f 1025/1724/916 1022/1730/916 1023/1725/916
f 1023/1725/916 1024/1726/917 989/1717/910
f 989/1717/910 1017/1723/915 1023/1725/916
f 1027/1727/918 1026/1731/918 1019/1720/913
f 1019/1720/913 989/1717/910 1027/1727/918
o Sphere.003_cell.030_Sphere.003_cell.029
v -0.038153 0.016480 0.057589
v -0.021378 0.016191 0.044601
v 0.017547 -0.005517 0.059645
v 0.008888 -0.001643 0.029321
v -0.011818 -0.056146 0.059444
v 0.018452 -0.014884 0.030351
v -0.044218 -0.056569 0.082812
v 0.004419 0.004884 0.112355
v 0.009964 0.001477 0.111592
v -0.000000 -0.013587 0.117457
v -0.000000 0.007411 0.113003
v -0.010878 -0.032047 0.118459
v -0.019565 -0.049280 0.112481
v -0.049171 -0.054318 0.103481
v -0.006295 -0.024314 0.118046
v -0.016146 0.013818 0.107317
v -0.009842 0.012789 0.109225
v -0.026892 0.014390 0.104317
v -0.060154 -0.027026 0.104190
v -0.058316 -0.054572 0.100967
v -0.067436 -0.045101 0.094586
v -0.069811 -0.038248 0.094194
v -0.063367 -0.030244 0.101909
v 0.009964 0.001477 0.111592
v 0.004419 0.004884 0.112355
v -0.000000 0.007411 0.113003
v -0.000000 -0.013587 0.117457
v -0.019565 -0.049280 0.112481
v -0.010878 -0.032047 0.118459
v -0.049171 -0.054318 0.103481
v -0.006295 -0.024314 0.118046
v -0.009842 0.012789 0.109225
v -0.016146 0.013818 0.107317
v -0.026892 0.014390 0.104317
v -0.060154 -0.027026 0.104190
v -0.069811 -0.038248 0.094194
v -0.067436 -0.045101 0.094586
v -0.063367 -0.030244 0.101909
v -0.058316 -0.054572 0.100967
vt 0.034263 0.125312
vt 0.645836 0.125312
vt 0.645836 0.736885
vt 0.034263 0.125312
vt 0.645836 0.125312
vt 0.034263 0.125312
vt 0.645836 0.125312
vt 0.645836 0.736885
vt 0.615778 0.510614
vt 0.645836 0.125312
vt 0.645836 0.541497
vt 0.573190 0.125312
vt 0.450448 0.541497
vt 0.034263 0.125312
vt 0.195445 0.125312
vt 0.645836 0.125312
vt 0.645836 0.403555
vt 0.645836 0.501200
vt 0.034263 0.125312
vt 0.645836 0.125312
vt 0.323039 0.125312
vt 0.410151 0.501200
vt 0.034263 0.125312
vt 0.645836 0.125312
vt 0.645836 0.428972
vt 0.333976 0.125312
vt 0.337923 0.428972
vt 0.645836 0.377489
vt 0.645836 0.197957
vt 0.645836 0.736885
vt 0.590423 0.681472
vt 0.575739 0.666788
vt 0.446916 0.217000
vt 0.645836 0.448109
vt 0.034263 0.125312
vt 0.350093 0.314736
vt 0.352814 0.443863
vt 0.645836 0.482900
vt 0.318714 0.409763
vt 0.391851 0.482900
vt 0.393658 0.125312
vt 0.272841 0.363890
vt 0.645836 0.666788
vt 0.352814 0.125312
vt 0.318714 0.125312
vt 0.645836 0.437171
vt 0.475901 0.475893
vt 0.187837 0.351213
vt 0.183979 0.328399
vt 0.192637 0.347005
vt 0.134417 0.305598
vt 0.136948 0.276995
vt 0.142253 0.278136
vt 0.160081 0.362954
vt 0.134417 0.311800
vt 0.175095 0.305598
vt 0.125721 0.287073
vt 0.129496 0.305598
vt 0.123324 0.297952
vt 0.183979 0.354335
vt 0.167454 0.284349
vt 0.178697 0.315149
vt 0.169677 0.362248
vt 0.175289 0.360977
vt 0.134417 0.277819
vn -0.5455 -0.2370 -0.8039
vn -0.3726 -0.3364 -0.8649
vn 0.8499 -0.4937 0.1841
vn 0.8063 0.5702 -0.1574
vn -0.7624 0.6117 0.2111
vn -0.8248 0.5537 0.1145
vn -0.5501 -0.7612 -0.3435
vn 0.1090 -0.9850 0.1334
vn 0.1230 -0.9818 0.1451
vn 0.1538 0.9878 0.0245
vn 0.0436 0.9985 0.0341
vn -0.6051 -0.1702 -0.7778
vn -0.5521 -0.2370 -0.7994
vn -0.5505 -0.3249 -0.7691
vn 0.8493 -0.4933 0.1879
vn 0.8513 -0.4891 0.1901
vn 0.5192 0.8538 -0.0392
vn 0.4914 0.8699 -0.0419
vn -0.0021 -0.9942 0.1078
vn 0.2535 0.2007 0.9463
vn -0.1649 0.2047 0.9648
vn -0.4179 -0.1957 0.8871
vn -0.3947 -0.1173 0.9113
vn -0.2696 -0.0964 0.9581
vn -0.2535 0.2007 0.9463
vn -0.2904 -0.1798 0.9398
vn -0.2760 0.0604 0.9593
vn -0.6692 -0.1729 0.7226
vn -0.6521 -0.1839 0.7354
vn -0.0822 0.2068 0.9749
vn -0.2948 -0.1547 0.9429
usemtl Egg
s off
f 1029/1732/919 1031/1733/919 1032/1734/919
f 1031/1735/920 1033/1736/920 1032/1734/920
f 1033/1737/921 1030/1738/921 1032/1734/921
f 1033/1737/922 1031/1733/922 1030/1739/922
f 1046/1740/923 1028/1741/923 1050/1742/923
f 1049/1743/924 1050/1744/924 1028/1745/924
f 1048/1746/925 1034/1747/925 1066/1748/925
f 1041/1749/926 1034/1750/926 1032/1751/926
f 1040/1752/927 1041/1753/927 1032/1754/927
f 1029/1755/928 1043/1756/928 1044/1757/928
f 1043/1758/929 1028/1741/929 1045/1759/929
f 1029/1732/930 1049/1760/930 1028/1761/930
f 1032/1751/931 1049/1762/931 1029/1732/931
f 1034/1747/932 1048/1763/932 1032/1754/932
f 1039/1764/933 1040/1765/933 1032/1734/933
f 1030/1766/934 1037/1767/934 1042/1768/934
f 1030/1766/935 1035/1769/935 1036/1770/935
f 1035/1771/936 1031/1735/936 1029/1755/936
f 1046/1740/923 1045/1772/923 1028/1741/923
f 1041/1749/937 1066/1773/937 1034/1750/937
f 1043/1758/929 1029/1732/929 1028/1741/929
f 1032/1751/931 1048/1774/931 1049/1762/931
f 1030/1766/933 1042/1775/933 1032/1734/933
f 1042/1775/933 1039/1764/933 1032/1734/933
f 1030/1766/934 1036/1776/934 1037/1767/934
f 1030/1766/935 1031/1733/935 1035/1769/935
f 1029/1755/936 1044/1777/936 1035/1771/936
f 1044/1777/936 1038/1778/936 1035/1771/936
s 1
f 1052/1779/938 1054/1780/939 1051/1781/938
f 1065/1782/940 1047/1783/941 1057/1784/942
f 1061/1785/943 1062/1786/944 1056/1787/945
f 1064/1788/946 1065/1789/940 1063/1790/947
f 1052/1779/938 1053/1791/948 1054/1780/939
f 1057/1784/942 1055/1792/949 1065/1782/940
f 1055/1792/949 1056/1787/945 1065/1782/940
f 1056/1787/945 1058/1793/943 1061/1785/943
f 1058/1793/943 1054/1780/939 1060/1794/943
f 1060/1794/943 1054/1780/939 1059/1795/943
f 1054/1780/939 1053/1791/948 1059/1795/943
f 1060/1794/943 1061/1785/943 1058/1793/943
f 1062/1786/944 1065/1782/940 1056/1787/945
f 1064/1788/946 1047/1796/941 1065/1789/940
o Sphere.003_cell.031_Sphere.003_cell.030
v -0.000000 -0.108827 0.105112
v -0.008609 -0.105240 0.073117
v -0.040397 -0.058438 0.078424
v -0.024280 -0.067319 0.059238
v 0.006648 -0.071290 0.055914
v -0.011896 -0.057707 0.058659
v -0.007876 -0.060954 0.053502
v 0.006154 -0.098522 0.067321
v 0.016342 -0.108827 0.100734
v 0.019162 -0.096931 0.102498
v 0.022765 -0.080892 0.104929
v 0.013342 -0.073878 0.108939
v -0.000000 -0.064492 0.114502
v 0.005962 -0.122765 0.088441
v -0.000000 -0.123595 0.089141
v -0.020770 -0.108827 0.099547
v -0.029668 -0.094914 0.100110
v -0.053851 -0.056987 0.101662
v -0.045138 -0.055299 0.104354
v -0.019465 -0.051072 0.112128
v -0.031972 -0.053072 0.108354
v -0.006345 -0.122533 0.088590
v 0.016342 -0.108827 0.100734
v 0.019162 -0.096931 0.102498
v 0.022765 -0.080892 0.104929
v 0.013342 -0.073878 0.108939
v -0.000000 -0.064492 0.114502
v -0.000000 -0.123595 0.089141
v 0.005962 -0.122765 0.088441
v -0.045138 -0.055299 0.104354
v -0.053851 -0.056987 0.101662
v -0.029668 -0.094914 0.100110
v -0.020770 -0.108827 0.099547
v -0.019465 -0.051072 0.112128
v -0.031972 -0.053072 0.108354
v -0.006345 -0.122533 0.088590
vt 0.034263 0.125312
vt 0.645836 0.125312
vt 0.645836 0.736885
vt 0.034263 0.125312
vt 0.645836 0.125312
vt 0.034263 0.125312
vt 0.645836 0.125312
vt 0.645836 0.125312
vt 0.645836 0.736885
vt 0.645836 0.736885
vt 0.645836 0.125312
vt 0.034263 0.125312
vt 0.645836 0.736885
vt 0.493193 0.263984
vt 0.645836 0.125312
vt 0.645836 0.332839
vt 0.034263 0.125312
vt 0.645836 0.385812
vt 0.241790 0.332839
vt 0.034263 0.125312
vt 0.645836 0.399067
vt 0.294763 0.385812
vt 0.034263 0.125312
vt 0.338276 0.292845
vt 0.308018 0.399067
vt 0.393944 0.125312
vt 0.645836 0.267239
vt 0.176190 0.267239
vt 0.645836 0.125312
vt 0.344838 0.272818
vt 0.513097 0.356531
vt 0.501873 0.592922
vt 0.645836 0.466839
vt 0.645836 0.445829
vt 0.375790 0.466839
vt 0.645836 0.377203
vt 0.474911 0.125312
vt 0.326488 0.125312
vt 0.325319 0.125312
vt 0.645836 0.221131
vt 0.534447 0.125312
vt 0.205187 0.125312
vt 0.183979 0.210924
vt 0.201569 0.225592
vt 0.195714 0.254018
vt 0.194259 0.179859
vt 0.183979 0.176887
vt 0.183979 0.265591
vt 0.167487 0.282139
vt 0.156744 0.228079
vt 0.177201 0.178780
vt 0.199390 0.210923
vt 0.204282 0.245369
vt 0.156887 0.279673
vt 0.145609 0.276926
vt 0.138028 0.274845
vt 0.164392 0.210923
vn -0.1713 -0.4003 -0.9002
vn -0.1635 -0.3938 -0.9046
vn -0.1195 -0.3817 -0.9165
vn 0.5849 0.8094 -0.0537
vn -0.4574 0.5471 -0.7011
vn -0.4765 0.5739 -0.6660
vn -0.7698 -0.4744 -0.4270
vn 0.9268 -0.1700 -0.3350
vn 0.9285 -0.1577 -0.3362
vn 0.5872 0.8087 -0.0347
vn 0.5693 0.8219 -0.0214
vn -0.7736 -0.4761 -0.4181
vn -0.7721 -0.4768 -0.4200
vn 0.0028 -0.6569 -0.7540
vn -0.1232 0.9822 -0.1414
vn -0.1155 0.9836 -0.1384
vn -0.1448 0.9788 -0.1449
vn 0.8715 -0.3260 -0.3663
vn -0.0476 -0.6695 -0.7413
vn 0.0000 -0.4736 0.8807
vn 0.2535 -0.2004 0.9463
vn 0.1790 -0.7223 0.6679
vn 0.0024 -0.7342 0.6789
vn -0.1026 -0.2061 0.9731
vn -0.2535 -0.2004 0.9463
vn -0.1790 -0.7223 0.6679
vn 0.2329 -0.4360 0.8692
vn -0.2382 -0.3909 0.8890
usemtl Egg
s off
f 1068/1797/950 1070/1798/950 1074/1799/950
f 1070/1800/951 1073/1801/951 1074/1799/951
f 1073/1802/952 1071/1803/952 1074/1799/952
f 1073/1802/953 1072/1804/953 1071/1805/953
f 1073/1802/954 1070/1798/954 1072/1806/954
f 1070/1800/955 1069/1807/955 1072/1806/955
f 1069/1808/956 1070/1798/956 1068/1809/956
f 1075/1810/957 1074/1811/957 1076/1812/957
f 1074/1813/958 1077/1814/958 1076/1815/958
f 1071/1816/959 1078/1817/959 1077/1818/959
f 1072/1819/960 1079/1820/960 1078/1821/960
f 1084/1822/961 1069/1807/961 1083/1823/961
f 1083/1824/962 1068/1825/962 1082/1826/962
f 1081/1827/963 1068/1825/963 1080/1828/963
f 1069/1808/964 1087/1829/964 1072/1806/964
f 1086/1830/965 1072/1806/965 1087/1831/965
f 1084/1832/966 1085/1833/966 1069/1807/966
f 1075/1810/967 1080/1834/967 1074/1811/967
f 1074/1813/958 1071/1803/958 1077/1814/958
f 1071/1816/959 1072/1804/959 1078/1817/959
f 1072/1819/960 1086/1835/960 1079/1820/960
f 1069/1808/962 1068/1825/962 1083/1824/962
f 1068/1825/962 1088/1836/962 1082/1826/962
f 1088/1837/968 1068/1825/968 1081/1827/968
f 1068/1825/963 1074/1799/963 1080/1828/963
f 1069/1808/964 1085/1838/964 1087/1829/964
s 1
f 1067/1839/969 1090/1840/970 1092/1841/970
f 1095/1842/971 1067/1839/969 1094/1843/972
f 1093/1844/973 1100/1845/974 1098/1846/974
f 1067/1839/969 1102/1847/975 1094/1843/972
f 1092/1841/970 1093/1844/973 1067/1839/969
f 1067/1839/969 1089/1848/976 1090/1840/970
f 1090/1840/970 1091/1849/970 1092/1841/970
f 1095/1842/971 1089/1848/976 1067/1839/969
f 1101/1850/974 1096/1851/974 1098/1846/974
f 1096/1851/974 1097/1852/974 1098/1846/974
f 1098/1846/974 1099/1853/977 1067/1839/969
f 1101/1850/974 1098/1846/974 1100/1845/974
f 1067/1839/969 1093/1844/973 1098/1846/974
f 1067/1839/969 1099/1853/977 1102/1847/975
o Sphere.003_cell.032_Sphere.003_cell.031
v 0.008272 -0.132144 0.031934
v 0.010980 -0.131170 0.022678
v -0.020880 -0.155546 0.039044
v 0.000000 -0.154712 0.047012
v 0.000000 -0.163355 0.022420
v -0.026234 -0.156245 0.032028
v -0.028480 -0.159677 0.016443
v 0.011047 -0.158797 0.032430
v 0.005345 -0.153717 0.048411
v 0.013137 -0.160766 0.026266
v 0.000000 -0.154712 0.047012
v -0.020880 -0.155546 0.039044
v -0.026234 -0.156245 0.032028
v -0.028480 -0.159677 0.016443
v 0.005345 -0.153717 0.048411
v 0.000000 -0.163355 0.022420
v 0.013137 -0.160766 0.026266
v 0.011047 -0.158797 0.032430
vt 0.034263 0.125312
vt 0.645836 0.308393
vt 0.235363 0.326412
vt 0.217344 0.308393
vt 0.034263 0.125312
vt 0.183100 0.125312
vt 0.645836 0.125312
vt 0.470705 0.281065
vt 0.100624 0.125312
vt 0.645836 0.463332
vt 0.645836 0.736885
vt 0.190824 0.233424
vt 0.389668 0.125312
vt 0.645836 0.125312
vt 0.645836 0.575634
vt 0.645836 0.736885
vt 0.389668 0.480717
vt 0.613493 0.581224
vt 0.484586 0.575635
vt 0.645836 0.326412
vt 0.645836 0.588047
vt 0.175675 0.091714
vt 0.278997 0.056912
vt 0.179335 0.096245
vt 0.277509 0.072666
vt 0.261434 0.080189
vt 0.216049 0.066829
vt 0.217933 0.095045
vt 0.218687 0.100316
vn 0.9515 0.1044 0.2894
vn 0.9468 0.1042 0.3046
vn 0.1977 -0.0596 -0.9785
vn -0.5728 0.8140 -0.0967
vn -0.5709 0.8170 -0.0810
vn -0.5390 0.7731 0.3343
vn -0.3051 0.6038 0.7364
vn 0.2967 -0.0936 -0.9504
vn -0.1742 -0.9569 0.2324
vn -0.0398 -0.9518 0.3040
vn -0.1399 -0.9522 0.2715
vn 0.0885 -0.9397 0.3303
vn -0.1729 -0.9563 0.2355
vn 0.0188 -0.9432 0.3315
usemtl Egg
s off
f 1104/1854/978 1110/1855/978 1112/1856/978
f 1110/1857/979 1103/1858/979 1111/1859/979
f 1104/1860/980 1107/1861/980 1109/1862/980
f 1108/1863/981 1104/1864/981 1109/1865/981
f 1108/1866/982 1103/1867/982 1104/1864/982
f 1105/1868/983 1103/1869/983 1108/1870/983
f 1106/1871/984 1103/1869/984 1105/1872/984
f 1104/1854/978 1103/1867/978 1110/1855/978
f 1104/1860/985 1112/1873/985 1107/1861/985
f 1106/1871/984 1111/1874/984 1103/1869/984
s 1
f 1115/1875/986 1118/1876/987 1114/1877/988
f 1118/1876/987 1119/1878/989 1120/1879/989
f 1116/1880/990 1118/1876/987 1115/1875/986
f 1118/1876/987 1113/1881/991 1114/1877/988
f 1120/1879/989 1117/1882/989 1113/1881/991
f 1113/1881/991 1118/1876/987 1120/1879/989
o Sphere.003_cell.033_Sphere.003_cell.032
v 0.000000 -0.171235 -0.000000
v 0.012618 -0.132648 0.021110
v -0.001205 -0.143786 -0.046393
v -0.004867 -0.108209 -0.018932
v 0.013167 -0.109042 0.000325
v -0.000910 -0.103483 -0.018679
v 0.025733 -0.160792 -0.014857
v 0.028815 -0.159541 0.016636
v 0.035477 -0.158345 0.004479
v -0.009364 -0.164124 0.017723
v 0.000000 -0.164009 0.020561
v 0.014570 -0.161133 0.024694
v -0.022160 -0.162242 -0.012794
v -0.011535 -0.158519 -0.033089
v -0.003750 -0.154367 -0.046989
v -0.030750 -0.159800 0.006669
v -0.026247 -0.160886 0.011945
v 0.004720 -0.155097 -0.044654
v 0.018313 -0.159763 -0.026277
v 0.025733 -0.160792 -0.014857
v 0.035477 -0.158345 0.004479
v 0.028815 -0.159541 0.016636
v 0.000000 -0.164009 0.020561
v -0.009364 -0.164124 0.017723
v 0.014570 -0.161133 0.024694
v -0.022160 -0.162242 -0.012794
v -0.011535 -0.158519 -0.033089
v -0.003750 -0.154367 -0.046989
v -0.030750 -0.159800 0.006669
v 0.004720 -0.155097 -0.044654
v 0.018313 -0.159763 -0.026277
v -0.026247 -0.160886 0.011945
vt 0.034263 0.125312
vt 0.645836 0.125312
vt 0.645836 0.736885
vt 0.363494 0.125312
vt 0.645836 0.125312
vt 0.645836 0.393621
vt 0.302572 0.393621
vt 0.645836 0.125312
vt 0.618951 0.317732
vt 0.034263 0.125312
vt 0.231155 0.125312
vt 0.218865 0.309914
vt 0.251404 0.208981
vt 0.231155 0.322204
vt 0.645836 0.125312
vt 0.358655 0.269040
vt 0.106011 0.125312
vt 0.306235 0.397284
vt 0.034263 0.125312
vt 0.034263 0.125312
vt 0.123926 0.125312
vt 0.117703 0.208752
vt 0.645836 0.418368
vt 0.123926 0.214975
vt 0.327319 0.418368
vt 0.645836 0.407653
vt 0.579723 0.125312
vt 0.645836 0.736885
vt 0.138044 0.125312
vt 0.645836 0.518709
vt 0.645836 0.736885
vt 0.249363 0.289938
vt 0.579723 0.670772
vt 0.034263 0.125312
vt 0.252438 0.125312
vt 0.645836 0.397284
vt 0.645836 0.208752
vt 0.645836 0.125312
vt 0.645836 0.193536
vt 0.334666 0.022147
vt 0.326057 0.082978
vt 0.306397 0.073740
vt 0.261917 0.056911
vt 0.226235 0.062992
vt 0.282070 0.071504
vt 0.283613 0.054029
vt 0.447748 0.081504
vt 0.445738 0.093400
vt 0.438311 0.061824
vt 0.278908 0.072704
vt 0.305691 0.075489
vt 0.438924 0.094294
vt 0.386868 0.077029
vt 0.357955 0.068222
vt 0.303734 0.074517
vn -0.5318 0.4825 -0.6960
vn 0.8240 0.3343 -0.4575
vn 0.7881 0.3963 0.4709
vn 0.4753 0.1418 0.8683
vn -0.2897 0.0999 0.9519
vn -0.8783 0.2338 -0.4170
vn -0.8764 0.2345 -0.4207
vn 0.2650 -0.0094 -0.9642
vn 0.7954 0.3395 -0.5021
vn 0.8026 0.3389 -0.4909
vn -0.5724 0.5690 0.5904
vn -0.5518 0.5583 0.6195
vn -0.3029 0.1097 0.9467
vn -0.7037 0.5661 0.4294
vn 0.8005 0.3401 -0.4935
vn -0.5665 0.5651 0.5998
vn -0.0070 -0.9999 -0.0037
vn 0.3388 -0.9405 0.0231
vn 0.2963 -0.9433 0.1498
vn -0.1859 -0.9419 0.2797
vn -0.3003 -0.9514 0.0680
vn 0.1950 -0.9427 0.2706
vn 0.0187 -0.9432 0.3315
vn -0.1214 -0.9400 -0.3189
vn 0.0045 -0.9507 -0.3100
vn -0.2828 -0.9467 -0.1539
vn -0.2478 -0.9687 0.0121
vn -0.0197 -0.9724 -0.2323
vn 0.1437 -0.9431 -0.2998
vn 0.2963 -0.9433 -0.1497
usemtl Egg
s off
f 1126/1883/992 1123/1884/992 1124/1885/992
f 1127/1886/993 1125/1887/993 1129/1888/993
f 1129/1889/994 1122/1890/994 1128/1891/994
f 1122/1892/995 1132/1893/995 1128/1894/995
f 1122/1892/996 1131/1895/996 1132/1896/996
f 1124/1897/997 1133/1898/997 1136/1899/997
f 1123/1884/998 1134/1900/998 1124/1901/998
f 1123/1902/999 1138/1903/999 1135/1904/999
f 1123/1902/1000 1139/1905/1000 1138/1906/1000
f 1139/1907/1001 1125/1887/1001 1127/1908/1001
f 1136/1909/1002 1125/1910/1002 1126/1883/1002
f 1152/1911/1003 1122/1890/1003 1125/1910/1003
f 1130/1912/1004 1122/1913/1004 1152/1914/1004
f 1124/1897/1005 1136/1915/1005 1126/1883/1005
f 1129/1889/994 1125/1916/994 1122/1890/994
f 1122/1892/996 1130/1917/996 1131/1895/996
f 1124/1897/997 1134/1918/997 1133/1898/997
f 1123/1884/998 1135/1919/998 1134/1900/998
f 1123/1902/1000 1126/1920/1000 1139/1905/1000
f 1139/1907/1006 1126/1883/1006 1125/1887/1006
f 1136/1909/1007 1152/1921/1007 1125/1910/1007
s 1
f 1121/1922/1008 1141/1923/1009 1142/1924/1010
f 1121/1922/1008 1144/1925/1011 1137/1926/1012
f 1121/1922/1008 1145/1927/1013 1143/1928/1014
f 1121/1922/1008 1147/1929/1015 1148/1930/1016
f 1146/1931/1017 1137/1932/1012 1149/1933/1018
f 1148/1930/1016 1150/1934/1019 1151/1935/1020
f 1121/1922/1008 1140/1936/1021 1141/1923/1009
f 1121/1922/1008 1143/1928/1014 1144/1925/1011
f 1121/1922/1008 1142/1937/1010 1145/1927/1013
f 1121/1922/1008 1146/1931/1017 1147/1929/1015
f 1146/1931/1017 1121/1922/1008 1137/1932/1012
f 1151/1935/1020 1140/1936/1021 1121/1922/1008
f 1121/1922/1008 1148/1930/1016 1151/1935/1020
o Sphere.003_cell.034_Sphere.003_cell.033
v -0.058684 0.076873 0.014596
v -0.058138 0.069749 0.033410
v -0.003064 0.081528 0.065448
v 0.006747 0.090009 -0.008073
v 0.000618 0.077829 0.060254
v -0.027308 0.066510 -0.019563
v -0.031467 0.062431 -0.016125
v 0.000724 0.063799 -0.015808
v -0.012465 0.060548 -0.019202
v -0.010472 0.030281 0.021465
v -0.007279 0.035077 -0.001667
v -0.035104 0.045741 0.042213
v -0.027715 0.039905 0.036925
v -0.015803 0.045807 -0.010850
v -0.023591 0.085104 0.076524
v -0.043096 0.079018 0.074644
v -0.031670 0.081515 0.076333
v -0.034340 0.110869 0.059478
v -0.036123 0.125407 0.046777
v -0.034519 0.137059 0.028534
v -0.027513 0.145990 0.020327
v -0.051493 0.076822 0.067896
v -0.044702 0.098966 0.058056
v -0.033777 0.143521 0.016135
v -0.032220 0.146874 0.006342
v -0.027334 0.151146 0.004696
v -0.023591 0.085104 0.076524
v -0.034340 0.110869 0.059478
v -0.043096 0.079018 0.074644
v -0.031670 0.081515 0.076333
v -0.036123 0.125407 0.046777
v -0.036123 0.125407 0.046777
v -0.036123 0.125407 0.046777
v -0.032220 0.146874 0.006342
v -0.033777 0.143521 0.016135
v -0.034519 0.137059 0.028534
v -0.027513 0.145990 0.020327
v -0.051493 0.076822 0.067896
v -0.044702 0.098966 0.058056
v -0.027334 0.151146 0.004696
vt 0.034263 0.125312
vt 0.645836 0.125312
vt 0.645836 0.736885
vt 0.034263 0.125312
vt 0.645836 0.125312
vt 0.034263 0.125312
vt 0.645836 0.125312
vt 0.645836 0.736885
vt 0.034263 0.125312
vt 0.645836 0.125312
vt 0.034263 0.125312
vt 0.645836 0.125312
vt 0.034263 0.125312
vt 0.645836 0.125312
vt 0.034263 0.125312
vt 0.645836 0.736885
vt 0.645836 0.125312
vt 0.034263 0.125312
vt 0.645836 0.125312
vt 0.034263 0.125312
vt 0.645836 0.125312
vt 0.645836 0.736885
vt 0.034263 0.125312
vt 0.645836 0.125312
vt 0.645836 0.736885
vt 0.645836 0.125312
vt 0.034263 0.125312
vt 0.645836 0.736885
vt 0.645836 0.736885
vt 0.034263 0.125312
vt 0.590420 0.681469
vt 0.034263 0.125312
vt 0.644835 0.394251
vt 0.574349 0.456663
vt 0.303654 0.391290
vt 0.163049 0.125312
vt 0.475071 0.125312
vt 0.268997 0.329214
vt 0.645836 0.125312
vt 0.645836 0.670338
vt 0.579289 0.670338
vt 0.645836 0.125312
vt 0.645836 0.556879
vt 0.034263 0.125312
vt 0.645836 0.189177
vt 0.645836 0.662273
vt 0.095353 0.125312
vt 0.645836 0.608098
vt 0.645836 0.296077
vt 0.574612 0.665661
vt 0.551159 0.642207
vt 0.645836 0.125312
vt 0.593885 0.684934
vt 0.612286 0.703335
vt 0.645836 0.703335
vt 0.612754 0.703802
vt 0.612754 0.125312
vt 0.350363 0.441411
vt 0.581970 0.125312
vt 0.076204 0.125312
vt 0.571224 0.662273
vt 0.574612 0.125312
vt 0.134417 0.477914
vt 0.146978 0.443521
vt 0.154982 0.449148
vt 0.218173 0.519029
vt 0.162264 0.506624
vt 0.121521 0.494947
vt 0.121317 0.494947
vt 0.121799 0.463967
vt 0.318823 0.516349
vt 0.328107 0.520896
vt 0.134417 0.440595
vt 0.187758 0.513535
vt 0.127189 0.436470
vn 0.2743 -0.6488 0.7098
vn 0.3313 -0.6416 0.6918
vn -0.6811 -0.7136 -0.1641
vn -0.6636 -0.7057 -0.2480
vn -0.6614 -0.7064 -0.2522
vn -0.6427 -0.7243 -0.2497
vn -0.6283 -0.7400 -0.2401
vn 0.9563 -0.2829 0.0734
vn 0.9680 -0.2467 0.0469
vn 0.9706 -0.2363 0.0450
vn -0.7081 0.1384 -0.6924
vn -0.6620 -0.7047 -0.2552
vn -0.2267 -0.4822 -0.8462
vn -0.1628 -0.4582 -0.8738
vn 0.2331 -0.5188 -0.8225
vn 0.3285 -0.4893 -0.8079
vn 0.1866 0.2384 -0.9531
vn 0.8760 0.4551 0.1597
vn 0.4560 0.6166 0.6418
vn -0.9196 0.3627 0.1508
vn 0.0422 -0.6849 0.7274
vn 0.2711 -0.6482 0.7116
vn 0.8371 0.4891 0.2452
vn -0.9361 0.3505 -0.0288
vn -0.9304 0.3448 0.1240
vn -0.9548 0.2677 0.1291
vn -0.7424 -0.6136 0.2689
vn 0.0854 -0.6075 0.7897
vn -0.6963 0.1813 -0.6945
vn -0.3297 0.0134 -0.9440
vn 0.8760 0.4549 0.1601
vn 0.4546 0.6156 0.6437
vn 0.4644 0.6193 0.6331
vn -0.3102 -0.7203 0.6204
vn -0.9314 0.3416 0.1260
vn 0.1329 0.2732 -0.9527
vn 0.1042 0.3109 -0.9447
vn -0.5620 0.4764 0.6761
vn -0.2286 0.4690 0.8531
vn -0.5245 0.7902 0.3169
vn -0.4684 0.7683 0.4363
vn -0.4517 0.7694 0.4517
vn -0.6245 0.4690 0.6245
vn -0.5627 0.7912 0.2394
vn -0.5893 0.7692 0.2470
vn -0.4710 0.4814 0.7392
vn -0.5070 0.8163 0.2767
usemtl Egg
s off
f 1165/1938/1022 1162/1939/1022 1155/1940/1022
f 1162/1941/1023 1157/1942/1023 1155/1940/1023
f 1164/1943/1024 1154/1944/1024 1165/1945/1024
f 1154/1946/1025 1153/1947/1025 1165/1945/1025
f 1153/1948/1026 1166/1949/1026 1165/1945/1026
f 1166/1950/1027 1163/1951/1027 1165/1945/1027
f 1163/1952/1028 1162/1939/1028 1165/1945/1028
f 1162/1941/1029 1163/1951/1029 1157/1953/1029
f 1163/1952/1030 1160/1954/1030 1157/1953/1030
f 1160/1955/1031 1156/1956/1031 1157/1953/1031
f 1158/1957/1032 1159/1958/1032 1153/1959/1032
f 1159/1960/1033 1166/1949/1033 1153/1959/1033
f 1159/1960/1034 1158/1961/1034 1166/1962/1034
f 1158/1957/1035 1161/1963/1035 1166/1962/1035
f 1161/1964/1036 1163/1951/1036 1166/1962/1036
f 1161/1964/1037 1160/1954/1037 1163/1965/1037
f 1160/1955/1038 1161/1963/1038 1156/1966/1038
f 1156/1967/1039 1189/1968/1039 1157/1953/1039
f 1155/1969/1040 1185/1970/1040 1170/1971/1040
f 1171/1972/1041 1188/1973/1041 1191/1974/1041
f 1168/1975/1042 1165/1976/1042 1169/1977/1042
f 1169/1978/1043 1155/1979/1043 1167/1980/1043
f 1155/1940/1044 1157/1981/1044 1189/1982/1044
f 1153/1947/1045 1176/1983/1045 1177/1984/1045
f 1188/1985/1046 1153/1948/1046 1191/1986/1046
f 1190/1987/1047 1153/1948/1047 1154/1944/1047
f 1190/1988/1048 1154/1946/1048 1164/1989/1048
f 1190/1990/1049 1164/1943/1049 1165/1976/1049
f 1158/1957/1050 1153/1947/1050 1177/1991/1050
f 1177/1992/1051 1192/1993/1051 1156/1966/1051
f 1156/1967/1052 1192/1994/1052 1189/1968/1052
f 1170/1971/1053 1167/1995/1053 1155/1969/1053
f 1155/1969/1054 1189/1996/1054 1185/1970/1054
f 1168/1975/1055 1190/1997/1055 1165/1976/1055
f 1169/1978/1043 1165/1938/1043 1155/1979/1043
f 1176/1998/1046 1153/1948/1046 1188/1985/1046
f 1153/1948/1056 1190/1999/1056 1191/1986/1056
f 1161/1964/1057 1158/1961/1057 1156/1966/1057
f 1158/1961/1058 1177/1992/1058 1156/1966/1058
s 1
f 1180/2000/1059 1182/2001/1060 1179/2002/1060
f 1173/2003/1061 1172/2004/1062 1184/2005/1063
f 1180/2000/1059 1183/2006/1064 1175/2007/1064
f 1186/2008/1065 1173/2003/1061 1178/2009/1066
f 1180/2000/1059 1181/2010/1067 1182/2001/1060
f 1173/2003/1061 1187/2011/1068 1172/2004/1062
f 1175/2007/1064 1174/2012/1064 1181/2010/1067
f 1181/2010/1067 1180/2000/1059 1175/2007/1064
f 1186/2008/1065 1187/2011/1068 1173/2003/1061
o Sphere.003_cell.035_Sphere.003_cell.034
v -0.052556 0.044604 0.091030
v -0.021997 0.018812 0.045104
v -0.025997 0.031397 0.037414
v -0.027646 0.039150 0.038891
v -0.039077 0.018767 0.056976
v -0.051379 0.026248 0.059281
v -0.038766 0.033151 0.044390
v -0.034033 0.043886 0.043859
v -0.019757 0.044604 0.099819
v -0.031511 0.079485 0.077491
v -0.043642 0.077032 0.075589
v -0.011596 0.015517 0.108176
v -0.013203 0.021518 0.106472
v -0.053998 0.031014 0.093527
v -0.027610 0.016413 0.103695
v -0.062814 0.044604 0.080772
v -0.055132 0.060957 0.076173
v -0.048813 0.073052 0.073408
v -0.064974 0.036313 0.081015
v -0.060262 0.034034 0.086387
v -0.019757 0.044604 0.099819
v -0.031511 0.079485 0.077491
v -0.011596 0.015517 0.108176
v -0.013203 0.021518 0.106472
v -0.053998 0.031014 0.093527
v -0.027610 0.016413 0.103695
v -0.048813 0.073052 0.073408
v -0.055132 0.060957 0.076173
v -0.062814 0.044604 0.080772
v -0.064974 0.036313 0.081015
v -0.060262 0.034034 0.086387
v -0.043642 0.077032 0.075589
vt 0.034263 0.125312
vt 0.645836 0.125312
vt 0.645836 0.736885
vt 0.034263 0.125312
vt 0.645836 0.125312
vt 0.034263 0.125312
vt 0.645836 0.125312
vt 0.034263 0.125312
vt 0.645836 0.125312
vt 0.034263 0.125312
vt 0.645836 0.125312
vt 0.187277 0.278326
vt 0.034263 0.125312
vt 0.207346 0.125312
vt 0.207346 0.298395
vt 0.645836 0.243675
vt 0.645836 0.282268
vt 0.034263 0.125312
vt 0.229399 0.257336
vt 0.191219 0.282268
vt 0.290348 0.381397
vt 0.645836 0.440112
vt 0.339257 0.430306
vt 0.461816 0.334652
vt 0.349064 0.440113
vt 0.564879 0.655928
vt 0.645836 0.125312
vt 0.557948 0.648997
vt 0.581348 0.125312
vt 0.544977 0.636026
vt 0.098750 0.125312
vt 0.096402 0.125312
vt 0.645836 0.125312
vt 0.645836 0.278326
vt 0.152626 0.243675
vt 0.283901 0.125312
vt 0.645836 0.430305
vt 0.564879 0.125312
vt 0.589834 0.293875
vt 0.134417 0.400273
vt 0.146306 0.441442
vt 0.134417 0.438268
vt 0.163320 0.364967
vt 0.165348 0.400273
vt 0.134417 0.383487
vt 0.128171 0.433605
vt 0.124261 0.419433
vt 0.121203 0.400273
vt 0.119867 0.390032
vt 0.126207 0.387217
vt 0.173693 0.364347
vt 0.172148 0.371759
vn -0.5141 0.1852 -0.8375
vn -0.4712 0.0673 -0.8794
vn -0.4539 -0.5652 -0.6888
vn -0.4650 -0.5773 -0.6712
vn -0.4742 -0.5739 -0.6677
vn -0.7856 0.2049 -0.5838
vn -0.7908 0.1890 -0.5822
vn -0.5069 -0.8583 0.0804
vn -0.5063 -0.8586 0.0810
vn -0.0276 -0.9987 -0.0435
vn 0.9650 0.2165 -0.1478
vn 0.9620 0.2313 -0.1451
vn 0.9615 0.2323 -0.1465
vn -0.0532 0.6878 -0.7240
vn -0.0854 0.6874 -0.7212
vn -0.7156 0.2839 -0.6382
vn -0.7517 0.2535 -0.6089
vn -0.0432 -0.9981 -0.0450
vn 0.0563 0.4226 -0.9046
vn -0.4700 0.3407 0.8142
vn -0.2286 0.4690 0.8531
vn -0.3713 0.4804 0.7945
vn -0.2535 0.2007 0.9463
vn -0.2464 0.3055 0.9197
vn -0.4314 0.2071 0.8780
vn -0.6245 0.4690 0.6245
vn -0.6683 0.3265 0.6683
vn -0.6927 0.2007 0.6927
usemtl Egg
s off
f 1200/2013/1069 1196/2014/1069 1199/2015/1069
f 1196/2016/1070 1195/2017/1070 1199/2015/1070
f 1195/2018/1071 1194/2019/1071 1199/2015/1071
f 1194/2020/1072 1197/2021/1072 1199/2015/1072
f 1197/2022/1073 1198/2023/1073 1199/2015/1073
f 1209/2024/1074 1199/2025/1074 1208/2026/1074
f 1208/2027/1075 1198/2023/1075 1211/2028/1075
f 1212/2029/1076 1198/2030/1076 1197/2021/1076
f 1197/2022/1077 1206/2031/1077 1212/2032/1077
f 1194/2019/1078 1207/2033/1078 1197/2022/1078
f 1194/2020/1079 1205/2034/1079 1204/2035/1079
f 1195/2018/1080 1201/2036/1080 1205/2037/1080
f 1195/2018/1081 1196/2014/1081 1202/2038/1081
f 1196/2016/1082 1200/2039/1082 1202/2040/1082
f 1210/2041/1083 1202/2042/1083 1200/2013/1083
f 1200/2039/1084 1199/2015/1084 1210/2043/1084
f 1210/2044/1085 1199/2045/1085 1209/2046/1085
f 1208/2027/1075 1199/2025/1075 1198/2023/1075
f 1212/2029/1076 1211/2047/1076 1198/2030/1076
f 1197/2022/1077 1207/2048/1077 1206/2031/1077
f 1194/2019/1086 1204/2049/1086 1207/2033/1086
f 1194/2020/1079 1195/2017/1079 1205/2034/1079
f 1195/2018/1080 1202/2050/1080 1201/2036/1080
f 1210/2041/1087 1203/2051/1087 1202/2042/1087
s 1
f 1193/2052/1088 1214/2053/1089 1224/2054/1090
f 1218/2055/1091 1213/2056/1092 1217/2057/1093
f 1224/2054/1090 1219/2058/1094 1220/2059/1094
f 1221/2060/1095 1222/2061/1096 1223/2062/1096
f 1193/2052/1088 1213/2056/1092 1214/2053/1089
f 1218/2055/1091 1215/2063/1091 1216/2064/1091
f 1216/2064/1091 1213/2056/1092 1218/2055/1091
f 1213/2056/1092 1193/2052/1088 1217/2057/1093
f 1220/2059/1094 1221/2060/1095 1193/2052/1088
f 1193/2052/1088 1224/2054/1090 1220/2059/1094
f 1223/2062/1096 1217/2057/1093 1193/2052/1088
f 1193/2052/1088 1221/2060/1095 1223/2062/1096
o Sphere.003_cell.036_Sphere.003_cell.035
v -0.040456 0.017199 0.058654
v -0.052759 0.025177 0.061490
v -0.029442 0.015137 0.103475
v -0.038804 0.020583 0.099811
v -0.059792 -0.023611 0.103563
v -0.054203 0.029080 0.093882
v -0.070848 -0.034098 0.094357
v -0.063701 -0.027610 0.100812
v -0.075212 0.006450 0.079432
v -0.075767 0.015216 0.076336
v -0.065299 0.034414 0.081240
v -0.029442 0.015137 0.103475
v -0.038804 0.020583 0.099811
v -0.054203 0.029080 0.093882
v -0.059792 -0.023611 0.103563
v -0.075767 0.015216 0.076336
v -0.075212 0.006450 0.079432
v -0.063701 -0.027610 0.100812
v -0.065299 0.034414 0.081240
v -0.070848 -0.034098 0.094357
vt 0.645836 0.338837
vt 0.034263 0.125312
vt 0.645836 0.125312
vt 0.034263 0.125312
vt 0.214566 0.231963
vt 0.247788 0.338837
vt 0.645836 0.125312
vt 0.291555 0.162286
vt 0.253837 0.125312
vt 0.144032 0.235081
vt 0.155488 0.125312
vt 0.127365 0.125312
vt 0.645836 0.517310
vt 0.156527 0.232242
vt 0.645836 0.539357
vt 0.645836 0.736885
vt 0.448308 0.539357
vt 0.498195 0.125312
vt 0.277715 0.368764
vt 0.144032 0.125312
vt 0.645836 0.368764
vt 0.149022 0.370604
vt 0.134417 0.316017
vt 0.157766 0.363877
vt 0.134417 0.381099
vt 0.112161 0.353147
vt 0.119770 0.387687
vt 0.109983 0.363975
vt 0.125991 0.305598
vt 0.130442 0.311079
vn 0.5270 0.8450 -0.0906
vn 0.5053 0.8592 -0.0810
vn 0.7684 -0.6023 -0.2165
vn -0.6123 0.4920 -0.6189
vn 0.7594 -0.6091 -0.2287
vn -0.3966 -0.3544 -0.8468
vn -0.4084 -0.3269 -0.8523
vn -0.2535 0.2007 0.9463
vn -0.6148 0.2051 0.7615
vn -0.5469 0.2070 0.8112
vn -0.6968 0.1974 0.6895
vn -0.6927 0.2007 0.6927
vn -0.7382 0.1616 0.6549
vn -0.7168 0.1805 0.6735
usemtl Egg
s off
f 1228/2065/1097 1225/2066/1097 1226/2067/1097
f 1226/2068/1098 1230/2069/1098 1228/2070/1098
f 1225/2071/1099 1229/2072/1099 1232/2073/1099
f 1235/2074/1100 1226/2068/1100 1234/2075/1100
f 1244/2076/1101 1225/2071/1101 1232/2077/1101
f 1244/2078/1102 1233/2079/1102 1225/2080/1102
f 1226/2067/1103 1233/2081/1103 1234/2082/1103
f 1228/2065/1097 1227/2083/1097 1225/2066/1097
f 1226/2068/1098 1235/2084/1098 1230/2069/1098
f 1225/2071/1099 1227/2085/1099 1229/2072/1099
f 1226/2067/1103 1225/2080/1103 1233/2081/1103
s 1
f 1237/2086/1104 1239/2087/1105 1236/2088/1104
f 1239/2087/1105 1238/2089/1106 1241/2090/1107
f 1237/2086/1104 1238/2089/1106 1239/2087/1105
f 1243/2091/1108 1240/2092/1108 1238/2089/1106
f 1240/2092/1108 1241/2090/1107 1238/2089/1106
f 1241/2090/1107 1231/2093/1109 1242/2094/1110
f 1242/2094/1110 1239/2087/1105 1241/2090/1107
o Sphere.003_cell.037_Sphere.003_cell.036
v -0.052556 -0.108827 0.091030
v -0.048442 -0.057668 0.089103
v -0.037623 -0.062305 0.073160
v -0.010232 -0.106883 0.074038
v -0.029038 -0.069278 0.059152
v -0.022671 -0.108827 0.099038
v -0.040383 -0.080829 0.100221
v -0.008002 -0.122849 0.087804
v -0.042427 -0.127559 0.073486
v -0.036262 -0.127840 0.074835
v -0.057995 -0.058216 0.100233
v -0.061378 -0.100212 0.084701
v -0.062054 -0.108827 0.081533
v -0.057826 -0.118154 0.071982
v -0.022671 -0.108827 0.099038
v -0.040383 -0.080829 0.100221
v -0.008002 -0.122849 0.087804
v -0.042427 -0.127559 0.073486
v -0.036262 -0.127840 0.074835
v -0.061378 -0.100212 0.084701
v -0.062054 -0.108827 0.081533
v -0.057826 -0.118154 0.071982
v -0.057995 -0.058216 0.100233
vt 0.034263 0.125312
vt 0.645836 0.125312
vt 0.645836 0.736885
vt 0.034263 0.125312
vt 0.645836 0.125312
vt 0.645836 0.736885
vt 0.271218 0.125312
vt 0.645836 0.125312
vt 0.645836 0.264388
vt 0.173339 0.264388
vt 0.231388 0.125312
vt 0.203626 0.221064
vt 0.232631 0.323680
vt 0.034263 0.125312
vt 0.353813 0.444862
vt 0.273660 0.125312
vt 0.373978 0.186121
vt 0.645836 0.387533
vt 0.273660 0.364709
vt 0.130721 0.125312
vt 0.645836 0.219467
vt 0.414681 0.257663
vt 0.203486 0.125312
vt 0.128418 0.219467
vt 0.034263 0.125312
vt 0.130721 0.221770
vt 0.645836 0.125312
vt 0.134417 0.210924
vt 0.147885 0.245447
vt 0.134417 0.273702
vt 0.134417 0.167752
vt 0.141446 0.167105
vt 0.124492 0.221546
vt 0.133855 0.270867
vt 0.118797 0.182082
vt 0.162599 0.210924
vt 0.175058 0.178608
vt 0.122182 0.210924
vn 0.8227 0.5105 0.2501
vn 0.7817 0.4880 0.3885
vn -0.7464 0.2829 -0.6023
vn -0.7458 0.2806 -0.6042
vn -0.7121 0.3764 -0.5927
vn -0.7406 0.2981 -0.6023
vn 0.2180 0.2043 -0.9543
vn 0.4258 -0.5560 -0.7138
vn 0.7742 0.4719 0.4219
vn 0.6442 0.5014 0.5776
vn 0.1153 -0.3152 -0.9420
vn 0.0731 -0.1285 -0.9890
vn -0.4404 -0.4735 0.7628
vn -0.2548 -0.1998 0.9461
vn -0.3984 -0.2054 0.8939
vn -0.2863 -0.7328 0.6172
vn -0.1790 -0.7223 0.6679
vn -0.6927 -0.2004 0.6927
vn -0.4890 -0.7223 0.4890
vn -0.2124 -0.5714 0.7927
vn -0.5984 -0.5327 0.5984
usemtl Egg
s off
f 1247/2095/1111 1248/2096/1111 1249/2097/1111
f 1248/2098/1112 1247/2099/1112 1246/2100/1112
f 1267/2101/1113 1249/2102/1113 1256/2103/1113
f 1256/2104/1114 1258/2105/1114 1257/2106/1114
f 1267/2107/1115 1246/2108/1115 1247/2099/1115
f 1267/2109/1116 1247/2095/1116 1249/2102/1116
f 1254/2110/1117 1253/2111/1117 1258/2112/1117
f 1254/2113/1118 1248/2098/1118 1252/2114/1118
f 1248/2098/1119 1251/2115/1119 1250/2116/1119
f 1267/2117/1120 1251/2118/1120 1246/2108/1120
f 1256/2104/1114 1249/2119/1114 1258/2105/1114
f 1249/2097/1121 1248/2098/1121 1258/2112/1121
f 1248/2098/1122 1254/2110/1122 1258/2112/1122
f 1250/2116/1119 1252/2120/1119 1248/2098/1119
f 1248/2098/1119 1246/2121/1119 1251/2115/1119
s 1
f 1245/2122/1123 1260/2123/1124 1255/2124/1125
f 1245/2122/1123 1262/2125/1126 1263/2126/1127
f 1264/2127/1128 1245/2122/1123 1255/2128/1125
f 1245/2122/1123 1266/2129/1129 1262/2125/1126
f 1245/2122/1123 1259/2130/1130 1260/2123/1124
f 1263/2126/1127 1261/2131/1127 1259/2130/1130
f 1259/2130/1130 1245/2122/1123 1263/2126/1127
f 1264/2127/1128 1265/2132/1131 1245/2122/1123
f 1245/2122/1123 1265/2132/1131 1266/2129/1129
o Sphere.003_cell.038_Sphere.003_cell.037
v 0.000000 -0.149906 0.060687
v -0.030343 -0.149906 0.052556
v 0.008680 -0.131165 0.033810
v -0.008252 -0.107390 0.072845
v 0.006864 -0.101084 0.066566
v 0.014596 -0.105479 0.056662
v 0.007641 -0.147167 0.061601
v -0.000000 -0.124648 0.088002
v 0.012040 -0.128711 0.080382
v 0.009376 -0.123493 0.086739
v -0.006018 -0.123921 0.087176
v -0.035469 -0.129069 0.073717
v -0.035106 -0.139774 0.062238
v 0.000000 -0.154022 0.048978
v -0.025752 -0.154594 0.038928
v 0.005499 -0.152998 0.050416
v 0.007641 -0.147167 0.061601
v 0.012040 -0.128711 0.080382
v -0.000000 -0.124648 0.088002
v -0.006018 -0.123921 0.087176
v -0.035469 -0.129069 0.073717
v 0.000000 -0.154022 0.048978
v 0.005499 -0.152998 0.050416
v 0.009376 -0.123493 0.086739
v -0.035106 -0.139774 0.062238
v -0.030343 -0.149906 0.052556
v -0.025752 -0.154594 0.038928
vt 0.034263 0.125312
vt 0.645836 0.125312
vt 0.645836 0.736885
vt 0.034263 0.125312
vt 0.645836 0.125312
vt 0.645836 0.594172
vt 0.034263 0.125312
vt 0.184993 0.125312
vt 0.645836 0.587979
vt 0.545166 0.609959
vt 0.522549 0.581018
vt 0.496930 0.587979
vt 0.645836 0.378711
vt 0.645836 0.736885
vt 0.645836 0.125312
vt 0.645836 0.234786
vt 0.331498 0.125312
vt 0.143737 0.234786
vt 0.269840 0.125312
vt 0.297521 0.125312
vt 0.645836 0.736885
vt 0.331498 0.422547
vt 0.395468 0.486517
vt 0.376472 0.301218
vt 0.645836 0.575290
vt 0.382577 0.125312
vt 0.645836 0.369804
vt 0.468893 0.125312
vt 0.140099 0.157898
vt 0.134417 0.136294
vt 0.183979 0.116249
vt 0.128560 0.116249
vt 0.213053 0.098092
vt 0.213953 0.103400
vt 0.195171 0.116249
vt 0.195553 0.122561
vt 0.198477 0.171463
vt 0.134417 0.116249
vt 0.183979 0.174460
vt 0.177189 0.176137
vt 0.174675 0.098842
vt 0.194479 0.177122
vn -0.5073 0.6206 -0.5980
vn -0.4279 0.6538 -0.6241
vn 0.9833 -0.1714 -0.0619
vn 0.9757 -0.2036 -0.0807
vn 0.3050 -0.6043 -0.7361
vn 0.8034 0.3798 0.4586
vn -0.0249 0.6529 0.7570
vn -0.4233 0.5601 0.7121
vn 0.0187 0.6648 0.7468
vn -0.5505 0.7148 -0.4313
vn 0.3013 -0.6040 -0.7378
vn 0.9472 0.2666 0.1782
vn 0.0282 0.6705 0.7414
vn -0.5499 0.4272 -0.7177
vn -0.5127 0.6198 -0.5941
vn -0.5098 0.6186 -0.5979
vn -0.1790 -0.7223 0.6679
vn 0.0312 -0.8473 0.5301
vn -0.1419 -0.8484 0.5099
vn -0.0191 -0.9452 0.3259
vn 0.1463 -0.9229 0.3562
vn 0.2123 -0.7862 0.5803
vn 0.1790 -0.7223 0.6679
vn 0.0002 -0.7342 0.6789
vn -0.0941 -0.9507 0.2953
usemtl Egg
s off
f 1271/2133/1132 1272/2134/1132 1270/2135/1132
f 1272/2136/1133 1273/2137/1133 1270/2135/1133
f 1284/2138/1134 1273/2139/1134 1285/2140/1134
f 1283/2141/1135 1270/2135/1135 1284/2142/1135
f 1281/2143/1136 1270/2135/1136 1283/2144/1136
f 1272/2136/1137 1285/2145/1137 1273/2146/1137
f 1271/2147/1138 1278/2148/1138 1275/2149/1138
f 1278/2150/1139 1271/2133/1139 1279/2151/1139
f 1291/2152/1140 1271/2153/1140 1275/2154/1140
f 1270/2135/1141 1294/2155/1141 1269/2156/1141
f 1284/2138/1134 1270/2135/1134 1273/2139/1134
f 1281/2143/1142 1294/2157/1142 1270/2135/1142
f 1272/2136/1143 1291/2158/1143 1285/2145/1143
f 1291/2152/1144 1272/2134/1144 1271/2153/1144
f 1269/2156/1145 1280/2159/1145 1270/2135/1145
f 1280/2159/1146 1279/2160/1146 1271/2147/1146
f 1270/2135/1147 1280/2159/1147 1271/2147/1147
s 1
f 1288/2161/1148 1292/2162/1148 1268/2163/1149
f 1293/2164/1150 1289/2165/1151 1268/2163/1149
f 1268/2163/1149 1290/2166/1152 1274/2167/1153
f 1268/2163/1149 1274/2168/1153 1276/2169/1154
f 1292/2162/1148 1293/2170/1150 1268/2163/1149
f 1268/2163/1149 1286/2171/1155 1287/2172/1148
f 1287/2172/1148 1288/2161/1148 1268/2163/1149
f 1293/2164/1150 1282/2173/1156 1289/2165/1151
f 1268/2163/1149 1289/2165/1151 1290/2166/1152
f 1276/2169/1154 1277/2174/1154 1286/2171/1155
f 1286/2171/1155 1268/2163/1149 1276/2169/1154
o Sphere.003_cell.039_Sphere.003_cell.038
v -0.052556 0.125407 0.030343
v -0.060562 0.077842 0.015374
v -0.060408 0.071379 0.033225
v -0.038392 0.125407 0.044508
v -0.036574 0.136527 0.027384
v -0.035936 0.140798 0.020747
v -0.053207 0.077791 0.065455
v -0.043974 0.107149 0.052639
v -0.067887 0.082032 0.047589
v -0.072505 0.083509 0.041861
v -0.036979 0.142325 0.009747
v -0.041288 0.138668 0.010684
v -0.056700 0.125407 0.014879
v -0.074641 0.082824 0.035296
v -0.072784 0.094078 0.019136
v -0.077391 0.085068 0.020431
v -0.076966 0.082089 0.028128
v -0.067770 0.103878 0.017741
v -0.038392 0.125407 0.044508
v -0.036574 0.136527 0.027384
v -0.035936 0.140798 0.020747
v -0.043974 0.107149 0.052639
v -0.072505 0.083509 0.041861
v -0.067887 0.082032 0.047589
v -0.053207 0.077791 0.065455
v -0.036979 0.142325 0.009747
v -0.041288 0.138668 0.010684
v -0.056700 0.125407 0.014879
v -0.076966 0.082089 0.028128
v -0.074641 0.082824 0.035296
v -0.067770 0.103878 0.017741
v -0.072784 0.094078 0.019136
v -0.077391 0.085068 0.020431
vt 0.600352 0.158143
vt 0.645836 0.125312
vt 0.645836 0.188699
vt 0.097650 0.188699
vt 0.034263 0.125312
vt 0.494400 0.125312
vt 0.536749 0.125312
vt 0.645836 0.125312
vt 0.645836 0.193056
vt 0.102007 0.193056
vt 0.034263 0.125312
vt 0.385920 0.125312
vt 0.301649 0.125312
vt 0.645836 0.204035
vt 0.301649 0.392698
vt 0.645836 0.736885
vt 0.645836 0.276747
vt 0.645836 0.525428
vt 0.531443 0.622492
vt 0.206389 0.297438
vt 0.325329 0.189708
vt 0.434379 0.525428
vt 0.645836 0.547007
vt 0.158154 0.125312
vt 0.312232 0.324173
vt 0.455958 0.547007
vt 0.567113 0.125312
vt 0.294178 0.125312
vt 0.521944 0.125312
vt 0.645836 0.297438
vt 0.616804 0.234501
vt 0.143349 0.125312
vt 0.084854 0.494947
vt 0.156658 0.506239
vt 0.174751 0.511185
vt 0.084854 0.445857
vt 0.093385 0.444126
vt 0.118113 0.473555
vt 0.295499 0.511755
vt 0.299098 0.507909
vt 0.059528 0.469722
vt 0.059633 0.458240
vt 0.116459 0.494947
vt 0.119110 0.441178
vt 0.362711 0.494947
vt 0.059730 0.447684
vt 0.068283 0.444193
vt 0.076894 0.445054
vt 0.059594 0.494947
vn -0.5795 -0.7693 0.2688
vn -0.5656 -0.7755 0.2806
vn -0.2836 0.0086 -0.9589
vn -0.2847 0.0078 -0.9586
vn -0.5800 -0.7696 0.2670
vn -0.4511 -0.8404 -0.3003
vn 0.9251 -0.3543 -0.1362
vn 0.9264 -0.3509 -0.1364
vn 0.9329 -0.3392 -0.1213
vn -0.2035 -0.0110 -0.9790
vn -0.2723 0.0121 -0.9621
vn 0.9265 -0.3507 -0.1366
vn -0.6741 0.6278 0.3892
vn -0.4517 0.7694 0.4517
vn -0.5773 0.7779 0.2478
vn -0.7548 0.4818 0.4452
vn -0.6245 0.4690 0.6245
vn -0.6170 0.7694 0.1653
vn -0.8531 0.4690 0.2286
vn -0.5690 0.5936 0.5690
vn -0.7493 0.6311 0.2008
usemtl Egg
s off
f 1304/2175/1157 1297/2176/1157 1303/2177/1157
f 1303/2178/1158 1297/2179/1158 1301/2180/1158
f 1312/2181/1159 1296/2182/1159 1309/2183/1159
f 1309/2184/1160 1296/2185/1160 1310/2186/1160
f 1311/2187/1161 1297/2176/1161 1308/2188/1161
f 1311/2189/1162 1296/2182/1162 1297/2190/1162
f 1297/2190/1163 1296/2185/1163 1301/2191/1163
f 1302/2192/1164 1301/2193/1164 1296/2185/1164
f 1299/2194/1165 1298/2195/1165 1302/2196/1165
f 1306/2197/1166 1305/2198/1166 1296/2182/1166
f 1296/2185/1167 1307/2199/1167 1306/2200/1167
f 1304/2175/1157 1308/2201/1157 1297/2176/1157
f 1311/2189/1162 1310/2202/1162 1296/2182/1162
f 1296/2185/1168 1305/2203/1168 1299/2204/1168
f 1305/2203/1168 1300/2205/1168 1299/2204/1168
f 1299/2204/1168 1302/2192/1168 1296/2185/1168
f 1296/2185/1167 1312/2206/1167 1307/2199/1167
s 1
f 1295/2207/1169 1314/2208/1170 1315/2209/1171
f 1317/2210/1172 1318/2211/1173 1316/2212/1173
f 1315/2209/1171 1320/2213/1174 1321/2214/1174
f 1325/2215/1175 1326/2216/1175 1317/2210/1172
f 1295/2207/1169 1313/2217/1176 1314/2208/1170
f 1318/2211/1173 1319/2218/1173 1316/2212/1173
f 1316/2212/1173 1313/2217/1176 1295/2207/1169
f 1295/2207/1169 1317/2210/1172 1316/2212/1173
f 1321/2214/1174 1322/2219/1177 1295/2207/1169
f 1295/2207/1169 1315/2209/1171 1321/2214/1174
f 1327/2220/1175 1323/2221/1175 1326/2216/1175
f 1323/2221/1175 1324/2222/1175 1326/2216/1175
f 1324/2222/1175 1317/2210/1172 1326/2216/1175
f 1317/2210/1172 1295/2207/1169 1325/2215/1175
f 1295/2207/1169 1322/2223/1177 1325/2215/1175
o Sphere.003_cell.040_Sphere.003_cell.039
v -0.091030 0.044604 0.052556
v -0.041205 0.033331 0.044435
v -0.060543 0.069380 0.034483
v -0.036396 0.044714 0.043185
v -0.053438 0.026449 0.058839
v -0.050070 0.073701 0.071663
v -0.059538 0.053808 0.077136
v -0.053347 0.075499 0.067036
v -0.064003 0.044604 0.079583
v -0.064583 0.079103 0.053093
v -0.073307 0.081825 0.042324
v -0.066425 0.036148 0.079612
v -0.077464 0.016033 0.074402
v -0.096834 0.013015 0.055907
v -0.096480 0.044604 0.032218
v -0.086605 0.063436 0.030428
v -0.078997 0.077750 0.029453
v -0.082882 0.070521 0.029785
v -0.075283 0.081161 0.036313
v -0.099621 0.014066 0.044672
v -0.100433 0.021261 0.035946
v -0.101480 0.014973 0.037014
v -0.064003 0.044604 0.079583
v -0.059538 0.053808 0.077136
v -0.050070 0.073701 0.071663
v -0.053347 0.075499 0.067036
v -0.064583 0.079103 0.053093
v -0.073307 0.081825 0.042324
v -0.066425 0.036148 0.079612
v -0.096834 0.013015 0.055907
v -0.077464 0.016033 0.074402
v -0.078997 0.077750 0.029453
v -0.082882 0.070521 0.029785
v -0.086605 0.063436 0.030428
v -0.096480 0.044604 0.032218
v -0.075283 0.081161 0.036313
v -0.101480 0.014973 0.037014
v -0.099621 0.014066 0.044672
v -0.100433 0.021261 0.035946
vt 0.034263 0.125312
vt 0.645836 0.125312
vt 0.645836 0.736885
vt 0.645836 0.237899
vt 0.493572 0.125312
vt 0.645836 0.125312
vt 0.034263 0.125312
vt 0.645836 0.286900
vt 0.034263 0.125312
vt 0.583807 0.125312
vt 0.195851 0.286900
vt 0.645836 0.618165
vt 0.583807 0.674856
vt 0.527116 0.618165
vt 0.034263 0.125312
vt 0.157560 0.125312
vt 0.416259 0.194230
vt 0.645836 0.277575
vt 0.272981 0.125312
vt 0.645836 0.125312
vt 0.645836 0.736885
vt 0.247542 0.125312
vt 0.645836 0.526283
vt 0.645836 0.125312
vt 0.435235 0.526283
vt 0.544021 0.125312
vt 0.139730 0.167909
vt 0.157560 0.248609
vt 0.327101 0.418150
vt 0.645836 0.655369
vt 0.645836 0.736885
vt 0.293463 0.247445
vt 0.247542 0.338591
vt 0.311558 0.402607
vt 0.407117 0.125312
vt 0.377349 0.265840
vt 0.146850 0.237899
vt 0.319813 0.125312
vt 0.319813 0.410862
vt 0.115779 0.125312
vt 0.311558 0.125312
vt 0.100632 0.440694
vt 0.084854 0.400273
vt 0.121347 0.411056
vt 0.084854 0.361255
vt 0.107761 0.364983
vt 0.084854 0.443884
vt 0.077619 0.443105
vt 0.067704 0.430639
vt 0.075011 0.362554
vt 0.067711 0.371441
vt 0.119670 0.400273
vt 0.125960 0.434365
vt 0.120092 0.436471
vt 0.118046 0.389828
vt 0.068856 0.439109
vt 0.067007 0.422337
vt 0.065674 0.400273
vt 0.068259 0.363675
vn 0.7937 -0.2758 0.5422
vn 0.6132 -0.4958 0.6149
vn 0.7774 -0.2206 0.5890
vn 0.7809 -0.2097 0.5884
vn 0.7336 0.6198 -0.2787
vn 0.5838 0.7647 -0.2728
vn 0.3018 -0.9394 -0.1628
vn 0.3071 -0.9335 -0.1852
vn 0.1781 -0.1814 -0.9672
vn 0.1961 -0.1499 -0.9691
vn 0.5791 0.7674 -0.2752
vn 0.4621 0.6687 -0.5826
vn 0.1761 -0.1843 -0.9670
vn 0.1777 -0.1936 -0.9649
vn 0.1761 -0.1842 -0.9670
vn -0.6245 0.4690 0.6245
vn -0.8142 0.3407 0.4700
vn -0.8482 0.2075 0.4873
vn -0.6927 0.2007 0.6927
vn -0.7627 0.4818 0.4313
vn -0.8531 0.4690 0.2286
vn -0.9463 0.2007 0.2535
vn -0.6616 0.3528 0.6616
vn -0.9079 0.3414 0.2432
usemtl Egg
s off
f 1329/2224/1178 1331/2225/1178 1332/2226/1178
f 1339/2227/1179 1340/2228/1179 1332/2229/1179
f 1332/2230/1180 1331/2225/1180 1334/2231/1180
f 1331/2232/1181 1333/2233/1181 1334/2234/1181
f 1331/2232/1182 1335/2235/1182 1333/2236/1182
f 1335/2237/1183 1330/2238/1183 1337/2239/1183
f 1341/2240/1184 1332/2229/1184 1340/2241/1184
f 1332/2226/1185 1349/2242/1185 1329/2243/1185
f 1331/2244/1186 1343/2245/1186 1345/2246/1186
f 1330/2247/1187 1345/2248/1187 1344/2249/1187
f 1330/2238/1188 1338/2250/1188 1337/2251/1188
f 1344/2252/1189 1346/2253/1189 1330/2254/1189
f 1329/2224/1190 1342/2255/1190 1343/2256/1190
f 1348/2257/1191 1329/2224/1191 1349/2258/1191
f 1334/2231/1180 1336/2259/1180 1332/2230/1180
f 1336/2259/1180 1339/2260/1180 1332/2230/1180
f 1331/2232/1182 1330/2247/1182 1335/2235/1182
f 1341/2240/1184 1347/2261/1184 1332/2229/1184
f 1332/2226/1185 1347/2262/1185 1349/2242/1185
f 1331/2244/1186 1329/2224/1186 1343/2245/1186
f 1330/2247/1187 1331/2244/1187 1345/2248/1187
f 1330/2238/1188 1346/2263/1188 1338/2250/1188
f 1329/2224/1192 1348/2264/1192 1342/2255/1192
s 1
f 1354/2265/1193 1328/2266/1194 1351/2267/1193
f 1328/2266/1194 1357/2268/1195 1358/2269/1196
f 1355/2270/1197 1363/2271/1198 1360/2272/1198
f 1365/2273/1199 1328/2266/1194 1366/2274/1199
f 1354/2265/1193 1355/2270/1197 1328/2266/1194
f 1328/2266/1194 1350/2275/1200 1351/2267/1193
f 1351/2267/1193 1352/2276/1193 1353/2277/1193
f 1353/2277/1193 1354/2265/1193 1351/2267/1193
f 1358/2269/1196 1356/2278/1196 1328/2266/1194
f 1356/2278/1196 1350/2275/1200 1328/2266/1194
f 1363/2271/1198 1359/2279/1198 1360/2272/1198
f 1360/2272/1198 1361/2280/1198 1355/2270/1197
f 1361/2280/1198 1362/2281/1201 1328/2266/1194
f 1328/2266/1194 1355/2270/1197 1361/2280/1198
f 1366/2274/1199 1364/2282/1199 1365/2273/1199
f 1365/2273/1199 1357/2268/1195 1328/2266/1194
f 1328/2266/1194 1362/2281/1201 1366/2274/1199
o Sphere.003_cell.041_Sphere.003_cell.040
v -0.105112 -0.032047 0.060687
v -0.104556 -0.013414 -0.015107
v -0.051172 -0.076166 0.030726
v -0.046064 -0.073128 0.005936
v -0.066979 -0.043065 -0.028701
v -0.046579 -0.067088 -0.009739
v -0.040399 0.030871 0.044539
v -0.025345 0.030131 0.035029
v -0.008937 0.026340 0.020214
v -0.070595 -0.012123 -0.026090
v -0.036620 -0.003878 -0.026799
v -0.028902 0.000031 -0.022679
v -0.004076 0.019344 0.003811
v -0.029614 -0.068070 0.057301
v -0.041346 -0.058190 0.077237
v -0.052822 0.025131 0.058137
v -0.040245 0.017368 0.055526
v -0.021398 0.016747 0.043098
v 0.007860 -0.001190 0.026414
v -0.011589 -0.057119 0.056608
v 0.017236 -0.019357 0.025684
v 0.004499 0.009797 0.020213
v -0.008006 -0.059410 0.051758
v -0.023948 -0.063452 -0.011486
v 0.009377 -0.051371 0.029721
v -0.017994 -0.061298 -0.012989
v 0.007699 -0.051338 0.002428
v 0.010893 -0.050042 0.014289
v -0.043508 -0.018486 -0.035220
v -0.036757 -0.010884 -0.031439
v -0.047072 -0.038287 -0.035170
v -0.036822 -0.064570 -0.013248
v -0.032828 -0.053786 -0.023212
v 0.016104 -0.040858 0.022988
v 0.018437 -0.031022 0.021164
v -0.030996 -0.007944 -0.028746
v 0.019040 -0.007804 0.008693
v 0.020907 -0.013650 0.006232
v 0.014124 -0.039101 0.004674
v 0.014505 -0.044429 0.018193
v -0.068760 -0.044698 0.093379
v -0.070977 -0.038024 0.093093
v -0.089677 -0.053299 0.069973
v -0.071131 -0.047877 0.090088
v -0.104194 -0.037055 0.060156
v -0.073638 -0.032047 0.092161
v -0.077001 0.005654 0.077872
v -0.077788 0.014046 0.074654
v -0.097179 0.011135 0.056106
v -0.107212 -0.032047 0.052851
v -0.100298 0.012425 0.043443
v -0.103455 0.010867 0.032896
v -0.115927 -0.007898 0.001207
v -0.112952 -0.016339 0.018991
v -0.070977 -0.038024 0.093093
v -0.073638 -0.032047 0.092161
v -0.068760 -0.044698 0.093379
v -0.104194 -0.037055 0.060156
v -0.089677 -0.053299 0.069973
v -0.071131 -0.047877 0.090088
v -0.077001 0.005654 0.077872
v -0.077788 0.014046 0.074654
v -0.097179 0.011135 0.056106
v -0.107212 -0.032047 0.052851
v -0.115927 -0.007898 0.001207
v -0.112952 -0.016339 0.018991
v -0.100298 0.012425 0.043443
v -0.103455 0.010867 0.032896
vt 0.034263 0.125312
vt 0.645836 0.125312
vt 0.645836 0.736885
vt 0.034263 0.125312
vt 0.645836 0.125312
vt 0.034263 0.125312
vt 0.645836 0.125312
vt 0.034263 0.125312
vt 0.645836 0.125312
vt 0.034263 0.125312
vt 0.645836 0.736885
vt 0.645836 0.125312
vt 0.645836 0.125312
vt 0.645836 0.736885
vt 0.034263 0.125312
vt 0.645836 0.125312
vt 0.034263 0.125312
vt 0.645836 0.125312
vt 0.034263 0.125312
vt 0.645836 0.125312
vt 0.034263 0.125312
vt 0.034263 0.125312
vt 0.645836 0.125312
vt 0.645836 0.736885
vt 0.034263 0.125312
vt 0.645836 0.125312
vt 0.034263 0.125312
vt 0.645836 0.125312
vt 0.034263 0.125312
vt 0.645836 0.125312
vt 0.645836 0.736885
vt 0.645836 0.736885
vt 0.645836 0.736885
vt 0.645836 0.125312
vt 0.645836 0.736885
vt 0.034263 0.125312
vt 0.645836 0.125312
vt 0.034263 0.125312
vt 0.645836 0.125312
vt 0.034263 0.125312
vt 0.645836 0.125312
vt 0.645836 0.736885
vt 0.034263 0.125312
vt 0.645836 0.125312
vt 0.034263 0.125312
vt 0.645836 0.125312
vt 0.645836 0.736885
vt 0.034263 0.125312
vt 0.645836 0.125312
vt 0.034263 0.125312
vt 0.645836 0.125312
vt 0.034263 0.125312
vt 0.645836 0.125312
vt 0.645836 0.736885
vt 0.034263 0.125312
vt 0.645836 0.125312
vt 0.034263 0.125312
vt 0.645836 0.125312
vt 0.034263 0.125312
vt 0.645836 0.125312
vt 0.645836 0.736885
vt 0.034263 0.125312
vt 0.645836 0.125312
vt 0.034263 0.125312
vt 0.645836 0.125312
vt 0.034263 0.125312
vt 0.034263 0.125312
vt 0.645836 0.736885
vt 0.034263 0.125312
vt 0.645836 0.125312
vt 0.034263 0.125312
vt 0.645836 0.125312
vt 0.034263 0.125312
vt 0.645836 0.736885
vt 0.645836 0.125312
vt 0.034263 0.125312
vt 0.645836 0.736885
vt 0.645836 0.125312
vt 0.645836 0.736885
vt 0.645836 0.125312
vt 0.034263 0.125312
vt 0.645836 0.125312
vt 0.645836 0.736885
vt 0.034263 0.125312
vt 0.645836 0.125312
vt 0.645836 0.736885
vt 0.034263 0.125312
vt 0.645836 0.736885
vt 0.645836 0.736885
vt 0.645836 0.125312
vt 0.645836 0.736885
vt 0.034263 0.125312
vt 0.645836 0.125312
vt 0.645836 0.736885
vt 0.034263 0.125312
vt 0.645836 0.125312
vt 0.645836 0.736885
vt 0.645836 0.524955
vt 0.645836 0.736885
vt 0.490020 0.581069
vt 0.219410 0.125312
vt 0.433906 0.524955
vt 0.256953 0.125312
vt 0.645836 0.125312
vt 0.645836 0.464134
vt 0.567400 0.359030
vt 0.645836 0.468732
vt 0.377683 0.468732
vt 0.645836 0.514194
vt 0.034263 0.125312
vt 0.645836 0.178104
vt 0.087056 0.178104
vt 0.100127 0.125312
vt 0.645836 0.736885
vt 0.434771 0.125312
vt 0.100127 0.191176
vt 0.166170 0.125312
vt 0.164657 0.157057
vt 0.645836 0.336376
vt 0.645836 0.581069
vt 0.223689 0.125312
vt 0.483279 0.125312
vt 0.483279 0.574328
vt 0.645836 0.736885
vt 0.104294 0.125312
vt 0.307013 0.125312
vt 0.512709 0.338810
vt 0.467155 0.275472
vt 0.098276 0.279393
vt 0.123931 0.287860
vt 0.119968 0.305598
vt 0.084854 0.305598
vt 0.110156 0.352165
vt 0.078454 0.305598
vt 0.084854 0.299423
vt 0.073793 0.360527
vt 0.064347 0.358603
vt 0.123601 0.289999
vt 0.121600 0.300399
vt 0.107726 0.362530
vt 0.084854 0.358934
vt 0.036331 0.335426
vt 0.051295 0.325000
vn 0.3603 0.1388 -0.9224
vn 0.5199 -0.0957 -0.8489
vn -0.3078 0.0530 -0.9500
vn -0.1504 0.5441 -0.8254
vn 0.1085 0.5474 -0.8298
vn -0.1502 0.5479 -0.8229
vn 0.1380 0.5765 -0.8054
vn 0.4551 0.4604 -0.7622
vn 0.5483 0.3598 -0.7549
vn 0.5491 -0.0955 -0.8303
vn 0.5413 -0.1103 -0.8336
vn -0.3162 0.0339 -0.9481
vn -0.3091 0.0517 -0.9496
vn 0.5406 -0.1196 -0.8327
vn 0.4756 -0.2200 -0.8517
vn -0.0858 -0.6568 -0.7491
vn -0.2080 0.8102 -0.5481
vn -0.1997 0.8698 -0.4511
vn -0.1997 0.8714 -0.4481
vn -0.2023 0.8748 -0.4401
vn -0.1857 0.8828 -0.4315
vn 0.7647 0.6426 -0.0475
vn 0.6646 0.4600 -0.5888
vn 0.9497 0.2027 0.2387
vn 0.9809 0.0263 0.1928
vn 0.9601 -0.2479 -0.1296
vn 0.9594 -0.2513 -0.1278
vn 0.9579 -0.2568 -0.1282
vn 0.8828 -0.4280 -0.1935
vn 0.5480 -0.1363 -0.8253
vn -0.0866 -0.6586 -0.7475
vn -0.0948 -0.6651 -0.7407
vn -0.6228 -0.7367 -0.2634
vn -0.6529 -0.7212 -0.2317
vn 0.3775 -0.9255 -0.0312
vn 0.3747 -0.9266 -0.0308
vn 0.3659 -0.9299 -0.0385
vn 0.3073 -0.9422 -0.1332
vn 0.1483 -0.8078 -0.5706
vn 0.1311 -0.6985 -0.7035
vn 0.6331 0.5279 0.5661
vn 0.4480 0.6002 0.6626
vn 0.4751 0.5528 0.6846
vn 0.7761 0.6304 0.0166
vn 0.6398 0.5196 0.5662
vn 0.8315 0.4143 0.3700
vn 0.8217 0.4493 0.3508
vn 0.8548 -0.1086 0.5075
vn 0.5991 0.2791 0.7505
vn 0.5645 0.2205 0.7954
vn 0.7806 -0.0892 0.6187
vn 0.7969 -0.1163 0.5928
vn 0.8016 -0.1408 0.5810
vn 0.8628 -0.4985 0.0836
vn 0.8297 -0.5572 0.0335
vn 0.8804 -0.4346 -0.1896
vn 0.4691 -0.8826 -0.0299
vn 0.3930 -0.9192 -0.0253
vn 0.1094 -0.9263 -0.3605
vn 0.1287 -0.9272 -0.3517
vn 0.3685 -0.9295 -0.0158
vn -0.1250 -0.9163 0.3805
vn 0.4619 -0.6202 0.6341
vn 0.4262 -0.6854 0.5904
vn 0.4764 0.5379 0.6955
vn 0.6406 0.5166 0.5681
vn -0.6674 -0.7098 -0.2252
vn -0.2039 0.8755 -0.4382
vn -0.2091 0.8922 -0.4004
vn -0.1499 -0.9112 0.3838
vn -0.3036 0.9375 0.1703
vn -0.2930 0.9546 -0.0533
vn 0.5391 0.2470 0.8052
vn 0.5611 0.2204 0.7979
vn 0.3978 0.3609 0.8435
vn 0.0395 -0.7327 0.6794
vn 0.4001 0.3558 0.8446
vn -0.6558 -0.7211 -0.2233
vn -0.2940 0.9468 0.1311
vn 0.5584 0.1609 0.8138
vn 0.4376 0.3256 0.8381
vn -0.6558 -0.7211 -0.2235
vn -0.6559 -0.7211 -0.2233
vn -0.6927 -0.2004 0.6927
vn -0.7064 -0.0448 0.7064
vn -0.8660 0.0002 0.5000
vn -0.6927 0.2007 0.6927
vn -0.9575 0.1316 0.2565
vn -0.7918 -0.2061 0.5749
vn -0.9463 0.2007 0.2535
vn -0.8468 0.2075 0.4897
usemtl Egg
s off
f 1396/2283/1202 1402/2284/1202 1395/2285/1202
f 1402/2286/1203 1397/2287/1203 1395/2285/1203
f 1397/2288/1204 1376/2289/1204 1395/2285/1204
f 1376/2290/1205 1396/2291/1205 1395/2285/1205
f 1377/2292/1206 1402/2284/1206 1396/2293/1206
f 1376/2290/1207 1377/2294/1207 1396/2293/1207
f 1377/2292/1208 1378/2295/1208 1402/2296/1208
f 1378/2297/1209 1379/2298/1209 1402/2296/1209
f 1379/2299/1210 1404/2300/1210 1402/2296/1210
f 1404/2301/1211 1405/2302/1211 1402/2296/1211
f 1405/2303/1212 1397/2287/1212 1402/2296/1212
f 1371/2304/1213 1368/2305/1213 1397/2306/1213
f 1368/2307/1214 1376/2289/1214 1397/2306/1214
f 1405/2303/1215 1392/2308/1215 1397/2306/1215
f 1392/2309/1216 1399/2310/1216 1397/2306/1216
f 1399/2311/1217 1371/2312/1217 1397/2306/1217
f 1368/2307/1218 1377/2294/1218 1376/2313/1218
f 1368/2307/1219 1378/2295/1219 1377/2314/1219
f 1368/2307/1220 1379/2298/1220 1378/2315/1220
f 1368/2307/1221 1374/2316/1221 1379/2317/1221
f 1374/2318/1222 1375/2319/1222 1379/2317/1222
f 1375/2320/1223 1403/2321/1223 1379/2317/1223
f 1403/2322/1224 1404/2300/1224 1379/2317/1224
f 1403/2322/1225 1387/2323/1225 1404/2324/1225
f 1387/2325/1226 1401/2326/1226 1404/2324/1226
f 1401/2327/1227 1405/2302/1227 1404/2324/1227
f 1401/2327/1228 1400/2328/1228 1405/2329/1228
f 1400/2330/1229 1406/2331/1229 1405/2329/1229
f 1406/2332/1230 1393/2333/1230 1405/2329/1230
f 1393/2334/1231 1392/2308/1231 1405/2329/1231
f 1399/2311/1232 1398/2335/1232 1371/2336/1232
f 1398/2337/1233 1372/2338/1233 1371/2336/1233
f 1372/2339/1234 1370/2340/1234 1371/2336/1234
f 1370/2341/1235 1368/2305/1235 1371/2336/1235
f 1393/2334/1236 1389/2342/1236 1392/2343/1236
f 1389/2344/1237 1369/2345/1237 1392/2343/1237
f 1369/2346/1238 1370/2340/1238 1392/2343/1238
f 1370/2341/1239 1390/2347/1239 1392/2343/1239
f 1390/2348/1240 1398/2335/1240 1392/2343/1240
f 1398/2337/1241 1399/2310/1241 1392/2343/1241
f 1384/2349/1242 1375/2319/1242 1374/2350/1242
f 1373/2351/1243 1382/2352/1243 1374/2350/1243
f 1382/2353/1244 1384/2354/1244 1374/2350/1244
f 1388/2355/1245 1403/2321/1245 1375/2356/1245
f 1384/2349/1246 1388/2357/1246 1375/2356/1246
f 1385/2358/1247 1387/2323/1247 1403/2359/1247
f 1388/2355/1248 1385/2360/1248 1403/2359/1248
f 1400/2330/1249 1401/2326/1249 1387/2361/1249
f 1385/2358/1250 1384/2354/1250 1387/2361/1250
f 1384/2349/1251 1386/2362/1251 1387/2361/1251
f 1386/2363/1252 1389/2342/1252 1387/2361/1252
f 1389/2344/1253 1400/2328/1253 1387/2361/1253
f 1389/2344/1254 1391/2364/1254 1400/2365/1254
f 1391/2366/1255 1406/2331/1255 1400/2365/1255
f 1391/2366/1256 1394/2367/1256 1406/2368/1256
f 1394/2369/1257 1393/2333/1257 1406/2368/1257
f 1394/2369/1258 1391/2364/1258 1393/2370/1258
f 1391/2366/1259 1389/2342/1259 1393/2370/1259
f 1370/2341/1260 1372/2338/1260 1398/2371/1260
f 1390/2348/1261 1370/2340/1261 1398/2371/1261
f 1389/2344/1262 1380/2372/1262 1369/2373/1262
f 1380/2374/1263 1381/2375/1263 1369/2373/1263
f 1386/2363/1264 1381/2375/1264 1389/2376/1264
f 1381/2377/1265 1380/2372/1265 1389/2376/1265
f 1382/2353/1266 1383/2378/1266 1384/2379/1266
f 1385/2358/1267 1388/2357/1267 1384/2379/1267
f 1419/2380/1268 1368/2381/1268 1420/2382/1268
f 1418/2383/1269 1368/2381/1269 1419/2384/1269
f 1418/2385/1270 1373/2386/1270 1374/2350/1270
f 1381/2377/1271 1409/2387/1271 1369/2373/1271
f 1415/2388/1272 1382/2352/1272 1417/2389/1272
f 1417/2390/1273 1373/2386/1273 1418/2391/1273
f 1383/2392/1274 1408/2393/1274 1384/2379/1274
f 1386/2362/1275 1408/2394/1275 1407/2395/1275
f 1382/2396/1276 1413/2397/1276 1383/2378/1276
f 1381/2375/1277 1407/2398/1277 1410/2399/1277
f 1412/2400/1278 1383/2378/1278 1413/2401/1278
f 1420/2402/1279 1368/2381/1279 1370/2341/1279
f 1418/2383/1269 1374/2316/1269 1368/2381/1269
f 1381/2377/1271 1410/2403/1271 1409/2387/1271
f 1415/2388/1272 1414/2404/1272 1382/2352/1272
f 1417/2390/1280 1382/2353/1280 1373/2386/1280
f 1386/2362/1275 1384/2379/1275 1408/2394/1275
f 1382/2396/1276 1414/2405/1276 1413/2397/1276
f 1381/2375/1281 1386/2406/1281 1407/2398/1281
f 1412/2400/1282 1408/2407/1282 1383/2378/1282
f 1370/2341/1283 1369/2346/1283 1420/2402/1283
f 1369/2346/1284 1409/2408/1284 1416/2409/1284
f 1409/2408/1284 1411/2410/1284 1416/2409/1284
f 1416/2409/1284 1420/2402/1284 1369/2346/1284
s 1
f 1425/2411/1285 1426/2412/1285 1422/2413/1286
f 1367/2414/1287 1422/2413/1286 1427/2415/1288
f 1367/2414/1287 1430/2416/1289 1424/2417/1290
f 1433/2418/1291 1434/2419/1291 1430/2416/1289
f 1426/2412/1285 1423/2420/1285 1421/2421/1285
f 1421/2421/1285 1422/2413/1286 1426/2412/1285
f 1422/2413/1286 1367/2414/1287 1425/2411/1285
f 1367/2414/1287 1424/2417/1290 1425/2411/1285
f 1428/2422/1288 1429/2423/1292 1427/2415/1288
f 1429/2423/1292 1367/2414/1287 1427/2415/1288
f 1434/2419/1291 1431/2424/1291 1432/2425/1291
f 1432/2425/1291 1430/2416/1289 1434/2419/1291
f 1430/2416/1289 1367/2414/1287 1429/2423/1292
f 1433/2418/1291 1430/2416/1289 1429/2423/1292
o Sphere.003_cell.042_Sphere.003_cell.041
v -0.091030 -0.108827 0.052556
v -0.031204 -0.069887 0.057925
v -0.044885 -0.058297 0.080540
v -0.052195 -0.077782 0.031951
v -0.068612 -0.093898 0.023452
v -0.059439 -0.057780 0.098916
v -0.063623 -0.108827 0.079963
v -0.068212 -0.049188 0.092628
v -0.097585 -0.073086 0.056341
v -0.095292 -0.068127 0.060069
v -0.089304 -0.055512 0.069707
v -0.076162 -0.051406 0.084036
v -0.067054 -0.123358 0.055066
v -0.058138 -0.121133 0.067267
v -0.073724 -0.124971 0.046013
v -0.098600 -0.098327 0.032603
v -0.096040 -0.108827 0.033858
v -0.079388 -0.123601 0.036375
v -0.083895 -0.120348 0.032684
v -0.095292 -0.068127 0.060069
v -0.097585 -0.073086 0.056341
v -0.063623 -0.108827 0.079963
v -0.059439 -0.057780 0.098916
v -0.068212 -0.049188 0.092628
v -0.076162 -0.051406 0.084036
v -0.089304 -0.055512 0.069707
v -0.073724 -0.124971 0.046013
v -0.067054 -0.123358 0.055066
v -0.058138 -0.121133 0.067267
v -0.098600 -0.098327 0.032603
v -0.096040 -0.108827 0.033858
v -0.083895 -0.120348 0.032684
v -0.079388 -0.123601 0.036375
vt 0.541917 0.184495
vt 0.645836 0.125312
vt 0.645836 0.236486
vt 0.334788 0.125312
vt 0.645836 0.125312
vt 0.645836 0.249164
vt 0.161133 0.252182
vt 0.034263 0.125312
vt 0.221480 0.125312
vt 0.451730 0.163646
vt 0.415990 0.125312
vt 0.645836 0.125312
vt 0.415990 0.507039
vt 0.386191 0.125312
vt 0.645836 0.736885
vt 0.389180 0.239512
vt 0.645836 0.549667
vt 0.289330 0.380379
vt 0.034263 0.125312
vt 0.364568 0.125312
vt 0.645836 0.464934
vt 0.645836 0.125312
vt 0.034263 0.125312
vt 0.645836 0.436359
vt 0.373885 0.464934
vt 0.645836 0.306109
vt 0.645836 0.736885
vt 0.215060 0.306109
vt 0.645836 0.464017
vt 0.539975 0.631024
vt 0.287915 0.125312
vt 0.645836 0.384956
vt 0.467390 0.125312
vt 0.645836 0.303757
vt 0.364568 0.455617
vt 0.287915 0.378964
vt 0.120160 0.210923
vt 0.114154 0.281727
vt 0.088670 0.261109
vt 0.100625 0.177434
vt 0.116283 0.182561
vt 0.084854 0.210924
vt 0.065443 0.223871
vt 0.067221 0.210924
vt 0.075660 0.176875
vt 0.084854 0.172900
vt 0.098286 0.276664
vt 0.084854 0.254994
vt 0.133029 0.275848
vt 0.123603 0.284462
vt 0.088264 0.173717
vt 0.070127 0.184372
vn -0.2620 -0.1796 -0.9482
vn 0.7477 -0.2841 0.6002
vn 0.3271 -0.4743 -0.8173
vn -0.3069 0.6585 -0.6871
vn -0.2980 0.6648 -0.6850
vn 0.7256 -0.4784 -0.4945
vn 0.7455 -0.4784 -0.4641
vn 0.7487 -0.4774 -0.4600
vn 0.7486 -0.2843 0.5990
vn 0.1665 0.9148 -0.3681
vn 0.4988 0.7823 0.3731
vn 0.1549 0.9124 -0.3789
vn 0.1449 0.9080 -0.3931
vn -0.2632 -0.1775 -0.9483
vn 0.7487 -0.2845 0.5987
vn -0.6376 -0.4323 0.6376
vn -0.6927 -0.2004 0.6927
vn -0.4890 -0.7223 0.4890
vn -0.7618 -0.4758 0.4396
vn -0.9463 -0.2004 0.2535
vn -0.8586 -0.4581 0.2300
vn -0.6388 -0.7387 0.2149
vn -0.5472 -0.7429 0.3855
vn -0.7661 -0.2050 0.6091
vn -0.6679 -0.7223 0.1790
usemtl Egg
s off
f 1451/2426/1293 1439/2427/1293 1453/2428/1293
f 1441/2429/1294 1437/2430/1294 1440/2431/1294
f 1453/2432/1295 1439/2433/1295 1452/2434/1295
f 1439/2427/1296 1443/2435/1296 1444/2436/1296
f 1438/2437/1297 1444/2438/1297 1445/2439/1297
f 1439/2440/1298 1449/2441/1298 1452/2442/1298
f 1449/2443/1299 1438/2444/1299 1447/2445/1299
f 1448/2446/1300 1438/2444/1300 1436/2447/1300
f 1436/2448/1301 1441/2449/1301 1448/2450/1301
f 1442/2451/1302 1437/2452/1302 1436/2448/1302
f 1442/2453/1303 1440/2454/1303 1437/2452/1303
f 1442/2455/1304 1436/2448/1304 1446/2456/1304
f 1445/2457/1305 1436/2448/1305 1438/2437/1305
f 1451/2426/1306 1450/2458/1306 1439/2427/1306
f 1439/2427/1296 1450/2459/1296 1443/2435/1296
f 1438/2437/1297 1439/2440/1297 1444/2438/1297
f 1439/2440/1298 1438/2444/1298 1449/2441/1298
f 1448/2446/1300 1447/2460/1300 1438/2444/1300
f 1436/2448/1307 1437/2430/1307 1441/2449/1307
f 1445/2457/1305 1446/2461/1305 1436/2448/1305
s 1
f 1456/2462/1308 1459/2463/1309 1454/2464/1309
f 1462/2465/1310 1463/2466/1310 1456/2462/1308
f 1435/2467/1311 1464/2468/1312 1465/2469/1313
f 1467/2470/1314 1461/2471/1315 1435/2467/1311
f 1460/2472/1309 1454/2464/1309 1459/2463/1309
f 1454/2464/1309 1455/2473/1316 1456/2462/1308
f 1455/2473/1316 1435/2467/1311 1456/2462/1308
f 1456/2462/1308 1457/2474/1309 1459/2463/1309
f 1457/2474/1309 1458/2475/1309 1459/2463/1309
f 1456/2462/1308 1435/2467/1311 1462/2465/1310
f 1435/2467/1311 1461/2476/1315 1462/2465/1310
f 1435/2467/1311 1455/2473/1316 1464/2468/1312
f 1465/2469/1313 1466/2477/1317 1435/2467/1311
f 1466/2477/1317 1467/2470/1314 1435/2467/1311
o Sphere.003_cell.043_Sphere.003_cell.042
v -0.052556 -0.149906 0.030343
v 0.008885 -0.129288 0.031293
v 0.014050 -0.108559 0.049128
v -0.009401 -0.106035 0.071402
v 0.006126 -0.099429 0.065667
v 0.013359 -0.102742 0.055976
v 0.011421 -0.128757 0.024030
v -0.003931 -0.104404 -0.017677
v -0.063891 -0.091735 0.023131
v -0.022221 -0.064424 -0.011638
v -0.045339 -0.074721 0.006650
v 0.012450 -0.106535 0.000664
v -0.029249 -0.069893 0.057208
v -0.050911 -0.077435 0.030102
v 0.016073 -0.081697 0.007695
v 0.014800 -0.087553 -0.001015
v 0.006985 -0.070888 0.052785
v -0.007451 -0.061604 0.051169
v 0.002047 -0.085715 -0.017525
v -0.016512 -0.062647 -0.012476
v 0.000229 -0.076485 -0.017042
v 0.009787 -0.068035 0.048739
v 0.011091 -0.052136 0.014737
v 0.009649 -0.053599 0.031544
v 0.008461 -0.077142 -0.011357
v 0.006708 -0.053265 0.001282
v 0.007786 -0.071221 -0.010808
v -0.037928 -0.135879 0.065694
v -0.038389 -0.132049 0.069712
v -0.065677 -0.124575 0.054644
v -0.056941 -0.122452 0.066516
v -0.036752 -0.140775 0.059637
v -0.072578 -0.126370 0.045091
v -0.034832 -0.149906 0.048067
v -0.076658 -0.125833 0.037554
v -0.072222 -0.130610 0.034830
v -0.054048 -0.149906 0.024776
v -0.032138 -0.151727 0.043685
v -0.028107 -0.154478 0.037025
v -0.030756 -0.158753 0.017757
v -0.032957 -0.158621 0.010953
v -0.037928 -0.135879 0.065694
v -0.038389 -0.132049 0.069712
v -0.056941 -0.122452 0.066516
v -0.065677 -0.124575 0.054644
v -0.072578 -0.126370 0.045091
v -0.076658 -0.125833 0.037554
v -0.072222 -0.130610 0.034830
v -0.054048 -0.149906 0.024776
v -0.028107 -0.154478 0.037025
v -0.032138 -0.151727 0.043685
v -0.034832 -0.149906 0.048067
v -0.032957 -0.158621 0.010953
v -0.036752 -0.140775 0.059637
v -0.030756 -0.158753 0.017757
vt 0.034263 0.125312
vt 0.645836 0.125312
vt 0.645836 0.736885
vt 0.034263 0.125312
vt 0.645836 0.125312
vt 0.034263 0.125312
vt 0.645836 0.125312
vt 0.034263 0.125312
vt 0.645836 0.125312
vt 0.034263 0.125312
vt 0.645836 0.125312
vt 0.034263 0.125312
vt 0.645836 0.125312
vt 0.034263 0.125312
vt 0.645836 0.125312
vt 0.645836 0.125312
vt 0.645836 0.736885
vt 0.034263 0.125312
vt 0.645836 0.125312
vt 0.034263 0.125312
vt 0.645836 0.125312
vt 0.034263 0.125312
vt 0.645836 0.125312
vt 0.645836 0.736885
vt 0.034263 0.125312
vt 0.645836 0.125312
vt 0.645836 0.736885
vt 0.034263 0.125312
vt 0.645836 0.125312
vt 0.034263 0.125312
vt 0.034263 0.125312
vt 0.645836 0.736885
vt 0.034263 0.125312
vt 0.645836 0.736885
vt 0.645836 0.125312
vt 0.645836 0.736885
vt 0.034263 0.125312
vt 0.645836 0.125312
vt 0.034263 0.125312
vt 0.645836 0.736885
vt 0.645836 0.125312
vt 0.034263 0.125312
vt 0.034263 0.125312
vt 0.645836 0.125312
vt 0.645836 0.736885
vt 0.034263 0.125312
vt 0.645836 0.125312
vt 0.034263 0.125312
vt 0.645836 0.125312
vt 0.034263 0.125312
vt 0.645836 0.736885
vt 0.645836 0.736885
vt 0.645836 0.736885
vt 0.034263 0.125312
vt 0.645836 0.736885
vt 0.645836 0.736885
vt 0.645836 0.736885
vt 0.034263 0.125312
vt 0.645836 0.736885
vt 0.645836 0.125312
vt 0.645836 0.736885
vt 0.645836 0.467287
vt 0.286533 0.125312
vt 0.377687 0.125312
vt 0.645836 0.736885
vt 0.377687 0.468736
vt 0.416089 0.125312
vt 0.645836 0.125312
vt 0.645836 0.446989
vt 0.568348 0.227748
vt 0.645836 0.160981
vt 0.057611 0.125312
vt 0.645836 0.125312
vt 0.645836 0.381063
vt 0.382469 0.125312
vt 0.290014 0.381063
vt 0.645836 0.125312
vt 0.645836 0.408770
vt 0.645836 0.736885
vt 0.645836 0.484614
vt 0.317721 0.408770
vt 0.645836 0.424359
vt 0.034263 0.125312
vt 0.645836 0.125312
vt 0.368259 0.125312
vt 0.645836 0.355059
vt 0.297629 0.125312
vt 0.645836 0.393521
vt 0.302472 0.393521
vt 0.645836 0.339673
vt 0.621852 0.712901
vt 0.645836 0.125312
vt 0.629544 0.720593
vt 0.513707 0.336697
vt 0.333311 0.424359
vt 0.395679 0.237829
vt 0.355940 0.446989
vt 0.379258 0.125312
vt 0.248624 0.339673
vt 0.629544 0.125312
vt 0.131779 0.137293
vt 0.101196 0.174629
vt 0.084854 0.116249
vt 0.084854 0.169462
vt 0.078190 0.171729
vt 0.077717 0.160720
vt 0.138186 0.109880
vt 0.124401 0.116249
vt 0.188476 0.077216
vt 0.184893 0.116249
vt 0.248256 0.076087
vt 0.134417 0.148577
vt 0.134417 0.163208
vt 0.116738 0.179522
vt 0.075760 0.116249
vt 0.160708 0.099420
vn 0.9850 0.1429 0.0969
vn 0.9851 0.1354 0.1058
vn 0.9862 0.1244 0.1096
vn 0.9969 0.0347 0.0711
vn 0.9943 -0.1051 -0.0196
vn 0.9907 -0.1201 -0.0640
vn 0.9309 0.2254 -0.2876
vn 0.9302 0.2260 -0.2892
vn 0.9089 0.2691 -0.3186
vn -0.3659 0.9297 0.0412
vn -0.3573 0.9326 0.0505
vn -0.3308 0.9389 0.0948
vn 0.3525 0.7181 0.6001
vn 0.3370 0.6436 0.6872
vn 0.6834 0.2832 0.6729
vn 0.8168 0.1971 0.5422
vn 0.8561 -0.4427 0.2666
vn 0.9884 -0.1294 -0.0795
vn 0.7743 -0.1502 -0.6148
vn 0.7763 -0.1384 -0.6150
vn 0.9010 0.1408 -0.4105
vn 0.5821 0.1406 -0.8009
vn 0.5631 0.1533 -0.8121
vn 0.2702 0.5489 -0.7910
vn -0.3110 0.9430 -0.1182
vn -0.3725 0.9274 0.0330
vn -0.3704 0.9281 0.0378
vn 0.2446 0.5577 -0.7932
vn 0.0959 0.4090 0.9075
vn 0.1586 0.4034 0.9012
vn 0.1619 0.4019 0.9012
vn 0.7140 -0.2230 -0.6636
vn -0.0851 0.0353 -0.9957
vn -0.1773 0.1083 -0.9782
vn -0.2067 0.0530 -0.9770
vn -0.3994 0.9167 0.0112
vn -0.7153 0.6930 -0.0897
vn 0.5111 -0.6172 0.5982
vn 0.5175 -0.6257 0.5836
vn 0.5186 -0.6275 0.5808
vn 0.5720 -0.8081 0.1407
vn 0.5873 -0.7829 -0.2052
vn 0.5713 -0.6071 -0.5523
vn -0.7469 0.4758 0.4645
vn -0.1893 0.2671 0.9449
vn 0.4882 -0.5860 0.6467
vn 0.4963 -0.5993 0.6281
vn -0.6026 -0.1088 -0.7906
vn 0.5194 -0.6318 0.5753
vn -0.7539 0.4734 0.4556
vn -0.7603 0.4730 0.4453
vn 0.5602 -0.6010 -0.5701
vn -0.5596 -0.1324 -0.8181
vn -0.5799 -0.1268 -0.8048
vn 0.5132 -0.6189 0.5946
vn 0.5184 -0.6283 0.5801
vn 0.5211 -0.6258 0.5804
vn 0.5662 -0.8177 0.1036
vn -0.1291 0.0796 0.9884
vn -0.5800 -0.1269 -0.8047
vn -0.5798 -0.1269 -0.8048
vn -0.4890 -0.7223 0.4890
vn -0.4683 -0.8412 0.2703
vn -0.5605 -0.7295 0.3920
vn -0.6175 -0.7342 0.2820
vn -0.6363 -0.7225 0.2701
vn -0.2418 -0.9397 0.2418
vn -0.3989 -0.8256 0.3989
vn -0.2966 -0.9432 0.1492
vn -0.4845 -0.8651 0.1298
vn -0.3303 -0.9397 0.0885
vn -0.4763 -0.7066 0.5233
vn -0.4490 -0.6719 0.5889
vn -0.4850 -0.7175 0.4999
usemtl Egg
s off
f 1490/2478/1318 1491/2479/1318 1482/2480/1318
f 1491/2481/1319 1489/2482/1319 1482/2480/1319
f 1489/2483/1320 1473/2484/1320 1482/2480/1320
f 1473/2485/1321 1470/2486/1321 1482/2480/1321
f 1470/2487/1322 1474/2488/1322 1482/2480/1322
f 1474/2489/1323 1483/2490/1323 1482/2480/1323
f 1483/2491/1324 1490/2492/1324 1482/2480/1324
f 1483/2491/1325 1494/2493/1325 1490/2494/1325
f 1494/2495/1326 1493/2496/1326 1490/2494/1326
f 1493/2497/1327 1480/2498/1327 1490/2494/1327
f 1480/2499/1328 1491/2479/1328 1490/2494/1328
f 1480/2499/1329 1485/2500/1329 1491/2501/1329
f 1485/2502/1330 1489/2482/1330 1491/2501/1330
f 1485/2502/1331 1484/2503/1331 1489/2504/1331
f 1484/2505/1332 1472/2506/1332 1489/2504/1332
f 1472/2507/1333 1473/2484/1333 1489/2504/1333
f 1469/2508/1334 1474/2488/1334 1470/2509/1334
f 1479/2510/1335 1483/2490/1335 1474/2511/1335
f 1479/2510/1336 1486/2512/1336 1483/2513/1336
f 1486/2514/1337 1492/2515/1337 1483/2513/1337
f 1492/2516/1338 1494/2493/1338 1483/2513/1338
f 1492/2516/1339 1486/2512/1339 1494/2517/1339
f 1486/2514/1340 1488/2518/1340 1494/2517/1340
f 1488/2519/1341 1493/2496/1341 1494/2517/1341
f 1487/2520/1342 1477/2521/1342 1493/2522/1342
f 1477/2523/1343 1481/2524/1343 1493/2522/1343
f 1481/2525/1344 1480/2498/1344 1493/2522/1344
f 1488/2519/1345 1487/2526/1345 1493/2522/1345
f 1471/2527/1346 1485/2500/1346 1480/2528/1346
f 1471/2527/1347 1484/2503/1347 1485/2529/1347
f 1471/2527/1348 1472/2506/1348 1484/2530/1348
f 1475/2531/1349 1486/2512/1349 1479/2532/1349
f 1475/2531/1350 1488/2518/1350 1486/2533/1350
f 1477/2523/1351 1487/2526/1351 1488/2534/1351
f 1475/2531/1352 1477/2521/1352 1488/2534/1352
f 1478/2535/1353 1481/2524/1353 1477/2536/1353
f 1478/2535/1354 1476/2537/1354 1481/2538/1354
f 1521/2539/1355 1472/2507/1355 1495/2540/1355
f 1521/2541/1356 1470/2486/1356 1473/2542/1356
f 1521/2543/1357 1505/2544/1357 1469/2545/1357
f 1469/2508/1358 1506/2546/1358 1474/2511/1358
f 1474/2511/1359 1507/2547/1359 1508/2548/1359
f 1508/2549/1360 1479/2550/1360 1474/2511/1360
f 1498/2551/1361 1481/2525/1361 1497/2552/1361
f 1498/2553/1362 1471/2554/1362 1480/2528/1362
f 1471/2527/1363 1496/2555/1363 1472/2556/1363
f 1495/2557/1364 1472/2556/1364 1496/2558/1364
f 1503/2559/1365 1476/2560/1365 1478/2561/1365
f 1506/2562/1366 1469/2545/1366 1505/2563/1366
f 1497/2564/1367 1481/2524/1367 1500/2565/1367
f 1500/2566/1368 1476/2537/1368 1502/2567/1368
f 1508/2568/1369 1475/2531/1369 1479/2550/1369
f 1475/2569/1370 1508/2570/1370 1477/2523/1370
f 1504/2571/1371 1503/2572/1371 1478/2535/1371
f 1521/2539/1372 1473/2542/1372 1472/2507/1372
f 1469/2545/1373 1470/2509/1373 1521/2543/1373
f 1521/2543/1374 1501/2573/1374 1505/2544/1374
f 1474/2511/1375 1506/2574/1375 1507/2547/1375
f 1498/2551/1361 1480/2528/1361 1481/2525/1361
f 1498/2553/1376 1496/2575/1376 1471/2554/1376
f 1503/2559/1365 1502/2576/1365 1476/2560/1365
f 1500/2566/1368 1481/2525/1368 1476/2537/1368
f 1478/2535/1377 1477/2523/1377 1508/2577/1377
f 1508/2577/1378 1504/2571/1378 1478/2535/1378
s 1
f 1499/2578/1379 1512/2579/1379 1468/2580/1380
f 1513/2581/1381 1514/2582/1382 1515/2583/1383
f 1518/2584/1384 1519/2585/1385 1468/2580/1380
f 1522/2586/1386 1516/2587/1387 1520/2588/1388
f 1509/2589/1389 1510/2590/1390 1511/2591/1391
f 1511/2591/1391 1512/2579/1379 1499/2578/1379
f 1512/2579/1379 1513/2581/1381 1468/2580/1380
f 1511/2591/1391 1499/2578/1379 1509/2589/1389
f 1468/2580/1380 1519/2585/1385 1499/2578/1379
f 1516/2592/1387 1468/2580/1380 1515/2583/1383
f 1468/2580/1380 1513/2581/1381 1515/2583/1383
f 1522/2586/1386 1517/2593/1384 1468/2580/1380
f 1517/2593/1384 1518/2584/1384 1468/2580/1380
f 1522/2586/1386 1468/2580/1380 1516/2587/1387
o Sphere.003_cell.044_Sphere.003_cell.043
v -0.060687 0.125407 -0.000000
v -0.060309 0.077149 0.013882
v -0.029159 0.068038 -0.020243
v -0.032898 0.062882 -0.017487
v -0.059798 0.072331 -0.028362
v -0.040213 0.140031 0.008356
v -0.036477 0.143286 0.007150
v -0.057126 0.125407 0.013290
v -0.031656 0.148349 0.001578
v -0.052729 0.125407 -0.029698
v -0.077762 0.085077 0.019029
v -0.067814 0.104490 0.016322
v -0.081351 0.084829 0.006141
v -0.079745 0.084937 0.011913
v -0.082998 0.084826 -0.000000
v -0.078210 0.079813 -0.028155
v -0.071717 0.085999 -0.039697
v -0.062543 0.092611 -0.044988
v -0.054040 0.120253 -0.032731
v -0.059214 0.096420 -0.045456
v -0.057126 0.125407 0.013290
v -0.040213 0.140031 0.008356
v -0.036477 0.143286 0.007150
v -0.067814 0.104490 0.016322
v -0.082998 0.084826 -0.000000
v -0.081351 0.084829 0.006141
v -0.079745 0.084937 0.011913
v -0.077762 0.085077 0.019029
v -0.078210 0.079813 -0.028155
v -0.071717 0.085999 -0.039697
v -0.054040 0.120253 -0.032731
v -0.059214 0.096420 -0.045456
v -0.031656 0.148349 0.001578
v -0.052729 0.125407 -0.029698
v -0.062543 0.092611 -0.044988
vt 0.034263 0.125312
vt 0.645836 0.125312
vt 0.645836 0.736885
vt 0.265755 0.356804
vt 0.034263 0.125312
vt 0.253501 0.220472
vt 0.140154 0.125312
vt 0.645836 0.125312
vt 0.645836 0.356804
vt 0.645836 0.587431
vt 0.645836 0.736885
vt 0.420380 0.511429
vt 0.645836 0.531783
vt 0.496382 0.587431
vt 0.645836 0.125312
vt 0.098961 0.125312
vt 0.034263 0.125312
vt 0.645836 0.511429
vt 0.645836 0.125312
vt 0.645836 0.239235
vt 0.316933 0.125312
vt 0.312267 0.211158
vt 0.148186 0.239235
vt 0.471184 0.562233
vt 0.531517 0.125312
vt 0.265014 0.356063
vt 0.645836 0.252974
vt 0.531517 0.622566
vt 0.645836 0.672186
vt 0.099434 0.190483
vt 0.034263 0.125312
vt 0.134885 0.125312
vt 0.538998 0.125312
vt 0.645836 0.454215
vt 0.645836 0.240834
vt 0.566062 0.250242
vt 0.149785 0.240834
vt 0.141100 0.125312
vt 0.471184 0.125312
vt 0.134885 0.225934
vt 0.035292 0.447400
vt 0.042609 0.447404
vt 0.057652 0.470439
vt 0.630042 0.494947
vt 0.581533 0.494947
vt 0.580479 0.493202
vt 0.580479 0.449608
vt 0.567975 0.460984
vt 0.570884 0.456522
vt 0.319095 0.509126
vt 0.319597 0.512504
vt 0.359643 0.517347
vt 0.058052 0.447694
vt 0.049511 0.447529
vt 0.056999 0.494947
vt 0.035292 0.494947
vt 0.582252 0.448774
vt 0.597517 0.441526
vt 0.630042 0.447400
vt 0.578556 0.488908
vt 0.391258 0.494947
vn -0.3659 -0.9252 0.1011
vn 0.7352 0.1951 -0.6492
vn 0.7395 0.1978 -0.6434
vn 0.3375 -0.3997 -0.8522
vn 0.7306 0.1914 -0.6554
vn 0.7197 -0.1611 0.6753
vn 0.1828 -0.5632 -0.8059
vn 0.2791 -0.0091 0.9602
vn 0.2857 -0.0071 0.9583
vn 0.3229 -0.0200 0.9462
vn 0.0100 -0.6331 -0.7740
vn 0.8081 -0.1394 0.5724
vn -0.3125 -0.7529 -0.5793
vn -0.3798 -0.9167 0.1239
vn -0.3736 -0.9221 0.1007
vn -0.3798 -0.9169 0.1227
vn 0.0948 -0.6234 -0.7761
vn 0.6983 -0.1811 0.6925
vn -0.8741 0.4854 -0.0190
vn -0.8531 0.4690 0.2286
vn -0.7621 0.6472 -0.0167
vn -0.8256 0.5260 -0.2043
vn -0.8490 0.4447 -0.2854
vn -0.8104 0.4875 -0.3248
vn -0.6609 0.4693 -0.5856
vn -0.6766 0.5283 -0.5129
vn -0.6487 0.7609 -0.0104
vn -0.6170 0.7694 0.1653
vn -0.7027 0.7113 -0.0140
vn -0.7501 0.6300 0.2010
vn -0.8472 0.4808 -0.2258
usemtl Egg
s off
f 1524/2594/1392 1527/2595/1392 1526/2596/1392
f 1532/2597/1393 1525/2598/1393 1541/2599/1393
f 1555/2600/1394 1525/2601/1394 1532/2602/1394
f 1542/2603/1395 1525/2604/1395 1557/2605/1395
f 1541/2606/1396 1525/2604/1396 1542/2607/1396
f 1526/2608/1397 1525/2604/1397 1555/2609/1397
f 1525/2604/1398 1526/2610/1398 1557/2611/1398
f 1524/2612/1399 1534/2613/1399 1533/2614/1399
f 1524/2594/1400 1530/2615/1400 1534/2616/1400
f 1544/2617/1401 1524/2594/1401 1545/2618/1401
f 1557/2619/1402 1527/2595/1402 1539/2620/1402
f 1545/2621/1403 1526/2608/1403 1555/2622/1403
f 1539/2623/1404 1527/2624/1404 1538/2625/1404
f 1536/2626/1405 1524/2612/1405 1533/2627/1405
f 1524/2612/1406 1535/2628/1406 1537/2629/1406
f 1535/2630/1407 1524/2594/1407 1536/2631/1407
f 1524/2594/1400 1544/2632/1400 1530/2615/1400
f 1557/2619/1408 1526/2610/1408 1527/2595/1408
f 1545/2621/1409 1524/2594/1409 1526/2608/1409
f 1538/2633/1406 1527/2624/1406 1537/2629/1406
f 1527/2624/1406 1524/2612/1406 1537/2629/1406
s 1
f 1547/2634/1410 1548/2635/1411 1546/2636/1411
f 1523/2637/1412 1556/2638/1413 1553/2639/1414
f 1552/2640/1415 1554/2641/1416 1540/2642/1417
f 1528/2643/1418 1529/2644/1419 1531/2645/1420
f 1550/2646/1411 1546/2636/1411 1549/2647/1411
f 1546/2636/1411 1543/2648/1421 1523/2649/1412
f 1549/2647/1411 1546/2636/1411 1548/2635/1411
f 1523/2649/1412 1547/2634/1410 1546/2636/1411
f 1552/2650/1415 1551/2651/1422 1553/2639/1414
f 1551/2651/1422 1547/2652/1410 1553/2639/1414
f 1547/2652/1410 1523/2637/1412 1553/2639/1414
f 1552/2640/1415 1553/2653/1414 1554/2641/1416
f 1531/2645/1420 1556/2638/1413 1528/2643/1418
f 1556/2638/1413 1523/2637/1412 1528/2643/1418
f 1523/2637/1412 1543/2654/1421 1528/2643/1418
o Sphere.003_cell.045_Sphere.003_cell.044
v -0.105112 0.044604 -0.000000
v -0.039721 0.033557 0.043242
v -0.060227 0.069016 0.031970
v -0.035033 0.043197 0.042130
v -0.036932 -0.001884 -0.026294
v -0.074777 -0.010330 -0.025816
v -0.059292 0.069982 -0.027960
v -0.011355 0.028300 0.022038
v -0.028069 0.002613 -0.022192
v -0.106915 -0.011624 -0.014813
v -0.025784 0.031753 0.034628
v -0.005087 0.020158 0.003300
v -0.060139 0.075144 0.014092
v -0.033499 0.060895 -0.016804
v -0.016066 0.043639 -0.011500
v -0.027562 0.037699 0.036647
v -0.007505 0.033023 -0.001193
v -0.096898 0.044604 0.030658
v -0.086717 0.064008 0.028837
v -0.083533 0.070125 0.028168
v -0.078790 0.079282 0.027080
v -0.079543 0.083428 0.015765
v -0.083842 0.083291 -0.000000
v -0.102003 0.014829 0.035179
v -0.100923 0.020858 0.034434
v -0.104834 0.010308 0.028191
v -0.106535 0.007728 0.023887
v -0.115908 -0.006284 -0.000000
v -0.112914 -0.001916 0.007715
v -0.079279 0.078123 -0.027635
v -0.098030 0.044604 -0.026431
v -0.080535 0.079571 -0.019976
v -0.113783 -0.009729 -0.010659
v -0.107605 0.001148 -0.025103
v -0.111074 -0.006450 -0.018173
v -0.102249 0.025381 -0.025905
v -0.096898 0.044604 0.030658
v -0.086717 0.064008 0.028837
v -0.083533 0.070125 0.028168
v -0.078790 0.079282 0.027080
v -0.079543 0.083428 0.015765
v -0.083842 0.083291 -0.000000
v -0.100923 0.020858 0.034434
v -0.115908 -0.006284 -0.000000
v -0.112914 -0.001916 0.007715
v -0.106535 0.007728 0.023887
v -0.104834 0.010308 0.028191
v -0.102003 0.014829 0.035179
v -0.080535 0.079571 -0.019976
v -0.079279 0.078123 -0.027635
v -0.098030 0.044604 -0.026431
v -0.102249 0.025381 -0.025905
v -0.107605 0.001148 -0.025103
v -0.111074 -0.006450 -0.018173
v -0.113783 -0.009729 -0.010659
vt 0.034263 0.125312
vt 0.645836 0.125312
vt 0.645836 0.736885
vt 0.034263 0.125312
vt 0.645836 0.125312
vt 0.034263 0.125312
vt 0.645836 0.125312
vt 0.645836 0.736885
vt 0.034263 0.125312
vt 0.645836 0.125312
vt 0.034263 0.125312
vt 0.645836 0.736885
vt 0.034263 0.125312
vt 0.645836 0.125312
vt 0.645836 0.736885
vt 0.645836 0.125312
vt 0.645836 0.125312
vt 0.645836 0.736885
vt 0.034263 0.125312
vt 0.645836 0.125312
vt 0.034263 0.125312
vt 0.645836 0.125312
vt 0.645836 0.736885
vt 0.645836 0.125312
vt 0.034263 0.125312
vt 0.645836 0.736885
vt 0.645836 0.736885
vt 0.645836 0.736885
vt 0.645836 0.125312
vt 0.645836 0.736885
vt 0.398894 0.125312
vt 0.645836 0.736885
vt 0.034263 0.125312
vt 0.645836 0.671881
vt 0.481951 0.573000
vt 0.416667 0.125312
vt 0.587623 0.678672
vt 0.645836 0.530003
vt 0.416667 0.507716
vt 0.645836 0.563755
vt 0.438954 0.530003
vt 0.472706 0.563755
vt 0.475290 0.415899
vt 0.498463 0.125312
vt 0.034263 0.125312
vt 0.498463 0.589512
vt 0.483048 0.574097
vt 0.034263 0.125312
vt 0.454555 0.545604
vt 0.034263 0.125312
vt 0.318237 0.125312
vt 0.418926 0.509975
vt 0.034263 0.125312
vt 0.299352 0.266337
vt 0.318237 0.409286
vt 0.645836 0.125312
vt 0.363946 0.232631
vt 0.147975 0.125312
vt 0.645836 0.125312
vt 0.242224 0.333273
vt 0.645836 0.519185
vt 0.645836 0.736885
vt 0.520593 0.125312
vt 0.251224 0.342273
vt 0.400494 0.491543
vt 0.645836 0.125312
vt 0.645836 0.500857
vt 0.409808 0.500857
vt 0.520593 0.611642
vt 0.645836 0.573000
vt 0.645836 0.125312
vt 0.537213 0.125312
vt 0.645836 0.372253
vt 0.645836 0.574097
vt 0.645836 0.509975
vt 0.251962 0.125312
vt 0.645836 0.333273
vt 0.645836 0.233934
vt 0.251224 0.125312
vt 0.034263 0.125312
vt 0.053943 0.445762
vt 0.035292 0.445601
vt 0.065881 0.430175
vt 0.066318 0.370943
vt 0.035292 0.400273
vt 0.056252 0.354726
vt 0.630042 0.400273
vt 0.606982 0.441242
vt 0.605116 0.400273
vt 0.608273 0.346598
vt 0.614469 0.337213
vt 0.630042 0.337419
vt 0.065468 0.423008
vt 0.064204 0.400273
vt 0.066350 0.442599
vt 0.066612 0.363497
vt 0.063413 0.360657
vt 0.035292 0.337419
vt 0.041967 0.342814
vt 0.630042 0.445601
vt 0.598468 0.439546
vt 0.620928 0.333164
vt 0.606535 0.376530
vn -0.0070 -0.0253 -0.9997
vn 0.2012 -0.8769 0.4366
vn 0.4426 0.1769 -0.8791
vn 0.4136 0.1144 -0.9032
vn 0.3775 0.0961 -0.9210
vn 0.2885 -0.8902 0.3526
vn 0.9457 0.2503 0.2076
vn 0.7667 -0.0784 -0.6372
vn 0.6599 0.7074 0.2532
vn 0.7204 0.5075 0.4727
vn 0.6473 -0.0643 0.7595
vn 0.5229 -0.1297 0.8425
vn 0.5060 -0.1481 0.8497
vn 0.6477 0.7287 0.2224
vn 0.6573 0.7261 0.2018
vn 0.7454 -0.0447 -0.6651
vn 0.6481 0.7220 0.2423
vn 0.6413 0.7248 0.2516
vn 0.1827 -0.8843 0.4297
vn -0.0872 -0.9529 0.2906
vn -0.4949 -0.7168 -0.4912
vn -0.2258 -0.5982 -0.7689
vn -0.0309 -0.0262 -0.9992
vn -0.0251 -0.0218 -0.9994
vn 0.1971 -0.8743 0.4436
vn 0.1974 -0.8733 0.4455
vn 0.1968 -0.8644 0.4627
vn 0.1913 -0.8517 0.4879
vn -0.1714 0.1510 0.9736
vn -0.1773 0.1838 0.9668
vn 0.3732 0.9212 -0.1098
vn 0.3732 0.9208 -0.1128
vn -0.1703 0.1942 0.9661
vn -0.1664 0.2009 0.9654
vn 0.3967 0.8701 0.2925
vn 0.3842 0.9186 -0.0924
vn -0.0949 0.2830 0.9544
vn -0.2224 -0.6504 -0.7263
vn 0.1964 -0.8576 0.4753
vn 0.4003 0.8663 0.2989
vn -0.8531 0.4690 0.2286
vn -0.8762 0.4817 0.0158
vn -0.9463 0.2007 0.2535
vn -0.9401 0.3407 0.0000
vn -0.8531 0.4690 -0.2286
vn -0.9054 0.3484 -0.2426
vn -0.9463 0.2007 -0.2535
vn -0.9755 0.2069 -0.0743
vn -0.9099 0.3356 0.2438
usemtl Egg
s off
f 1564/2655/1423 1562/2656/1423 1563/2657/1423
f 1562/2658/1424 1569/2659/1424 1563/2657/1424
f 1571/2660/1425 1572/2661/1425 1564/2662/1425
f 1572/2663/1426 1566/2664/1426 1564/2662/1426
f 1566/2665/1427 1562/2656/1427 1564/2662/1427
f 1566/2665/1428 1569/2659/1428 1562/2666/1428
f 1574/2667/1429 1565/2668/1429 1569/2669/1429
f 1566/2665/1430 1574/2670/1430 1569/2669/1430
f 1574/2667/1431 1561/2671/1431 1565/2672/1431
f 1561/2673/1432 1573/2674/1432 1565/2672/1432
f 1573/2675/1433 1568/2676/1433 1565/2672/1433
f 1573/2675/1434 1561/2671/1434 1568/2677/1434
f 1561/2673/1435 1559/2678/1435 1568/2677/1435
f 1570/2679/1436 1574/2670/1436 1571/2680/1436
f 1574/2667/1437 1572/2661/1437 1571/2680/1437
f 1574/2667/1438 1566/2664/1438 1572/2681/1438
f 1570/2679/1439 1561/2671/1439 1574/2682/1439
f 1570/2679/1440 1560/2683/1440 1561/2684/1440
f 1586/2685/1441 1567/2686/1441 1563/2687/1441
f 1612/2688/1442 1567/2686/1442 1585/2689/1442
f 1592/2690/1443 1567/2686/1443 1612/2691/1443
f 1591/2692/1444 1563/2657/1444 1592/2693/1444
f 1593/2694/1445 1563/2657/1445 1591/2695/1445
f 1563/2657/1446 1593/2696/1446 1588/2697/1446
f 1584/2698/1447 1563/2657/1447 1569/2699/1447
f 1565/2668/1448 1584/2700/1448 1569/2699/1448
f 1568/2676/1449 1583/2701/1449 1565/2702/1449
f 1559/2678/1450 1583/2703/1450 1568/2704/1450
f 1582/2705/1451 1581/2706/1451 1559/2707/1451
f 1559/2707/1452 1575/2708/1452 1582/2709/1452
f 1571/2710/1453 1580/2711/1453 1579/2712/1453
f 1564/2713/1454 1589/2714/1454 1571/2660/1454
f 1561/2673/1455 1576/2715/1455 1559/2716/1455
f 1578/2717/1456 1577/2718/1456 1561/2673/1456
f 1578/2719/1457 1570/2720/1457 1579/2721/1457
f 1579/2722/1458 1570/2679/1458 1571/2710/1458
f 1561/2673/1459 1560/2683/1459 1578/2723/1459
f 1586/2685/1441 1585/2724/1441 1567/2686/1441
f 1592/2690/1460 1563/2725/1460 1567/2686/1460
f 1587/2726/1446 1564/2713/1446 1588/2697/1446
f 1564/2713/1446 1563/2657/1446 1588/2697/1446
f 1584/2698/1447 1586/2727/1447 1563/2657/1447
f 1565/2668/1448 1583/2728/1448 1584/2700/1448
f 1559/2678/1461 1581/2729/1461 1583/2703/1461
f 1559/2707/1452 1576/2730/1452 1575/2708/1452
f 1571/2710/1453 1589/2731/1453 1580/2711/1453
f 1564/2713/1454 1587/2732/1454 1589/2714/1454
f 1561/2673/1455 1577/2733/1455 1576/2715/1455
f 1578/2719/1462 1560/2734/1462 1570/2720/1462
s 1
f 1598/2735/1463 1599/2736/1464 1596/2737/1463
f 1600/2738/1465 1558/2739/1466 1603/2740/1465
f 1558/2741/1466 1606/2742/1467 1608/2743/1468
f 1610/2744/1469 1611/2745/1469 1601/2746/1470
f 1599/2736/1464 1558/2739/1466 1595/2747/1463
f 1558/2739/1466 1594/2748/1471 1595/2747/1463
f 1599/2736/1464 1595/2747/1463 1596/2737/1463
f 1596/2737/1463 1597/2749/1463 1598/2735/1463
f 1605/2750/1465 1600/2738/1465 1604/2751/1465
f 1600/2738/1465 1594/2748/1471 1558/2739/1466
f 1558/2739/1466 1601/2752/1470 1602/2753/1465
f 1600/2738/1465 1603/2740/1465 1604/2751/1465
f 1602/2753/1465 1603/2740/1465 1558/2739/1466
f 1599/2754/1464 1606/2742/1467 1558/2741/1466
f 1606/2742/1467 1607/2755/1467 1608/2743/1468
f 1611/2745/1469 1590/2756/1469 1601/2746/1470
f 1601/2746/1470 1558/2741/1466 1609/2757/1469
f 1558/2741/1466 1608/2743/1468 1609/2757/1469
f 1609/2757/1469 1610/2744/1469 1601/2746/1470
o Sphere.003_cell.046_Sphere.003_cell.045
v -0.121373 -0.032047 -0.000000
v -0.052923 -0.077257 0.029852
v -0.048551 -0.068327 -0.009515
v -0.069239 -0.043659 -0.027720
v -0.047887 -0.073768 0.006765
v -0.107388 -0.014385 -0.014233
v -0.067984 -0.091604 0.021905
v -0.056589 -0.073023 -0.008336
v -0.090726 -0.054782 0.068496
v -0.098268 -0.045604 0.063609
v -0.098096 -0.070303 0.056636
v -0.103754 -0.039454 0.059902
v -0.098907 -0.088704 0.039064
v -0.108206 -0.032047 0.049142
v -0.099343 -0.096180 0.031529
v -0.112134 -0.075674 -0.000000
v -0.112393 -0.020523 0.024393
v -0.116677 -0.009907 -0.000000
v -0.114718 -0.014161 0.010679
v -0.115906 -0.032047 -0.020406
v -0.113809 -0.013222 -0.013325
v -0.108622 -0.059506 -0.025886
v -0.108392 -0.055501 -0.029910
v -0.111117 -0.046972 -0.026482
v -0.098268 -0.045604 0.063609
v -0.103754 -0.039454 0.059902
v -0.098096 -0.070303 0.056636
v -0.090726 -0.054782 0.068496
v -0.098907 -0.088704 0.039064
v -0.108206 -0.032047 0.049142
v -0.112134 -0.075674 -0.000000
v -0.099343 -0.096180 0.031529
v -0.112393 -0.020523 0.024393
v -0.114718 -0.014161 0.010679
v -0.116677 -0.009907 -0.000000
v -0.113809 -0.013222 -0.013325
v -0.115906 -0.032047 -0.020406
v -0.108622 -0.059506 -0.025886
v -0.111117 -0.046972 -0.026482
v -0.108392 -0.055501 -0.029910
vt 0.034263 0.125312
vt 0.645836 0.125312
vt 0.645836 0.736885
vt 0.645836 0.125312
vt 0.645836 0.736885
vt 0.034263 0.125312
vt 0.645836 0.125312
vt 0.645836 0.125312
vt 0.645836 0.736885
vt 0.034263 0.125312
vt 0.366835 0.185692
vt 0.095175 0.186224
vt 0.645836 0.186224
vt 0.479376 0.125312
vt 0.645836 0.125312
vt 0.034263 0.125312
vt 0.645836 0.265464
vt 0.645836 0.736885
vt 0.251920 0.125312
vt 0.452597 0.528133
vt 0.645836 0.698977
vt 0.607928 0.698977
vt 0.034263 0.125312
vt 0.034263 0.125312
vt 0.602232 0.693280
vt 0.485077 0.455814
vt 0.596026 0.687075
vt 0.034263 0.125312
vt 0.304138 0.247656
vt 0.272686 0.363735
vt 0.645836 0.363735
vt 0.220653 0.311702
vt 0.645836 0.125312
vt 0.463608 0.325060
vt 0.342675 0.125312
vt 0.463256 0.554305
vt 0.645836 0.125312
vt 0.645836 0.519228
vt 0.645836 0.736885
vt 0.337423 0.125312
vt 0.645836 0.486347
vt 0.505683 0.125312
vt 0.591303 0.125312
vt 0.591303 0.682352
vt 0.220653 0.125312
vt 0.292743 0.125312
vt 0.645836 0.554305
vt 0.379314 0.202290
vt 0.089900 0.288881
vt 0.084854 0.258426
vt 0.095163 0.280313
vt 0.075425 0.305598
vt 0.035292 0.251804
vt 0.044364 0.327690
vt 0.035292 0.305598
vt 0.055652 0.319831
vt 0.630042 0.305598
vt 0.618723 0.328850
vt 0.613377 0.305598
vt 0.607818 0.287195
vt 0.084854 0.296465
vt 0.064321 0.226518
vt 0.070764 0.235736
vt 0.035292 0.332944
vt 0.628600 0.332968
vt 0.604576 0.276678
vt 0.607827 0.271739
vt 0.630042 0.251804
vn 0.6662 0.7151 0.2118
vn 0.5020 -0.8139 -0.2925
vn 0.4346 -0.8311 -0.3469
vn 0.6789 -0.7333 0.0373
vn -0.0669 0.3578 -0.9314
vn 0.1457 0.9670 -0.2092
vn -0.0558 0.3569 -0.9325
vn 0.6382 0.7483 0.1810
vn 0.1598 -0.4959 -0.8536
vn 0.1612 -0.4909 -0.8561
vn -0.0394 -0.8447 -0.5338
vn -0.0403 -0.8450 -0.5332
vn 0.3024 -0.6652 0.6827
vn 0.3032 -0.6852 0.6623
vn 0.6561 0.7205 0.2245
vn 0.6561 0.7209 0.2232
vn 0.6747 0.6917 0.2577
vn 0.2476 -0.6936 -0.6764
vn 0.6730 0.6954 0.2519
vn -0.6927 -0.2004 0.6927
vn -0.9076 -0.2052 0.3663
vn -0.9560 -0.1431 0.2561
vn -0.9743 -0.2063 0.0905
vn -0.9463 0.2007 0.2535
vn -1.0000 0.0002 0.0000
vn -0.9463 0.2007 -0.2535
vn -0.9648 -0.0471 -0.2585
vn -0.9463 -0.2004 -0.2535
vn -0.9024 -0.2056 0.3787
vn -0.9463 -0.2004 0.2535
vn -0.9781 0.2075 -0.0138
usemtl Egg
s off
f 1617/2758/1472 1615/2759/1472 1616/2760/1472
f 1617/2758/1473 1619/2761/1473 1615/2762/1473
f 1619/2763/1474 1620/2764/1474 1615/2762/1474
f 1617/2758/1475 1614/2765/1475 1619/2766/1475
f 1618/2767/1476 1632/2768/1476 1633/2769/1476
f 1633/2770/1477 1630/2771/1477 1618/2772/1477
f 1616/2773/1478 1651/2774/1478 1618/2775/1478
f 1631/2776/1479 1618/2775/1479 1630/2777/1479
f 1650/2778/1480 1616/2773/1480 1615/2759/1480
f 1620/2764/1481 1650/2779/1481 1615/2780/1481
f 1620/2781/1482 1619/2761/1482 1650/2782/1482
f 1619/2763/1483 1628/2783/1483 1650/2784/1483
f 1614/2785/1484 1623/2786/1484 1625/2787/1484
f 1619/2763/1485 1625/2788/1485 1627/2789/1485
f 1617/2790/1486 1626/2791/1486 1622/2792/1486
f 1629/2793/1487 1616/2794/1487 1631/2795/1487
f 1614/2796/1488 1622/2797/1488 1621/2798/1488
f 1618/2767/1476 1651/2799/1476 1632/2768/1476
f 1616/2773/1478 1652/2800/1478 1651/2774/1478
f 1631/2776/1479 1616/2794/1479 1618/2775/1479
f 1650/2778/1489 1652/2801/1489 1616/2773/1489
f 1619/2763/1483 1627/2802/1483 1628/2783/1483
f 1614/2785/1484 1621/2803/1484 1623/2786/1484
f 1619/2763/1485 1614/2765/1485 1625/2788/1485
f 1629/2804/1486 1626/2791/1486 1617/2790/1486
f 1626/2791/1486 1624/2805/1486 1622/2792/1486
f 1629/2793/1487 1617/2758/1487 1616/2794/1487
f 1614/2796/1490 1617/2758/1490 1622/2797/1490
s 1
f 1637/2806/1491 1639/2807/1492 1640/2808/1491
f 1639/2807/1492 1642/2809/1493 1643/2810/1494
f 1646/2811/1495 1613/2812/1496 1645/2813/1495
f 1613/2814/1496 1648/2815/1497 1649/2816/1498
f 1613/2814/1496 1649/2816/1498 1636/2817/1499
f 1637/2806/1491 1638/2818/1500 1639/2807/1492
f 1644/2819/1501 1641/2820/1501 1643/2810/1494
f 1641/2820/1501 1639/2807/1492 1643/2810/1494
f 1639/2807/1492 1638/2818/1500 1642/2809/1493
f 1642/2809/1493 1613/2812/1496 1643/2810/1494
f 1647/2821/1502 1613/2812/1496 1646/2811/1495
f 1613/2812/1496 1642/2809/1493 1645/2813/1495
f 1613/2814/1496 1647/2822/1502 1648/2815/1497
f 1635/2823/1499 1634/2824/1499 1636/2817/1499
f 1634/2824/1499 1643/2825/1494 1613/2814/1496
f 1636/2817/1499 1634/2824/1499 1613/2814/1496
o Sphere.003_cell.047_Sphere.003_cell.046
v -0.105112 -0.108827 -0.000000
v -0.057321 -0.075117 -0.008085
v -0.069592 -0.093746 0.021593
v -0.096518 -0.108827 0.032074
v -0.099112 -0.098137 0.030841
v -0.104597 -0.089145 0.017480
v -0.111737 -0.077549 -0.000000
v -0.088127 -0.116815 0.031151
v -0.085477 -0.122965 0.016218
v -0.086696 -0.125856 -0.000000
v -0.086068 -0.125033 -0.005666
v -0.084180 -0.122506 -0.022911
v -0.097756 -0.108827 -0.027456
v -0.108046 -0.059943 -0.027689
v -0.104302 -0.077584 -0.027717
v -0.104597 -0.089145 0.017480
v -0.111737 -0.077549 -0.000000
v -0.096518 -0.108827 0.032074
v -0.099112 -0.098137 0.030841
v -0.088127 -0.116815 0.031151
v -0.086696 -0.125856 -0.000000
v -0.085477 -0.122965 0.016218
v -0.086068 -0.125033 -0.005666
v -0.097756 -0.108827 -0.027456
v -0.084180 -0.122506 -0.022911
v -0.108046 -0.059943 -0.027689
v -0.104302 -0.077584 -0.027717
vt 0.196363 0.185859
vt 0.034263 0.125312
vt 0.212496 0.125312
vt 0.645836 0.125312
vt 0.485043 0.176475
vt 0.437335 0.125312
vt 0.645836 0.125312
vt 0.234189 0.325238
vt 0.034263 0.125312
vt 0.645836 0.736885
vt 0.288857 0.125312
vt 0.645836 0.558651
vt 0.448252 0.294408
vt 0.288857 0.379906
vt 0.106111 0.125312
vt 0.645836 0.377360
vt 0.406114 0.243244
vt 0.403875 0.125312
vt 0.276223 0.125312
vt 0.645836 0.333812
vt 0.145306 0.236355
vt 0.645836 0.325238
vt 0.645836 0.251041
vt 0.573987 0.125312
vt 0.286311 0.377360
vt 0.035292 0.210924
vt 0.065539 0.210924
vt 0.063793 0.224104
vt 0.035292 0.171677
vt 0.053249 0.178340
vt 0.604150 0.210924
vt 0.623585 0.173574
vt 0.630042 0.210924
vt 0.630042 0.249491
vt 0.606268 0.271201
vt 0.605453 0.249447
vt 0.051085 0.235192
vt 0.035292 0.249491
vt 0.067169 0.192513
vt 0.604901 0.179399
vt 0.630042 0.171677
vn 0.2706 0.1748 0.9467
vn 0.8668 -0.4981 0.0237
vn 0.8728 -0.4849 0.0565
vn 0.0461 0.8374 0.5447
vn 0.0427 0.8405 0.5401
vn 0.3806 0.0822 -0.9211
vn 0.3813 0.0722 -0.9216
vn 0.8668 -0.4982 0.0219
vn 0.7962 -0.4965 0.3457
vn -0.8807 -0.4736 0.0000
vn -0.8320 -0.5079 0.2229
vn -0.9463 -0.2004 0.2535
vn -0.6789 -0.7342 -0.0028
vn -0.6679 -0.7223 0.1790
vn -0.8455 -0.4834 -0.2265
vn -0.6679 -0.7223 -0.1790
vn -0.9736 -0.2062 -0.0975
vn -0.9463 -0.2004 -0.2535
usemtl Egg
s off
f 1656/2826/1503 1655/2827/1503 1657/2828/1503
f 1654/2829/1504 1662/2830/1504 1663/2831/1504
f 1655/2832/1505 1661/2833/1505 1654/2834/1505
f 1655/2835/1506 1658/2836/1506 1657/2837/1506
f 1654/2834/1507 1659/2838/1507 1658/2839/1507
f 1666/2840/1508 1654/2829/1508 1667/2841/1508
f 1665/2842/1509 1654/2834/1509 1664/2843/1509
f 1664/2844/1510 1654/2829/1510 1663/2845/1510
f 1656/2826/1503 1660/2846/1503 1655/2827/1503
f 1654/2829/1504 1661/2847/1504 1662/2830/1504
f 1655/2832/1511 1660/2848/1511 1661/2833/1511
f 1655/2835/1506 1654/2834/1506 1658/2836/1506
f 1654/2834/1507 1666/2849/1507 1659/2838/1507
f 1665/2842/1509 1667/2850/1509 1654/2834/1509
s 1
f 1653/2851/1512 1670/2852/1513 1671/2853/1514
f 1653/2851/1512 1673/2854/1515 1674/2855/1516
f 1676/2856/1517 1675/2857/1518 1653/2858/1512
f 1669/2859/1519 1678/2860/1520 1679/2861/1520
f 1671/2853/1514 1668/2862/1514 1653/2851/1512
f 1668/2862/1514 1669/2863/1519 1653/2851/1512
f 1674/2855/1516 1672/2864/1516 1670/2852/1513
f 1670/2852/1513 1653/2851/1512 1674/2855/1516
f 1677/2865/1518 1675/2857/1518 1676/2856/1517
f 1675/2857/1518 1673/2866/1515 1653/2858/1512
f 1676/2856/1517 1653/2858/1512 1679/2861/1520
f 1653/2858/1512 1669/2859/1519 1679/2861/1520
o Sphere.003_cell.048_Sphere.003_cell.047
v -0.060687 -0.149906 -0.000000
v -0.006799 -0.108217 -0.018807
v -0.025088 -0.065849 -0.012015
v -0.046028 -0.074539 0.003893
v -0.055710 -0.074797 -0.008781
v -0.067295 -0.093497 0.022156
v -0.036801 -0.066100 -0.013104
v -0.047107 -0.069706 -0.010247
v -0.070767 -0.132802 0.031413
v -0.078684 -0.124508 0.035342
v -0.054553 -0.149906 0.022893
v -0.058295 -0.145919 0.025020
v -0.084455 -0.123882 0.016330
v -0.085569 -0.126898 -0.000000
v -0.083334 -0.121119 0.031669
v -0.084915 -0.126107 -0.005637
v -0.057283 -0.149906 -0.012704
v -0.082633 -0.123771 -0.023578
v -0.067140 -0.137105 -0.027582
v -0.073731 -0.129706 -0.032846
v -0.045980 -0.153461 0.017144
v -0.032801 -0.159012 0.007379
v -0.038837 -0.157353 0.002469
v -0.083334 -0.121119 0.031669
v -0.084455 -0.123882 0.016330
v -0.085569 -0.126898 -0.000000
v -0.054553 -0.149906 0.022893
v -0.058295 -0.145919 0.025020
v -0.070767 -0.132802 0.031413
v -0.078684 -0.124508 0.035342
v -0.084915 -0.126107 -0.005637
v -0.082633 -0.123771 -0.023578
v -0.067140 -0.137105 -0.027582
v -0.057283 -0.149906 -0.012704
v -0.032801 -0.159012 0.007379
v -0.045980 -0.153461 0.017144
v -0.038837 -0.157353 0.002469
v -0.073731 -0.129706 -0.032846
vt 0.034263 0.125312
vt 0.645836 0.125312
vt 0.645836 0.736885
vt 0.034263 0.125312
vt 0.645836 0.125312
vt 0.034263 0.125312
vt 0.645836 0.736885
vt 0.645836 0.125312
vt 0.645836 0.125312
vt 0.645836 0.736885
vt 0.645836 0.736885
vt 0.066844 0.125312
vt 0.645836 0.125312
vt 0.034263 0.125312
vt 0.436193 0.125312
vt 0.645836 0.198904
vt 0.297634 0.388683
vt 0.107855 0.198904
vt 0.645836 0.471323
vt 0.508170 0.372350
vt 0.380274 0.471323
vt 0.645836 0.167373
vt 0.241717 0.332766
vt 0.599103 0.690152
vt 0.034263 0.125312
vt 0.605237 0.696285
vt 0.034263 0.125312
vt 0.609863 0.700912
vt 0.645836 0.690152
vt 0.257555 0.125312
vt 0.645836 0.125312
vt 0.645836 0.334954
vt 0.289482 0.380531
vt 0.227978 0.125312
vt 0.645836 0.513592
vt 0.431732 0.125312
vt 0.645836 0.532005
vt 0.431732 0.522781
vt 0.480217 0.519463
vt 0.440956 0.532005
vt 0.513677 0.604726
vt 0.645836 0.594516
vt 0.645836 0.736885
vt 0.516237 0.217342
vt 0.645836 0.388683
vt 0.645836 0.332766
vt 0.289482 0.125312
vt 0.513677 0.125312
vt 0.053557 0.176226
vt 0.035292 0.116249
vt 0.073842 0.125439
vt 0.244394 0.101783
vt 0.630042 0.116249
vt 0.372027 0.088126
vt 0.593080 0.145752
vt 0.623556 0.171099
vt 0.072774 0.177913
vt 0.069368 0.182595
vt 0.074780 0.155668
vt 0.035292 0.169275
vt 0.072685 0.116249
vt 0.304050 0.078955
vt 0.218715 0.116249
vt 0.609291 0.116249
vt 0.630042 0.169275
vt 0.603778 0.176482
vt 0.589047 0.157678
vn -0.0583 0.9064 0.4183
vn 0.5505 0.1699 0.8174
vn -0.4542 0.8275 0.3301
vn -0.4415 0.8382 0.3202
vn -0.2287 0.9157 0.3304
vn 0.1345 0.2132 -0.9677
vn 0.5880 0.1257 0.7990
vn 0.6166 0.0877 0.7824
vn 0.4149 -0.5756 -0.7047
vn 0.3768 -0.5639 -0.7349
vn 0.3009 -0.3602 -0.8830
vn -0.4139 0.4759 -0.7760
vn -0.3847 0.4699 -0.7945
vn 0.0843 0.2504 -0.9645
vn -0.4596 0.4787 -0.7480
vn 0.5653 0.1414 0.8127
vn 0.5566 0.1435 0.8183
vn -0.8694 0.4920 -0.0465
vn -0.8695 0.4930 -0.0317
vn -0.8683 0.4953 -0.0257
vn -0.3132 0.4667 0.8271
vn -0.6679 -0.7223 0.1790
vn -0.5362 -0.8441 -0.0020
vn -0.3303 -0.9397 0.0885
vn -0.3280 -0.9429 0.0584
vn -0.6679 -0.7223 -0.1790
vn -0.6789 -0.7342 0.0036
vn -0.5381 -0.8304 0.1442
vn -0.5546 -0.8187 -0.1486
usemtl Egg
s off
f 1686/2867/1521 1683/2868/1521 1682/2869/1521
f 1683/2870/1522 1685/2871/1522 1682/2869/1522
f 1685/2872/1523 1683/2868/1523 1684/2873/1523
f 1683/2870/1524 1687/2874/1524 1684/2873/1524
f 1683/2870/1525 1686/2875/1525 1687/2876/1525
f 1681/2877/1526 1717/2878/1526 1682/2879/1526
f 1681/2877/1527 1682/2880/1527 1691/2881/1527
f 1701/2882/1528 1681/2877/1528 1700/2883/1528
f 1701/2884/1529 1702/2885/1529 1681/2877/1529
f 1696/2886/1530 1681/2877/1530 1702/2887/1530
f 1717/2888/1531 1681/2877/1531 1712/2889/1531
f 1717/2890/1532 1684/2891/1532 1687/2874/1532
f 1717/2892/1533 1687/2893/1533 1686/2875/1533
f 1717/2894/1534 1686/2867/1534 1682/2879/1534
f 1717/2895/1535 1711/2896/1535 1684/2897/1535
f 1685/2872/1536 1691/2898/1536 1682/2869/1536
f 1688/2899/1537 1685/2872/1537 1689/2900/1537
f 1684/2897/1538 1711/2901/1538 1710/2902/1538
f 1692/2903/1539 1710/2904/1539 1693/2905/1539
f 1692/2906/1540 1685/2871/1540 1684/2873/1540
f 1694/2907/1541 1689/2908/1541 1685/2909/1541
f 1690/2910/1527 1700/2911/1527 1691/2881/1527
f 1700/2911/1527 1681/2877/1527 1691/2881/1527
f 1696/2886/1530 1712/2912/1530 1681/2877/1530
f 1685/2872/1536 1688/2913/1536 1691/2898/1536
f 1692/2903/1539 1684/2873/1539 1710/2904/1539
f 1692/2906/1540 1694/2914/1540 1685/2871/1540
s 1
f 1704/2915/1542 1680/2916/1543 1707/2917/1542
f 1715/2918/1544 1680/2919/1543 1716/2920/1545
f 1698/2921/1546 1680/2919/1543 1695/2922/1546
f 1709/2923/1542 1703/2924/1542 1708/2925/1542
f 1703/2924/1542 1704/2915/1542 1708/2925/1542
f 1704/2915/1542 1705/2926/1547 1680/2916/1543
f 1680/2916/1543 1706/2927/1548 1707/2917/1542
f 1707/2917/1542 1708/2925/1542 1704/2915/1542
f 1716/2920/1545 1714/2928/1544 1715/2918/1544
f 1715/2918/1544 1706/2929/1548 1680/2919/1543
f 1680/2919/1543 1713/2930/1549 1716/2920/1545
f 1698/2921/1546 1713/2930/1549 1680/2919/1543
f 1680/2919/1543 1705/2931/1547 1695/2922/1546
f 1695/2922/1546 1697/2932/1546 1698/2921/1546
f 1697/2932/1546 1699/2933/1546 1698/2921/1546
o Sphere.003_cell.049_Sphere.003_cell.048
v -0.030343 0.125407 -0.052556
v 0.015175 0.104578 -0.046768
v 0.013600 0.090520 -0.056278
v -0.008936 0.091085 -0.072837
v 0.014640 0.115534 -0.011196
v -0.005304 0.159228 -0.003761
v -0.026624 0.068099 -0.021479
v 0.007641 0.090228 -0.009148
v -0.012266 0.062014 -0.020535
v 0.001749 0.065255 -0.017305
v 0.006444 0.067912 -0.020849
v -0.028625 0.150652 0.002175
v -0.024581 0.153813 0.002557
v -0.049688 0.128063 -0.028687
v -0.015506 0.161568 -0.000335
v -0.011060 0.163834 -0.006386
v -0.007779 0.162756 -0.011502
v -0.002198 0.144864 -0.035837
v -0.004938 0.154130 -0.023549
v -0.013882 0.125407 -0.056967
v -0.057490 0.095858 -0.047602
v -0.053042 0.096386 -0.051654
v -0.037785 0.098338 -0.065445
v -0.013335 0.116089 -0.062237
v -0.012900 0.104458 -0.068748
v -0.013135 0.093778 -0.074557
v -0.024581 0.153813 0.002557
v -0.015506 0.161568 -0.000335
v -0.011060 0.163834 -0.006386
v -0.049688 0.128063 -0.028687
v -0.028625 0.150652 0.002175
v -0.007779 0.162756 -0.011502
v -0.004938 0.154130 -0.023549
v -0.002198 0.144864 -0.035837
v -0.013882 0.125407 -0.056967
v -0.037785 0.098338 -0.065445
v -0.053042 0.096386 -0.051654
v -0.057490 0.095858 -0.047602
v -0.013335 0.116089 -0.062237
v -0.012900 0.104458 -0.068748
v -0.013135 0.093778 -0.074557
vt 0.034263 0.125312
vt 0.645836 0.125312
vt 0.645836 0.736885
vt 0.034263 0.125312
vt 0.645836 0.125312
vt 0.034263 0.125312
vt 0.645836 0.125312
vt 0.034263 0.125312
vt 0.645836 0.125312
vt 0.034263 0.125312
vt 0.645836 0.736885
vt 0.034263 0.125312
vt 0.645836 0.736885
vt 0.645836 0.125312
vt 0.034263 0.125312
vt 0.645836 0.125312
vt 0.645836 0.736885
vt 0.034263 0.125312
vt 0.645836 0.736885
vt 0.645836 0.157795
vt 0.645836 0.125312
vt 0.072681 0.125312
vt 0.236233 0.125312
vt 0.445372 0.392105
vt 0.511026 0.125312
vt 0.619550 0.710599
vt 0.034263 0.125312
vt 0.645836 0.216418
vt 0.125369 0.216418
vt 0.645836 0.162670
vt 0.480058 0.373776
vt 0.432007 0.125312
vt 0.645836 0.534915
vt 0.645836 0.736885
vt 0.432007 0.523056
vt 0.645836 0.125312
vt 0.511026 0.602075
vt 0.502673 0.125312
vt 0.543887 0.247366
vt 0.272983 0.125312
vt 0.645836 0.736885
vt 0.407115 0.125312
vt 0.645836 0.308677
vt 0.217628 0.308677
vt 0.457046 0.125312
vt 0.494185 0.585234
vt 0.645836 0.693418
vt 0.645836 0.736885
vt 0.602441 0.692865
vt 0.645836 0.486479
vt 0.645836 0.710599
vt 0.645836 0.125312
vt 0.284668 0.125312
vt 0.645836 0.698466
vt 0.645836 0.268474
vt 0.344851 0.523598
vt 0.367241 0.532061
vt 0.413597 0.535488
vt 0.530917 0.494947
vt 0.568943 0.497750
vt 0.440816 0.515239
vt 0.530917 0.463232
vt 0.556941 0.460944
vt 0.501299 0.484030
vt 0.498921 0.470402
vt 0.342511 0.521793
vt 0.425148 0.524626
vt 0.411015 0.533509
vt 0.504029 0.494947
vt 0.564497 0.460325
vt 0.577948 0.494947
vt 0.497952 0.457889
vn 0.2606 -0.8508 -0.4563
vn 0.2813 -0.9087 -0.3085
vn -0.1555 -0.2734 0.9493
vn -0.3164 -0.8205 -0.4762
vn 0.3195 -0.8268 -0.4630
vn 0.6837 -0.3673 0.6306
vn 0.9795 -0.1848 0.0799
vn 0.9142 -0.2256 0.3367
vn 0.3241 -0.0131 0.9459
vn 0.9864 -0.1523 0.0618
vn -0.1572 -0.2722 0.9493
vn -0.1787 -0.2750 0.9447
vn -0.3274 -0.8153 -0.4776
vn 0.5518 0.3891 -0.7377
vn 0.3152 -0.0149 0.9489
vn 0.0348 -0.1638 0.9859
vn -0.7328 -0.2038 0.6493
vn -0.3336 -0.8157 -0.4726
vn 0.5580 0.4212 -0.7150
vn 0.5586 0.4329 -0.7075
vn 0.9003 0.4197 -0.1157
vn 0.8997 0.4265 -0.0933
vn 0.5596 0.8070 0.1889
vn 0.3572 0.7577 0.5462
vn -0.6196 0.7826 -0.0597
vn -0.6736 0.7016 -0.2323
vn -0.5546 0.7413 -0.3778
vn -0.3967 0.6536 -0.6445
vn -0.5237 0.6966 -0.4903
vn -0.3192 0.7631 -0.5619
vn -0.4325 0.4818 -0.7621
vn -0.6267 0.4899 -0.6060
vn -0.2286 0.4690 -0.8531
vn -0.6304 0.7683 -0.1105
vn -0.3746 0.7230 -0.5804
vn -0.6594 0.5289 -0.5342
vn -0.2006 0.6316 -0.7488
vn -0.6131 0.5052 -0.6073
usemtl Egg
s off
f 1721/2934/1550 1728/2935/1550 1726/2936/1550
f 1728/2937/1551 1727/2938/1551 1726/2936/1551
f 1727/2939/1552 1725/2940/1552 1726/2936/1552
f 1724/2941/1553 1721/2942/1553 1726/2936/1553
f 1720/2943/1554 1728/2935/1554 1721/2944/1554
f 1725/2945/1555 1727/2938/1555 1728/2946/1555
f 1720/2943/1556 1722/2947/1556 1728/2946/1556
f 1722/2948/1557 1725/2940/1557 1728/2946/1557
f 1722/2948/1558 1723/2949/1558 1725/2950/1558
f 1719/2951/1559 1722/2947/1559 1720/2952/1559
f 1726/2936/1560 1725/2945/1560 1729/2953/1560
f 1724/2954/1561 1726/2936/1561 1729/2955/1561
f 1724/2941/1562 1739/2956/1562 1740/2957/1562
f 1742/2958/1563 1721/2944/1563 1743/2959/1563
f 1723/2960/1564 1730/2961/1564 1725/2950/1564
f 1730/2962/1565 1729/2963/1565 1725/2950/1565
f 1724/2954/1566 1731/2964/1566 1738/2965/1566
f 1739/2966/1567 1724/2967/1567 1738/2968/1567
f 1719/2969/1568 1742/2970/1568 1741/2971/1568
f 1719/2969/1569 1737/2972/1569 1735/2973/1569
f 1722/2974/1570 1735/2975/1570 1736/2976/1570
f 1723/2949/1571 1736/2977/1571 1734/2978/1571
f 1734/2979/1572 1733/2980/1572 1723/2981/1572
f 1723/2981/1573 1733/2982/1573 1732/2983/1573
f 1743/2984/1562 1721/2944/1562 1740/2957/1562
f 1721/2944/1562 1724/2941/1562 1740/2957/1562
f 1742/2958/1563 1720/2985/1563 1721/2944/1563
f 1723/2960/1564 1732/2986/1564 1730/2961/1564
f 1724/2954/1566 1729/2987/1566 1731/2964/1566
f 1719/2969/1568 1720/2952/1568 1742/2970/1568
f 1719/2969/1569 1741/2988/1569 1737/2972/1569
f 1722/2974/1570 1719/2951/1570 1735/2975/1570
f 1723/2949/1571 1722/2974/1571 1736/2977/1571
s 1
f 1744/2989/1574 1745/2990/1575 1746/2991/1576
f 1718/2992/1577 1747/2993/1578 1751/2994/1579
f 1718/2992/1577 1753/2995/1580 1754/2996/1581
f 1756/2997/1582 1757/2998/1582 1753/2995/1580
f 1747/2993/1578 1748/2999/1583 1746/2991/1576
f 1748/2999/1583 1744/2989/1574 1746/2991/1576
f 1747/2993/1578 1746/2991/1576 1750/3000/1584
f 1746/2991/1576 1749/3001/1585 1750/3000/1584
f 1750/3000/1584 1751/2994/1579 1747/2993/1578
f 1751/2994/1579 1752/3002/1586 1718/2992/1577
f 1754/2996/1581 1755/3003/1587 1747/3004/1578
f 1747/3004/1578 1718/2992/1577 1754/2996/1581
f 1758/3005/1582 1753/2995/1580 1757/2998/1582
f 1753/2995/1580 1718/2992/1577 1756/2997/1582
f 1718/2992/1577 1752/3002/1586 1756/2997/1582
o Sphere.003_cell.050_Sphere.003_cell.049
v -0.091030 0.044604 -0.052556
v -0.060641 0.071746 -0.030169
v -0.038042 -0.003216 -0.028523
v -0.062360 0.000192 -0.075975
v -0.044772 -0.013798 -0.048908
v -0.038456 -0.010952 -0.033519
v -0.070512 -0.010314 -0.027122
v -0.043985 -0.017168 -0.036508
v -0.097572 0.044604 -0.028140
v -0.078249 0.078904 -0.029875
v -0.071767 0.085061 -0.041434
v -0.106900 0.002493 -0.026669
v -0.101184 0.028401 -0.027488
v -0.103416 0.004268 -0.038266
v -0.097863 0.007415 -0.056501
v -0.076556 0.005893 -0.078248
v -0.071445 0.005562 -0.083456
v -0.072839 0.044604 -0.070747
v -0.071292 0.073851 -0.050328
v -0.097572 0.044604 -0.028140
v -0.078249 0.078904 -0.029875
v -0.071767 0.085061 -0.041434
v -0.106900 0.002493 -0.026669
v -0.101184 0.028401 -0.027488
v -0.097863 0.007415 -0.056501
v -0.103416 0.004268 -0.038266
v -0.076556 0.005893 -0.078248
v -0.071445 0.005562 -0.083456
v -0.071292 0.073851 -0.050328
v -0.072839 0.044604 -0.070747
vt 0.034263 0.125312
vt 0.645836 0.125312
vt 0.645836 0.736885
vt 0.034263 0.125312
vt 0.645836 0.125312
vt 0.034263 0.125312
vt 0.645836 0.125312
vt 0.034263 0.125312
vt 0.645836 0.125312
vt 0.645836 0.736885
vt 0.645836 0.125312
vt 0.645836 0.736885
vt 0.645836 0.125312
vt 0.570304 0.305846
vt 0.491905 0.125312
vt 0.316633 0.407682
vt 0.645836 0.345050
vt 0.034263 0.125312
vt 0.220746 0.125312
vt 0.254001 0.345050
vt 0.034263 0.125312
vt 0.645836 0.279242
vt 0.085377 0.176426
vt 0.511498 0.424842
vt 0.147439 0.135097
vt 0.131749 0.222798
vt 0.534625 0.125312
vt 0.645836 0.212607
vt 0.091586 0.125312
vt 0.499218 0.344630
vt 0.645836 0.407682
vt 0.034263 0.125312
vt 0.131749 0.125312
vt 0.645836 0.550401
vt 0.558541 0.125312
vt 0.580479 0.400273
vt 0.595738 0.440462
vt 0.580479 0.447676
vt 0.580479 0.354339
vt 0.596674 0.350452
vt 0.604938 0.380260
vt 0.571561 0.434541
vt 0.557046 0.400273
vt 0.603505 0.400273
vt 0.606861 0.348260
vt 0.578933 0.447950
vt 0.548524 0.352050
vt 0.554687 0.352460
vn -0.3189 -0.9195 -0.2297
vn 0.8717 0.2536 -0.4194
vn 0.8893 0.2136 -0.4045
vn 0.7785 -0.5914 -0.2101
vn 0.1536 -0.5393 0.8280
vn 0.0359 0.0328 0.9988
vn 0.1627 -0.5414 0.8249
vn -0.3268 -0.9096 -0.2565
vn -0.3251 -0.9153 -0.2377
vn 0.0219 0.0268 0.9994
vn -0.3238 -0.9098 -0.2598
vn 0.0303 0.0335 0.9990
vn 0.3156 0.7526 0.5779
vn 0.8404 0.3582 -0.4067
vn 0.6983 0.2440 -0.6729
vn 0.8657 0.2550 -0.4308
vn 0.8657 0.2550 -0.4307
vn -0.8142 0.3407 -0.4700
vn -0.8531 0.4690 -0.2286
vn -0.7951 0.4803 -0.3703
vn -0.8518 0.2075 -0.4810
vn -0.9463 0.2007 -0.2535
vn -0.6245 0.4690 -0.6245
vn -0.6723 0.3099 -0.6723
vn -0.9129 0.3266 -0.2446
vn -0.6927 0.2007 -0.6927
usemtl Egg
s off
f 1766/3006/1588 1765/3007/1588 1763/3008/1588
f 1760/3009/1589 1761/3010/1589 1763/3008/1589
f 1761/3011/1590 1764/3012/1590 1763/3008/1590
f 1764/3013/1591 1766/3014/1591 1763/3008/1591
f 1766/3006/1592 1761/3010/1592 1765/3015/1592
f 1761/3011/1593 1760/3016/1593 1765/3015/1593
f 1764/3013/1594 1761/3010/1594 1766/3017/1594
f 1763/3018/1595 1773/3019/1595 1785/3020/1595
f 1772/3021/1596 1765/3007/1596 1770/3022/1596
f 1765/3023/1597 1771/3024/1597 1770/3025/1597
f 1762/3026/1598 1785/3027/1598 1786/3028/1598
f 1760/3009/1599 1767/3029/1599 1765/3015/1599
f 1760/3009/1600 1769/3030/1600 1768/3031/1600
f 1769/3032/1601 1760/3016/1601 1777/3033/1601
f 1762/3026/1602 1786/3034/1602 1776/3035/1602
f 1763/3018/1595 1772/3036/1595 1773/3019/1595
f 1772/3021/1596 1763/3037/1596 1765/3007/1596
f 1762/3026/1598 1763/3018/1598 1785/3027/1598
f 1768/3038/1599 1767/3029/1599 1760/3009/1599
f 1767/3029/1599 1771/3039/1599 1765/3015/1599
f 1776/3035/1603 1777/3040/1603 1760/3016/1603
f 1760/3016/1603 1763/3008/1603 1776/3035/1603
f 1763/3008/1604 1762/3026/1604 1776/3035/1604
s 1
f 1759/3041/1605 1779/3042/1606 1780/3043/1607
f 1783/3044/1608 1784/3045/1609 1782/3046/1609
f 1759/3041/1605 1787/3047/1610 1788/3048/1611
f 1783/3044/1608 1759/3041/1605 1788/3048/1611
f 1759/3041/1605 1778/3049/1612 1779/3042/1606
f 1784/3045/1609 1781/3050/1609 1782/3046/1609
f 1782/3046/1609 1778/3049/1612 1759/3041/1605
f 1759/3041/1605 1783/3044/1608 1782/3046/1609
f 1759/3041/1605 1780/3051/1607 1787/3047/1610
f 1775/3052/1613 1774/3053/1613 1788/3048/1611
f 1774/3053/1613 1783/3044/1608 1788/3048/1611
o Sphere.003_cell.051_Sphere.003_cell.050
v -0.105112 -0.032047 -0.060687
v -0.058649 -0.004083 -0.072834
v -0.045985 -0.014328 -0.052828
v -0.073601 -0.011534 -0.027380
v -0.044610 -0.018569 -0.037011
v -0.055254 -0.048759 -0.071818
v -0.047440 -0.013865 -0.062846
v -0.068776 -0.042358 -0.030015
v -0.047860 -0.037952 -0.036816
v -0.105317 -0.014081 -0.016661
v -0.113084 -0.012594 -0.015535
v -0.113891 -0.019610 -0.018078
v -0.110946 -0.007681 -0.019624
v -0.115312 -0.032047 -0.022622
v -0.105798 0.001509 -0.031561
v -0.107310 0.000382 -0.026812
v -0.098143 0.005886 -0.056663
v -0.110173 -0.048181 -0.029047
v -0.108106 -0.054661 -0.031641
v -0.100214 -0.058756 -0.057858
v -0.081266 0.004776 -0.073862
v -0.073530 -0.009882 -0.085846
v -0.076406 -0.032047 -0.089393
v -0.071872 0.003686 -0.083572
v -0.071925 -0.057190 -0.086600
v -0.076957 -0.057596 -0.081451
v -0.115312 -0.032047 -0.022622
v -0.113891 -0.019610 -0.018078
v -0.113084 -0.012594 -0.015535
v -0.110946 -0.007681 -0.019624
v -0.107310 0.000382 -0.026812
v -0.105798 0.001509 -0.031561
v -0.098143 0.005886 -0.056663
v -0.108106 -0.054661 -0.031641
v -0.110173 -0.048181 -0.029047
v -0.100214 -0.058756 -0.057858
v -0.071872 0.003686 -0.083572
v -0.073530 -0.009882 -0.085846
v -0.081266 0.004776 -0.073862
v -0.076406 -0.032047 -0.089393
v -0.071925 -0.057190 -0.086600
v -0.076957 -0.057596 -0.081451
vt 0.034263 0.125312
vt 0.645836 0.125312
vt 0.645836 0.736885
vt 0.034263 0.125312
vt 0.645836 0.125312
vt 0.034263 0.125312
vt 0.645836 0.125312
vt 0.034263 0.125312
vt 0.645836 0.125312
vt 0.645836 0.736885
vt 0.034263 0.125312
vt 0.034263 0.125312
vt 0.645836 0.125312
vt 0.034263 0.125312
vt 0.645836 0.125312
vt 0.645836 0.736885
vt 0.106214 0.197263
vt 0.034263 0.125312
vt 0.115191 0.125312
vt 0.645836 0.125312
vt 0.495018 0.233251
vt 0.350241 0.125312
vt 0.645836 0.125312
vt 0.211578 0.302627
vt 0.034263 0.125312
vt 0.645836 0.497369
vt 0.645836 0.655956
vt 0.406320 0.497369
vt 0.645836 0.371536
vt 0.121062 0.125312
vt 0.509919 0.292463
vt 0.280487 0.371536
vt 0.106337 0.125312
vt 0.113374 0.204423
vt 0.645836 0.336523
vt 0.411877 0.125312
vt 0.645836 0.125312
vt 0.645836 0.420907
vt 0.245474 0.336523
vt 0.645836 0.526399
vt 0.645836 0.736885
vt 0.531114 0.622163
vt 0.584082 0.675131
vt 0.645836 0.736885
vt 0.268221 0.125312
vt 0.645836 0.664811
vt 0.332776 0.346781
vt 0.645836 0.302627
vt 0.645836 0.197263
vt 0.244748 0.125312
vt 0.645836 0.204422
vt 0.584082 0.125312
vt 0.645836 0.622163
vt 0.614889 0.320959
vt 0.613266 0.335694
vt 0.602664 0.347044
vt 0.605629 0.285704
vt 0.611567 0.305598
vt 0.580479 0.305598
vt 0.548589 0.332975
vt 0.560113 0.351080
vt 0.548453 0.305598
vt 0.547173 0.274595
vt 0.553086 0.274095
vt 0.616847 0.329625
vt 0.606826 0.345653
vt 0.580479 0.352451
vt 0.580479 0.272664
vt 0.603151 0.277714
vt 0.548739 0.349734
vn 0.6818 0.0352 -0.7307
vn 0.3992 0.8937 0.2049
vn 0.6891 0.7216 -0.0667
vn 0.3172 -0.0437 0.9473
vn 0.9777 -0.1652 -0.1293
vn 0.3189 0.0168 0.9476
vn 0.3148 -0.0410 0.9483
vn 0.9725 -0.1784 -0.1494
vn 0.9723 -0.1792 -0.1501
vn 0.6467 0.0485 -0.7612
vn 0.3219 0.9112 0.2571
vn 0.3456 0.9092 0.2323
vn 0.6538 0.0325 -0.7560
vn 0.6495 0.0373 -0.7594
vn 0.0712 -0.3510 0.9337
vn 0.0710 -0.3495 0.9343
vn 0.0692 -0.3469 0.9353
vn 0.2220 0.5911 0.7754
vn 0.3211 0.8934 0.3141
vn 0.2882 -0.9347 0.2080
vn 0.2787 -0.9251 0.2579
vn 0.2233 0.5643 0.7948
vn 0.2785 -0.9327 0.2291
vn 0.2784 -0.9327 0.2295
vn 0.2784 -0.9329 0.2285
vn -0.9463 0.2007 -0.2535
vn -0.9463 -0.2004 -0.2535
vn -0.9647 0.0500 -0.2585
vn -0.8660 0.0002 -0.5000
vn -0.6927 0.2007 -0.6927
vn -0.7071 -0.0042 -0.7071
vn -0.6927 -0.2004 -0.6927
vn -0.8419 0.2075 -0.4982
vn -0.8422 -0.2072 -0.4977
usemtl Egg
s off
f 1795/3054/1614 1794/3055/1614 1790/3056/1614
f 1793/3057/1615 1791/3058/1615 1790/3056/1615
f 1791/3059/1616 1795/3060/1616 1790/3056/1616
f 1796/3061/1617 1797/3062/1617 1793/3063/1617
f 1797/3064/1618 1791/3058/1618 1793/3063/1618
f 1792/3065/1619 1798/3066/1619 1793/3063/1619
f 1798/3067/1620 1796/3068/1620 1793/3063/1620
f 1791/3059/1621 1797/3062/1621 1795/3069/1621
f 1797/3064/1622 1794/3055/1622 1795/3069/1622
f 1812/3070/1623 1790/3071/1623 1810/3072/1623
f 1793/3073/1624 1805/3074/1624 1803/3075/1624
f 1790/3076/1625 1809/3077/1625 1793/3057/1625
f 1794/3078/1626 1811/3079/1626 1790/3056/1626
f 1810/3080/1627 1790/3056/1627 1811/3081/1627
f 1806/3082/1628 1807/3083/1628 1796/3068/1628
f 1796/3061/1629 1802/3084/1629 1806/3085/1629
f 1799/3086/1630 1800/3087/1630 1798/3067/1630
f 1804/3088/1631 1801/3089/1631 1792/3090/1631
f 1792/3065/1632 1803/3091/1632 1804/3092/1632
f 1813/3093/1633 1794/3094/1633 1814/3095/1633
f 1807/3096/1634 1797/3064/1634 1796/3068/1634
f 1798/3097/1635 1801/3098/1635 1799/3099/1635
f 1797/3064/1636 1808/3100/1636 1794/3094/1636
f 1793/3073/1624 1809/3101/1624 1805/3074/1624
f 1790/3076/1625 1812/3102/1625 1809/3077/1625
f 1794/3078/1626 1813/3103/1626 1811/3079/1626
f 1796/3061/1629 1798/3066/1629 1802/3084/1629
f 1798/3066/1629 1800/3104/1629 1802/3084/1629
f 1792/3065/1632 1793/3073/1632 1803/3091/1632
f 1798/3097/1635 1792/3065/1635 1801/3098/1635
f 1807/3105/1637 1808/3100/1637 1797/3064/1637
f 1808/3100/1638 1814/3106/1638 1794/3094/1638
s 1
f 1816/3107/1639 1818/3108/1639 1820/3109/1639
f 1823/3110/1640 1815/3111/1641 1789/3112/1642
f 1826/3113/1643 1789/3112/1642 1827/3114/1643
f 1828/3115/1644 1829/3116/1645 1830/3117/1645
f 1789/3112/1642 1815/3111/1641 1820/3109/1639
f 1815/3111/1641 1816/3107/1639 1820/3109/1639
f 1816/3107/1639 1817/3118/1639 1818/3108/1639
f 1818/3108/1639 1819/3119/1639 1820/3109/1639
f 1820/3109/1639 1821/3120/1646 1789/3112/1642
f 1824/3121/1647 1822/3122/1640 1789/3112/1642
f 1822/3122/1640 1823/3110/1640 1789/3112/1642
f 1827/3114/1643 1825/3123/1643 1826/3113/1643
f 1826/3113/1643 1828/3115/1644 1789/3112/1642
f 1789/3112/1642 1821/3120/1646 1827/3114/1643
f 1824/3121/1647 1789/3112/1642 1830/3117/1645
f 1789/3112/1642 1828/3115/1644 1830/3117/1645
o Sphere.003_cell.052_Sphere.003_cell.051
v -0.091030 -0.108827 -0.052556
v -0.038197 -0.065642 -0.015084
v -0.048769 -0.064867 -0.078967
v -0.033949 -0.054608 -0.025599
v -0.055742 -0.073826 -0.010112
v -0.047500 -0.068453 -0.010922
v -0.052671 -0.062800 -0.085755
v -0.067171 -0.044954 -0.029940
v -0.055214 -0.051251 -0.072850
v -0.047683 -0.039948 -0.036114
v -0.083290 -0.122806 -0.025022
v -0.095539 -0.110504 -0.028958
v -0.075079 -0.128387 -0.033140
v -0.074737 -0.126224 -0.043149
v -0.107673 -0.057127 -0.031308
v -0.103850 -0.077051 -0.029828
v -0.099876 -0.060595 -0.057664
v -0.103463 -0.058719 -0.045761
v -0.070794 -0.108827 -0.072792
v -0.091260 -0.060210 -0.066392
v -0.076135 -0.059571 -0.081701
v -0.070951 -0.059516 -0.086901
v -0.059583 -0.080099 -0.092315
v -0.059752 -0.068662 -0.095454
v -0.083290 -0.122806 -0.025022
v -0.095539 -0.110504 -0.028958
v -0.103463 -0.058719 -0.045761
v -0.099876 -0.060595 -0.057664
v -0.076135 -0.059571 -0.081701
v -0.070951 -0.059516 -0.086901
v -0.059752 -0.068662 -0.095454
v -0.059583 -0.080099 -0.092315
v -0.091260 -0.060210 -0.066392
v -0.074737 -0.126224 -0.043149
v -0.075079 -0.128387 -0.033140
v -0.107673 -0.057127 -0.031308
v -0.103850 -0.077051 -0.029828
v -0.070794 -0.108827 -0.072792
vt 0.034263 0.125312
vt 0.645836 0.125312
vt 0.645836 0.736885
vt 0.034263 0.125312
vt 0.645836 0.125312
vt 0.034263 0.125312
vt 0.645836 0.125312
vt 0.034263 0.125312
vt 0.645836 0.125312
vt 0.034263 0.125312
vt 0.645836 0.736885
vt 0.645836 0.125312
vt 0.034263 0.125312
vt 0.645836 0.171270
vt 0.080221 0.171270
vt 0.645836 0.319108
vt 0.645836 0.521036
vt 0.034263 0.125312
vt 0.144623 0.125312
vt 0.429987 0.521036
vt 0.645836 0.461128
vt 0.370079 0.461128
vt 0.645836 0.160165
vt 0.645836 0.125312
vt 0.083062 0.125312
vt 0.645836 0.159698
vt 0.645836 0.736885
vt 0.074097 0.125312
vt 0.645836 0.125312
vt 0.034263 0.125312
vt 0.645836 0.331576
vt 0.645836 0.181701
vt 0.240527 0.331576
vt 0.085357 0.125312
vt 0.645836 0.664687
vt 0.270425 0.125312
vt 0.645836 0.125312
vt 0.573637 0.664686
vt 0.645836 0.736885
vt 0.196545 0.125312
vt 0.645836 0.736885
vt 0.196546 0.287595
vt 0.645836 0.520106
vt 0.429057 0.520106
vt 0.645836 0.626525
vt 0.435591 0.125312
vt 0.645836 0.379714
vt 0.288665 0.379714
vt 0.606002 0.125312
vt 0.435591 0.526640
vt 0.645836 0.352785
vt 0.645836 0.736885
vt 0.228059 0.319108
vt 0.414988 0.173909
vt 0.526972 0.478627
vt 0.082989 0.125312
vt 0.580479 0.210924
vt 0.554411 0.210924
vt 0.580479 0.170830
vt 0.580479 0.270397
vt 0.570251 0.270871
vt 0.590873 0.165845
vt 0.602508 0.178707
vt 0.602215 0.210924
vt 0.603600 0.250106
vt 0.552449 0.271659
vt 0.546384 0.271727
vt 0.535847 0.245215
vt 0.534426 0.260450
vt 0.602983 0.274653
vt 0.590886 0.272710
vn 0.1329 0.6568 0.7422
vn 0.1341 0.6561 0.7427
vn 0.8133 0.4864 -0.3193
vn 0.7949 0.5168 -0.3178
vn 0.0670 0.6610 0.7474
vn 0.7805 0.5344 -0.3244
vn 0.8707 -0.4708 -0.1424
vn 0.8743 -0.4798 -0.0737
vn -0.2735 0.9337 -0.2312
vn -0.2745 0.9337 -0.2299
vn -0.2842 0.9405 -0.1864
vn -0.2821 0.9520 -0.1186
vn -0.1845 0.5203 0.8338
vn -0.2090 0.4512 0.8676
vn 0.3773 -0.4573 0.8053
vn 0.4291 -0.4809 0.7646
vn 0.4751 -0.4897 0.7311
vn 0.8371 -0.1332 -0.5307
vn 0.8403 -0.1368 -0.5247
vn 0.2341 0.7469 -0.6223
vn 0.1521 0.7680 -0.6221
vn -0.2634 0.9310 -0.2526
vn -0.3744 -0.0689 0.9247
vn -0.3790 -0.0040 0.9254
vn -0.3710 -0.0732 0.9258
vn 0.8744 -0.4603 -0.1538
vn 0.8694 -0.4607 -0.1786
vn 0.8745 -0.4598 -0.1544
vn -0.7680 -0.4723 -0.4325
vn -0.6614 -0.3536 -0.6614
vn -0.6204 -0.7325 -0.2801
vn -0.8521 -0.2072 -0.4806
vn -0.6927 -0.2004 -0.6927
vn -0.6679 -0.7223 -0.1790
vn -0.8339 -0.5158 -0.1960
vn -0.9474 -0.2087 -0.2425
vn -0.9463 -0.2004 -0.2535
usemtl Egg
s off
f 1840/3124/1648 1836/3125/1648 1834/3126/1648
f 1836/3127/1649 1832/3128/1649 1834/3126/1649
f 1833/3129/1650 1837/3130/1650 1834/3126/1650
f 1837/3131/1651 1840/3132/1651 1834/3126/1651
f 1838/3133/1652 1836/3125/1652 1840/3134/1652
f 1837/3131/1653 1839/3135/1653 1840/3134/1653
f 1834/3126/1654 1832/3136/1654 1865/3137/1654
f 1834/3126/1655 1865/3138/1655 1844/3139/1655
f 1850/3140/1656 1839/3141/1656 1851/3142/1656
f 1850/3143/1657 1848/3144/1657 1840/3134/1657
f 1840/3134/1658 1848/3145/1658 1866/3146/1658
f 1838/3147/1659 1840/3134/1659 1866/3148/1659
f 1838/3133/1660 1866/3149/1660 1836/3150/1660
f 1866/3151/1661 1835/3152/1661 1836/3150/1661
f 1835/3153/1662 1841/3154/1662 1836/3150/1662
f 1865/3155/1663 1836/3150/1663 1841/3156/1663
f 1836/3150/1664 1865/3157/1664 1832/3128/1664
f 1837/3130/1665 1853/3158/1665 1854/3159/1665
f 1837/3131/1666 1833/3160/1666 1853/3161/1666
f 1839/3135/1667 1837/3162/1667 1854/3163/1667
f 1839/3164/1668 1854/3165/1668 1852/3166/1668
f 1852/3167/1669 1851/3168/1669 1839/3164/1669
f 1842/3169/1670 1835/3152/1670 1867/3170/1670
f 1867/3171/1671 1835/3153/1671 1866/3172/1671
f 1842/3173/1672 1841/3174/1672 1835/3175/1672
f 1834/3126/1673 1844/3176/1673 1849/3177/1673
f 1850/3140/1656 1840/3134/1656 1839/3141/1656
f 1850/3143/1657 1847/3178/1657 1848/3144/1657
f 1849/3177/1674 1853/3179/1674 1833/3160/1674
f 1833/3160/1675 1834/3126/1675 1849/3177/1675
s 1
f 1831/3180/1676 1868/3181/1677 1864/3182/1678
f 1831/3180/1676 1858/3183/1679 1863/3184/1680
f 1864/3182/1678 1843/3185/1681 1855/3186/1681
f 1831/3180/1676 1856/3187/1682 1846/3188/1683
f 1863/3184/1680 1859/3189/1680 1868/3181/1677
f 1859/3189/1680 1860/3190/1680 1862/3191/1680
f 1860/3190/1680 1861/3192/1680 1862/3191/1680
f 1862/3191/1680 1868/3181/1677 1859/3189/1680
f 1868/3181/1677 1831/3180/1676 1863/3184/1680
f 1855/3186/1681 1856/3187/1682 1864/3182/1678
f 1856/3187/1682 1831/3180/1676 1864/3182/1678
f 1846/3188/1683 1845/3193/1684 1857/3194/1684
f 1857/3194/1684 1858/3183/1679 1846/3188/1683
f 1858/3183/1679 1831/3180/1676 1846/3188/1683
o Sphere.003_cell.053_Sphere.003_cell.052
v -0.052556 -0.149906 -0.030343
v -0.007226 -0.110236 -0.019543
v -0.003630 -0.145356 -0.047065
v -0.056818 -0.149906 -0.014437
v -0.069698 -0.133277 -0.033485
v -0.063620 -0.137702 -0.037309
v -0.034377 -0.149906 -0.048523
v -0.023429 -0.161727 -0.013527
v -0.013157 -0.158238 -0.033456
v -0.005593 -0.153978 -0.047601
v -0.008709 -0.152166 -0.051924
v -0.031691 -0.159605 0.005226
v -0.037882 -0.157821 0.001061
v -0.056818 -0.149906 -0.014437
v -0.069698 -0.133277 -0.033485
v -0.063620 -0.137702 -0.037309
v -0.034377 -0.149906 -0.048523
v -0.005593 -0.153978 -0.047601
v -0.013157 -0.158238 -0.033456
v -0.023429 -0.161727 -0.013527
v -0.008709 -0.152166 -0.051924
v -0.037882 -0.157821 0.001061
v -0.031691 -0.159605 0.005226
vt 0.034263 0.125312
vt 0.103489 0.125312
vt 0.120923 0.211972
vt 0.437789 0.223768
vt 0.645836 0.125312
vt 0.645836 0.211972
vt 0.034263 0.125312
vt 0.440478 0.262889
vt 0.298037 0.389086
vt 0.645836 0.389086
vt 0.103489 0.194538
vt 0.645836 0.125312
vt 0.141281 0.229282
vt 0.098652 0.125312
vt 0.490876 0.401445
vt 0.382888 0.125312
vt 0.645836 0.235561
vt 0.645836 0.736885
vt 0.382888 0.473937
vt 0.146132 0.125312
vt 0.535587 0.125312
vt 0.645836 0.736885
vt 0.645836 0.672495
vt 0.580479 0.144951
vt 0.606461 0.116249
vt 0.587691 0.154574
vt 0.580479 0.116249
vt 0.579845 0.144376
vt 0.539916 0.116249
vt 0.481927 0.107185
vt 0.453256 0.083188
vt 0.444246 0.064096
vt 0.464477 0.099238
vt 0.321723 0.076887
vt 0.379839 0.086530
vn 0.7750 -0.1382 -0.6166
vn -0.0519 0.6053 -0.7943
vn 0.8810 -0.2289 0.4140
vn 0.8856 -0.2269 0.4052
vn -0.0501 0.6129 -0.7886
vn -0.3718 0.5601 0.7403
vn -0.3497 0.5528 0.7564
vn -0.0500 0.6129 -0.7886
vn -0.6205 -0.7338 -0.2764
vn -0.4541 -0.8827 -0.1210
vn -0.6545 -0.7304 -0.1951
vn -0.4707 -0.8402 -0.2692
vn -0.2502 -0.9140 -0.3194
vn -0.1117 -0.9357 -0.3345
vn -0.1571 -0.9426 -0.2947
vn -0.2693 -0.9506 -0.1545
vn -0.0885 -0.9397 -0.3303
vn -0.2705 -0.9627 -0.0102
vn -0.3047 -0.9513 -0.0472
usemtl Egg
s off
f 1871/3195/1685 1878/3196/1685 1879/3197/1685
f 1875/3198/1686 1871/3199/1686 1879/3200/1686
f 1870/3201/1687 1876/3202/1687 1877/3203/1687
f 1871/3195/1688 1877/3204/1688 1878/3205/1688
f 1870/3206/1689 1874/3207/1689 1873/3208/1689
f 1870/3206/1690 1872/3209/1690 1881/3210/1690
f 1880/3211/1691 1870/3212/1691 1881/3213/1691
f 1875/3198/1686 1874/3214/1686 1871/3199/1686
f 1870/3201/1687 1880/3215/1687 1876/3202/1687
f 1871/3195/1688 1870/3206/1688 1877/3204/1688
f 1870/3206/1692 1871/3216/1692 1874/3207/1692
f 1870/3206/1690 1873/3217/1690 1872/3209/1690
s 1
f 1884/3218/1693 1882/3219/1694 1883/3220/1695
f 1869/3221/1696 1884/3222/1693 1885/3223/1697
f 1885/3223/1697 1889/3224/1698 1887/3225/1699
f 1882/3219/1694 1869/3221/1696 1888/3226/1700
f 1884/3218/1693 1869/3221/1696 1882/3219/1694
f 1889/3224/1698 1886/3227/1701 1887/3225/1699
f 1887/3225/1699 1888/3226/1700 1885/3223/1697
f 1888/3226/1700 1869/3221/1696 1885/3223/1697
f 1891/3228/1702 1890/3229/1703 1888/3226/1700
f 1890/3229/1703 1882/3219/1694 1888/3226/1700
o Sphere.003_cell.055_Sphere.003_cell.053
v -0.052556 0.044604 -0.091030
v -0.057501 -0.002680 -0.073288
v -0.058402 0.070804 -0.029531
v -0.035313 -0.002650 -0.028094
v -0.045078 -0.012430 -0.053121
v -0.035385 -0.009686 -0.032298
v -0.034686 -0.001285 -0.082313
v -0.012826 0.059814 -0.020921
v -0.016471 0.045168 -0.012679
v -0.028857 0.000122 -0.024899
v -0.046039 -0.011919 -0.063954
v -0.027663 0.066265 -0.020895
v -0.032317 0.061384 -0.018513
v -0.071557 0.044604 -0.072030
v -0.067548 0.009157 -0.086310
v -0.055870 0.013363 -0.096770
v -0.058769 0.094062 -0.047672
v -0.069595 0.085802 -0.043050
v -0.071337 0.049286 -0.068733
v -0.038275 0.096554 -0.066294
v -0.049547 0.012920 -0.098558
v -0.023641 0.044604 -0.098778
v -0.027629 0.030096 -0.100787
v -0.032778 0.012538 -0.103132
v -0.039246 0.012420 -0.101424
v -0.019258 0.059036 -0.092018
v -0.012762 0.080998 -0.081683
v -0.012160 0.091265 -0.076200
v -0.055870 0.013363 -0.096770
v -0.067548 0.009157 -0.086310
v -0.071557 0.044604 -0.072030
v -0.071337 0.049286 -0.068733
v -0.069595 0.085802 -0.043050
v -0.058769 0.094062 -0.047672
v -0.039246 0.012420 -0.101424
v -0.049547 0.012920 -0.098558
v -0.023641 0.044604 -0.098778
v -0.027629 0.030096 -0.100787
v -0.032778 0.012538 -0.103132
v -0.012762 0.080998 -0.081683
v -0.019258 0.059036 -0.092018
v -0.038275 0.096554 -0.066294
v -0.012160 0.091265 -0.076200
vt 0.034263 0.125312
vt 0.645836 0.125312
vt 0.645836 0.736885
vt 0.034263 0.125312
vt 0.645836 0.125312
vt 0.034263 0.125312
vt 0.645836 0.125312
vt 0.034263 0.125312
vt 0.645836 0.125312
vt 0.034263 0.125312
vt 0.645836 0.125312
vt 0.034263 0.125312
vt 0.645836 0.125312
vt 0.034263 0.125312
vt 0.645836 0.736885
vt 0.645836 0.125312
vt 0.645836 0.125312
vt 0.645836 0.736885
vt 0.034263 0.125312
vt 0.645836 0.736885
vt 0.645836 0.736885
vt 0.034263 0.125312
vt 0.645836 0.736885
vt 0.645836 0.125312
vt 0.645836 0.736885
vt 0.034263 0.125312
vt 0.034263 0.125312
vt 0.645836 0.736885
vt 0.034263 0.125312
vt 0.645836 0.421047
vt 0.329998 0.421047
vt 0.334225 0.272525
vt 0.645836 0.489127
vt 0.357738 0.448787
vt 0.398078 0.489127
vt 0.645836 0.125312
vt 0.344079 0.324012
vt 0.645836 0.567279
vt 0.414195 0.505244
vt 0.512617 0.125312
vt 0.397659 0.125312
vt 0.645836 0.125312
vt 0.645836 0.736885
vt 0.246661 0.125312
vt 0.645836 0.594675
vt 0.645836 0.125312
vt 0.246661 0.337710
vt 0.180106 0.238119
vt 0.191070 0.282119
vt 0.616456 0.335537
vt 0.645836 0.373488
vt 0.564704 0.125312
vt 0.176472 0.125312
vt 0.357738 0.125312
vt 0.043693 0.125312
vt 0.512617 0.603666
vt 0.645836 0.282119
vt 0.115395 0.125312
vt 0.484823 0.125312
vt 0.545976 0.362016
vt 0.530917 0.400273
vt 0.530917 0.361685
vt 0.555393 0.400273
vt 0.557395 0.405759
vt 0.525297 0.361138
vt 0.506673 0.382353
vt 0.530917 0.461141
vt 0.501096 0.417183
vt 0.577505 0.448543
vt 0.562643 0.458827
vt 0.510400 0.360667
vt 0.516135 0.360521
vt 0.503649 0.400273
vt 0.494069 0.453982
vt 0.496232 0.442915
vn -0.3904 -0.1395 0.9100
vn 0.9658 -0.2574 -0.0302
vn 0.1945 0.4438 0.8748
vn 0.0610 0.3901 0.9187
vn -0.4108 -0.0745 0.9087
vn -0.4317 -0.1182 0.8943
vn -0.2015 -0.5008 0.8418
vn -0.8546 -0.2598 0.4496
vn 0.8551 -0.5131 -0.0743
vn 0.3535 0.8112 0.4658
vn -0.1509 0.5460 0.8241
vn -0.8615 -0.2613 0.4354
vn 0.4275 -0.9004 -0.0804
vn 0.5578 -0.8198 -0.1299
vn -0.6374 -0.7703 0.0203
vn 0.9588 -0.2691 -0.0908
vn 0.9637 -0.2532 -0.0844
vn 0.9656 -0.2458 -0.0847
vn 0.9986 -0.0499 -0.0163
vn 0.3276 0.8195 0.4702
vn -0.1301 0.6085 0.7828
vn -0.8655 -0.2599 0.4282
vn -0.1320 -0.8202 -0.5567
vn -0.1946 -0.8061 -0.5589
vn -0.2147 -0.7994 -0.5611
vn -0.8658 -0.2603 0.4273
vn -0.8682 -0.3173 0.3815
vn 0.3418 0.8167 0.4650
vn -0.8697 -0.2659 0.4159
vn -0.6927 0.2007 -0.6927
vn -0.4700 0.3407 -0.8142
vn -0.5024 0.2075 -0.8393
vn -0.6571 0.3693 -0.6571
vn -0.6245 0.4690 -0.6245
vn -0.2535 0.2007 -0.9463
vn -0.4454 0.4818 -0.7546
vn -0.2286 0.4690 -0.8531
vn -0.2420 0.3547 -0.9031
usemtl Egg
s off
f 1895/3230/1704 1901/3231/1704 1900/3232/1704
f 1901/3233/1705 1899/3234/1705 1900/3232/1705
f 1899/3235/1706 1903/3236/1706 1900/3232/1706
f 1903/3237/1707 1904/3238/1707 1900/3232/1707
f 1904/3239/1708 1894/3240/1708 1900/3232/1708
f 1894/3241/1709 1895/3242/1709 1900/3232/1709
f 1897/3243/1710 1901/3231/1710 1895/3244/1710
f 1894/3241/1711 1897/3245/1711 1895/3244/1711
f 1897/3243/1712 1898/3246/1712 1901/3247/1712
f 1919/3248/1713 1903/3236/1713 1899/3249/1713
f 1894/3241/1714 1904/3238/1714 1903/3250/1714
f 1896/3251/1715 1897/3245/1715 1894/3252/1715
f 1896/3251/1716 1902/3253/1716 1897/3254/1716
f 1902/3255/1717 1898/3246/1717 1897/3254/1717
f 1893/3256/1718 1902/3253/1718 1896/3257/1718
f 1898/3258/1719 1914/3259/1719 1901/3247/1719
f 1901/3247/1720 1914/3260/1720 1913/3261/1720
f 1918/3262/1721 1899/3249/1721 1917/3263/1721
f 1918/3264/1722 1919/3265/1722 1899/3249/1722
f 1903/3250/1723 1911/3266/1723 1908/3267/1723
f 1894/3240/1724 1908/3268/1724 1909/3269/1724
f 1894/3252/1725 1910/3270/1725 1896/3271/1725
f 1898/3272/1726 1916/3273/1726 1915/3274/1726
f 1893/3275/1727 1916/3276/1727 1902/3255/1727
f 1893/3256/1728 1907/3277/1728 1912/3278/1728
f 1905/3279/1729 1896/3271/1729 1910/3280/1729
f 1906/3281/1730 1893/3275/1730 1896/3257/1730
f 1898/3258/1719 1915/3282/1719 1914/3259/1719
f 1913/3261/1720 1917/3283/1720 1899/3234/1720
f 1899/3234/1720 1901/3247/1720 1913/3261/1720
f 1903/3250/1731 1919/3284/1731 1911/3266/1731
f 1894/3240/1724 1903/3250/1724 1908/3268/1724
f 1894/3252/1725 1909/3285/1725 1910/3270/1725
f 1898/3272/1726 1902/3255/1726 1916/3273/1726
f 1893/3275/1727 1912/3286/1727 1916/3276/1727
f 1893/3256/1728 1906/3287/1728 1907/3277/1728
f 1905/3279/1732 1906/3288/1732 1896/3271/1732
s 1
f 1921/3289/1733 1892/3290/1734 1920/3291/1735
f 1892/3290/1734 1922/3292/1736 1923/3293/1737
f 1927/3294/1738 1892/3290/1734 1929/3295/1738
f 1933/3296/1739 1932/3297/1740 1892/3290/1734
f 1921/3289/1733 1922/3292/1736 1892/3290/1734
f 1924/3298/1737 1925/3299/1737 1923/3293/1737
f 1925/3299/1737 1933/3296/1739 1923/3293/1737
f 1933/3296/1739 1892/3290/1734 1923/3293/1737
f 1930/3300/1738 1926/3301/1738 1929/3295/1738
f 1926/3301/1738 1927/3294/1738 1929/3295/1738
f 1927/3294/1738 1920/3291/1735 1892/3290/1734
f 1892/3290/1734 1928/3302/1741 1929/3295/1738
f 1933/3296/1739 1934/3303/1740 1931/3304/1740
f 1931/3304/1740 1932/3297/1740 1933/3296/1739
f 1932/3297/1740 1928/3302/1741 1892/3290/1734
o Sphere.003_cell.056_Sphere.003_cell.054
v -0.060687 -0.032047 -0.105112
v -0.047314 -0.013532 -0.065418
v -0.060657 -0.001033 -0.076915
v -0.054517 -0.049908 -0.075050
v -0.034007 -0.002288 -0.086102
v -0.053280 -0.061467 -0.087953
v -0.075082 -0.030836 -0.090366
v -0.071192 0.001305 -0.084942
v -0.056039 0.011772 -0.097062
v -0.067971 0.007454 -0.086381
v -0.069832 -0.057674 -0.088554
v -0.073035 -0.042618 -0.089706
v -0.059237 -0.066799 -0.096508
v -0.063001 -0.063848 -0.093598
v -0.032565 0.009771 -0.103776
v -0.032459 -0.032047 -0.112676
v -0.029901 -0.022614 -0.111361
v -0.023835 0.000264 -0.108132
v -0.043337 -0.054862 -0.104929
v -0.047201 -0.062060 -0.102370
v -0.075082 -0.030836 -0.090366
v -0.071192 0.001305 -0.084942
v -0.067971 0.007454 -0.086381
v -0.056039 0.011772 -0.097062
v -0.059237 -0.066799 -0.096508
v -0.063001 -0.063848 -0.093598
v -0.069832 -0.057674 -0.088554
v -0.073035 -0.042618 -0.089706
v -0.032565 0.009771 -0.103776
v -0.023835 0.000264 -0.108132
v -0.029901 -0.022614 -0.111361
v -0.032459 -0.032047 -0.112676
v -0.043337 -0.054862 -0.104929
v -0.047201 -0.062060 -0.102370
vt 0.034263 0.125312
vt 0.645836 0.125312
vt 0.645836 0.736885
vt 0.034263 0.125312
vt 0.645836 0.125312
vt 0.645836 0.125312
vt 0.618360 0.418186
vt 0.529122 0.125312
vt 0.368889 0.459938
vt 0.034263 0.125312
vt 0.162113 0.125312
vt 0.619908 0.258202
vt 0.346001 0.125312
vt 0.645836 0.125312
vt 0.034263 0.125312
vt 0.152164 0.125312
vt 0.177986 0.269035
vt 0.487159 0.125312
vt 0.645836 0.324900
vt 0.645836 0.125312
vt 0.645836 0.331914
vt 0.347802 0.348235
vt 0.240865 0.331914
vt 0.645836 0.332249
vt 0.162113 0.253162
vt 0.645836 0.425146
vt 0.241200 0.332249
vt 0.152164 0.243213
vt 0.095397 0.125312
vt 0.087995 0.179044
vt 0.034263 0.125312
vt 0.518787 0.125312
vt 0.645836 0.283988
vt 0.095397 0.186446
vt 0.164905 0.139962
vt 0.170174 0.261223
vt 0.645836 0.252360
vt 0.233851 0.324900
vt 0.645836 0.242025
vt 0.547094 0.350900
vt 0.544657 0.354387
vt 0.530917 0.359720
vt 0.530917 0.305598
vt 0.537647 0.266385
vt 0.546282 0.292563
vt 0.510056 0.357249
vt 0.501993 0.345507
vt 0.506183 0.317249
vt 0.507864 0.305598
vt 0.518163 0.277465
vt 0.547165 0.307094
vt 0.547123 0.305598
vt 0.533570 0.262746
vt 0.544807 0.273998
vt 0.528394 0.359493
vt 0.522006 0.268591
vt 0.530917 0.263395
vn 0.8694 -0.2800 0.4071
vn 0.2357 0.7822 0.5768
vn 0.4500 -0.8641 0.2253
vn -0.1545 -0.7866 0.5978
vn -0.6426 -0.0689 0.7631
vn -0.6504 -0.0492 0.7580
vn 0.8820 -0.2866 0.3740
vn 0.8792 -0.2911 0.3772
vn 0.8650 -0.3298 0.3783
vn -0.1930 -0.7400 0.6444
vn -0.6372 -0.0769 0.7669
vn -0.5864 0.1119 0.8022
vn -0.4841 0.4316 0.7611
vn 0.7578 0.5086 0.4088
vn 0.2092 0.8029 0.5582
vn 0.2284 0.7955 0.5613
vn 0.2302 0.7965 0.5590
vn -0.6927 0.2007 -0.6927
vn -0.4745 0.2075 -0.8554
vn -0.5011 -0.0043 -0.8654
vn -0.6927 -0.2004 -0.6927
vn -0.7002 -0.1863 -0.6891
vn -0.2535 0.2007 -0.9463
vn -0.2585 0.0509 -0.9647
vn -0.3009 -0.2089 -0.9304
vn -0.7138 0.0334 -0.6995
vn -0.5200 -0.2120 -0.8274
vn -0.4003 -0.1087 -0.9099
usemtl Egg
s off
f 1938/3305/1742 1939/3306/1742 1936/3307/1742
f 1939/3308/1743 1937/3309/1743 1936/3307/1743
f 1940/3310/1744 1947/3311/1744 1954/3312/1744
f 1947/3313/1745 1940/3314/1745 1948/3315/1745
f 1941/3316/1746 1946/3317/1746 1936/3318/1746
f 1936/3319/1747 1942/3320/1747 1941/3321/1747
f 1952/3322/1748 1939/3306/1748 1951/3323/1748
f 1938/3324/1749 1953/3325/1749 1950/3326/1749
f 1940/3310/1750 1953/3327/1750 1938/3305/1750
f 1940/3314/1751 1945/3328/1751 1948/3329/1751
f 1938/3305/1752 1946/3330/1752 1945/3331/1752
f 1936/3319/1753 1937/3309/1753 1942/3332/1753
f 1944/3333/1754 1942/3334/1754 1937/3335/1754
f 1949/3336/1755 1939/3306/1755 1952/3337/1755
f 1944/3338/1756 1937/3335/1756 1943/3339/1756
f 1943/3340/1757 1939/3306/1757 1949/3341/1757
f 1951/3342/1749 1939/3308/1749 1950/3326/1749
f 1939/3308/1749 1938/3324/1749 1950/3326/1749
f 1940/3310/1750 1954/3343/1750 1953/3327/1750
f 1940/3314/1751 1938/3324/1751 1945/3328/1751
f 1938/3305/1752 1936/3318/1752 1946/3330/1752
f 1943/3340/1758 1937/3335/1758 1939/3306/1758
s 1
f 1956/3344/1759 1957/3345/1759 1958/3346/1760
f 1935/3347/1761 1960/3348/1762 1962/3349/1763
f 1963/3350/1764 1964/3351/1764 1965/3352/1764
f 1935/3347/1761 1966/3353/1765 1967/3354/1766
f 1958/3346/1760 1935/3347/1761 1956/3344/1759
f 1935/3347/1761 1955/3355/1767 1956/3344/1759
f 1962/3349/1763 1955/3356/1767 1935/3347/1761
f 1935/3347/1761 1959/3357/1768 1960/3348/1762
f 1960/3348/1762 1961/3358/1762 1962/3349/1763
f 1966/3353/1765 1935/3347/1761 1965/3352/1764
f 1935/3347/1761 1958/3359/1760 1965/3352/1764
f 1958/3359/1760 1963/3350/1764 1965/3352/1764
f 1967/3354/1766 1968/3360/1769 1959/3361/1768
f 1959/3361/1768 1935/3347/1761 1967/3354/1766
o Sphere.003_cell.058_Sphere.003_cell.055
v -0.052556 -0.108827 -0.091030
v -0.046907 -0.065693 -0.077291
v -0.035726 -0.065105 -0.015586
v -0.031857 -0.055447 -0.023870
v -0.005965 -0.107350 -0.020264
v -0.004329 -0.085857 -0.047880
v -0.023369 -0.064136 -0.013632
v -0.001889 -0.141229 -0.047592
v -0.001062 -0.101747 -0.020011
v 0.002015 -0.125187 -0.049462
v 0.001423 -0.087311 -0.019861
v -0.000958 -0.077142 -0.018916
v -0.017823 -0.062560 -0.014579
v -0.073015 -0.128062 -0.042155
v -0.065755 -0.135814 -0.037963
v -0.072802 -0.130132 -0.034594
v -0.058102 -0.138987 -0.040929
v -0.031684 -0.149906 -0.051215
v -0.069920 -0.114788 -0.064860
v -0.068354 -0.108827 -0.075233
v -0.023141 -0.150643 -0.052390
v -0.009731 -0.149906 -0.058079
v -0.053337 -0.101452 -0.092383
v -0.058342 -0.084247 -0.092356
v -0.008606 -0.143700 -0.065092
v -0.019699 -0.134245 -0.072345
v -0.069920 -0.114788 -0.064860
v -0.068354 -0.108827 -0.075233
v -0.031684 -0.149906 -0.051215
v -0.058102 -0.138987 -0.040929
v -0.065755 -0.135814 -0.037963
v -0.073015 -0.128062 -0.042155
v -0.023141 -0.150643 -0.052390
v -0.058342 -0.084247 -0.092356
v -0.053337 -0.101452 -0.092383
v -0.052556 -0.108827 -0.091030
v -0.019699 -0.134245 -0.072345
v -0.008606 -0.143700 -0.065092
v -0.072802 -0.130132 -0.034594
v -0.009731 -0.149906 -0.058079
vt 0.034263 0.125312
vt 0.645836 0.125312
vt 0.645836 0.736885
vt 0.034263 0.125312
vt 0.645836 0.125312
vt 0.034263 0.125312
vt 0.645836 0.125312
vt 0.034263 0.125312
vt 0.645836 0.125312
vt 0.034263 0.125312
vt 0.645836 0.125312
vt 0.034263 0.125312
vt 0.645836 0.736885
vt 0.645836 0.125312
vt 0.034263 0.125312
vt 0.645836 0.125312
vt 0.034263 0.125312
vt 0.645836 0.125312
vt 0.034263 0.125312
vt 0.645836 0.125312
vt 0.645836 0.736885
vt 0.034263 0.125312
vt 0.645836 0.736885
vt 0.645836 0.125312
vt 0.645836 0.736885
vt 0.034263 0.125312
vt 0.645836 0.736885
vt 0.645836 0.736885
vt 0.034263 0.125312
vt 0.645836 0.736885
vt 0.645836 0.736885
vt 0.487614 0.578663
vt 0.350277 0.125312
vt 0.645836 0.614863
vt 0.603016 0.694065
vt 0.301887 0.125312
vt 0.477080 0.135610
vt 0.528736 0.127044
vt 0.050904 0.125312
vt 0.645836 0.125312
vt 0.645836 0.160851
vt 0.338458 0.246966
vt 0.645836 0.359566
vt 0.561615 0.393574
vt 0.645836 0.420870
vt 0.416748 0.392136
vt 0.322758 0.125312
vt 0.587497 0.196198
vt 0.645836 0.165261
vt 0.064644 0.125312
vt 0.645836 0.130823
vt 0.301887 0.392936
vt 0.069802 0.160850
vt 0.268517 0.359566
vt 0.645836 0.720243
vt 0.322758 0.413807
vt 0.645836 0.125312
vt 0.584356 0.164201
vt 0.580479 0.166593
vt 0.580479 0.148727
vt 0.533908 0.116249
vt 0.572064 0.141415
vt 0.559107 0.197185
vt 0.530917 0.116249
vt 0.489023 0.111189
vt 0.515482 0.113668
vt 0.551267 0.210924
vt 0.530917 0.220017
vt 0.530917 0.210924
vt 0.506518 0.152343
vt 0.493607 0.130552
vt 0.534648 0.240580
vt 0.497248 0.116249
vt 0.528785 0.210924
vn 0.9453 -0.2000 0.2579
vn 0.9134 -0.2589 -0.3140
vn 0.7304 0.1447 -0.6676
vn 0.9680 0.1638 -0.1902
vn 0.9579 -0.1673 0.2333
vn 0.5284 -0.4936 0.6907
vn 0.2088 -0.0461 0.9769
vn 0.1839 -0.0573 0.9813
vn 0.0838 -0.1181 0.9895
vn 0.5722 0.7604 -0.3071
vn 0.9533 0.2402 -0.1832
vn 0.2163 -0.0400 0.9755
vn -0.1373 -0.2041 0.9693
vn -0.0880 0.7223 0.6859
vn -0.1663 0.6795 0.7146
vn -0.8654 0.4773 0.1523
vn 0.8523 -0.4520 -0.2633
vn 0.2558 -0.8301 0.4955
vn 0.6392 0.1756 -0.7488
vn 0.6816 -0.0615 -0.7291
vn 0.6235 0.2239 -0.7491
vn -0.1380 -0.2046 0.9691
vn 0.0549 -0.6079 0.7921
vn 0.0562 -0.6092 0.7910
vn -0.8863 0.4465 0.1228
vn -0.8797 0.4518 0.1484
vn -0.8770 0.4549 0.1546
vn 0.5804 0.7588 -0.2957
vn 0.0975 -0.6177 0.7803
vn 0.6281 0.1839 -0.7561
vn 0.5977 0.2024 -0.7758
vn -0.0074 -0.5168 0.8561
vn -0.8818 0.4495 0.1426
vn 0.5801 0.7589 -0.2959
vn -0.6679 -0.7223 -0.1790
vn -0.5522 -0.7325 -0.3981
vn -0.5390 -0.7310 -0.4184
vn -0.3147 -0.7471 -0.5854
vn -0.4890 -0.7223 -0.4890
vn -0.2050 -0.7267 -0.6557
vn -0.1368 -0.8888 -0.4375
vn -0.5670 -0.5974 -0.5670
vn -0.6927 -0.2004 -0.6927
vn -0.5764 -0.5049 -0.6425
vn -0.1953 -0.7316 -0.6531
vn -0.2011 -0.7250 -0.6587
usemtl Egg
s off
f 1977/3362/1770 1976/3363/1770 1978/3364/1770
f 1976/3365/1771 1993/3366/1771 1978/3364/1771
f 1993/3367/1772 1974/3368/1772 1978/3364/1772
f 1974/3369/1773 1979/3370/1773 1978/3364/1773
f 1979/3371/1774 1977/3372/1774 1978/3364/1774
f 1973/3373/1775 1976/3363/1775 1977/3374/1775
f 1979/3371/1776 1981/3375/1776 1977/3374/1776
f 1981/3376/1777 1975/3377/1777 1977/3374/1777
f 1975/3378/1778 1973/3379/1778 1977/3374/1778
f 1970/3380/1779 1972/3381/1779 1974/3382/1779
f 1980/3383/1780 1979/3370/1780 1974/3382/1780
f 1980/3383/1781 1981/3375/1781 1979/3384/1781
f 1975/3378/1782 1971/3385/1782 1973/3386/1782
f 1972/3387/1783 1975/3377/1783 1981/3388/1783
f 1972/3387/1784 1971/3385/1784 1975/3389/1784
f 1971/3390/1785 1972/3381/1785 1970/3391/1785
f 1993/3366/1786 1976/3392/1786 1990/3393/1786
f 1976/3392/1787 1989/3394/1787 1990/3395/1787
f 1993/3396/1788 1994/3397/1788 1974/3368/1788
f 1974/3382/1789 1969/3398/1789 1991/3399/1789
f 1992/3400/1790 1970/3401/1790 1974/3382/1790
f 1971/3390/1791 2007/3402/1791 1973/3386/1791
f 1973/3386/1792 1983/3403/1792 1985/3404/1792
f 1973/3386/1793 1986/3405/1793 1989/3406/1793
f 1970/3401/1794 1988/3407/1794 1987/3408/1794
f 1970/3391/1795 1982/3409/1795 2007/3410/1795
f 1971/3385/1796 1970/3391/1796 2007/3411/1796
f 1981/3388/1797 1974/3382/1797 1972/3381/1797
f 1976/3392/1798 1973/3373/1798 1989/3394/1798
f 1991/3399/1799 1992/3412/1799 1974/3382/1799
f 1974/3382/1800 1994/3413/1800 1969/3398/1800
f 1973/3386/1801 2007/3414/1801 1983/3403/1801
f 1973/3386/1793 1985/3415/1793 1986/3405/1793
f 1970/3401/1794 1992/3416/1794 1988/3407/1794
f 1970/3391/1802 1987/3417/1802 1982/3409/1802
f 1981/3388/1803 1980/3418/1803 1974/3382/1803
s 1
f 1984/3419/1804 2000/3420/1805 1999/3421/1806
f 1997/3422/1807 1998/3423/1808 1995/3424/1808
f 1997/3425/1807 2008/3426/1809 2001/3427/1810
f 1996/3428/1811 2003/3429/1812 2004/3430/1813
f 1997/3425/1807 2005/3431/1814 2006/3432/1815
f 2000/3420/1805 1995/3424/1808 1998/3423/1808
f 1995/3424/1808 1996/3428/1811 2004/3430/1813
f 2000/3420/1805 1998/3423/1808 1999/3421/1806
f 2004/3430/1813 1997/3422/1807 1995/3424/1808
f 1996/3428/1811 2002/3433/1812 2003/3429/1812
f 2006/3432/1815 2008/3434/1809 1997/3425/1807
f 1997/3425/1807 2004/3435/1813 2005/3431/1814
o Sphere.003_cell.059_Sphere.003_cell.056
v 0.000000 0.125407 -0.060687
v 0.016186 0.104193 -0.048566
v 0.014563 0.091373 -0.057554
v 0.021011 0.094617 -0.069213
v 0.015880 0.125407 -0.056432
v 0.000000 0.093616 -0.078165
v 0.024684 0.106378 -0.064535
v -0.012283 0.125407 -0.057395
v -0.010139 0.128868 -0.053655
v 0.000000 0.142968 -0.038789
v -0.009053 0.091884 -0.076692
v -0.012283 0.125407 -0.057395
v -0.010139 0.128868 -0.053655
v 0.000000 0.142968 -0.038789
v 0.015880 0.125407 -0.056432
v 0.000000 0.093616 -0.078165
v -0.009053 0.091884 -0.076692
v 0.021011 0.094617 -0.069213
v 0.024684 0.106378 -0.064535
vt 0.034263 0.125312
vt 0.645836 0.125312
vt 0.645836 0.736885
vt 0.034263 0.125312
vt 0.645836 0.125312
vt 0.645836 0.142556
vt 0.460961 0.175370
vt 0.034263 0.125312
vt 0.645836 0.438648
vt 0.347599 0.438648
vt 0.386874 0.462905
vt 0.645836 0.736885
vt 0.442268 0.125312
vt 0.645836 0.736885
vt 0.458643 0.381233
vt 0.645836 0.360835
vt 0.410313 0.125312
vt 0.453052 0.544101
vt 0.426059 0.517108
vt 0.481354 0.494947
vt 0.455417 0.494947
vt 0.446768 0.472652
vt 0.490966 0.498271
vt 0.440856 0.513474
vt 0.495018 0.456593
vt 0.501418 0.494947
vt 0.456122 0.459452
vt 0.481354 0.457699
vn -0.5773 -0.4185 0.7012
vn 0.1367 -0.9713 -0.1946
vn 0.1457 -0.9611 -0.2346
vn -0.5573 -0.4507 0.6973
vn -0.5104 -0.4654 0.7231
vn 0.8367 -0.3814 0.3931
vn 0.8211 0.2088 0.5312
vn -0.5265 -0.4079 0.7460
vn 0.8434 -0.4042 0.3539
vn 0.8555 0.1908 0.4814
vn 0.0000 0.6278 -0.7783
vn 0.2075 0.5974 -0.7746
vn 0.2721 0.4056 -0.8726
vn -0.1653 0.7694 -0.6170
vn 0.0177 0.7800 -0.6255
vn -0.2286 0.4690 -0.8531
vn -0.2006 0.6317 -0.7488
vn 0.3706 0.2410 -0.8969
vn -0.0046 0.4553 -0.8903
usemtl Egg
s off
f 2011/3436/1816 2010/3437/1816 2019/3438/1816
f 2026/3439/1817 2011/3440/1817 2019/3438/1817
f 2026/3439/1818 2019/3441/1818 2014/3442/1818
f 2010/3443/1819 2017/3444/1819 2019/3438/1819
f 2019/3438/1820 2017/3445/1820 2016/3446/1820
f 2011/3447/1821 2027/3448/1821 2010/3437/1821
f 2010/3449/1822 2013/3450/1822 2018/3451/1822
f 2010/3443/1823 2018/3452/1823 2017/3444/1823
f 2011/3447/1824 2026/3453/1824 2027/3448/1824
f 2010/3449/1825 2027/3454/1825 2013/3450/1825
s 1
f 2009/3455/1826 2023/3456/1827 2015/3457/1828
f 2009/3455/1826 2021/3458/1829 2022/3459/1830
f 2023/3456/1827 2009/3455/1826 2022/3459/1830
f 2009/3455/1826 2025/3460/1831 2020/3461/1832
f 2015/3457/1828 2012/3462/1833 2024/3463/1834
f 2024/3463/1834 2009/3455/1826 2015/3457/1828
f 2009/3455/1826 2020/3461/1832 2021/3458/1829
f 2009/3455/1826 2024/3463/1834 2025/3460/1831
o Sphere.003_cell.060_Sphere.003_cell.057
v 0.000000 0.044604 -0.105112
v 0.031432 -0.006842 -0.021267
v 0.026982 0.034304 -0.015174
v 0.020869 0.091792 -0.068309
v 0.025312 0.055328 -0.022371
v -0.033265 -0.000516 -0.085854
v -0.029975 -0.006534 -0.029468
v -0.010955 0.059921 -0.020401
v -0.014348 0.043772 -0.012387
v -0.026976 0.001420 -0.023018
v 0.020125 -0.010412 0.003200
v 0.013894 0.088370 -0.057712
v 0.007020 0.065990 -0.021033
v 0.001120 0.062860 -0.018053
v -0.007181 0.033091 -0.003134
v -0.003310 0.019661 0.001667
v 0.015169 0.092782 -0.074559
v 0.000000 0.092000 -0.079054
v 0.025026 0.044604 -0.098407
v 0.021993 0.078778 -0.080431
v 0.000000 0.002327 -0.114081
v 0.011141 0.001950 -0.111176
v 0.024629 0.001698 -0.107615
v -0.031567 0.011514 -0.103674
v -0.028855 0.021224 -0.102341
v -0.022289 0.044604 -0.099140
v -0.022941 0.001812 -0.108044
v -0.020715 0.049688 -0.096767
v -0.007979 0.090612 -0.077679
v 0.000000 0.092000 -0.079054
v 0.015169 0.092782 -0.074559
v 0.021993 0.078778 -0.080431
v 0.025026 0.044604 -0.098407
v 0.024629 0.001698 -0.107615
v 0.011141 0.001950 -0.111176
v 0.000000 0.002327 -0.114081
v -0.031567 0.011514 -0.103674
v -0.028855 0.021224 -0.102341
v -0.022289 0.044604 -0.099140
v -0.022941 0.001812 -0.108044
v -0.020715 0.049688 -0.096767
v 0.020869 0.091792 -0.068309
v -0.007979 0.090612 -0.077679
vt 0.034263 0.125312
vt 0.645836 0.125312
vt 0.645836 0.736885
vt 0.034263 0.125312
vt 0.645836 0.125312
vt 0.645836 0.125312
vt 0.645836 0.736885
vt 0.034263 0.125312
vt 0.645836 0.125312
vt 0.034263 0.125312
vt 0.645836 0.125312
vt 0.645836 0.125312
vt 0.645836 0.736885
vt 0.034263 0.125312
vt 0.645836 0.125312
vt 0.645836 0.736885
vt 0.645836 0.125312
vt 0.034263 0.125312
vt 0.645836 0.125312
vt 0.645836 0.125312
vt 0.645836 0.736885
vt 0.034263 0.125312
vt 0.645836 0.125312
vt 0.034263 0.125312
vt 0.645836 0.125312
vt 0.645836 0.125312
vt 0.645836 0.736885
vt 0.034263 0.125312
vt 0.645836 0.125312
vt 0.645836 0.736885
vt 0.645836 0.736885
vt 0.645836 0.125312
vt 0.645836 0.736885
vt 0.034263 0.125312
vt 0.645836 0.736885
vt 0.645836 0.736885
vt 0.645836 0.736885
vt 0.645836 0.363455
vt 0.034263 0.125312
vt 0.034263 0.125312
vt 0.380650 0.471699
vt 0.034263 0.125312
vt 0.435427 0.125312
vt 0.422118 0.513167
vt 0.486765 0.125312
vt 0.645836 0.252608
vt 0.152848 0.125312
vt 0.161559 0.252608
vt 0.034263 0.125312
vt 0.645836 0.416359
vt 0.540646 0.384682
vt 0.645836 0.145609
vt 0.325310 0.416359
vt 0.234926 0.222861
vt 0.034263 0.125312
vt 0.197541 0.288590
vt 0.645836 0.179804
vt 0.515996 0.463198
vt 0.435427 0.526476
vt 0.348314 0.374099
vt 0.272406 0.363455
vt 0.034263 0.125312
vt 0.152848 0.243897
vt 0.645836 0.288590
vt 0.645836 0.284382
vt 0.380650 0.125312
vt 0.462282 0.456722
vt 0.455249 0.456835
vt 0.456102 0.440313
vt 0.471669 0.347589
vt 0.481354 0.400273
vt 0.457754 0.400273
vt 0.481354 0.348055
vt 0.501274 0.347418
vt 0.507347 0.371396
vt 0.501488 0.406230
vt 0.488624 0.454629
vt 0.481354 0.455805
vt 0.459975 0.347277
vt 0.509268 0.359402
vt 0.502374 0.400273
vn 0.4430 0.7260 0.5260
vn 0.4568 0.7177 0.5255
vn 0.2810 0.3710 0.8851
vn 0.3324 0.3290 0.8839
vn 0.9934 0.0988 0.0581
vn 0.9052 0.0352 0.4235
vn -0.0081 -0.9944 -0.1057
vn 0.3421 0.3118 0.8864
vn -0.5211 -0.3668 0.7706
vn -0.5200 -0.4110 0.7487
vn -0.9583 0.2518 0.1351
vn -0.9590 0.2588 0.1154
vn -0.9606 0.2626 0.0908
vn -0.2922 0.8492 0.4398
vn -0.3151 0.8411 0.4396
vn -0.2092 0.8517 0.4805
vn 0.2476 0.3812 0.8907
vn 0.2266 0.3851 0.8946
vn -0.7331 0.0316 0.6794
vn -0.7540 0.0606 0.6540
vn -0.3409 0.4744 0.8116
vn -0.2800 0.4914 0.8247
vn 0.9948 0.1009 -0.0161
vn 0.0861 -0.9908 -0.1048
vn 0.0100 -0.9941 -0.1082
vn -0.7657 -0.4968 -0.4084
vn -0.9627 0.2576 0.0821
vn -0.9623 0.2588 0.0838
vn -0.9619 0.2599 0.0847
vn -0.1250 0.9615 0.2449
vn -0.1009 0.9643 0.2449
vn -0.0058 -0.9942 -0.1070
vn 0.9951 0.0975 -0.0175
vn -0.1216 0.9624 0.2428
vn 0.9951 0.0976 -0.0175
vn 0.9969 0.0075 -0.0778
vn 0.4382 0.5207 -0.7327
vn 0.6627 0.5403 -0.5186
vn 0.2999 0.4894 -0.8188
vn 0.2535 0.2007 -0.9463
vn 0.0000 0.3407 -0.9401
vn 0.2431 0.3430 -0.9073
vn 0.0009 0.2075 -0.9782
vn -0.2535 0.2007 -0.9463
vn -0.2286 0.4690 -0.8531
vn 0.0179 0.4817 -0.8761
vn -0.2450 0.3221 -0.9144
usemtl Egg
s off
f 2039/3464/1835 2040/3465/1835 2069/3466/1835
f 2040/3467/1836 2032/3468/1836 2069/3466/1836
f 2040/3467/1837 2043/3469/1837 2032/3470/1837
f 2043/3471/1838 2030/3472/1838 2032/3470/1838
f 2030/3473/1839 2029/3474/1839 2032/3470/1839
f 2030/3473/1840 2038/3475/1840 2029/3476/1840
f 2034/3477/1841 2033/3478/1841 2038/3479/1841
f 2030/3473/1842 2043/3469/1842 2038/3479/1842
f 2043/3471/1843 2037/3480/1843 2038/3479/1843
f 2037/3481/1844 2034/3482/1844 2038/3479/1844
f 2037/3481/1845 2036/3483/1845 2034/3484/1845
f 2036/3485/1846 2035/3486/1846 2034/3484/1846
f 2035/3487/1847 2070/3488/1847 2034/3484/1847
f 2035/3487/1848 2041/3489/1848 2070/3490/1848
f 2041/3491/1849 2039/3492/1849 2070/3490/1849
f 2041/3491/1850 2040/3465/1850 2039/3493/1850
f 2041/3491/1851 2043/3469/1851 2040/3494/1851
f 2041/3491/1852 2042/3495/1852 2043/3496/1852
f 2042/3497/1853 2037/3480/1853 2043/3496/1853
f 2042/3497/1854 2036/3483/1854 2037/3498/1854
f 2042/3497/1855 2035/3486/1855 2036/3499/1855
f 2042/3497/1856 2041/3489/1856 2035/3500/1856
f 2047/3501/1857 2069/3502/1857 2032/3468/1857
f 2029/3503/1858 2038/3475/1858 2050/3504/1858
f 2038/3505/1859 2049/3506/1859 2050/3507/1859
f 2054/3508/1860 2033/3478/1860 2051/3509/1860
f 2052/3510/1861 2051/3511/1861 2033/3512/1861
f 2033/3512/1862 2055/3513/1862 2053/3514/1862
f 2070/3515/1863 2055/3516/1863 2034/3477/1863
f 2039/3492/1864 2045/3517/1864 2070/3518/1864
f 2044/3519/1865 2039/3464/1865 2069/3520/1865
f 2033/3478/1866 2048/3521/1866 2049/3522/1866
f 2046/3523/1867 2047/3524/1867 2032/3525/1867
f 2053/3514/1862 2052/3526/1862 2033/3512/1862
f 2033/3512/1862 2034/3482/1862 2055/3513/1862
f 2039/3492/1868 2044/3527/1868 2045/3517/1868
f 2049/3522/1866 2038/3505/1866 2033/3478/1866
f 2033/3478/1866 2054/3528/1866 2048/3521/1866
f 2032/3525/1869 2029/3503/1869 2046/3523/1869
f 2029/3503/1870 2050/3529/1870 2046/3523/1870
s 1
f 2058/3530/1871 2031/3531/1872 2059/3532/1873
f 2062/3533/1874 2028/3534/1875 2060/3535/1876
f 2063/3536/1877 2067/3537/1878 2065/3538/1878
f 2068/3539/1879 2056/3540/1879 2057/3541/1880
f 2059/3532/1873 2060/3535/1876 2028/3534/1875
f 2028/3534/1875 2057/3541/1880 2059/3532/1873
f 2057/3541/1880 2058/3530/1871 2059/3532/1873
f 2060/3535/1876 2061/3542/1874 2062/3533/1874
f 2062/3533/1874 2063/3536/1877 2028/3534/1875
f 2067/3537/1878 2064/3543/1878 2065/3538/1878
f 2065/3538/1878 2066/3544/1881 2028/3534/1875
f 2028/3534/1875 2063/3536/1877 2065/3538/1878
f 2057/3541/1880 2028/3534/1875 2068/3539/1879
f 2028/3534/1875 2066/3544/1881 2068/3539/1879
o Sphere.003_cell.061_Sphere.003_cell.058
v 0.000000 -0.108827 -0.105112
v 0.002656 -0.123971 -0.053768
v -0.004058 -0.085874 -0.050056
v -0.047455 -0.066288 -0.080444
v 0.004193 -0.086172 -0.072618
v -0.051650 -0.063174 -0.088480
v 0.000000 -0.135866 -0.075871
v 0.011930 -0.121398 -0.088321
v 0.014891 -0.117749 -0.091473
v 0.016871 -0.108827 -0.100592
v 0.016267 -0.097567 -0.103138
v 0.000000 -0.083572 -0.110461
v -0.058470 -0.070954 -0.096073
v -0.054013 -0.095071 -0.093553
v -0.057867 -0.082047 -0.093466
v -0.009395 -0.140792 -0.068027
v -0.039783 -0.115917 -0.086785
v -0.048240 -0.108827 -0.092187
v -0.053841 -0.067110 -0.099521
v -0.046467 -0.063905 -0.102176
v -0.006358 -0.078007 -0.109936
v 0.016871 -0.108827 -0.100592
v 0.014891 -0.117749 -0.091473
v 0.011930 -0.121398 -0.088321
v 0.000000 -0.083572 -0.110461
v 0.016267 -0.097567 -0.103138
v -0.054013 -0.095071 -0.093553
v -0.057867 -0.082047 -0.093466
v -0.058470 -0.070954 -0.096073
v -0.009395 -0.140792 -0.068027
v -0.039783 -0.115917 -0.086785
v -0.048240 -0.108827 -0.092187
v -0.006358 -0.078007 -0.109936
v -0.053841 -0.067110 -0.099521
v -0.046467 -0.063905 -0.102176
v 0.000000 -0.135866 -0.075871
vt 0.034263 0.125312
vt 0.645836 0.125312
vt 0.645836 0.736885
vt 0.034263 0.125312
vt 0.645836 0.125312
vt 0.034263 0.125312
vt 0.645836 0.125312
vt 0.034263 0.125312
vt 0.645836 0.125312
vt 0.393189 0.484238
vt 0.532151 0.125312
vt 0.645836 0.736885
vt 0.311152 0.125312
vt 0.645836 0.736885
vt 0.544873 0.635922
vt 0.645836 0.654977
vt 0.563928 0.654977
vt 0.645836 0.385470
vt 0.221334 0.125312
vt 0.645836 0.736885
vt 0.221334 0.312383
vt 0.645836 0.158399
vt 0.067350 0.158399
vt 0.150240 0.152259
vt 0.356702 0.447751
vt 0.428316 0.125312
vt 0.645836 0.615243
vt 0.645836 0.736885
vt 0.039016 0.125312
vt 0.524194 0.615243
vt 0.645836 0.557283
vt 0.466234 0.557283
vt 0.645836 0.459995
vt 0.569548 0.476139
vt 0.356132 0.447181
vt 0.479293 0.256087
vt 0.645836 0.447181
vt 0.314407 0.210229
vt 0.645836 0.447751
vt 0.645836 0.484238
vt 0.468307 0.181952
vt 0.481354 0.210924
vt 0.465736 0.190360
vt 0.466429 0.224807
vt 0.465444 0.210924
vt 0.530917 0.260738
vt 0.530917 0.227886
vt 0.533915 0.243945
vt 0.521118 0.266475
vt 0.528188 0.262363
vt 0.521596 0.194584
vt 0.481354 0.148608
vt 0.481354 0.242064
vt 0.486971 0.248927
vt 0.526846 0.210924
vt 0.494194 0.137255
vn 0.3500 0.9296 0.1157
vn 0.2660 0.9375 0.2243
vn -0.6181 -0.1834 0.7644
vn 0.9316 0.1312 0.3390
vn 0.3444 0.9354 0.0804
vn 0.9377 0.1238 0.3247
vn -0.4539 0.8640 -0.2179
vn -0.6856 0.7180 -0.1199
vn -0.8271 0.2203 0.5171
vn -0.8263 0.0859 0.5567
vn -0.6383 -0.1939 0.7450
vn -0.6251 -0.1933 0.7563
vn 0.6305 -0.7126 0.3077
vn 0.8301 -0.5265 0.1836
vn 0.8352 -0.5177 0.1856
vn 0.6575 0.7532 -0.0211
vn 0.3535 0.9297 0.1035
vn 0.1790 -0.7223 -0.6679
vn 0.0000 -0.4736 -0.8807
vn 0.2535 -0.2004 -0.9463
vn 0.2247 -0.4960 -0.8387
vn -0.5053 -0.1815 -0.8436
vn -0.2936 -0.2005 -0.9347
vn -0.6927 -0.2004 -0.6927
vn -0.2535 -0.2004 -0.9463
vn -0.3256 -0.1954 -0.9251
vn -0.1790 -0.7223 -0.6679
vn -0.1099 -0.7298 -0.6748
vn -0.1194 -0.2057 -0.9713
vn -0.2380 -0.3932 -0.8881
usemtl Egg
s off
f 2075/3545/1882 2076/3546/1882 2073/3547/1882
f 2076/3548/1883 2074/3549/1883 2073/3547/1883
f 2074/3550/1884 2072/3551/1884 2073/3547/1884
f 2072/3552/1885 2075/3553/1885 2073/3547/1885
f 2076/3546/1886 2091/3554/1886 2090/3555/1886
f 2075/3556/1887 2072/3552/1887 2079/3557/1887
f 2076/3558/1888 2090/3559/1888 2089/3560/1888
f 2076/3558/1889 2089/3561/1889 2083/3562/1889
f 2076/3558/1890 2083/3563/1890 2074/3549/1890
f 2074/3564/1891 2083/3565/1891 2085/3566/1891
f 2074/3564/1892 2085/3567/1892 2084/3568/1892
f 2072/3551/1893 2087/3569/1893 2086/3570/1893
f 2077/3571/1894 2072/3572/1894 2086/3573/1894
f 2072/3572/1895 2077/3574/1895 2078/3575/1895
f 2072/3572/1896 2078/3576/1896 2079/3577/1896
f 2082/3578/1897 2075/3556/1897 2081/3579/1897
f 2076/3546/1898 2075/3556/1898 2091/3554/1898
f 2079/3557/1887 2080/3580/1887 2075/3556/1887
f 2080/3580/1887 2081/3581/1887 2075/3556/1887
f 2088/3582/1892 2087/3583/1892 2084/3568/1892
f 2087/3583/1892 2074/3564/1892 2084/3568/1892
f 2072/3551/1893 2074/3564/1893 2087/3569/1893
f 2082/3578/1897 2091/3584/1897 2075/3556/1897
s 1
f 2094/3585/1899 2071/3586/1900 2093/3587/1899
f 2071/3586/1900 2096/3588/1901 2092/3589/1902
f 2099/3590/1903 2097/3591/1904 2098/3592/1905
f 2105/3593/1906 2097/3591/1904 2104/3594/1907
f 2101/3595/1908 2071/3586/1900 2106/3596/1909
f 2106/3596/1909 2071/3586/1900 2094/3585/1899
f 2071/3586/1900 2092/3589/1902 2093/3587/1899
f 2071/3586/1900 2095/3597/1910 2096/3588/1901
f 2105/3593/1906 2103/3598/1906 2097/3591/1904
f 2103/3598/1906 2095/3597/1910 2071/3586/1900
f 2102/3599/1911 2103/3598/1906 2071/3586/1900
f 2102/3599/1911 2097/3591/1904 2103/3598/1906
f 2097/3591/1904 2099/3590/1903 2104/3594/1907
f 2106/3596/1909 2100/3600/1908 2101/3595/1908
f 2101/3595/1908 2102/3599/1911 2071/3586/1900
o Icosphere.011_cell_Icosphere.011_cell.010
v 0.005522 0.026403 -0.056589
v 0.015110 0.004009 -0.021162
v -0.005447 0.005597 -0.028289
v 0.005522 -0.000254 -0.056589
v 0.028293 0.000355 -0.033818
v 0.032006 0.026403 -0.030105
v -0.015834 0.022051 -0.035234
v -0.010247 0.004214 -0.040821
v 0.027493 0.032220 -0.024544
v -0.006911 0.032025 -0.034419
v 0.028293 0.000355 -0.033818
v 0.005522 -0.000254 -0.056589
v 0.032006 0.026403 -0.030105
v -0.010247 0.004214 -0.040821
v 0.027493 0.032220 -0.024544
v -0.006911 0.032025 -0.034419
v -0.015834 0.022051 -0.035234
vt 0.971414 0.501056
vt 0.920057 0.516229
vt 0.911397 0.501056
vt 0.702841 0.501056
vt 0.792575 0.539903
vt 0.734587 0.532803
vt 0.911875 0.501056
vt 0.971414 0.561073
vt 0.971414 0.501056
vt 0.911875 0.710091
vt 0.936002 0.501056
vt 0.971414 0.719459
vt 0.971414 0.769630
vt 0.702841 0.501056
vt 0.738253 0.501056
vt 0.724664 0.522880
vt 0.971414 0.532803
vt 0.753011 0.501056
vt 0.884022 0.743437
vt 0.908263 0.775457
vt 0.880069 0.775457
vt 0.929903 0.749832
vt 0.930253 0.775457
vt 0.916180 0.784257
vt 0.908263 0.742689
vt 0.877803 0.787159
vn 0.6500 -0.1973 0.7339
vn -0.1258 -0.9803 0.1520
vn -0.2697 0.2304 0.9350
vn -0.3073 0.1988 0.9306
vn -0.1304 -0.9788 0.1579
vn -0.8487 -0.3808 0.3671
vn 0.7071 0.0000 -0.7071
vn -0.0044 0.4921 -0.8705
vn 0.6249 0.4678 -0.6249
vn -0.7071 0.0000 -0.7071
vn -0.7071 0.2770 -0.6506
vn -0.3521 0.8410 -0.4107
vn 0.0610 0.0000 -0.9981
vn 0.3160 0.8715 -0.3749
usemtl Egg
s off
f 2108/3601/1912 2112/3602/1912 2115/3603/1912
f 2108/3604/1913 2110/3605/1913 2111/3606/1913
f 2116/3607/1914 2108/3601/1914 2115/3608/1914
f 2109/3609/1915 2116/3610/1915 2123/3611/1915
f 2114/3612/1916 2108/3613/1916 2109/3614/1916
f 2123/3615/1917 2114/3616/1917 2109/3614/1917
f 2108/3601/1912 2111/3617/1912 2112/3602/1912
f 2108/3604/1913 2114/3618/1913 2110/3605/1913
f 2109/3609/1915 2108/3613/1915 2116/3610/1915
s 1
f 2117/3619/1918 2107/3620/1919 2119/3621/1920
f 2107/3620/1919 2120/3622/1921 2113/3623/1922
f 2107/3620/1919 2113/3623/1922 2122/3624/1923
f 2117/3619/1918 2118/3625/1924 2107/3620/1919
f 2107/3620/1919 2118/3625/1924 2120/3622/1921
f 2122/3624/1923 2121/3626/1925 2107/3620/1919
f 2121/3626/1925 2119/3621/1920 2107/3620/1919
o Icosphere.011_cell.001_Icosphere.011_cell.011
v 0.005522 -0.037412 -0.056589
v -0.007192 -0.009582 -0.013941
v 0.025484 -0.013267 -0.017008
v -0.000710 -0.003936 -0.013166
v 0.013141 -0.002366 -0.013883
v -0.004959 0.002035 -0.025553
v 0.014790 0.000436 -0.020638
v 0.035267 -0.015493 -0.026844
v 0.035630 -0.025374 -0.026481
v 0.028465 -0.003148 -0.033646
v 0.005522 -0.003476 -0.056589
v -0.022595 -0.037412 -0.028473
v -0.017229 -0.043632 -0.023066
v 0.005522 -0.054253 -0.027420
v 0.034886 -0.038803 -0.024815
v 0.016405 -0.048544 -0.026426
v -0.022272 -0.007803 -0.028796
v -0.016027 0.002123 -0.035041
v -0.010856 0.000930 -0.040212
v 0.035267 -0.015493 -0.026844
v 0.035630 -0.025374 -0.026481
v 0.005522 -0.003476 -0.056589
v 0.028465 -0.003148 -0.033646
v 0.005522 -0.054253 -0.027420
v -0.017229 -0.043632 -0.023066
v -0.022595 -0.037412 -0.028473
v 0.034886 -0.038803 -0.024815
v 0.016405 -0.048544 -0.026426
v -0.022272 -0.007803 -0.028796
v -0.016027 0.002123 -0.035041
v -0.010856 0.000930 -0.040212
vt 0.702841 0.501056
vt 0.971414 0.501056
vt 0.971414 0.769630
vt 0.702841 0.501056
vt 0.971414 0.501056
vt 0.702841 0.501056
vt 0.971414 0.501056
vt 0.971414 0.769630
vt 0.702841 0.501056
vt 0.963985 0.544224
vt 0.945978 0.501056
vt 0.971414 0.501056
vt 0.702841 0.501056
vt 0.971414 0.580387
vt 0.756329 0.554545
vt 0.772761 0.501056
vt 0.782171 0.580387
vt 0.702841 0.501056
vt 0.971414 0.526492
vt 0.946718 0.501056
vt 0.930012 0.501056
vt 0.971414 0.501056
vt 0.971414 0.731345
vt 0.971414 0.769630
vt 0.953750 0.693133
vt 0.971414 0.699710
vt 0.938722 0.501056
vt 0.971414 0.501056
vt 0.971414 0.723652
vt 0.971414 0.769630
vt 0.916525 0.541323
vt 0.971414 0.533749
vt 0.971414 0.554967
vt 0.730360 0.528575
vt 0.794073 0.559583
vt 0.946576 0.744792
vt 0.933129 0.731345
vt 0.730360 0.501056
vt 0.917504 0.501056
vt 0.876212 0.711811
vt 0.908263 0.697014
vt 0.881446 0.735044
vt 0.919925 0.686683
vt 0.938195 0.697014
vt 0.879567 0.673755
vt 0.883441 0.654572
vt 0.935357 0.739601
vt 0.931203 0.745611
vt 0.925698 0.744144
vt 0.876598 0.723957
vt 0.875780 0.697014
vt 0.908263 0.738729
vt 0.874746 0.694915
vn 0.0730 -0.1975 0.9776
vn 0.0677 -0.2115 0.9750
vn -0.0194 0.9252 0.3791
vn -0.0771 0.8875 0.4543
vn 0.7114 0.0476 0.7011
vn 0.0595 -0.2717 0.9605
vn 0.0559 -0.2738 0.9602
vn 0.7139 0.0518 0.6984
vn 0.6464 0.5950 0.4777
vn -0.5529 0.5487 0.6270
vn -0.7008 0.0155 0.7132
vn 0.5874 0.6867 0.4283
vn -0.4954 0.7038 0.5092
vn 0.1251 0.9823 -0.1391
vn 0.1094 0.9869 -0.1184
vn 0.6258 0.6116 0.4841
vn -0.4839 0.6634 0.5707
vn 0.7167 -0.0533 -0.6954
vn 0.0023 -0.4224 -0.9064
vn 0.7071 0.0000 -0.7071
vn -0.4472 -0.7746 -0.4472
vn -0.6380 -0.4312 -0.6380
vn 0.4472 -0.7746 -0.4472
vn -0.0175 -0.8659 -0.4999
vn -0.7071 0.0000 -0.7071
vn 0.6671 -0.3916 -0.6337
vn -0.0532 0.0000 -0.9986
usemtl Egg
s off
f 2128/3627/1926 2127/3628/1926 2126/3629/1926
f 2127/3630/1927 2125/3631/1927 2126/3629/1927
f 2130/3632/1928 2129/3633/1928 2128/3634/1928
f 2129/3635/1929 2127/3628/1929 2128/3634/1929
f 2138/3636/1930 2132/3637/1930 2126/3638/1930
f 2126/3639/1931 2139/3640/1931 2138/3641/1931
f 2136/3642/1932 2139/3643/1932 2125/3644/1932
f 2126/3638/1933 2132/3645/1933 2131/3646/1933
f 2126/3629/1934 2133/3647/1934 2128/3648/1934
f 2140/3649/1935 2125/3650/1935 2127/3630/1935
f 2125/3650/1936 2135/3651/1936 2136/3652/1936
f 2133/3653/1937 2130/3654/1937 2128/3634/1937
f 2129/3635/1938 2140/3655/1938 2127/3656/1938
f 2134/3657/1939 2130/3654/1939 2133/3658/1939
f 2129/3635/1940 2142/3659/1940 2141/3660/1940
f 2126/3639/1931 2125/3631/1931 2139/3640/1931
f 2136/3642/1932 2137/3661/1932 2139/3643/1932
f 2126/3629/1941 2131/3662/1941 2133/3647/1941
f 2125/3650/1936 2140/3663/1936 2135/3651/1936
f 2129/3635/1942 2141/3664/1942 2140/3655/1942
f 2134/3657/1939 2142/3665/1939 2130/3654/1939
f 2129/3635/1940 2130/3654/1940 2142/3659/1940
s 1
f 2144/3666/1943 2124/3667/1944 2146/3668/1945
f 2124/3667/1944 2148/3669/1946 2149/3670/1947
f 2124/3667/1944 2151/3671/1948 2147/3672/1949
f 2152/3673/1950 2153/3674/1950 2154/3675/1950
f 2146/3668/1945 2143/3676/1945 2144/3666/1943
f 2144/3666/1943 2150/3677/1951 2124/3667/1944
f 2124/3667/1944 2145/3678/1952 2146/3668/1945
f 2124/3667/1944 2147/3672/1949 2148/3669/1946
f 2124/3667/1944 2150/3679/1951 2151/3671/1948
f 2154/3675/1950 2145/3678/1952 2124/3667/1944
f 2124/3667/1944 2149/3670/1947 2154/3675/1950
f 2149/3670/1947 2152/3673/1950 2154/3675/1950
o Icosphere.011_cell.002_Icosphere.011_cell.001
v 0.060787 0.026403 -0.001324
v 0.026386 -0.011604 -0.015913
v 0.021562 -0.004436 0.013171
v 0.015881 0.003128 -0.018980
v 0.017170 0.002645 0.014804
v 0.015362 -0.002235 -0.012068
v 0.036339 -0.013871 -0.025772
v 0.060787 -0.008168 -0.001324
v 0.030414 -0.001719 -0.031697
v 0.033065 0.021840 -0.029046
v 0.030120 0.030824 0.021685
v 0.033747 0.041023 0.000393
v 0.048373 -0.005313 0.011090
v 0.031699 0.001101 0.027763
v 0.029133 0.032393 -0.022603
v 0.060787 -0.008168 -0.001324
v 0.036339 -0.013871 -0.025772
v 0.030414 -0.001719 -0.031697
v 0.033747 0.041023 0.000393
v 0.030120 0.030824 0.021685
v 0.048373 -0.005313 0.011090
v 0.033065 0.021840 -0.029046
v 0.031699 0.001101 0.027763
v 0.029133 0.032393 -0.022603
vt 0.702841 0.501056
vt 0.971414 0.501056
vt 0.971414 0.769630
vt 0.702841 0.501056
vt 0.971414 0.501056
vt 0.702841 0.501056
vt 0.971414 0.769630
vt 0.971414 0.769630
vt 0.971414 0.562958
vt 0.931663 0.501056
vt 0.971414 0.501056
vt 0.702841 0.501056
vt 0.784713 0.508153
vt 0.764743 0.562958
vt 0.971414 0.540808
vt 0.938910 0.501056
vt 0.971414 0.689466
vt 0.702841 0.501056
vt 0.762226 0.501056
vt 0.971414 0.501056
vt 0.937965 0.736181
vt 0.946240 0.501056
vt 0.762226 0.560442
vt 0.737318 0.501056
vt 0.915712 0.532589
vt 0.971414 0.526230
vt 0.971414 0.501056
vt 0.915577 0.713793
vt 0.939993 0.501056
vt 0.971414 0.769630
vt 0.971414 0.582991
vt 0.915577 0.501056
vt 0.849431 0.732961
vt 0.875456 0.725951
vt 0.882227 0.742023
vt 0.846688 0.819234
vt 0.820703 0.775457
vt 0.849431 0.775457
vt 0.836216 0.736470
vt 0.875550 0.787997
vt 0.878225 0.775457
vt 0.821446 0.740870
vt 0.849208 0.822900
vn -0.6569 -0.5709 -0.4924
vn -0.9883 0.1470 0.0398
vn -0.6274 -0.7739 0.0867
vn -0.8232 -0.5463 0.1546
vn -0.6507 0.2041 -0.7314
vn -0.9094 0.4151 0.0267
vn -0.6204 0.1563 -0.7685
vn -0.9116 0.4090 0.0406
vn -0.6418 -0.5655 -0.5179
vn -0.6540 0.1180 0.7473
vn 0.0016 -0.9742 0.2256
vn -0.0029 -0.9343 0.3565
vn -0.6008 -0.5138 0.6124
vn -0.0134 -0.9714 0.2372
vn 0.9947 0.0000 -0.1027
vn 0.7071 0.0000 -0.7071
vn 0.4770 0.8781 0.0357
vn 0.6218 0.3886 0.6800
vn 0.9020 0.4309 0.0263
vn 0.6821 0.0706 0.7277
vn 0.4930 0.6807 -0.5418
vn 0.6625 0.2545 -0.7044
vn 0.7290 0.1741 0.6620
usemtl Egg
s off
f 2156/3680/1953 2160/3681/1953 2158/3682/1953
f 2160/3683/1954 2159/3684/1954 2158/3682/1954
f 2157/3685/1955 2160/3681/1955 2156/3686/1955
f 2157/3685/1956 2159/3684/1956 2160/3687/1956
f 2178/3688/1957 2176/3689/1957 2158/3690/1957
f 2158/3691/1958 2166/3692/1958 2178/3693/1958
f 2158/3690/1959 2176/3694/1959 2163/3695/1959
f 2166/3696/1960 2159/3697/1960 2165/3698/1960
f 2156/3699/1961 2163/3700/1961 2161/3701/1961
f 2165/3702/1962 2159/3697/1962 2177/3703/1962
f 2162/3704/1963 2156/3699/1963 2161/3705/1963
f 2157/3706/1964 2167/3707/1964 2177/3708/1964
f 2159/3709/1965 2157/3685/1965 2177/3710/1965
f 2166/3696/1960 2158/3682/1960 2159/3697/1960
f 2156/3699/1961 2158/3682/1961 2163/3700/1961
f 2162/3704/1963 2167/3711/1963 2156/3699/1963
f 2157/3706/1966 2156/3686/1966 2167/3707/1966
s 1
f 2170/3712/1967 2171/3713/1968 2172/3714/1968
f 2173/3715/1969 2174/3716/1970 2155/3717/1971
f 2175/3718/1972 2155/3717/1971 2174/3716/1970
f 2169/3719/1973 2155/3717/1971 2164/3720/1974
f 2172/3714/1968 2164/3720/1974 2170/3712/1967
f 2164/3720/1974 2155/3717/1971 2170/3712/1967
f 2174/3716/1970 2168/3721/1975 2175/3718/1972
f 2175/3718/1972 2170/3712/1967 2155/3717/1971
f 2169/3719/1973 2173/3722/1969 2155/3717/1971
o Icosphere.011_cell.003_Icosphere.011_cell.002
v 0.060787 -0.037412 -0.001324
v 0.024220 -0.007463 0.014363
v 0.027429 -0.014589 -0.015915
v 0.036853 -0.016681 -0.025258
v 0.047537 -0.014018 -0.014574
v 0.060787 -0.010944 -0.001324
v 0.034529 -0.037412 0.024933
v 0.033305 -0.004735 0.026157
v 0.036562 -0.038713 -0.023295
v 0.038316 -0.046843 0.004811
v 0.047537 -0.014018 -0.014574
v 0.060787 -0.010944 -0.001324
v 0.036853 -0.016681 -0.025258
v 0.033305 -0.004735 0.026157
v 0.034529 -0.037412 0.024933
v 0.038316 -0.046843 0.004811
v 0.036562 -0.038713 -0.023295
vt 0.971414 0.501056
vt 0.971414 0.525085
vt 0.920024 0.501056
vt 0.702841 0.501056
vt 0.971414 0.558749
vt 0.726869 0.525085
vt 0.923756 0.562599
vt 0.702841 0.501056
vt 0.826660 0.501056
vt 0.826661 0.624876
vt 0.760726 0.501056
vt 0.971414 0.552447
vt 0.902912 0.501056
vt 0.971414 0.569558
vt 0.760726 0.558941
vt 0.971414 0.501056
vt 0.760533 0.558749
vt 0.874077 0.697014
vt 0.863536 0.725771
vt 0.849431 0.697014
vt 0.821479 0.697014
vt 0.849431 0.729549
vt 0.820176 0.737181
vt 0.844499 0.686122
vt 0.874910 0.722496
vn -0.7090 -0.0533 -0.7032
vn -0.0123 0.9730 -0.2303
vn -0.0029 0.9748 -0.2232
vn -0.7852 -0.0525 0.6170
vn -0.9385 -0.3429 -0.0406
vn -0.9429 -0.3323 -0.0217
vn 0.6396 -0.3969 -0.6583
vn 0.6964 -0.0345 -0.7168
vn 0.8867 -0.4617 -0.0208
vn 0.6828 -0.2598 0.6828
vn 0.9948 0.0000 0.1017
vn 0.7071 0.0000 0.7071
vn 0.4177 -0.8956 0.1532
vn 0.7141 -0.0714 -0.6963
usemtl Egg
s off
f 2181/3723/1976 2182/3724/1976 2187/3725/1976
f 2181/3726/1977 2183/3727/1977 2182/3728/1977
f 2184/3729/1978 2180/3730/1978 2186/3731/1978
f 2186/3732/1979 2180/3730/1979 2185/3733/1979
f 2187/3734/1980 2188/3735/1980 2181/3723/1980
f 2180/3730/1981 2188/3736/1981 2185/3737/1981
f 2181/3726/1977 2180/3738/1977 2183/3727/1977
f 2184/3729/1978 2183/3739/1978 2180/3730/1978
f 2180/3730/1981 2181/3723/1981 2188/3736/1981
s 1
f 2195/3740/1982 2189/3741/1983 2179/3742/1984
f 2193/3743/1985 2190/3744/1986 2192/3745/1987
f 2179/3742/1984 2194/3746/1988 2195/3740/1982
f 2191/3747/1989 2189/3741/1983 2195/3740/1982
f 2189/3741/1983 2190/3744/1986 2179/3742/1984
f 2193/3743/1985 2179/3742/1984 2190/3744/1986
f 2179/3742/1984 2193/3743/1985 2194/3746/1988
o Icosphere.011_cell.004_Icosphere.011_cell.003
v 0.005522 0.058310 -0.001324
v -0.004316 0.004668 -0.024208
v 0.001114 -0.001792 -0.011081
v 0.000412 -0.000228 0.013038
v 0.013548 0.002977 -0.019475
v 0.014438 0.003128 0.014569
v 0.012531 -0.001357 -0.011057
v -0.016925 0.029047 0.026914
v -0.025276 0.040529 -0.001324
v -0.007325 0.033419 0.028942
v 0.031000 0.039136 0.006407
v 0.027733 0.032208 0.021674
v 0.032303 0.042848 -0.001324
v -0.017680 0.025783 -0.033387
v 0.026934 0.033555 -0.022790
v -0.008590 0.031898 -0.032960
v 0.031000 0.039136 0.006407
v 0.032303 0.042848 -0.001324
v -0.016925 0.029047 0.026914
v -0.007325 0.033419 0.028942
v 0.027733 0.032208 0.021674
v 0.026934 0.033555 -0.022790
v -0.008590 0.031898 -0.032960
v -0.025276 0.040529 -0.001324
v -0.017680 0.025783 -0.033387
vt 0.702841 0.501056
vt 0.971414 0.501056
vt 0.971414 0.769630
vt 0.702841 0.501056
vt 0.971414 0.501056
vt 0.702841 0.501056
vt 0.971414 0.501056
vt 0.702841 0.501056
vt 0.971414 0.769630
vt 0.702841 0.501056
vt 0.748209 0.546425
vt 0.702841 0.501056
vt 0.779725 0.510599
vt 0.971414 0.501056
vt 0.971414 0.562365
vt 0.906671 0.501056
vt 0.764149 0.562365
vt 0.971414 0.501056
vt 0.962867 0.547872
vt 0.971414 0.696360
vt 0.763226 0.501056
vt 0.971414 0.565191
vt 0.763226 0.561442
vt 0.766975 0.565191
vt 0.764466 0.501056
vt 0.888534 0.501056
vt 0.971414 0.577087
vt 0.912756 0.532884
vt 0.778871 0.577087
vt 0.971414 0.501056
vt 0.888534 0.686750
vt 0.909789 0.501056
vt 0.783817 0.787044
vt 0.821225 0.787192
vt 0.848970 0.873578
vt 0.917843 0.784464
vt 0.876513 0.790277
vt 0.838202 0.809883
vt 0.849194 0.826028
vt 0.780400 0.811253
vt 0.769628 0.780372
vt 0.933350 0.775457
vt 0.914798 0.818898
vn 0.0361 -0.8902 -0.4541
vn 0.0349 -0.8909 -0.4528
vn -0.7827 -0.6222 0.0176
vn 0.2142 -0.9648 0.1529
vn 0.0378 -0.9971 0.0658
vn -0.8518 -0.5224 0.0385
vn 0.2779 -0.2230 -0.9344
vn 0.2232 -0.2664 -0.9377
vn -0.8515 -0.5229 0.0392
vn 0.0034 -0.4267 0.9044
vn 0.1826 -0.3113 0.9326
vn 0.9080 -0.4164 -0.0468
vn 0.9074 -0.4081 -0.1005
vn 0.9090 -0.4169 0.0053
vn -0.8515 -0.5228 0.0394
vn 0.9169 -0.3957 -0.0520
vn -0.2372 0.7973 0.5550
vn 0.2914 0.7599 0.5810
vn 0.0092 0.9999 -0.0024
vn -0.2890 0.7851 -0.5477
vn 0.2873 0.7572 -0.5866
vn 0.4472 0.7746 0.4472
vn 0.5000 0.8659 0.0130
vn -0.5040 0.8636 -0.0123
vn -0.4472 0.7746 0.4472
vn -0.4813 0.7475 -0.4578
usemtl Egg
s off
f 2200/3748/1990 2202/3749/1990 2197/3750/1990
f 2202/3751/1991 2198/3752/1991 2197/3750/1991
f 2198/3753/1992 2199/3754/1992 2197/3750/1992
f 2201/3755/1993 2199/3754/1993 2202/3756/1993
f 2199/3757/1994 2198/3752/1994 2202/3756/1994
f 2220/3758/1995 2197/3759/1995 2204/3760/1995
f 2200/3761/1996 2211/3762/1996 2210/3763/1996
f 2211/3764/1997 2197/3765/1997 2220/3766/1997
f 2204/3767/1998 2199/3757/1998 2203/3768/1998
f 2199/3757/1999 2205/3769/1999 2203/3770/1999
f 2205/3771/2000 2201/3755/2000 2207/3772/2000
f 2206/3773/2001 2210/3774/2001 2208/3775/2001
f 2210/3776/2002 2202/3751/2002 2200/3761/2002
f 2201/3777/2003 2206/3778/2003 2207/3779/2003
f 2211/3764/1997 2200/3748/1997 2197/3765/1997
f 2204/3767/2004 2197/3750/2004 2199/3757/2004
f 2199/3757/1999 2201/3777/1999 2205/3769/1999
f 2206/3773/2005 2202/3749/2005 2210/3774/2005
f 2201/3777/2003 2202/3756/2003 2206/3778/2003
s 1
f 2215/3780/2006 2216/3781/2007 2196/3782/2008
f 2218/3783/2009 2196/3782/2008 2217/3784/2010
f 2216/3781/2007 2212/3785/2011 2196/3782/2008
f 2212/3785/2011 2213/3786/2012 2196/3782/2008
f 2196/3782/2008 2219/3787/2013 2215/3780/2006
f 2219/3787/2013 2214/3788/2014 2215/3780/2006
f 2218/3783/2009 2209/3789/2015 2219/3790/2013
f 2219/3790/2013 2196/3782/2008 2218/3783/2009
f 2196/3782/2008 2213/3786/2012 2217/3784/2010
o Icosphere.011_cell.005_Icosphere.011_cell.004
v 0.005522 0.026403 0.053941
v -0.002234 0.002979 0.021370
v 0.016352 0.002682 0.018425
v 0.016988 0.034638 0.028210
v 0.031561 0.026403 0.027901
v 0.005522 -0.002088 0.053941
v 0.027778 0.001195 0.031684
v -0.015956 0.001062 0.032463
v -0.016357 0.026366 0.032063
v -0.016288 0.017933 0.032131
v 0.005522 -0.002088 0.053941
v 0.027778 0.001195 0.031684
v -0.016357 0.026366 0.032063
v -0.016288 0.017933 0.032131
v 0.031561 0.026403 0.027901
v 0.016988 0.034638 0.028210
v -0.015956 0.001062 0.032463
vt 0.921834 0.501056
vt 0.971414 0.501056
vt 0.971414 0.532641
vt 0.734425 0.532641
vt 0.702841 0.501056
vt 0.734134 0.501056
vt 0.763020 0.561236
vt 0.971414 0.501056
vt 0.702841 0.501056
vt 0.837138 0.590066
vt 0.796943 0.595159
vt 0.971356 0.550657
vt 0.904173 0.501056
vt 0.904173 0.702389
vt 0.914061 0.501056
vt 0.971414 0.769630
vt 0.922514 0.709992
vt 0.971414 0.738739
vt 0.735957 0.501056
vt 0.971414 0.769630
vt 0.810865 0.789004
vt 0.790599 0.775457
vt 0.819189 0.781897
vt 0.816260 0.748571
vt 0.790599 0.740434
vt 0.767309 0.775411
vt 0.767381 0.765045
vt 0.767320 0.775457
vt 0.818320 0.775457
vt 0.772354 0.742742
vn -0.6155 -0.0114 -0.7881
vn -0.6261 -0.0277 -0.7793
vn -0.0524 -0.9712 -0.2326
vn -0.0094 -0.9907 -0.1359
vn -0.1854 0.3138 -0.9312
vn 0.1423 0.2872 -0.9472
vn 0.7295 -0.2073 -0.6518
vn 0.0188 -0.9917 -0.1275
vn -0.1452 0.2923 -0.9452
vn 0.2251 0.8944 0.3865
vn -0.0171 0.4929 0.8699
vn 0.6656 0.3375 0.6656
vn 0.7071 0.0000 0.7071
vn -0.0002 0.0000 1.0000
vn -0.6380 0.4323 0.6372
vn -0.7071 0.0000 0.7071
usemtl Egg
s off
f 2229/3791/2016 2222/3792/2016 2230/3793/2016
f 2230/3794/2017 2222/3795/2017 2237/3796/2017
f 2237/3797/2018 2222/3795/2018 2223/3798/2018
f 2223/3799/2019 2226/3800/2019 2237/3801/2019
f 2229/3802/2020 2236/3803/2020 2222/3792/2020
f 2223/3798/2021 2236/3804/2021 2225/3805/2021
f 2223/3806/2022 2225/3807/2022 2227/3808/2022
f 2223/3799/2023 2227/3809/2023 2226/3800/2023
f 2223/3798/2024 2222/3810/2024 2236/3804/2024
s 1
f 2224/3811/2025 2221/3812/2026 2235/3813/2027
f 2232/3814/2028 2221/3812/2026 2231/3815/2029
f 2221/3812/2026 2233/3816/2030 2234/3817/2031
f 2224/3811/2025 2233/3818/2030 2221/3812/2026
f 2232/3814/2028 2235/3819/2027 2221/3812/2026
f 2234/3817/2031 2228/3820/2031 2231/3815/2029
f 2231/3815/2029 2221/3812/2026 2234/3817/2031
o Icosphere.011_cell.006_Icosphere.011_cell.005
v 0.005522 -0.037412 0.053941
v 0.020835 -0.006407 0.015437
v -0.011414 -0.008866 0.017637
v 0.000089 -0.003451 0.014751
v 0.014591 -0.001038 0.014859
v 0.020260 -0.002504 0.039202
v 0.030112 -0.001335 0.029350
v -0.015434 -0.039471 0.029419
v 0.005522 -0.049615 0.032804
v 0.004631 -0.004491 0.053050
v -0.018135 -0.004846 0.030285
v -0.002453 -0.004063 0.045966
v -0.020581 -0.034239 0.027838
v -0.020865 -0.020961 0.027554
v 0.031796 -0.037577 0.027381
v 0.019739 -0.043126 0.029825
v 0.030112 -0.001335 0.029350
v 0.020260 -0.002504 0.039202
v -0.015434 -0.039471 0.029419
v 0.005522 -0.049615 0.032804
v -0.020865 -0.020961 0.027554
v -0.020581 -0.034239 0.027838
v 0.004631 -0.004491 0.053050
v -0.002453 -0.004063 0.045966
v 0.019739 -0.043126 0.029825
v 0.031796 -0.037577 0.027381
v -0.018135 -0.004846 0.030285
vt 0.702841 0.501056
vt 0.971414 0.501056
vt 0.971414 0.769630
vt 0.765197 0.563412
vt 0.702841 0.501056
vt 0.734399 0.501056
vt 0.900835 0.501056
vt 0.971414 0.578719
vt 0.934537 0.554581
vt 0.971414 0.501056
vt 0.780503 0.578719
vt 0.911862 0.501056
vt 0.971414 0.501056
vt 0.971414 0.525716
vt 0.727500 0.525716
vt 0.702841 0.501056
vt 0.754602 0.501056
vt 0.971414 0.586727
vt 0.702841 0.501056
vt 0.827120 0.561901
vt 0.971414 0.501056
vt 0.971414 0.680515
vt 0.971414 0.769630
vt 0.860055 0.501056
vt 0.971414 0.723754
vt 0.971414 0.656395
vt 0.971414 0.722426
vt 0.925538 0.723754
vt 0.858180 0.656395
vt 0.971414 0.563412
vt 0.754602 0.552818
vt 0.900042 0.698258
vt 0.814199 0.501056
vt 0.790599 0.697014
vt 0.861059 0.693434
vt 0.817614 0.666260
vt 0.762509 0.717235
vt 0.782110 0.738007
vt 0.817909 0.685856
vt 0.818700 0.697014
vt 0.806289 0.739923
vt 0.762321 0.732433
vt 0.762812 0.700914
vt 0.763992 0.697014
vt 0.789651 0.737481
vt 0.816777 0.741360
vt 0.790599 0.737340
vn 0.0212 -0.0827 -0.9964
vn 0.8182 0.0690 -0.5707
vn -0.0274 -0.3669 -0.9299
vn -0.0211 -0.3642 -0.9311
vn -0.8282 0.2271 -0.5123
vn -0.7049 -0.0303 -0.7087
vn 0.5587 0.5866 -0.5863
vn -0.0694 -0.3505 -0.9340
vn -0.4692 0.7386 -0.4841
vn -0.1626 0.9814 -0.1025
vn -0.0472 0.9964 0.0710
vn -0.0388 0.9943 0.0989
vn -0.0946 0.9945 0.0449
vn -0.0049 -0.4186 0.9081
vn -0.6392 -0.3212 0.6987
vn 0.0082 -0.8660 0.5000
vn -0.6885 -0.0461 0.7237
vn -0.7071 0.0000 0.7071
vn 0.4472 -0.7746 0.4472
vn 0.6818 -0.2761 0.6774
vn 0.6947 0.0083 0.7192
vn -0.2800 0.0146 0.9599
vn -0.0291 0.0262 0.9992
vn 0.7074 -0.0055 0.7067
usemtl Egg
s off
f 2241/3821/2032 2242/3822/2032 2239/3823/2032
f 2252/3824/2033 2239/3825/2033 2254/3826/2033
f 2245/3827/2034 2253/3828/2034 2246/3829/2034
f 2239/3830/2035 2253/3831/2035 2241/3821/2035
f 2264/3832/2036 2240/3833/2036 2251/3834/2036
f 2251/3835/2037 2240/3836/2037 2250/3837/2037
f 2254/3838/2038 2239/3823/2038 2242/3839/2038
f 2245/3840/2039 2240/3836/2039 2241/3841/2039
f 2240/3836/2040 2264/3842/2040 2241/3843/2040
f 2241/3843/2041 2264/3844/2041 2242/3822/2041
f 2255/3845/2042 2242/3839/2042 2249/3846/2042
f 2247/3847/2043 2255/3848/2043 2249/3849/2043
f 2245/3827/2034 2241/3841/2034 2253/3828/2034
f 2239/3830/2035 2252/3850/2035 2253/3831/2035
f 2245/3840/2039 2250/3851/2039 2240/3836/2039
f 2254/3852/2042 2242/3839/2042 2255/3845/2042
f 2242/3839/2044 2264/3853/2044 2249/3846/2044
s 1
f 2238/3854/2045 2256/3855/2046 2257/3856/2047
f 2258/3857/2048 2238/3854/2045 2261/3858/2049
f 2238/3854/2045 2262/3859/2050 2263/3860/2051
f 2243/3861/2052 2238/3854/2045 2263/3860/2051
f 2261/3858/2049 2248/3862/2049 2258/3857/2048
f 2258/3857/2048 2259/3863/2053 2256/3864/2046
f 2256/3864/2046 2238/3854/2045 2258/3857/2048
f 2238/3854/2045 2260/3865/2054 2261/3858/2049
f 2238/3854/2045 2257/3856/2047 2262/3859/2050
f 2263/3860/2051 2244/3866/2055 2243/3861/2052
f 2243/3861/2052 2260/3867/2054 2238/3854/2045
o Icosphere.011_cell.007_Icosphere.011_cell.006
v -0.049744 0.026403 -0.001324
v -0.004150 0.002024 0.019543
v -0.008081 0.004628 -0.025497
v -0.002722 -0.003185 -0.011634
v -0.002456 -0.001590 0.012807
v -0.012401 -0.006964 0.016070
v -0.018730 0.026403 0.029689
v -0.027784 0.039081 -0.001324
v -0.017928 0.000094 0.030491
v -0.018112 0.017372 0.030307
v -0.022242 -0.006554 0.026178
v -0.049744 -0.003725 -0.001324
v -0.036401 -0.004292 -0.014667
v -0.017430 0.004641 -0.033638
v -0.021516 -0.001841 -0.029552
v -0.021486 0.026403 -0.029582
v -0.018730 0.026403 0.029689
v -0.027784 0.039081 -0.001324
v -0.049744 -0.003725 -0.001324
v -0.022242 -0.006554 0.026178
v -0.017928 0.000094 0.030491
v -0.036401 -0.004292 -0.014667
v -0.017430 0.004641 -0.033638
v -0.021516 -0.001841 -0.029552
v -0.018112 0.017372 0.030307
v -0.021486 0.026403 -0.029582
vt 0.702841 0.501056
vt 0.971414 0.501056
vt 0.971414 0.769630
vt 0.702841 0.501056
vt 0.971414 0.501056
vt 0.702841 0.501056
vt 0.971414 0.501056
vt 0.971414 0.769630
vt 0.971414 0.550693
vt 0.939262 0.501056
vt 0.971414 0.501056
vt 0.752477 0.550693
vt 0.702841 0.501056
vt 0.780582 0.514753
vt 0.971414 0.533208
vt 0.939853 0.501056
vt 0.971414 0.697382
vt 0.702841 0.501056
vt 0.783320 0.534186
vt 0.971414 0.501056
vt 0.899359 0.697575
vt 0.910104 0.501056
vt 0.738035 0.536251
vt 0.726543 0.501056
vt 0.908971 0.707187
vt 0.926061 0.501056
vt 0.889262 0.627883
vt 0.971414 0.710424
vt 0.926061 0.724277
vt 0.947711 0.501056
vt 0.910104 0.708320
vt 0.971414 0.769630
vt 0.778338 0.814445
vt 0.731767 0.775457
vt 0.764782 0.775457
vt 0.761044 0.734945
vt 0.765681 0.744994
vt 0.765440 0.764355
vt 0.933734 0.768879
vt 0.932697 0.748706
vt 0.937046 0.740739
vt 0.967096 0.775457
vt 0.925418 0.803304
vt 0.937014 0.775457
vt 0.731767 0.738422
vt 0.952892 0.737726
vt 0.967096 0.738422
vn 0.5329 -0.6825 0.5002
vn 0.8730 0.4859 -0.0412
vn 0.8597 0.5087 -0.0456
vn 0.4878 -0.8714 0.0516
vn 0.6719 0.0963 0.7343
vn 0.8513 0.5235 -0.0345
vn 0.6207 0.0149 0.7839
vn 0.8543 0.5180 -0.0420
vn 0.5141 -0.6760 0.5279
vn 0.6353 0.2543 -0.7292
vn 0.0434 -0.9918 -0.1199
vn -0.0724 -0.9969 -0.0301
vn 0.4902 -0.6645 -0.5640
vn 0.8535 0.5193 -0.0445
vn 0.0434 -0.9918 -0.1201
vn -0.5000 0.8660 0.0113
vn -0.9067 0.4217 0.0000
vn -0.6888 0.2259 0.6888
vn -0.7071 0.0000 0.7071
vn -0.6883 0.2289 -0.6883
vn -0.7071 0.0000 -0.7071
vn -0.9999 0.0000 0.0131
usemtl Egg
s off
f 2270/3868/2056 2269/3869/2056 2266/3870/2056
f 2269/3871/2057 2268/3872/2057 2266/3870/2057
f 2268/3873/2058 2267/3874/2058 2266/3870/2058
f 2268/3873/2059 2269/3869/2059 2270/3875/2059
f 2271/3876/2060 2289/3877/2060 2266/3878/2060
f 2271/3879/2061 2266/3880/2061 2272/3881/2061
f 2289/3882/2062 2273/3883/2062 2266/3878/2062
f 2272/3884/2063 2267/3885/2063 2280/3886/2063
f 2270/3887/2064 2273/3888/2064 2275/3889/2064
f 2280/3890/2065 2267/3885/2065 2278/3891/2065
f 2268/3872/2066 2277/3892/2066 2279/3893/2066
f 2270/3875/2067 2276/3894/2067 2277/3895/2067
f 2267/3874/2068 2279/3896/2068 2278/3897/2068
f 2272/3884/2069 2266/3870/2069 2267/3885/2069
f 2270/3887/2064 2266/3870/2064 2273/3888/2064
f 2268/3872/2070 2270/3875/2070 2277/3892/2070
f 2270/3875/2067 2275/3898/2067 2276/3894/2067
f 2267/3874/2068 2268/3899/2068 2279/3896/2068
s 1
f 2282/3900/2071 2265/3901/2072 2281/3902/2073
f 2284/3903/2074 2285/3904/2074 2274/3905/2074
f 2290/3906/2075 2287/3907/2076 2288/3908/2076
f 2265/3909/2072 2282/3910/2071 2290/3911/2075
f 2274/3905/2074 2281/3902/2073 2265/3901/2072
f 2265/3901/2072 2283/3912/2077 2274/3905/2074
f 2283/3912/2077 2284/3903/2074 2274/3905/2074
f 2288/3908/2076 2286/3913/2076 2290/3906/2075
f 2286/3913/2076 2283/3914/2077 2265/3909/2072
f 2290/3906/2075 2286/3913/2076 2265/3909/2072
o Icosphere.011_cell.008_Icosphere.011_cell.007
v -0.049744 -0.037412 -0.001324
v -0.009646 -0.009911 -0.012862
v -0.013018 -0.009945 0.016113
v -0.019293 -0.043374 -0.021448
v -0.023819 -0.051083 -0.003571
v -0.024381 -0.037412 -0.026687
v -0.022340 -0.035226 0.026079
v -0.049744 -0.006731 -0.001324
v -0.023127 -0.009399 0.025292
v -0.036711 -0.007405 -0.014357
v -0.024224 -0.026994 -0.026844
v -0.024016 -0.008421 -0.027051
v -0.024381 -0.037412 -0.026687
v -0.019293 -0.043374 -0.021448
v -0.023819 -0.051083 -0.003571
v -0.023127 -0.009399 0.025292
v -0.049744 -0.006731 -0.001324
v -0.036711 -0.007405 -0.014357
v -0.024016 -0.008421 -0.027051
v -0.024224 -0.026994 -0.026844
v -0.022340 -0.035226 0.026079
vt 0.971414 0.501056
vt 0.937539 0.558530
vt 0.946196 0.501056
vt 0.971414 0.501056
vt 0.761672 0.559888
vt 0.702841 0.501056
vt 0.737445 0.535661
vt 0.702841 0.501056
vt 0.737862 0.501056
vt 0.737862 0.536077
vt 0.771632 0.501056
vt 0.759307 0.525751
vt 0.971414 0.524863
vt 0.919701 0.501056
vt 0.886823 0.685039
vt 0.902622 0.501056
vt 0.918715 0.713427
vt 0.971414 0.685039
vt 0.971414 0.769630
vt 0.971414 0.559888
vt 0.971414 0.535661
vt 0.940096 0.697014
vt 0.907594 0.681085
vt 0.967096 0.697014
vt 0.953221 0.733898
vt 0.939929 0.709820
vt 0.731767 0.697014
vt 0.760101 0.731448
vt 0.731767 0.734727
vt 0.922370 0.687539
vt 0.881575 0.697014
vt 0.967095 0.734727
vt 0.939708 0.732650
vt 0.760939 0.699700
vn 0.0757 0.9968 0.0242
vn 0.0915 0.9957 0.0118
vn 0.7017 -0.0158 -0.7123
vn 0.7049 -0.0213 -0.7090
vn 0.6729 0.0430 0.7385
vn 0.9472 -0.3013 0.1099
vn 0.9459 -0.3034 0.1151
vn -0.6403 -0.4242 -0.6403
vn -0.4695 -0.8812 -0.0555
vn -0.8973 -0.4411 0.0121
vn -0.7071 0.0000 -0.7071
vn -0.7071 0.0000 0.7071
vn -0.9999 0.0000 -0.0113
vn -0.4472 -0.7746 -0.4472
vn -0.6611 -0.3051 0.6854
usemtl Egg
s off
f 2293/3915/2078 2307/3916/2078 2306/3917/2078
f 2292/3918/2079 2300/3919/2079 2293/3920/2079
f 2302/3921/2080 2292/3922/2080 2301/3923/2080
f 2301/3924/2081 2294/3925/2081 2296/3926/2081
f 2306/3927/2082 2311/3928/2082 2293/3915/2082
f 2292/3918/2083 2295/3929/2083 2294/3930/2083
f 2311/3931/2084 2295/3932/2084 2293/3933/2084
f 2293/3915/2078 2300/3934/2078 2307/3916/2078
f 2292/3918/2079 2302/3935/2079 2300/3919/2079
f 2301/3924/2081 2292/3922/2081 2294/3925/2081
f 2292/3918/2083 2293/3933/2083 2295/3929/2083
s 1
f 2303/3936/2085 2305/3937/2086 2291/3938/2087
f 2291/3938/2087 2308/3939/2088 2310/3940/2088
f 2291/3941/2087 2299/3942/2089 2298/3943/2090
f 2304/3944/2091 2305/3937/2086 2303/3936/2085
f 2305/3937/2086 2297/3945/2092 2291/3938/2087
f 2310/3940/2088 2303/3936/2085 2291/3938/2087
f 2291/3938/2087 2298/3946/2090 2308/3939/2088
f 2308/3939/2088 2309/3947/2088 2310/3940/2088
f 2291/3941/2087 2297/3948/2092 2299/3942/2089
o Icosphere.011_cell.009_Icosphere.011_cell.008
v 0.005522 -0.069319 -0.001324
v -0.009924 -0.009304 0.014792
v 0.020509 -0.006316 0.013561
v 0.014556 -0.002607 0.011601
v 0.000431 -0.003840 0.012064
v -0.006270 -0.009899 -0.012033
v 0.024451 -0.013417 -0.014206
v 0.012383 -0.004189 -0.011446
v 0.000360 -0.005434 -0.010036
v -0.020522 -0.038366 0.026244
v -0.002993 -0.046629 0.029463
v 0.005522 -0.050728 0.030877
v -0.020971 -0.051954 -0.004910
v -0.016435 -0.045181 -0.021176
v 0.005522 -0.055489 -0.025279
v 0.016975 -0.049456 -0.024274
v 0.029017 -0.043144 -0.023165
v 0.035554 -0.047338 0.006716
v 0.031492 -0.038681 0.025773
v -0.016435 -0.045181 -0.021176
v 0.005522 -0.055489 -0.025279
v 0.005522 -0.050728 0.030877
v -0.002993 -0.046629 0.029463
v -0.020522 -0.038366 0.026244
v -0.020971 -0.051954 -0.004910
v 0.016975 -0.049456 -0.024274
v 0.029017 -0.043144 -0.023165
v 0.035554 -0.047338 0.006716
v 0.031492 -0.038681 0.025773
vt 0.702841 0.501056
vt 0.971414 0.501056
vt 0.971414 0.769630
vt 0.702841 0.501056
vt 0.971414 0.501056
vt 0.971414 0.501056
vt 0.971414 0.769630
vt 0.702841 0.501056
vt 0.971414 0.501056
vt 0.702841 0.501056
vt 0.971414 0.501056
vt 0.702841 0.501056
vt 0.971414 0.501056
vt 0.971414 0.769630
vt 0.899034 0.501056
vt 0.971414 0.581975
vt 0.936279 0.559280
vt 0.783759 0.581975
vt 0.702841 0.501056
vt 0.779207 0.577422
vt 0.702841 0.501056
vt 0.774491 0.501056
vt 0.759867 0.558083
vt 0.702841 0.501056
vt 0.912030 0.501056
vt 0.971414 0.501056
vt 0.971414 0.588155
vt 0.971414 0.501056
vt 0.789939 0.588155
vt 0.971414 0.697979
vt 0.971414 0.769630
vt 0.767587 0.565803
vt 0.783383 0.501056
vt 0.791603 0.524706
vt 0.783383 0.581599
vt 0.971414 0.577422
vt 0.971414 0.573436
vt 0.767587 0.501056
vt 0.971414 0.560440
vt 0.836163 0.676987
vt 0.875331 0.695483
vt 0.903679 0.678257
vt 0.842723 0.684410
vt 0.820884 0.694978
vt 0.820077 0.663456
vt 0.916005 0.684022
vt 0.881620 0.651457
vt 0.861235 0.616602
vt 0.877515 0.672130
vt 0.872526 0.692316
vn -0.5371 0.8385 -0.0917
vn -0.1540 0.5849 -0.7963
vn -0.1109 0.9913 -0.0711
vn -0.0888 0.9943 -0.0599
vn 0.5512 0.8273 -0.1088
vn 0.5851 0.8017 -0.1220
vn -0.0088 0.4561 0.8899
vn -0.0114 0.4638 0.8859
vn -0.4784 0.8760 -0.0616
vn -0.0553 0.2654 -0.9626
vn -0.0516 0.2674 -0.9622
vn 0.0019 0.2888 -0.9574
vn 0.9622 0.2027 -0.1821
vn -0.9470 0.2993 -0.1169
vn -0.9422 0.3065 -0.1351
vn 0.9403 0.3370 0.0473
vn 0.0174 0.3581 0.9335
vn 0.0017 0.3661 0.9306
vn -0.4743 -0.7811 0.4061
vn -0.4510 -0.8157 0.3623
vn -0.5287 -0.8482 -0.0320
vn 0.5367 -0.8291 0.1565
vn 0.4472 -0.7746 0.4472
vn -0.0048 -0.8660 0.5000
vn -0.4472 -0.7746 -0.4472
vn 0.0150 -0.8659 -0.4999
vn 0.0142 -0.9999 -0.0012
vn 0.5201 -0.7869 -0.3320
vn 0.4686 -0.8549 -0.2225
usemtl Egg
s off
f 2313/3949/2093 2320/3950/2093 2317/3951/2093
f 2320/3952/2094 2319/3953/2094 2317/3951/2094
f 2320/3952/2095 2316/3954/2095 2319/3955/2095
f 2316/3956/2096 2315/3957/2096 2319/3955/2096
f 2315/3958/2097 2314/3959/2097 2319/3955/2097
f 2314/3960/2098 2318/3961/2098 2319/3955/2098
f 2314/3960/2099 2315/3957/2099 2313/3962/2099
f 2315/3958/2100 2316/3954/2100 2313/3962/2100
f 2316/3956/2101 2320/3950/2101 2313/3962/2101
f 2325/3963/2102 2327/3964/2102 2326/3965/2102
f 2319/3953/2103 2327/3966/2103 2317/3967/2103
f 2318/3961/2104 2328/3968/2104 2319/3969/2104
f 2329/3970/2105 2328/3971/2105 2318/3972/2105
f 2321/3973/2106 2313/3974/2106 2324/3975/2106
f 2317/3976/2107 2324/3977/2107 2313/3949/2107
f 2314/3960/2108 2329/3978/2108 2318/3979/2108
f 2330/3980/2109 2322/3981/2109 2323/3982/2109
f 2313/3974/2110 2322/3983/2110 2314/3960/2110
f 2325/3963/2102 2317/3976/2102 2327/3964/2102
f 2319/3953/2103 2328/3984/2103 2327/3966/2103
f 2317/3976/2107 2325/3985/2107 2324/3977/2107
f 2314/3960/2108 2330/3986/2108 2329/3978/2108
f 2330/3980/2109 2314/3960/2109 2322/3981/2109
f 2313/3974/2110 2321/3987/2110 2322/3983/2110
s 1
f 2334/3988/2111 2335/3989/2112 2336/3990/2113
f 2339/3991/2114 2340/3992/2115 2333/3993/2116
f 2336/3990/2113 2331/3994/2117 2332/3995/2118
f 2332/3995/2118 2312/3996/2119 2336/3990/2113
f 2312/3996/2119 2333/3993/2116 2334/3988/2111
f 2336/3990/2113 2312/3996/2119 2334/3988/2111
f 2333/3993/2116 2312/3996/2119 2339/3991/2114
f 2312/3996/2119 2332/3995/2118 2337/3997/2120
f 2339/3991/2114 2312/3996/2119 2337/3997/2120
f 2337/3997/2120 2338/3998/2121 2339/3991/2114
