# Blender v2.91.0 OBJ File: 'physics_test.blend'
# www.blender.org
mtllib physics_shattered_lots_3.mtl
o Neue_Welt_(10)__2547_58_-1089_to_2595_255_-1061.001_cell.063_Neue_Welt_(10)__2547_58_-1089_to_2595_255_-1061.001_cell.074
v -0.500000 0.500000 0.500000
v 0.111795 0.003773 0.073619
v 0.114124 0.009857 0.075965
v 0.201078 0.249328 0.286754
v -0.500000 -0.063450 0.043497
v -0.500000 -0.065984 0.002034
v -0.500000 -0.034863 0.500000
v -0.500000 0.500000 0.177912
v 0.114791 0.500000 0.228189
v 0.158787 0.500000 0.353465
v 0.184870 0.500000 0.500000
v 0.144797 0.500000 0.275311
v 0.129498 0.500000 0.251076
v -0.019688 0.015780 0.500000
v 0.216509 0.354436 0.500000
v 0.204571 0.409616 0.500000
v 0.041651 0.022336 0.500000
v -0.500000 0.500000 0.500000
v -0.500000 0.500000 0.500000
v -0.500000 0.500000 0.177912
v -0.500000 0.500000 0.177912
v -0.500000 -0.065984 0.002034
v -0.500000 -0.063450 0.043497
v -0.500000 -0.034863 0.500000
v -0.500000 -0.034863 0.500000
v 0.114791 0.500000 0.228189
v 0.184870 0.500000 0.500000
v 0.184870 0.500000 0.500000
v 0.158787 0.500000 0.353465
v 0.144797 0.500000 0.275311
v 0.129498 0.500000 0.251076
v -0.019688 0.015780 0.500000
v 0.041651 0.022336 0.500000
v 0.216509 0.354436 0.500000
v 0.204571 0.409616 0.500000
vt 0.676642 0.997813
vt 0.542818 0.436557
vt 0.997317 0.465033
vt 0.613799 0.272460
vt 0.001706 0.001707
vt 0.657601 0.147672
vt 0.703185 0.907781
vt 0.001706 0.997813
vt 0.479910 0.515479
vt 0.997317 0.997813
vt 0.501537 0.434033
vt 0.643673 0.225521
vt 0.628441 0.249661
vt 0.001706 0.322541
vt 0.683570 0.001707
vt 0.683570 0.997813
vt 0.001706 0.465033
vt 0.540980 0.522009
vt 0.715070 0.852816
vt 0.109584 0.109584
vt 0.890416 0.109584
vt 0.890416 0.890416
vt 0.890416 0.192148
vt 0.109584 0.109584
vt 0.742770 0.109584
vt 0.109584 0.109584
vt 0.890416 0.180616
vt 0.890416 0.823795
vt 0.180616 0.180616
vt 0.823769 0.179857
vt 0.823795 0.823795
vt 0.182433 0.109584
vt 0.890416 0.109584
vt 0.238570 0.109584
vt 0.890416 0.759629
vt 0.890416 0.817567
vt 0.759629 0.759629
vt 0.336537 0.109584
vt 0.750085 0.109584
vt 0.890416 0.257230
vt 0.336537 0.336537
vt 0.749116 0.336637
vt 0.750085 0.750085
vt 0.890416 0.109584
vt 0.179529 0.120414
vt 0.181623 0.109584
vt 0.831694 0.831694
vt 0.807852 0.109584
vt 0.890416 0.890416
vt 0.238570 0.238570
vt 0.890416 0.831694
vn -1.0000 0.0000 0.0000
vn 0.0000 1.0000 0.0000
vn 0.0000 0.0000 1.0000
vn 0.9284 -0.3698 0.0372
vn 0.8730 -0.4596 0.1634
vn 0.1061 -0.9925 0.0607
vn 0.1047 -0.9926 0.0622
vn 0.1846 0.2913 -0.9387
vn 0.8342 0.1633 -0.5267
vn 0.8303 0.1612 -0.5335
vn 0.9628 0.2083 -0.1723
vn 0.9626 0.2098 -0.1713
vn 0.0779 0.2961 -0.9520
vn 0.8730 -0.4594 0.1636
vn 0.8329 0.1631 -0.5289
vn 0.0777 0.2959 -0.9521
usemtl Stone
s 1
f 20/1/1 23/2/1 24/3/1
f 9/4/2 19/5/2 29/6/2
f 35/7/3 1/8/3 32/9/3
f 24/3/1 18/10/1 20/1/1
f 20/1/1 22/11/1 23/2/1
f 30/12/2 31/13/2 29/6/2
f 31/13/2 9/4/2 29/6/2
f 9/4/2 21/14/2 19/5/2
f 19/5/2 27/15/2 29/6/2
f 35/7/3 28/16/3 1/8/3
f 1/8/3 25/17/3 32/9/3
f 32/9/3 33/18/3 34/19/3
f 34/19/3 35/7/3 32/9/3
usemtl Dirt
s off
f 3/20/4 4/21/4 2/22/4
f 17/23/5 4/24/5 15/25/5
f 2/26/6 14/27/6 5/28/6
f 14/29/7 7/30/7 5/31/7
f 26/32/8 3/33/8 2/22/8
f 12/34/9 4/21/9 13/35/9
f 4/24/10 26/36/10 13/37/10
f 10/38/11 16/39/11 15/40/11
f 10/41/12 11/42/12 16/43/12
f 2/44/13 8/45/13 26/46/13
f 17/23/14 2/22/14 4/24/14
f 5/28/6 6/47/6 2/26/6
f 2/26/6 17/48/6 14/27/6
f 4/24/15 3/33/15 26/36/15
f 15/40/11 4/49/11 10/38/11
f 4/49/11 12/50/11 10/38/11
f 2/44/16 6/51/16 8/45/16
o Neue_Welt_(10)__2547_58_-1089_to_2595_255_-1061.001_cell.065_Neue_Welt_(10)__2547_58_-1089_to_2595_255_-1061.001_cell.076
v 0.500000 0.500000 -0.500000
v 0.229377 0.244701 0.254208
v 0.143360 -0.015585 0.025257
v 0.114396 0.039630 -0.197158
v 0.145328 0.011160 0.048682
v 0.070637 0.253750 -0.500000
v 0.062359 0.478208 -0.500000
v 0.061587 0.500000 -0.500000
v 0.489012 0.039369 -0.500000
v 0.225644 0.088318 -0.500000
v 0.500000 0.037355 -0.500000
v 0.500000 0.129449 0.146391
v 0.500000 -0.062827 -0.056501
v 0.500000 -0.068643 -0.030571
v 0.500000 0.092845 0.113942
v 0.500000 0.165077 0.141105
v 0.500000 0.500000 0.090746
v 0.145902 0.500000 0.199538
v 0.143038 0.500000 0.175915
v 0.205259 0.500000 0.227457
v 0.172391 0.500000 0.242629
v 0.061587 0.500000 -0.500000
v 0.061587 0.500000 -0.500000
v 0.500000 0.500000 -0.500000
v 0.500000 0.500000 -0.500000
v 0.500000 0.037355 -0.500000
v 0.500000 0.037355 -0.500000
v 0.489012 0.039369 -0.500000
v 0.225644 0.088318 -0.500000
v 0.070637 0.253750 -0.500000
v 0.062359 0.478208 -0.500000
v 0.500000 0.092845 0.113942
v 0.500000 -0.068643 -0.030571
v 0.500000 -0.062827 -0.056501
v 0.500000 0.500000 0.090746
v 0.500000 0.500000 0.090746
v 0.500000 0.165077 0.141105
v 0.500000 0.129449 0.146391
v 0.145902 0.500000 0.199538
v 0.172391 0.500000 0.242629
v 0.205259 0.500000 0.227457
v 0.143038 0.500000 0.175915
vt 0.429184 0.752522
vt 0.437426 0.976106
vt 0.001706 0.997813
vt 0.359027 0.664194
vt 0.555765 0.437178
vt 0.997317 0.997813
vt 0.641921 0.324530
vt 0.644943 0.299669
vt 0.703869 0.273189
vt 0.438195 0.997813
vt 0.001706 0.536969
vt 0.012646 0.538976
vt 0.274859 0.587734
vt 0.353763 0.628705
vt 0.386070 0.592244
vt 0.529948 0.431384
vt 0.997317 0.536969
vt 0.409164 0.997813
vt 0.671146 0.258076
vt 0.997317 0.409367
vt 0.997317 0.997813
vt 0.560828 0.997813
vt 0.109584 0.109584
vt 0.890416 0.109584
vt 0.890416 0.890416
vt 0.890416 0.780331
vt 0.198800 0.109584
vt 0.890416 0.109584
vt 0.779769 0.109584
vt 0.780331 0.780331
vt 0.109584 0.109584
vt 0.780677 0.109584
vt 0.779769 0.779769
vt 0.890416 0.780371
vt 0.219323 0.109584
vt 0.780371 0.780371
vt 0.813902 0.109584
vt 0.813706 0.798367
vt 0.890416 0.802003
vt 0.109584 0.109584
vt 0.890416 0.210264
vt 0.802003 0.802003
vt 0.210264 0.210264
vt 0.801976 0.210559
vt 0.890416 0.794156
vt 0.109584 0.109584
vt 0.794842 0.109584
vt 0.794156 0.794156
vt 0.890416 0.801200
vt 0.794842 0.794842
vt 0.890416 0.186098
vt 0.821371 0.109584
vt 0.821371 0.821371
vt 0.890416 0.109584
vt 0.890416 0.109584
vt 0.817944 0.817944
vt 0.876836 0.786448
vt 0.762448 0.762448
vt 0.768344 0.109584
vt 0.768344 0.768344
vt 0.890416 0.890416
vt 0.890416 0.762448
vn 0.0000 0.0000 -1.0000
vn 1.0000 0.0000 0.0000
vn 0.0000 1.0000 0.0000
vn -0.0109 -0.6584 0.7526
vn -0.1760 -0.9602 -0.2169
vn -0.1783 -0.9591 -0.2197
vn -0.6826 -0.6396 -0.3536
vn -0.9924 -0.0366 0.1175
vn -0.9922 -0.0352 0.1196
vn 0.4153 0.1335 0.8998
vn 0.4169 0.1351 0.8988
vn 0.0156 -0.6633 0.7482
vn 0.0174 -0.6668 0.7451
vn -0.1766 -0.9604 -0.2154
vn -0.9921 -0.0358 0.1203
vn -0.9912 -0.0379 0.1265
vn -0.8359 -0.1609 0.5247
vn -0.8404 -0.1641 0.5166
usemtl Stone
s 1
f 65/52/17 66/53/17 59/54/17
f 72/55/18 69/56/18 60/57/18
f 77/58/19 74/59/19 76/60/19
f 66/53/17 57/61/17 59/54/17
f 59/54/17 61/62/17 63/63/17
f 63/63/17 64/64/17 59/54/17
f 64/64/17 65/52/17 59/54/17
f 73/65/18 67/66/18 72/55/18
f 67/66/18 68/67/18 69/56/18
f 69/56/18 62/68/18 60/57/18
f 60/57/18 70/69/18 72/55/18
f 67/66/18 69/56/18 72/55/18
f 74/59/19 75/70/19 76/60/19
f 76/60/19 71/71/19 77/58/19
f 71/71/19 36/72/19 58/73/19
f 77/58/19 71/71/19 58/73/19
usemtl Dirt
s off
f 40/74/20 38/75/20 37/76/20
f 44/77/21 48/78/21 39/79/21
f 45/80/22 44/81/22 39/82/22
f 39/82/23 41/83/23 45/84/23
f 39/79/24 42/85/24 41/86/24
f 42/87/25 54/88/25 43/89/25
f 55/90/26 37/91/26 51/92/26
f 55/93/27 51/94/27 52/95/27
f 50/96/28 37/91/28 38/75/28
f 38/97/29 49/98/29 50/99/29
f 38/97/30 48/100/30 49/101/30
f 54/102/31 38/97/31 53/103/31
f 53/104/32 38/97/32 40/105/32
f 37/106/33 53/107/33 40/74/33
f 44/77/21 46/108/21 48/78/21
f 42/87/25 39/82/25 54/88/25
f 56/109/26 37/91/26 55/90/26
f 37/91/26 47/110/26 51/92/26
f 50/96/28 47/111/28 37/91/28
f 38/97/30 39/79/30 48/100/30
f 54/102/31 39/112/31 38/97/31
f 37/106/34 56/113/34 53/107/34
o Neue_Welt_(10)__2547_58_-1089_to_2595_255_-1061.001_cell.066_Neue_Welt_(10)__2547_58_-1089_to_2595_255_-1061.001_cell.077
v 0.500000 0.500000 0.500000
v 0.239904 0.267251 0.290644
v 0.500000 0.156837 0.186566
v 0.500000 0.315562 0.500000
v 0.500000 0.191145 0.181309
v 0.500000 0.500000 0.134545
v 0.186996 0.500000 0.279592
v 0.226725 0.500000 0.500000
v 0.220867 0.500000 0.263835
v 0.254943 0.370819 0.500000
v 0.489584 0.317873 0.500000
v 0.500000 0.156837 0.186566
v 0.500000 0.191145 0.181309
v 0.500000 0.500000 0.134545
v 0.500000 0.500000 0.134545
v 0.500000 0.500000 0.500000
v 0.500000 0.500000 0.500000
v 0.500000 0.315562 0.500000
v 0.500000 0.315562 0.500000
v 0.186996 0.500000 0.279592
v 0.226725 0.500000 0.500000
v 0.226725 0.500000 0.500000
v 0.220867 0.500000 0.263835
v 0.254943 0.370819 0.500000
v 0.489584 0.317873 0.500000
vt 0.365557 0.997813
vt 0.001706 0.997813
vt 0.001706 0.814094
vt 0.997317 0.001707
vt 0.997317 0.365739
vt 0.719409 0.236952
vt 0.997317 0.997813
vt 0.753335 0.869136
vt 0.986947 0.816396
vt 0.313764 0.655986
vt 0.318999 0.690161
vt 0.685686 0.221256
vt 0.725241 0.001707
vt 0.997317 0.814094
vt 0.725241 0.997813
vt 0.890416 0.109584
vt 0.890416 0.739299
vt 0.260371 0.109584
vt 0.763866 0.109584
vt 0.739299 0.739299
vt 0.109584 0.109584
vt 0.890416 0.203888
vt 0.890416 0.785579
vt 0.785579 0.785579
vt 0.203888 0.203888
vt 0.785537 0.203968
vt 0.752174 0.752174
vt 0.739629 0.109584
vt 0.637409 0.252718
vt 0.765522 0.747785
vt 0.763866 0.763866
vt 0.752174 0.109584
vn 1.0000 0.0000 0.0000
vn 0.0000 1.0000 0.0000
vn 0.0000 0.0000 1.0000
vn -0.1970 -0.8731 0.4461
vn -0.1942 -0.8751 0.4432
vn -0.4178 -0.1376 -0.8981
vn -0.4164 -0.1361 -0.8989
vn -0.9622 -0.2102 0.1734
vn -0.9621 -0.2105 0.1732
usemtl Stone
s 1
f 91/114/35 93/115/35 95/116/35
f 94/117/36 92/118/36 100/119/36
f 78/120/37 101/121/37 102/122/37
f 95/116/35 89/123/35 90/124/35
f 90/124/35 91/114/35 95/116/35
f 100/119/36 97/125/36 98/126/36
f 98/126/36 94/117/36 100/119/36
f 102/122/37 96/127/37 78/120/37
f 78/120/37 99/128/37 101/121/37
usemtl Dirt
s off
f 79/129/38 88/130/38 87/131/38
f 80/132/39 88/133/39 79/134/39
f 79/134/40 86/135/40 82/136/40
f 82/137/41 86/138/41 83/139/41
f 84/140/42 87/141/42 85/142/42
f 80/132/39 81/143/39 88/133/39
f 82/136/40 80/144/40 79/134/40
f 79/134/40 84/145/40 86/135/40
f 84/140/43 79/134/43 87/141/43
o Neue_Welt_(10)__2547_58_-1089_to_2595_255_-1061.001_cell.067_Neue_Welt_(10)__2547_58_-1089_to_2595_255_-1061.001_cell.078
v 0.500000 -0.500000 -0.500000
v 0.104484 -0.006754 -0.166949
v 0.035853 -0.098778 -0.067211
v 0.141739 -0.054769 0.015257
v 0.126779 -0.049466 0.001838
v -0.001587 -0.500000 -0.500000
v 0.500000 -0.004233 -0.500000
v 0.491772 -0.002720 -0.500000
v 0.226887 0.045768 -0.500000
v 0.500000 -0.488985 0.049692
v 0.500000 -0.108819 -0.039747
v 0.500000 -0.500000 0.052274
v 0.500000 -0.008551 -0.480888
v -0.109169 -0.500000 -0.143064
v 0.183688 -0.500000 0.099237
v 0.196046 -0.500000 0.109431
v 0.500000 -0.500000 -0.500000
v 0.500000 -0.500000 -0.500000
v -0.001587 -0.500000 -0.500000
v -0.001587 -0.500000 -0.500000
v 0.226887 0.045768 -0.500000
v 0.491772 -0.002720 -0.500000
v 0.500000 -0.004233 -0.500000
v 0.500000 -0.004233 -0.500000
v 0.500000 -0.008551 -0.480888
v 0.500000 -0.108819 -0.039747
v 0.500000 -0.488985 0.049692
v 0.500000 -0.500000 0.052274
v 0.500000 -0.500000 0.052274
v -0.109169 -0.500000 -0.143064
v 0.196046 -0.500000 0.109431
v 0.183688 -0.500000 0.099237
vt 0.009899 0.497051
vt 0.001706 0.001707
vt 0.273621 0.545350
vt 0.539084 0.391365
vt 0.450038 0.012679
vt 0.997317 0.001707
vt 0.997317 0.447690
vt 0.694697 0.390755
vt 0.682393 0.400910
vt 0.001706 0.495544
vt 0.501091 0.001707
vt 0.447467 0.001707
vt 0.997317 0.495544
vt 0.978289 0.491242
vt 0.390822 0.642268
vt 0.497932 0.997813
vt 0.997317 0.997813
vt 0.109584 0.109584
vt 0.890416 0.109584
vt 0.890416 0.890416
vt 0.109584 0.109584
vt 0.890416 0.109584
vt 0.890416 0.109584
vt 0.890416 0.890416
vt 0.196320 0.109584
vt 0.890416 0.109584
vt 0.890416 0.803957
vt 0.791525 0.726500
vt 0.803957 0.803957
vt 0.109584 0.109584
vt 0.788237 0.788237
vt 0.109584 0.109584
vt 0.788530 0.109584
vt 0.890416 0.794971
vt 0.788530 0.788530
vt 0.794207 0.109584
vt 0.794971 0.794971
vt 0.205193 0.109584
vt 0.890416 0.811386
vt 0.208209 0.129959
vt 0.890416 0.803680
vt 0.890416 0.890416
vt 0.205193 0.205193
vt 0.890416 0.205793
vt 0.890416 0.788237
vt 0.826586 0.800798
vt 0.811386 0.811386
vn 0.0000 0.0000 -1.0000
vn 1.0000 0.0000 0.0000
vn 0.0000 -1.0000 0.0000
vn -0.6400 0.1165 0.7595
vn -0.6091 0.7460 0.2692
vn 0.1395 0.9642 0.2256
vn -0.6352 0.0844 0.7677
vn -0.8888 0.3719 -0.2679
vn 0.1758 0.9604 0.2161
vn 0.1765 0.9601 0.2169
vn 0.1782 0.9595 0.2181
vn 0.1801 0.2245 0.9577
vn -0.6340 0.0852 0.7686
vn 0.1810 0.2252 0.9574
vn -0.8886 0.3721 -0.2681
vn -0.8887 0.3720 -0.2679
usemtl Stone
s 1
f 124/146/44 119/147/44 123/148/44
f 128/149/45 129/150/45 120/151/45
f 131/152/46 133/153/46 134/154/46
f 125/155/44 119/147/44 124/146/44
f 119/147/44 121/156/44 123/148/44
f 130/157/45 120/151/45 129/150/45
f 120/151/45 126/158/45 127/159/45
f 128/149/45 120/151/45 127/159/45
f 134/154/46 132/160/46 122/161/46
f 122/161/46 103/162/46 134/154/46
f 103/162/46 131/152/46 134/154/46
usemtl Dirt
s off
f 106/163/47 107/164/47 105/165/47
f 107/166/48 104/167/48 105/165/48
f 107/166/49 106/168/49 104/169/49
f 117/170/50 105/171/50 116/172/50
f 108/173/51 116/174/51 105/175/51
f 111/176/52 104/177/52 110/178/52
f 104/177/53 115/179/53 110/180/53
f 106/163/54 113/181/54 115/182/54
f 112/183/55 118/184/55 114/185/55
f 117/186/56 106/163/56 105/171/56
f 106/187/57 112/188/57 113/189/57
f 105/175/58 104/167/58 108/173/58
f 104/167/59 111/190/59 108/173/59
f 106/168/53 115/179/53 104/177/53
f 115/179/53 109/191/53 110/180/53
f 112/183/55 106/168/55 118/184/55
f 117/186/56 118/192/56 106/163/56
o Neue_Welt_(10)__2547_58_-1089_to_2595_255_-1061.001_cell.064_ce_Neue_Welt_(10)__2547_58_-1089_to_2595_255_-1061.001_cell.087
v -0.269801 0.295774 -0.153440
v -0.282193 0.113384 -0.278490
v -0.059825 0.072921 -0.186157
v -0.474296 -0.073744 -0.041701
v -0.464648 -0.102628 -0.085554
v -0.108404 -0.039051 -0.009543
v -0.129229 -0.064260 -0.046227
v -0.419226 -0.120986 -0.115561
v -0.100920 -0.029957 0.003477
v -0.394045 -0.104626 -0.149849
v -0.346725 -0.016458 -0.252478
v -0.091790 0.031595 -0.229806
v -0.122384 -0.031550 -0.155172
v -0.250690 0.044720 -0.302010
v -0.041989 0.056049 0.035246
v -0.084944 -0.006678 0.012078
v -0.288796 0.319525 0.097252
v -0.359993 0.395184 0.115011
v -0.126482 -0.040026 -0.145084
v -0.405844 -0.126364 -0.124422
v -0.151070 -0.090670 -0.084846
vt 0.109584 0.109584
vt 0.890416 0.109584
vt 0.890416 0.890416
vt 0.109584 0.109584
vt 0.890416 0.890416
vt 0.890416 0.799475
vt 0.266241 0.109584
vt 0.613990 0.109584
vt 0.799475 0.799475
vt 0.360922 0.360922
vt 0.870059 0.353566
vt 0.595211 0.334170
vt 0.890416 0.359633
vt 0.691986 0.487859
vt 0.666551 0.126405
vt 0.719998 0.181496
vt 0.449786 0.294037
vt 0.696940 0.696940
vt 0.359633 0.359633
vt 0.435753 0.356182
vt 0.890416 0.733759
vt 0.335723 0.335723
vt 0.890416 0.386010
vt 0.634447 0.109584
vt 0.519386 0.519386
vt 0.109584 0.109584
vt 0.796085 0.470180
vt 0.736926 0.362300
vt 0.890416 0.384304
vt 0.890416 0.109584
vt 0.593193 0.593193
vt 0.419826 0.351686
vt 0.109584 0.109584
vt 0.890416 0.365553
vt 0.890416 0.109584
vt 0.684627 0.684627
vt 0.625419 0.109584
vt 0.890416 0.109584
vt 0.631438 0.631438
vt 0.559102 0.559102
vt 0.118030 0.109584
vt 0.673685 0.458154
vt 0.755074 0.223264
vt 0.648570 0.648570
vt 0.890416 0.890416
vt 0.890416 0.360922
vt 0.535890 0.433550
vt 0.744451 0.261435
vt 0.890416 0.696940
vt 0.376527 0.270185
vt 0.200042 0.109584
vt 0.646371 0.109584
vt 0.890416 0.335723
vt 0.890416 0.690092
vt 0.690092 0.690092
vt 0.675080 0.249162
vt 0.890416 0.593193
vt 0.817577 0.508966
vt 0.684627 0.109584
vt 0.890416 0.519386
vt 0.384304 0.384304
vt 0.648570 0.109584
vt 0.810497 0.544295
vt 0.753456 0.547741
vt 0.559102 0.109584
vn 0.4083 0.4971 -0.7656
vn -0.8468 0.3387 -0.4101
vn 0.0301 -0.8317 0.5544
vn 0.0291 -0.8273 0.5610
vn 0.2002 -0.7869 -0.5837
vn -0.0786 -0.2976 0.9515
vn 0.2008 -0.7887 -0.5811
vn 0.0309 -0.8331 0.5523
vn 0.7290 0.6845 -0.0066
vn 0.8379 -0.5351 -0.1079
vn 0.8384 -0.5342 -0.1082
vn 0.7271 0.6865 -0.0100
vn 0.3992 0.4557 -0.7956
vn -0.4926 0.0711 -0.8673
vn -0.6120 -0.4380 -0.6585
vn -0.8446 0.3432 -0.4109
vn -0.0798 -0.2984 0.9511
vn -0.0801 -0.2983 0.9511
vn 0.4085 0.4944 -0.7673
vn -0.8426 0.3400 -0.4176
vn -0.8409 0.3481 -0.4143
usemtl Dirt
s off
f 136/193/60 135/194/60 137/195/60
f 145/196/61 135/194/61 136/197/61
f 138/198/62 142/199/62 141/200/62
f 138/201/63 140/202/63 143/203/63
f 148/204/64 147/205/64 145/206/64
f 150/207/65 149/208/65 151/209/65
f 144/210/66 147/211/66 153/212/66
f 142/213/67 155/214/67 141/215/67
f 151/216/68 149/217/68 137/218/68
f 140/219/69 141/220/69 153/221/69
f 137/222/70 150/223/70 147/224/70
f 135/225/71 151/226/71 137/195/71
f 136/227/72 146/228/72 148/229/72
f 145/230/73 136/197/73 148/231/73
f 139/232/74 145/233/74 144/234/74
f 138/235/75 152/236/75 135/237/75
f 141/200/62 140/238/62 138/198/62
f 138/198/62 139/239/62 142/199/62
f 146/240/64 147/205/64 148/204/64
f 147/205/64 144/241/64 145/206/64
f 151/209/76 152/242/76 138/243/76
f 138/243/77 143/244/77 151/209/77
f 143/244/65 150/207/65 151/209/65
f 153/212/66 155/245/66 144/210/66
f 155/245/66 154/246/66 144/210/66
f 142/213/67 154/247/67 155/214/67
f 141/220/69 155/248/69 153/221/69
f 153/221/69 150/249/69 140/219/69
f 150/249/69 143/250/69 140/219/69
f 146/251/70 137/222/70 147/224/70
f 137/222/70 149/252/70 150/223/70
f 147/224/70 150/223/70 153/253/70
f 135/225/71 152/254/71 151/226/71
f 136/227/78 137/195/78 146/228/78
f 154/255/74 142/256/74 144/234/74
f 142/256/74 139/232/74 144/234/74
f 135/237/79 145/196/79 138/235/79
f 145/196/80 139/257/80 138/235/80
o Neue_Welt_(10)__2547_58_-1089_to_2595_255_-1061.001_cell.06_Neue_Welt_(10)__2547_58_-1089_to_2595_255_-1061.001_cell.088
v -0.500000 -0.139555 -0.139049
v -0.500000 -0.136786 -0.134873
v -0.500000 -0.133127 -0.147772
v -0.500000 -0.048016 -0.262514
v -0.500000 -0.120485 -0.110419
v -0.465580 -0.130053 -0.126643
v -0.490240 -0.120061 -0.110313
v -0.422072 -0.069085 -0.207376
v -0.449296 -0.119488 -0.148766
v -0.487300 -0.045992 -0.260886
v -0.456963 -0.133525 -0.132363
v -0.500000 -0.133127 -0.147772
v -0.500000 -0.139555 -0.139049
v -0.500000 -0.136786 -0.134873
v -0.500000 -0.120485 -0.110419
v -0.500000 -0.048016 -0.262514
vt 0.389962 0.380005
vt 0.238150 0.451931
vt 0.352388 0.367152
vt 0.361073 0.360749
vt 0.365231 0.363506
vt 0.169382 0.109584
vt 0.357360 0.285776
vt 0.363328 0.303440
vt 0.890416 0.828499
vt 0.671649 0.599152
vt 0.777372 0.637178
vt 0.828498 0.828498
vt 0.890416 0.761194
vt 0.890416 0.821055
vt 0.821055 0.821055
vt 0.890416 0.789344
vt 0.890416 0.830618
vt 0.786391 0.529104
vt 0.890416 0.607406
vt 0.791971 0.599668
vt 0.653466 0.607088
vt 0.607406 0.607406
vt 0.286295 0.286295
vt 0.210656 0.109584
vt 0.890416 0.765542
vt 0.668169 0.606263
vt 0.765542 0.765542
vt 0.761194 0.761194
vt 0.757639 0.596886
vt 0.890416 0.286295
vt 0.594431 0.109584
vt 0.654362 0.109584
vn -1.0000 0.0000 0.0000
vn 0.0301 -0.8317 0.5544
vn 0.2002 -0.7869 -0.5837
vn 0.2008 -0.7887 -0.5811
vn 0.0309 -0.8331 0.5523
vn 0.6130 0.4355 0.6592
vn -0.0437 0.8968 0.4403
vn -0.2002 0.7869 0.5837
vn -0.0602 0.9011 0.4294
usemtl Stone
s 1
f 170/258/81 171/259/81 167/260/81
f 168/261/81 169/262/81 167/260/81
f 169/262/81 170/258/81 167/260/81
usemtl Dirt
s off
f 157/263/82 162/264/82 160/265/82
f 158/266/83 165/267/83 163/268/83
f 158/269/84 166/270/84 156/271/84
f 156/272/85 161/273/85 157/274/85
f 164/275/86 162/276/86 161/277/86
f 160/278/87 162/279/87 163/280/87
f 157/263/82 161/281/82 162/264/82
f 163/268/83 164/282/83 158/266/83
f 158/266/83 159/283/83 165/267/83
f 158/269/84 164/284/84 166/270/84
f 156/272/85 166/285/85 161/273/85
f 161/277/86 166/286/86 164/275/86
f 164/275/86 163/287/86 162/276/86
f 163/280/88 165/288/88 159/289/88
f 159/289/89 160/278/89 163/280/89
o Neue_Welt_(10)__2547_58_-1089_to_2595_255_-1061.001_cell.068_Neue_Welt_(10)__2547_58_-1089_to_2595_255_-1061.001_cell.089
v -0.500000 0.128141 -0.500000
v -0.304250 0.114836 -0.312478
v -0.500000 0.475852 -0.389957
v -0.500000 0.420290 -0.378081
v -0.500000 0.462409 -0.500000
v -0.500000 0.473590 -0.415970
v -0.500000 -0.015526 -0.285612
v -0.500000 -0.023853 -0.295089
v -0.342022 0.168389 -0.500000
v -0.325796 0.142520 -0.459580
v -0.334699 0.157155 -0.482352
v -0.428036 -0.012443 -0.285785
v -0.276436 0.060837 -0.332570
v -0.357436 0.008529 -0.289839
v -0.371031 0.004437 -0.288986
v -0.500000 -0.023853 -0.295089
v -0.500000 -0.015526 -0.285612
v -0.500000 0.420290 -0.378081
v -0.500000 0.475852 -0.389957
v -0.500000 0.473590 -0.415970
v -0.500000 0.462409 -0.500000
v -0.500000 0.462409 -0.500000
v -0.500000 0.128141 -0.500000
v -0.500000 0.128141 -0.500000
v -0.342022 0.168389 -0.500000
vt 0.001706 0.960369
vt 0.001706 0.627402
vt 0.123134 0.918444
vt 0.840032 0.667494
vt 0.997317 0.627402
vt 0.997317 0.960369
vt 0.205718 0.476000
vt 0.215182 0.484314
vt 0.111281 0.973770
vt 0.080508 0.971070
vt 0.208176 0.146290
vt 0.287944 0.180417
vt 0.620194 0.451517
vt 0.890416 0.190385
vt 0.890416 0.540026
vt 0.475506 0.109584
vt 0.313541 0.313541
vt 0.109584 0.109584
vt 0.775526 0.109584
vt 0.890416 0.290610
vt 0.890416 0.870546
vt 0.290610 0.290610
vt 0.890416 0.629394
vt 0.870546 0.870546
vt 0.629394 0.629394
vt 0.323586 0.323586
vt 0.361197 0.323469
vt 0.782770 0.512558
vt 0.890416 0.190842
vt 0.890416 0.524494
vt 0.890416 0.109584
vt 0.890416 0.313541
vt 0.540027 0.540027
vt 0.624926 0.503750
vt 0.605073 0.543169
vt 0.208600 0.135342
vt 0.243250 0.154758
vt 0.537334 0.319092
vt 0.618887 0.439040
vt 0.775526 0.775526
vt 0.757223 0.109584
vt 0.890416 0.323586
vt 0.472258 0.201891
vt 0.190385 0.190385
vt 0.242777 0.109584
vn -1.0000 0.0000 0.0000
vn 0.0000 0.0000 -1.0000
vn 0.2004 -0.7868 -0.5837
vn 0.8818 0.4696 -0.0429
vn 0.4982 -0.0651 0.8646
vn -0.0015 0.2090 0.9779
vn -0.0065 0.2075 0.9782
vn 0.0338 -0.7508 0.6597
vn 0.8790 0.4726 -0.0639
vn 0.8820 0.4695 -0.0408
vn 0.2002 -0.7869 -0.5837
vn 0.2004 -0.7867 -0.5839
vn 0.2001 -0.7868 -0.5838
vn 0.2002 -0.7868 -0.5838
vn 0.8792 0.4724 -0.0629
usemtl Stone
s 1
f 192/290/90 194/291/90 189/292/90
f 196/293/91 195/294/91 193/295/91
f 194/291/90 187/296/90 188/297/90
f 188/297/90 189/292/90 194/291/90
f 189/292/90 190/298/90 191/299/90
f 192/290/90 189/292/90 191/299/90
usemtl Dirt
s off
f 172/300/92 181/301/92 186/302/92
f 177/303/93 181/304/93 182/305/93
f 184/306/94 173/307/94 185/308/94
f 173/307/95 175/309/95 186/310/95
f 175/311/96 183/312/96 186/313/96
f 183/314/97 178/315/97 179/316/97
f 180/317/98 177/318/98 182/319/98
f 173/320/99 184/321/99 181/322/99
f 186/302/100 183/323/100 172/300/100
f 183/323/100 179/324/100 172/300/100
f 172/300/101 180/325/101 182/326/101
f 181/301/101 172/300/101 182/326/101
f 181/301/102 184/327/102 185/328/102
f 185/328/103 186/302/103 181/301/103
f 186/310/95 185/329/95 173/307/95
f 173/307/95 174/330/95 175/309/95
f 175/311/96 178/331/96 183/312/96
f 180/317/104 176/332/104 177/318/104
f 177/333/99 174/334/99 181/322/99
f 174/334/99 173/320/99 181/322/99
o Neue_Welt_(10)__2547_58_-1089_to_2595_255_-1061.001_cell.070_Neue_Welt_(10)__2547_58_-1089_to_2595_255_-1061.001_cell.079
v 0.103805 0.500000 0.185364
v -0.024758 0.094320 -0.180309
v -0.262975 0.348274 -0.142764
v -0.304370 0.500000 -0.141078
v -0.319972 0.500000 -0.137871
v -0.376827 0.500000 0.146262
v 0.055725 0.500000 -0.214080
v 0.093769 0.070957 -0.028212
v 0.103395 0.064848 0.049904
v 0.063130 0.318093 -0.207755
v 0.067251 0.217042 -0.204186
v 0.090503 0.073096 -0.054697
v 0.080515 0.079601 -0.135144
v 0.071359 0.114082 -0.200532
v -0.006291 0.077169 0.044802
v -0.109261 0.187048 0.070634
v -0.355504 0.450338 0.132541
v 0.069258 0.068547 0.048278
v 0.072270 0.084830 -0.199443
v -0.376827 0.500000 0.146262
v 0.103805 0.500000 0.185364
v 0.055725 0.500000 -0.214080
v -0.304370 0.500000 -0.141078
v -0.319972 0.500000 -0.137871
vt 0.602861 0.315118
vt 0.554853 0.714148
vt 0.196437 0.640619
vt 0.180908 0.637396
vt 0.124339 0.354068
vt 0.209364 0.209364
vt 0.218042 0.134794
vt 0.564987 0.214910
vt 0.890416 0.576777
vt 0.670288 0.670288
vt 0.581927 0.581927
vt 0.890416 0.819631
vt 0.646069 0.297795
vt 0.850848 0.205542
vt 0.571007 0.367511
vt 0.890416 0.581927
vt 0.890416 0.670288
vt 0.565982 0.109584
vt 0.618330 0.297278
vt 0.433492 0.109584
vt 0.322006 0.109584
vt 0.890416 0.109584
vt 0.890416 0.550348
vt 0.890416 0.109584
vt 0.550348 0.550348
vt 0.109584 0.109584
vt 0.890416 0.434018
vt 0.890416 0.566508
vt 0.532535 0.532535
vt 0.109584 0.109584
vt 0.511590 0.294085
vt 0.529844 0.481688
vt 0.805117 0.109584
vt 0.493285 0.493285
vt 0.890416 0.696864
vt 0.302398 0.109584
vt 0.677994 0.109584
vt 0.696864 0.696864
vt 0.194883 0.109584
vt 0.890416 0.890416
vt 0.302398 0.302398
vt 0.423223 0.109584
vt 0.820186 0.404614
vt 0.819631 0.819631
vt 0.221080 0.109584
vt 0.890416 0.778920
vt 0.890416 0.209364
vt 0.366182 0.302254
vt 0.385885 0.298513
vt 0.762564 0.206183
vt 0.890416 0.532535
vt 0.835550 0.383858
vt 0.533913 0.109584
vt 0.668588 0.231476
vt 0.533913 0.533913
vt 0.493285 0.109584
vt 0.805185 0.680241
vn 0.0000 1.0000 0.0000
vn 0.9922 0.0362 -0.1194
vn 0.9921 0.0353 -0.1203
vn -0.0774 -0.2963 0.9520
vn 0.9918 0.0262 -0.1250
vn -0.1045 -0.9924 -0.0647
vn -0.7293 -0.6841 0.0085
vn -0.7288 -0.6847 0.0076
vn -0.1101 -0.9917 -0.0665
vn -0.1973 -0.0426 -0.9794
vn -0.1985 -0.0421 -0.9792
vn -0.9220 -0.3404 -0.1845
vn -0.9208 -0.3452 -0.1815
vn -0.2011 -0.0440 -0.9786
vn -0.0776 -0.2965 0.9519
usemtl Stone
s 1
f 217/335/105 218/336/105 219/337/105
f 220/338/105 216/339/105 219/337/105
f 216/339/105 217/335/105 219/337/105
usemtl Dirt
s off
f 205/340/106 204/341/106 206/342/106
f 207/343/107 209/344/107 210/345/107
f 197/346/108 212/347/108 214/348/108
f 215/349/109 210/350/109 209/351/109
f 204/352/110 205/353/110 214/354/110
f 213/355/111 199/356/111 212/357/111
f 198/358/112 212/359/112 199/360/112
f 204/361/113 214/362/113 211/363/113
f 198/364/114 207/365/114 210/366/114
f 200/367/115 206/368/115 198/364/115
f 199/356/116 202/369/116 201/370/116
f 213/371/117 202/372/117 199/360/117
f 200/373/118 199/374/118 201/375/118
f 207/376/106 206/342/106 204/341/106
f 206/342/106 203/377/106 197/378/106
f 207/376/106 204/341/106 208/379/106
f 197/378/106 205/340/106 206/342/106
f 207/343/107 208/380/107 209/344/107
f 214/348/108 205/381/108 197/346/108
f 197/346/108 202/382/108 213/383/108
f 213/383/108 212/347/108 197/346/108
f 212/347/119 211/384/119 214/348/119
f 198/358/112 211/385/112 212/359/112
f 211/363/113 198/364/113 208/386/113
f 198/364/113 215/387/113 209/388/113
f 208/386/113 198/364/113 209/388/113
f 208/386/113 204/361/113 211/363/113
f 210/366/114 215/389/114 198/364/114
f 198/364/114 206/390/114 207/365/114
f 200/367/115 203/391/115 206/368/115
f 200/373/118 198/358/118 199/374/118
o Neue_Welt_(10)__2547_58_-1089_to_2595_255_-1061.001_cell.071_Neue_Welt_(10)__2547_58_-1089_to_2595_255_-1061.001_cell.082
v -0.500000 0.500000 0.136241
v -0.393466 -0.004233 -0.246477
v -0.312435 0.154520 -0.280039
v -0.299089 0.335983 -0.155588
v -0.500000 -0.030062 -0.048898
v -0.500000 0.007090 -0.017917
v -0.500000 0.023581 -0.253264
v -0.500000 0.466457 -0.347457
v -0.500000 0.499661 -0.353784
v -0.500000 -0.084097 -0.094178
v -0.500000 -0.063341 -0.076754
v -0.500000 -0.009246 -0.246198
v -0.360700 0.500000 -0.150024
v -0.473940 0.500000 -0.315596
v -0.416885 0.500000 0.131102
v -0.418371 0.497987 0.142255
v -0.394049 0.440644 0.126388
v -0.500000 0.499661 -0.353784
v -0.500000 0.499661 -0.353784
v -0.500000 0.466457 -0.347457
v -0.500000 0.023581 -0.253264
v -0.500000 -0.009246 -0.246198
v -0.500000 -0.084097 -0.094178
v -0.500000 -0.063341 -0.076754
v -0.500000 -0.030062 -0.048898
v -0.500000 0.007090 -0.017917
v -0.500000 0.500000 0.136241
v -0.500000 0.500000 0.136241
v -0.416885 0.500000 0.131102
v -0.360700 0.500000 -0.150024
v -0.473940 0.500000 -0.315596
v -0.418371 0.497987 0.142255
vt 0.482895 0.507652
vt 0.635154 0.997813
vt 0.153603 0.964417
vt 0.140365 0.649442
vt 0.027645 0.814188
vt 0.001706 0.364050
vt 0.147280 0.997476
vt 0.247511 0.523353
vt 0.254506 0.490626
vt 0.452026 0.470628
vt 0.406498 0.416501
vt 0.424099 0.437347
vt 0.001706 0.851972
vt 0.082105 0.357506
vt 0.084455 0.369182
vt 0.231835 0.169664
vt 0.342786 0.256153
vt 0.319914 0.256591
vt 0.890416 0.109584
vt 0.305638 0.184906
vt 0.266161 0.109584
vt 0.890416 0.677991
vt 0.890416 0.700680
vt 0.672531 0.672531
vt 0.109584 0.109584
vt 0.707384 0.109584
vt 0.706784 0.706784
vt 0.360426 0.109584
vt 0.890416 0.109584
vt 0.890416 0.639674
vt 0.109584 0.109584
vt 0.890416 0.292616
vt 0.890416 0.890416
vt 0.790652 0.790652
vt 0.725857 0.109584
vt 0.725857 0.725857
vt 0.724981 0.109584
vt 0.724981 0.724981
vt 0.890416 0.639574
vt 0.890416 0.725058
vt 0.639674 0.639674
vt 0.109584 0.109584
vt 0.178534 0.118267
vt 0.890416 0.672531
vt 0.706784 0.109584
vt 0.792015 0.110868
vt 0.890416 0.733839
vn -1.0000 0.0000 0.0000
vn 0.0000 1.0000 0.0000
vn -0.0095 0.9999 -0.0005
vn 0.0005 0.9999 0.0149
vn -0.0120 0.9999 -0.0007
vn 0.0110 0.9838 0.1790
vn 0.0048 0.9970 0.0773
vn -0.0774 -0.2963 0.9520
vn 0.8442 -0.3433 0.4117
vn 0.9221 0.3401 0.1843
vn 0.7840 0.3127 -0.5362
vn 0.0410 -0.8964 -0.4414
vn 0.7837 0.3111 -0.5376
vn 0.0417 -0.1870 -0.9815
vn 0.0056 -0.2080 -0.9781
vn 0.0073 -0.2104 -0.9776
vn 0.8445 -0.3443 0.4102
vn -0.0782 -0.2976 0.9515
vn 0.7837 0.3110 -0.5376
vn 0.8445 -0.3443 0.4103
vn 0.8445 -0.3438 0.4107
vn 0.8446 -0.3436 0.4105
usemtl Stone
s 1
f 246/392/120 247/393/120 240/394/120
f 250/395/121 251/396/122 248/397/123
f 247/393/120 238/398/120 240/394/120
f 240/394/120 241/399/120 246/392/120
f 241/399/120 242/400/120 245/401/120
f 246/392/120 241/399/120 245/401/120
f 242/400/120 243/402/120 244/403/120
f 244/403/120 245/401/120 242/400/120
f 251/396/122 229/404/124 248/397/123
f 248/397/123 236/405/125 249/406/126
f 249/406/126 250/395/121 248/397/123
usemtl Dirt
s off
f 221/407/127 237/408/127 252/409/127
f 224/410/128 226/411/128 225/412/128
f 235/413/129 252/414/129 237/415/129
f 224/416/130 234/417/130 233/418/130
f 232/419/131 222/420/131 230/421/131
f 223/422/132 234/423/132 224/424/132
f 239/425/133 223/422/133 228/426/133
f 228/427/134 223/422/134 227/428/134
f 227/429/135 222/420/135 232/430/135
f 231/431/136 230/432/136 222/433/136
f 221/407/137 226/434/137 237/408/137
f 224/410/128 237/435/128 226/411/128
f 237/415/129 224/416/129 233/436/129
f 233/436/129 235/413/129 237/415/129
f 223/422/138 239/437/138 234/423/138
f 227/429/135 223/422/135 222/420/135
f 222/433/139 223/422/139 225/438/139
f 223/422/140 224/410/140 225/438/140
f 225/438/141 231/431/141 222/433/141
o Neue_Welt_(10)__2547_58_-1089_to_2595_255_-1061.001_cell.072_Neue_Welt_(10)__2547_58_-1089_to_2595_255_-1061.001_cell.083
v 0.103327 -0.006300 0.027756
v 0.079001 0.022622 -0.159119
v 0.011513 -0.067893 -0.059590
v 0.101291 -0.019167 0.008887
v -0.025250 0.054352 -0.192698
v 0.097571 0.029340 -0.009256
v 0.103358 0.025607 0.037688
v -0.073261 -0.053312 -0.032846
v -0.065656 -0.044082 -0.019415
v -0.057420 -0.034216 -0.005062
v -0.048862 -0.023928 0.009665
v 0.074673 0.043713 -0.189018
v 0.042132 0.048250 -0.206299
v -0.041476 0.033347 -0.214907
v -0.065537 -0.016258 -0.156286
v 0.093102 0.032207 -0.045267
v -0.006526 0.037284 0.032308
v 0.070139 0.029168 0.036094
v -0.097939 -0.083227 -0.076592
vt 0.109584 0.109584
vt 0.890416 0.109584
vt 0.890416 0.890416
vt 0.109584 0.109584
vt 0.159634 0.109584
vt 0.154331 0.154331
vt 0.782326 0.201646
vt 0.890416 0.109584
vt 0.890416 0.299813
vt 0.875247 0.291381
vt 0.109584 0.109584
vt 0.890416 0.109584
vt 0.795360 0.135780
vt 0.890416 0.289049
vt 0.890416 0.840366
vt 0.890416 0.890416
vt 0.791739 0.791739
vt 0.890416 0.154331
vt 0.851621 0.154027
vt 0.289049 0.289049
vt 0.890416 0.109584
vt 0.890416 0.261822
vt 0.890416 0.318897
vt 0.261822 0.261822
vt 0.109584 0.109584
vt 0.890416 0.791739
vt 0.205269 0.205269
vt 0.109584 0.109584
vt 0.402658 0.109584
vt 0.823566 0.384778
vt 0.479550 0.109584
vt 0.890416 0.109584
vt 0.890416 0.473555
vt 0.890416 0.890416
vt 0.479550 0.479550
vt 0.540465 0.354562
vt 0.602499 0.374293
vt 0.473555 0.473555
vt 0.574667 0.109584
vt 0.793964 0.239339
vt 0.588975 0.153399
vt 0.681103 0.109584
vt 0.299813 0.299813
vt 0.775569 0.218362
vt 0.830700 0.109584
vt 0.761262 0.162876
vt 0.708572 0.109584
vt 0.169300 0.109584
vt 0.890416 0.425333
vt 0.754359 0.342553
vt 0.850334 0.455621
vt 0.890416 0.597342
vt 0.459608 0.329009
vt 0.205269 0.109584
vt 0.635666 0.295729
vn 0.6089 -0.7471 -0.2666
vn 0.9922 0.0362 -0.1194
vn 0.0301 -0.8317 0.5544
vn 0.0291 -0.8273 0.5610
vn 0.2002 -0.7868 -0.5838
vn 0.9921 0.0353 -0.1203
vn -0.0774 -0.2963 0.9520
vn 0.2008 -0.7887 -0.5811
vn 0.0309 -0.8331 0.5523
vn 0.9918 0.0263 -0.1251
vn -0.0655 0.7484 -0.6600
vn -0.8361 0.5374 0.1103
vn 0.1018 0.9926 0.0668
vn 0.1032 0.9925 0.0662
vn -0.8386 0.5340 0.1078
vn 0.2004 -0.7869 -0.5836
vn 0.2004 -0.7867 -0.5839
vn -0.0785 -0.2977 0.9514
vn -0.0787 -0.2973 0.9515
vn 0.9918 0.0262 -0.1250
vn 0.9918 0.0263 -0.1250
vn -0.8386 0.5340 0.1076
usemtl Dirt
s off
f 255/439/142 254/440/142 256/441/142
f 253/442/143 258/443/143 259/444/143
f 261/445/144 256/446/144 262/447/144
f 263/448/145 256/449/145 253/450/145
f 265/451/146 254/440/146 267/452/146
f 258/453/147 253/454/147 268/455/147
f 253/450/148 259/456/148 270/457/148
f 267/458/149 255/459/149 271/460/149
f 255/439/150 260/461/150 271/462/150
f 254/463/151 268/464/151 256/441/151
f 266/465/152 257/466/152 265/467/152
f 262/468/153 269/469/153 257/470/153
f 270/471/154 257/472/154 269/473/154
f 258/474/155 268/475/155 270/476/155
f 261/477/156 267/478/156 260/479/156
f 261/445/144 260/480/144 256/446/144
f 263/448/145 262/481/145 256/449/145
f 267/452/157 266/482/157 265/451/157
f 265/451/158 264/483/158 254/440/158
f 270/457/159 269/484/159 263/485/159
f 263/485/160 253/450/160 270/457/160
f 267/458/149 254/463/149 255/459/149
f 255/439/150 256/446/150 260/461/150
f 264/486/161 268/464/161 254/463/161
f 268/464/162 253/454/162 256/441/162
f 257/470/153 261/487/153 262/468/153
f 262/468/153 263/488/153 269/469/153
f 268/475/155 264/489/155 257/472/155
f 264/489/155 265/490/155 257/472/155
f 257/472/155 270/476/155 268/475/155
f 270/476/155 259/491/155 258/474/155
f 261/477/156 257/466/156 267/478/156
f 257/466/163 266/492/163 267/478/163
f 267/478/156 271/493/156 260/479/156
o Neue_Welt_(10)__2547_58_-1089_to_2595_255_-1061.001_cell.073_Neue_Welt_(10)__2547_58_-1089_to_2595_255_-1061.001_cell.084
v 0.029422 0.272000 -0.500000
v 0.029658 0.263082 -0.500000
v 0.021545 0.500000 -0.498040
v -0.264231 0.327295 -0.182498
v -0.035915 0.084157 -0.217851
v -0.276828 0.149929 -0.303990
v -0.301608 0.178685 -0.500000
v -0.455812 0.468958 -0.500000
v -0.472266 0.500000 -0.499896
v -0.466210 0.500000 -0.379025
v -0.441693 0.500000 -0.342998
v -0.328305 0.500000 -0.177029
v -0.313376 0.500000 -0.180018
v 0.050929 0.500000 -0.253919
v 0.060862 0.256595 -0.245262
v 0.058443 0.316152 -0.247286
v -0.243920 0.083593 -0.352092
v -0.058915 0.054446 -0.249329
v -0.010447 0.063011 -0.244231
v 0.067424 0.079037 -0.239094
v 0.058690 0.075349 -0.237124
v -0.197257 0.067656 -0.314601
v -0.236330 0.071426 -0.333088
v 0.065674 0.135488 -0.241125
v 0.021545 0.500000 -0.498040
v 0.021545 0.500000 -0.498040
v 0.029422 0.272000 -0.500000
v 0.029658 0.263082 -0.500000
v -0.472266 0.500000 -0.499896
v -0.472266 0.500000 -0.499896
v -0.301608 0.178685 -0.500000
v -0.455812 0.468958 -0.500000
v 0.050929 0.500000 -0.253919
v -0.466210 0.500000 -0.379025
v -0.441693 0.500000 -0.342998
v -0.328305 0.500000 -0.177029
v -0.313376 0.500000 -0.180018
vt 0.799796 0.677750
vt 0.953338 0.966892
vt 0.478298 0.997813
vt 0.520725 0.997813
vt 0.059740 0.841568
vt 0.187468 0.679429
vt 0.969718 0.997813
vt 0.470219 0.770701
vt 0.469984 0.761818
vt 0.550065 0.753946
vt 0.029306 0.997813
vt 0.035337 0.877396
vt 0.172609 0.676421
vt 0.820580 0.109584
vt 0.562320 0.171744
vt 0.478767 0.109584
vt 0.574321 0.285256
vt 0.499685 0.276779
vt 0.209598 0.109584
vt 0.177253 0.177253
vt 0.890416 0.521233
vt 0.527074 0.527074
vt 0.790402 0.109584
vt 0.890416 0.527074
vt 0.269313 0.109584
vt 0.890416 0.109584
vt 0.584581 0.425297
vt 0.738034 0.109584
vt 0.731726 0.731726
vt 0.792165 0.109584
vt 0.792247 0.698784
vt 0.890416 0.109584
vt 0.890416 0.714033
vt 0.285947 0.109584
vt 0.109584 0.109584
vt 0.890416 0.806014
vt 0.714033 0.714033
vt 0.498864 0.109584
vt 0.806014 0.806014
vt 0.109584 0.109584
vt 0.527793 0.207864
vt 0.508545 0.402939
vt 0.214665 0.109584
vt 0.498786 0.498786
vt 0.890416 0.261966
vt 0.619449 0.109584
vt 0.714053 0.109584
vt 0.890416 0.890416
vt 0.388081 0.109584
vt 0.890416 0.109584
vt 0.388080 0.388080
vt 0.745826 0.109584
vt 0.890416 0.890416
vt 0.745826 0.745826
vt 0.890416 0.785335
vt 0.820241 0.363222
vt 0.537143 0.292847
vt 0.208708 0.132541
vt 0.730687 0.109584
vt 0.718388 0.174347
vt 0.734404 0.116474
vt 0.706856 0.217281
vt 0.890416 0.179420
vt 0.890416 0.177253
vt 0.890416 0.731726
vt 0.109584 0.109584
vt 0.807107 0.237907
vt 0.498864 0.498864
vt 0.498786 0.109584
vt 0.534737 0.116861
vt 0.890416 0.207835
vt 0.619449 0.619449
vt 0.890416 0.890416
vn 0.0021 0.0039 -1.0000
vn 0.0038 0.0042 -1.0000
vn 0.0007 0.0055 -1.0000
vn 0.0000 1.0000 0.0000
vn 0.0038 0.0053 -1.0000
vn -0.0014 0.0049 -1.0000
vn 0.0000 0.0000 -1.0000
vn 0.9922 0.0362 -0.1194
vn 0.2005 -0.7867 -0.5839
vn 0.9921 0.0353 -0.1203
vn 0.9918 0.0262 -0.1250
vn -0.8823 -0.4687 0.0428
vn -0.8826 -0.4680 0.0442
vn -0.7855 -0.3084 0.5366
vn 0.1962 0.0417 0.9797
vn 0.1986 0.0434 0.9791
vn 0.2032 0.0415 0.9783
vn 0.0653 -0.7469 0.6617
vn -0.8801 -0.4723 0.0492
vn -0.7859 -0.3105 0.5348
vn -0.4101 -0.4954 0.7658
vn -0.4089 -0.4954 0.7664
vn 0.0628 -0.7483 0.6604
vn 0.2003 -0.7869 -0.5837
vn 0.2004 -0.7867 -0.5839
vn 0.9918 0.0263 -0.1250
usemtl Stone
s 1
f 302/494/164 303/495/165 296/496/166
f 297/497/167 306/498/167 308/499/167
f 303/495/165 300/500/168 296/496/166
f 296/496/166 298/501/169 302/494/164
f 298/501/169 299/502/170 302/494/164
f 308/499/167 304/503/167 297/497/167
f 297/497/167 301/504/167 306/498/167
f 301/504/167 305/505/167 306/498/167
f 306/498/167 307/506/167 308/499/167
usemtl Dirt
s off
f 274/507/171 287/508/171 286/509/171
f 293/510/172 288/511/172 273/512/172
f 272/513/173 286/514/173 295/515/173
f 273/516/174 295/517/174 291/518/174
f 277/519/175 278/520/175 288/521/175
f 279/522/176 281/523/176 280/524/176
f 275/525/177 283/526/177 282/527/177
f 275/528/178 284/529/178 283/530/178
f 287/531/179 284/532/179 276/533/179
f 295/534/180 286/535/180 276/533/180
f 290/536/181 292/537/181 276/533/181
f 277/519/182 288/538/182 294/539/182
f 282/540/183 277/541/183 275/528/183
f 277/541/184 293/542/184 275/525/184
f 276/543/185 293/544/185 289/545/185
f 276/546/186 289/547/186 290/548/186
f 274/507/171 285/549/171 287/508/171
f 293/510/187 294/550/187 288/511/187
f 288/511/188 278/551/188 273/512/188
f 273/512/188 291/552/188 290/553/188
f 291/552/188 292/554/188 290/553/188
f 290/553/188 289/555/188 273/512/188
f 289/555/188 293/510/188 273/512/188
f 272/513/173 274/556/173 286/514/173
f 273/516/189 272/557/189 295/517/189
f 277/519/175 279/558/175 278/520/175
f 279/522/176 277/559/176 281/523/176
f 275/528/178 276/543/178 284/529/178
f 287/531/179 285/560/179 284/532/179
f 286/535/180 287/561/180 276/533/180
f 276/533/180 292/562/180 295/534/180
f 292/562/180 291/563/180 295/534/180
f 282/540/183 281/564/183 277/541/183
f 277/541/184 294/565/184 293/542/184
f 276/543/185 275/566/185 293/544/185
o Neue_Welt_(10)__2547_58_-1089_to_2595_255_-1061.001_cell.062_ce_Neue_Welt_(10)__2547_58_-1089_to_2595_255_-1061.001_cell.094
v 0.500000 0.108619 0.180474
v 0.444625 -0.164544 0.311623
v 0.302801 -0.003160 0.264956
v 0.384875 -0.111318 0.317698
v 0.500000 -0.006889 0.078298
v 0.500000 -0.099400 0.221322
v 0.500000 -0.171236 0.357617
v 0.500000 -0.177506 0.359943
v 0.500000 -0.182977 0.351827
v 0.500000 -0.123162 0.339352
v 0.500000 0.138550 0.239597
v 0.500000 -0.177381 0.342747
v 0.399712 0.151172 0.220476
v 0.408279 0.150106 0.222132
v 0.420692 -0.014594 0.073321
v 0.399466 -0.001150 0.085706
v 0.450811 -0.011827 0.075070
v 0.269999 0.082820 0.163016
v 0.248736 0.096807 0.175892
v 0.314002 0.139691 0.212318
v 0.500000 -0.177381 0.342747
v 0.500000 -0.099400 0.221322
v 0.500000 -0.006889 0.078298
v 0.500000 0.108619 0.180474
v 0.500000 0.138550 0.239597
v 0.500000 -0.123162 0.339352
v 0.500000 -0.171236 0.357617
v 0.500000 -0.177506 0.359943
v 0.500000 -0.182977 0.351827
vt 0.143465 0.329190
vt 0.141149 0.322945
vt 0.149229 0.317496
vt 0.158269 0.323070
vt 0.279161 0.400747
vt 0.161650 0.377078
vt 0.421558 0.492898
vt 0.319830 0.607956
vt 0.260967 0.637771
vt 0.232778 0.109584
vt 0.468271 0.119750
vt 0.351036 0.228056
vt 0.232778 0.232778
vt 0.218660 0.163582
vt 0.319648 0.185022
vt 0.386029 0.109584
vt 0.656053 0.109584
vt 0.650305 0.373770
vt 0.420798 0.109584
vt 0.797571 0.109584
vt 0.751922 0.424808
vt 0.890416 0.109584
vt 0.890416 0.518523
vt 0.335913 0.109584
vt 0.621492 0.109584
vt 0.890416 0.343947
vt 0.890416 0.613971
vt 0.890416 0.109584
vt 0.621492 0.621492
vt 0.109584 0.109584
vt 0.109584 0.109584
vt 0.436835 0.109584
vt 0.599747 0.599747
vt 0.890416 0.109584
vt 0.890416 0.403906
vt 0.670572 0.109584
vt 0.890416 0.579202
vt 0.849570 0.567160
vt 0.109584 0.109584
vt 0.810124 0.810124
vt 0.762276 0.762276
vt 0.890416 0.563165
vt 0.329427 0.109584
vt 0.479170 0.109584
vt 0.380440 0.192900
vt 0.426750 0.215646
vt 0.727565 0.446521
vt 0.479170 0.479170
vt 0.779597 0.497650
vt 0.664172 0.561958
vt 0.518523 0.518523
vt 0.890416 0.599747
vt 0.403906 0.403906
vt 0.810124 0.109584
vt 0.890416 0.202429
vt 0.890416 0.762276
vt 0.890416 0.664088
vt 0.890416 0.890416
vn 1.0000 0.0000 0.0000
vn 0.1946 0.8751 -0.4430
vn -0.0174 0.6625 -0.7489
vn 0.1191 -0.8337 -0.5392
vn -0.1319 0.3531 0.9263
vn 0.0971 -0.8473 -0.5222
vn 0.1080 -0.8365 -0.5372
vn -0.6403 -0.6775 -0.3620
vn -0.6493 -0.6704 -0.3592
vn -0.6120 0.3153 0.7253
vn -0.1353 0.3519 0.9262
vn -0.1425 0.3443 0.9280
vn -0.5633 -0.6851 0.4618
vn -0.6540 -0.6687 -0.3536
vn -0.0174 0.6626 -0.7488
vn -0.0175 0.6626 -0.7487
vn -0.0176 0.6626 -0.7488
usemtl Stone
s 1
f 335/567/190 336/568/190 337/569/190
f 337/569/190 329/570/190 335/567/190
f 329/570/190 330/571/190 334/572/190
f 330/571/190 331/573/190 332/574/190
f 332/574/190 333/575/190 330/571/190
f 333/575/190 334/572/190 330/571/190
f 334/572/190 335/567/190 329/570/190
usemtl Dirt
s off
f 309/576/191 322/577/191 319/578/191
f 309/579/192 313/580/192 325/581/192
f 314/582/193 325/583/193 313/584/193
f 322/585/194 318/586/194 319/587/194
f 310/588/195 320/589/195 317/590/195
f 323/591/196 325/592/196 314/593/196
f 312/594/197 323/595/197 310/596/197
f 312/597/198 326/598/198 324/599/198
f 311/600/199 328/601/199 327/602/199
f 322/603/200 321/604/200 311/605/200
f 312/594/201 315/606/201 311/605/201
f 310/588/202 316/607/202 312/597/202
f 326/608/203 311/605/203 327/609/203
f 309/576/191 321/610/191 322/577/191
f 323/611/192 324/612/192 325/581/192
f 324/612/204 326/613/204 321/614/204
f 325/581/192 324/612/192 309/579/192
f 326/613/205 327/615/205 328/616/205
f 328/616/205 321/614/205 326/613/205
f 321/614/206 309/579/206 324/612/206
f 314/593/196 320/617/196 310/596/196
f 310/596/196 323/591/196 314/593/196
f 312/594/197 324/618/197 323/595/197
f 321/604/200 328/619/200 311/605/200
f 311/605/200 315/620/200 318/621/200
f 318/621/200 322/603/200 311/605/200
f 312/594/201 316/622/201 315/606/201
f 310/588/202 317/623/202 316/607/202
f 326/608/203 312/624/203 311/605/203
o Neue_Welt_(10)__2547_58_-1089_to_2595_255_-1061.001_cell.074_Neue_Welt_(10)__2547_58_-1089_to_2595_255_-1061.001_cell.095
v 0.500000 -0.500000 0.500000
v 0.500000 -0.500000 0.094069
v 0.500000 -0.448358 0.151277
v 0.500000 -0.345684 0.266553
v 0.500000 -0.350213 0.296669
v 0.500000 -0.375255 0.447169
v 0.500000 -0.384159 0.500000
v 0.403132 -0.500000 0.500000
v 0.353535 -0.500000 0.148096
v 0.351991 -0.500000 0.137042
v 0.495019 -0.500000 0.095004
v 0.365420 -0.500000 0.131393
v 0.500000 -0.500000 0.500000
v 0.500000 -0.500000 0.500000
v 0.500000 -0.500000 0.094069
v 0.500000 -0.500000 0.094069
v 0.500000 -0.384159 0.500000
v 0.500000 -0.384159 0.500000
v 0.500000 -0.448358 0.151277
v 0.500000 -0.345684 0.266553
v 0.500000 -0.350213 0.296669
v 0.500000 -0.375255 0.447169
v 0.403132 -0.500000 0.500000
v 0.403132 -0.500000 0.500000
v 0.353535 -0.500000 0.148096
v 0.351991 -0.500000 0.137042
v 0.365420 -0.500000 0.131393
v 0.495019 -0.500000 0.095004
vt 0.001706 0.001707
vt 0.348899 0.053148
vt 0.204145 0.150911
vt 0.900874 0.001707
vt 0.997317 0.001707
vt 0.997317 0.117097
vt 0.992358 0.405126
vt 0.997317 0.001707
vt 0.851495 0.352240
vt 0.054305 0.125966
vt 0.001706 0.117097
vt 0.405937 0.002048
vt 0.234129 0.155422
vt 0.997317 0.406058
vt 0.900874 0.001707
vt 0.849731 0.365028
vt 0.863328 0.368879
vt 0.115719 0.109584
vt 0.890416 0.140699
vt 0.890416 0.702216
vt 0.702216 0.702216
vt 0.146429 0.109584
vt 0.700177 0.109584
vt 0.700177 0.700177
vt 0.797967 0.271439
vt 0.797990 0.687002
vt 0.568756 0.361432
vt 0.890416 0.701570
vt 0.558608 0.370170
vt 0.191555 0.191555
vt 0.884281 0.109584
vt 0.701570 0.701570
vt 0.140699 0.140699
vt 0.146429 0.146429
vt 0.890416 0.191555
vt 0.149125 0.109584
vn 1.0000 0.0000 0.0000
vn 0.0000 0.0000 1.0000
vn 0.0000 -1.0000 0.0000
vn -0.7577 0.6453 0.0970
vn -0.7616 0.6392 0.1064
vn -0.7627 0.6378 0.1075
vn -0.1248 0.7365 -0.6648
vn -0.1850 0.7339 -0.6536
vn -0.1841 0.7322 -0.6557
vn -0.2550 0.7533 -0.6062
usemtl Stone
s 1
f 350/625/207 356/626/207 358/627/207
f 360/628/208 351/629/208 355/630/208
f 365/631/209 338/632/209 362/633/209
f 359/634/207 354/635/207 350/625/207
f 350/625/207 352/636/207 356/626/207
f 356/626/207 357/637/207 358/627/207
f 358/627/207 359/634/207 350/625/207
f 365/631/209 353/638/209 338/632/209
f 338/632/209 361/639/209 362/633/209
f 362/633/209 363/640/209 364/641/209
f 364/641/209 365/631/209 362/633/209
usemtl Dirt
s off
f 341/642/210 347/643/210 342/644/210
f 342/645/211 346/646/211 343/647/211
f 343/648/212 345/649/212 344/650/212
f 348/651/213 340/652/213 339/653/213
f 349/654/214 341/655/214 340/656/214
f 342/645/211 347/657/211 346/646/211
f 343/648/212 346/658/212 345/649/212
f 348/651/215 349/659/215 340/652/215
f 349/654/216 347/660/216 341/655/216
o Neue_Welt_(10)__2547_58_-1089_to_2595_255_-1061.001_cell.075_Neue_Welt_(10)__2547_58_-1089_to_2595_255_-1061.001_cell.085
v 0.232326 0.222196 0.287242
v 0.075281 -0.002137 0.500000
v 0.247665 0.326212 0.500000
v 0.098088 0.044329 0.500000
v 0.274898 -0.014317 0.301877
v 0.275376 -0.045483 0.327021
v 0.197487 0.110274 0.189023
v 0.191722 0.109602 0.188621
v 0.079981 -0.032026 0.500000
v 0.263309 -0.055995 0.500000
v 0.304340 -0.061240 0.500000
v 0.357439 0.301930 0.500000
v 0.354378 0.280887 0.500000
v 0.323451 0.240196 0.362824
v 0.298199 0.194245 0.260967
v 0.104362 -0.024422 0.338475
v 0.111305 -0.022092 0.292314
v 0.188649 0.104943 0.191866
v 0.112730 -0.011068 0.273598
v 0.112863 -0.021580 0.282109
v 0.206839 0.111459 0.189837
v 0.290924 0.170433 0.240063
v 0.289071 0.165117 0.235402
v 0.098088 0.044329 0.500000
v 0.075281 -0.002137 0.500000
v 0.247665 0.326212 0.500000
v 0.354378 0.280887 0.500000
v 0.357439 0.301930 0.500000
v 0.079981 -0.032026 0.500000
v 0.263309 -0.055995 0.500000
v 0.304340 -0.061240 0.500000
vt 0.597169 0.543917
vt 0.761665 0.443983
vt 0.852334 0.779553
vt 0.802516 0.438759
vt 0.855381 0.800515
vt 0.746089 0.824702
vt 0.574463 0.497632
vt 0.579142 0.467859
vt 0.740640 0.740640
vt 0.109584 0.109584
vt 0.742189 0.109584
vt 0.636397 0.555561
vt 0.890416 0.525698
vt 0.890416 0.890416
vt 0.890416 0.740640
vt 0.666129 0.109584
vt 0.890416 0.109584
vt 0.728575 0.109584
vt 0.890416 0.333871
vt 0.812147 0.812147
vt 0.561768 0.552651
vt 0.810869 0.774218
vt 0.522104 0.509559
vt 0.435094 0.109584
vt 0.846385 0.483985
vt 0.435094 0.435094
vt 0.799988 0.465763
vt 0.732616 0.659122
vt 0.731541 0.671957
vt 0.890416 0.109584
vt 0.890416 0.360924
vt 0.531412 0.109584
vt 0.360924 0.360924
vt 0.109584 0.109584
vt 0.359063 0.154033
vt 0.890416 0.109584
vt 0.890416 0.388070
vt 0.617435 0.130810
vt 0.109584 0.109584
vt 0.616411 0.109584
vt 0.890416 0.714099
vt 0.285342 0.109584
vt 0.509633 0.109584
vt 0.553734 0.170138
vt 0.509633 0.509633
vt 0.675071 0.109584
vt 0.851410 0.333901
vt 0.890416 0.890416
vt 0.742067 0.242547
vt 0.675071 0.675071
vt 0.243754 0.243754
vt 0.603046 0.453405
vt 0.486073 0.486073
vt 0.808250 0.109584
vt 0.890416 0.257811
vt 0.525698 0.525698
vt 0.808250 0.808250
vt 0.875126 0.563412
vt 0.890416 0.564141
vt 0.728575 0.728575
vt 0.633293 0.377696
vt 0.358645 0.358645
vt 0.388070 0.388070
vt 0.638799 0.409154
vt 0.753083 0.730929
vt 0.714099 0.714099
vt 0.890416 0.468588
vt 0.890416 0.383589
vt 0.285342 0.285342
vt 0.243754 0.109584
vn 0.0000 0.0000 1.0000
vn -0.8715 0.4624 -0.1633
vn -0.0252 0.6638 -0.7475
vn 0.1937 0.8758 -0.4421
vn 0.1946 0.8751 -0.4430
vn -0.9760 -0.1535 -0.1545
vn -0.8742 0.4577 -0.1624
vn -0.9779 -0.1389 -0.1563
vn -0.0175 0.6626 -0.7488
vn 0.6096 -0.3173 -0.7265
vn 0.1453 -0.6131 -0.7765
vn 0.1263 -0.6217 -0.7730
vn 0.1217 -0.6236 -0.7722
vn 0.9740 -0.1425 -0.1761
vn 0.9739 -0.1416 -0.1775
vn 0.9658 -0.1537 -0.2088
vn -0.1265 -0.9896 -0.0690
vn -0.1294 -0.9894 -0.0661
vn -0.9760 -0.1534 -0.1545
vn -0.8856 0.4347 -0.1636
vn -0.8731 0.4575 -0.1684
vn -0.8723 0.4599 -0.1659
vn -0.0175 0.6626 -0.7487
vn -0.0189 0.6628 -0.7486
usemtl Stone
s 1
f 389/661/217 395/662/217 392/663/217
f 396/664/217 392/663/217 395/662/217
f 392/663/217 393/665/217 368/666/217
f 389/661/217 392/663/217 368/666/217
f 389/661/217 390/667/217 394/668/217
f 394/668/217 395/662/217 389/661/217
usemtl Dirt
s off
f 391/669/218 366/670/218 369/671/218
f 372/672/219 373/673/219 366/674/219
f 391/675/220 379/676/220 366/677/220
f 380/678/221 366/677/221 379/679/221
f 367/680/222 381/681/222 374/682/222
f 383/683/223 384/684/223 366/674/223
f 382/685/224 384/686/224 385/687/224
f 388/688/225 366/674/225 387/689/225
f 370/690/226 386/691/226 388/692/226
f 386/693/227 370/694/227 372/695/227
f 370/694/228 371/696/228 383/697/228
f 384/698/229 371/699/229 385/700/229
f 371/696/230 378/701/230 376/702/230
f 371/699/231 387/703/231 380/704/231
f 370/690/232 387/705/232 371/699/232
f 381/706/233 382/707/233 371/708/233
f 374/709/234 381/710/234 375/711/234
f 391/675/220 377/712/220 379/676/220
f 367/680/235 382/713/235 381/681/235
f 367/714/236 369/715/236 384/684/236
f 369/715/237 366/674/237 384/684/237
f 366/674/238 373/716/238 383/683/238
f 382/685/224 367/717/224 384/686/224
f 388/688/239 386/718/239 366/674/239
f 386/718/240 372/719/240 366/674/240
f 366/674/239 380/720/239 387/689/239
f 383/697/228 373/721/228 372/722/228
f 372/722/228 370/694/228 383/697/228
f 384/698/229 383/723/229 371/699/229
f 380/704/231 379/724/231 371/699/231
f 379/724/231 377/725/231 378/726/231
f 371/699/231 379/724/231 378/726/231
f 370/690/232 388/727/232 387/705/232
f 382/707/233 385/728/233 371/708/233
f 371/708/233 376/729/233 375/730/233
f 375/730/233 381/706/233 371/708/233
o Neue_Welt_(10)__2547_58_-1089_to_2595_255_-1061.001_cell.076_Neue_Welt_(10)__2547_58_-1089_to_2595_255_-1061.001_cell.086
v 0.153566 -0.500000 0.500000
v 0.209164 -0.500000 0.148804
v 0.306865 -0.491771 0.135869
v 0.479032 -0.311823 0.287687
v 0.287455 -0.088813 0.333222
v 0.431341 -0.203362 0.325947
v 0.338386 -0.117724 0.335590
v 0.500000 -0.292609 0.323130
v 0.500000 -0.321433 0.500000
v 0.500000 -0.311693 0.438776
v 0.500000 -0.210910 0.499480
v 0.500000 -0.212583 0.394414
v 0.500000 -0.228210 0.373440
v 0.086454 -0.073192 0.500000
v 0.398827 -0.442729 0.500000
v 0.350914 -0.500000 0.500000
v 0.315655 -0.102817 0.500000
v 0.272291 -0.097090 0.500000
v 0.327497 -0.109546 0.500000
v 0.250871 -0.500000 0.140854
v 0.267133 -0.500000 0.141628
v 0.308131 -0.500000 0.194224
v 0.300947 -0.500000 0.143280
v 0.350214 -0.500000 0.494929
v 0.118775 -0.063647 0.286396
v 0.110218 -0.065991 0.342764
v 0.120325 -0.070343 0.283257
v 0.191717 -0.387435 0.147223
v 0.199579 -0.422515 0.132401
v 0.169235 -0.287287 0.189772
v 0.287403 -0.487571 0.131038
v 0.271315 -0.475733 0.131248
v 0.153566 -0.500000 0.500000
v 0.153566 -0.500000 0.500000
v 0.209164 -0.500000 0.148804
v 0.500000 -0.321433 0.500000
v 0.500000 -0.321433 0.500000
v 0.500000 -0.311693 0.438776
v 0.500000 -0.292609 0.323130
v 0.500000 -0.228210 0.373440
v 0.500000 -0.212583 0.394414
v 0.500000 -0.210910 0.499480
v 0.500000 -0.210910 0.499480
v 0.315655 -0.102817 0.500000
v 0.272291 -0.097090 0.500000
v 0.086454 -0.073192 0.500000
v 0.350914 -0.500000 0.500000
v 0.350914 -0.500000 0.500000
v 0.398827 -0.442729 0.500000
v 0.327497 -0.109546 0.500000
v 0.250871 -0.500000 0.140854
v 0.267133 -0.500000 0.141628
v 0.300947 -0.500000 0.143280
v 0.308131 -0.500000 0.194224
v 0.350214 -0.500000 0.494929
vt 0.106829 0.288005
vt 0.062662 0.189281
vt 0.125020 0.274996
vt 0.770608 0.403048
vt 0.652403 0.001707
vt 0.896588 0.058755
vt 0.806290 0.306292
vt 0.848188 0.006758
vt 0.652403 0.001707
vt 0.001706 0.289677
vt 0.001706 0.179579
vt 0.177800 0.208290
vt 0.825571 0.390640
vt 0.813781 0.397343
vt 0.585586 0.426854
vt 0.848885 0.001707
vt 0.997317 0.179579
vt 0.997317 0.289677
vt 0.848885 0.001707
vt 0.707758 0.351536
vt 0.749282 0.359455
vt 0.765473 0.358684
vt 0.799138 0.357038
vt 0.109584 0.109584
vt 0.890416 0.109584
vt 0.890416 0.890416
vt 0.561351 0.190319
vt 0.654328 0.127097
vt 0.790861 0.180384
vt 0.890416 0.240159
vt 0.832153 0.219389
vt 0.890416 0.199466
vt 0.187309 0.109584
vt 0.240159 0.240159
vt 0.197128 0.193171
vt 0.731376 0.596020
vt 0.245154 0.109584
vt 0.668736 0.109584
vt 0.245154 0.245154
vt 0.890416 0.109584
vt 0.668736 0.668736
vt 0.890416 0.653595
vt 0.109584 0.109584
vt 0.890416 0.109584
vt 0.653595 0.653595
vt 0.109584 0.109584
vt 0.532067 0.109584
vt 0.836355 0.109584
vt 0.890416 0.219754
vt 0.865604 0.231724
vt 0.219754 0.219754
vt 0.109584 0.109584
vt 0.220670 0.109584
vt 0.109584 0.109584
vt 0.339062 0.109584
vt 0.890416 0.277314
vt 0.614158 0.614158
vt 0.277314 0.277314
vt 0.614204 0.276217
vt 0.779330 0.109584
vt 0.890416 0.109584
vt 0.890416 0.219555
vt 0.219555 0.219555
vt 0.890416 0.725987
vt 0.890416 0.709419
vt 0.707424 0.707424
vt 0.294202 0.109584
vt 0.890416 0.707424
vt 0.294202 0.294202
vt 0.890416 0.293428
vt 0.293428 0.293428
vt 0.890416 0.109584
vt 0.890416 0.467933
vt 0.890416 0.163645
vt 0.860323 0.226763
vt 0.890416 0.660937
vt 0.890416 0.890416
vt 0.692919 0.109584
vt 0.812691 0.109584
vt 0.809109 0.721982
vt 0.587149 0.521762
vt 0.499152 0.443242
vt 0.498009 0.433307
vt 0.307081 0.109584
vt 0.290581 0.109584
vt 0.890416 0.612187
vt 0.612187 0.612187
vt 0.890416 0.614158
vt 0.752181 0.731625
vt 0.725987 0.725987
vt 0.437728 0.109584
vt 0.604530 0.109584
vt 0.724597 0.509155
vt 0.604530 0.604530
vt 0.559954 0.109584
vn 1.0000 0.0000 0.0000
vn 0.0000 0.0000 1.0000
vn 0.0000 -1.0000 0.0000
vn 0.0006 0.0005 1.0000
vn 0.0016 0.0013 1.0000
vn 0.0058 0.0047 1.0000
vn 0.3138 0.4356 -0.8437
vn -0.9760 -0.1535 -0.1545
vn -0.1798 -0.2274 -0.9571
vn -0.1824 -0.2252 -0.9571
vn 0.1273 0.9898 0.0646
vn 0.1307 0.9895 0.0610
vn 0.3006 0.4611 -0.8349
vn 0.2983 0.4336 -0.8503
vn 0.0348 -0.6805 -0.7319
vn 0.0356 -0.6828 -0.7297
vn 0.7627 -0.6381 -0.1053
vn 0.7640 -0.6372 -0.1014
vn 0.7590 -0.6422 -0.1070
vn 0.7618 -0.6389 -0.1066
vn 0.4940 0.8694 -0.0105
vn 0.5066 0.8621 -0.0093
vn 0.5098 0.8602 -0.0137
vn 0.5675 0.6699 -0.4788
vn 0.3029 0.4295 -0.8508
vn 0.3036 0.4278 -0.8514
vn 0.6091 0.4883 -0.6250
vn -0.9760 -0.1534 -0.1545
vn 0.5754 0.6558 -0.4887
usemtl Stone
s 1
f 437/731/241 434/732/241 436/733/241
f 441/734/242 430/735/242 445/736/242
f 450/737/243 451/738/243 429/739/243
f 437/731/241 438/740/241 434/732/241
f 438/740/241 432/741/241 434/732/241
f 434/732/241 435/742/241 436/733/241
f 446/743/244 440/744/242 441/734/242
f 441/734/242 442/745/242 430/735/242
f 430/735/242 443/746/242 445/736/242
f 445/736/242 433/747/245 446/743/244
f 433/747/245 407/748/246 446/743/244
f 446/743/244 441/734/242 445/736/242
f 451/738/243 444/749/243 429/739/243
f 429/739/243 431/750/243 450/737/243
f 431/750/243 447/751/243 450/737/243
f 447/751/243 448/752/243 450/737/243
f 448/752/243 449/753/243 450/737/243
usemtl Dirt
s off
f 402/754/247 400/755/247 403/756/247
f 426/757/248 424/758/248 397/759/248
f 428/760/249 427/761/249 416/762/249
f 398/763/250 428/764/250 416/765/250
f 410/766/251 414/767/251 422/768/251
f 414/769/252 401/770/252 422/771/252
f 423/772/253 401/773/253 403/774/253
f 423/775/254 403/776/254 426/777/254
f 427/778/255 417/779/255 416/780/255
f 417/781/256 399/782/256 419/783/256
f 400/784/257 404/785/257 406/786/257
f 411/787/258 406/788/258 405/789/258
f 419/790/259 399/791/259 418/792/259
f 418/793/260 400/755/260 420/794/260
f 403/776/261 413/795/261 415/796/261
f 439/797/262 403/774/262 415/798/262
f 403/756/263 439/799/263 408/800/263
f 408/801/264 402/802/264 403/756/264
f 400/784/265 426/803/265 403/756/265
f 399/791/266 427/804/266 428/805/266
f 402/754/267 404/806/267 400/807/267
f 424/758/268 425/808/268 398/809/268
f 398/809/268 397/759/268 424/758/268
f 397/759/248 410/810/248 426/757/248
f 410/810/248 422/811/248 426/757/248
f 422/811/268 421/812/268 423/813/268
f 426/757/268 422/811/268 423/813/268
f 398/763/250 425/814/250 428/764/250
f 413/815/252 401/770/252 414/769/252
f 401/770/252 421/816/252 422/771/252
f 423/772/253 421/817/253 401/773/253
f 427/778/255 399/791/255 417/779/255
f 406/786/257 411/818/257 400/784/257
f 411/818/257 412/819/257 420/820/257
f 400/784/257 411/818/257 420/820/257
f 418/793/260 399/782/260 400/755/260
f 403/776/261 401/770/261 413/795/261
f 408/801/269 409/821/269 402/802/269
f 400/784/265 424/822/265 426/803/265
f 428/805/266 425/823/266 424/824/266
f 424/824/266 400/784/266 428/805/266
f 400/784/266 399/791/266 428/805/266
f 402/754/267 409/825/267 404/806/267
o Neue_Welt_(10)__2547_58_-1089_to_2595_255_-1061.001_cell.077_Neue_Welt_(10)__2547_58_-1089_to_2595_255_-1061.001_cell.090
v 0.500000 0.270382 0.500000
v 0.488838 0.272864 0.500000
v 0.315158 -0.058252 0.331159
v 0.500000 0.156750 0.275546
v 0.500000 -0.165646 0.398103
v 0.500000 -0.164862 0.500000
v 0.343894 -0.073365 0.500000
v 0.396915 0.293198 0.500000
v 0.394536 0.276847 0.500000
v 0.373242 0.250031 0.404121
v 0.435911 0.164857 0.263408
v 0.333629 0.176674 0.244588
v 0.500000 0.270382 0.500000
v 0.500000 0.270382 0.500000
v 0.488838 0.272864 0.500000
v 0.500000 -0.165646 0.398103
v 0.500000 0.156750 0.275546
v 0.500000 -0.164862 0.500000
v 0.500000 -0.164862 0.500000
v 0.396915 0.293198 0.500000
v 0.394536 0.276847 0.500000
v 0.343894 -0.073365 0.500000
vt 0.225176 0.655900
vt 0.001706 0.335540
vt 0.103156 0.334759
vt 0.892316 0.775529
vt 0.841896 0.426680
vt 0.986204 0.771562
vt 0.001706 0.769089
vt 0.997317 0.335540
vt 0.997317 0.769089
vt 0.894685 0.791816
vt 0.543579 0.109584
vt 0.499702 0.350111
vt 0.259063 0.109584
vt 0.871898 0.749859
vt 0.422942 0.300092
vt 0.890416 0.456421
vt 0.890416 0.109584
vt 0.890416 0.710861
vt 0.287979 0.109584
vt 0.109584 0.109584
vt 0.723134 0.109584
vt 0.710861 0.710861
vt 0.723243 0.282506
vt 0.723134 0.723134
vt 0.890416 0.711526
vt 0.873454 0.723934
vt 0.720835 0.493750
vt 0.712021 0.109584
vt 0.711526 0.711526
vt 0.485032 0.467405
vt 0.890416 0.489499
vt 0.890416 0.890416
vt 0.639844 0.109584
vt 0.504990 0.224545
vt 0.890416 0.740937
vt 0.510501 0.109584
vt 0.468479 0.109584
vn 1.0000 0.0000 0.0000
vn 0.0000 0.0000 1.0000
vn 0.1937 0.8758 -0.4421
vn 0.1946 0.8751 -0.4430
vn -0.5056 -0.8627 0.0088
vn -0.5042 -0.8636 0.0066
vn 0.1309 -0.3523 -0.9267
vn -0.9740 0.1417 0.1767
vn -0.9738 0.1408 0.1783
vn 0.1299 -0.3518 -0.9270
vn 0.1835 0.8750 -0.4479
usemtl Stone
s 1
f 468/826/270 469/827/270 467/828/270
f 472/829/271 473/830/271 466/831/271
f 468/826/270 465/832/270 469/827/270
f 473/830/271 470/833/271 464/834/271
f 464/834/271 466/831/271 473/830/271
f 466/831/271 471/835/271 472/829/271
usemtl Dirt
s off
f 461/836/272 459/837/272 453/838/272
f 452/839/273 455/840/273 461/841/273
f 454/842/274 457/843/274 458/844/274
f 454/845/275 456/846/275 457/847/275
f 454/845/276 455/848/276 456/849/276
f 460/850/277 459/851/277 461/852/277
f 454/845/278 458/853/278 460/854/278
f 463/855/279 462/856/279 454/857/279
f 463/858/280 461/841/280 462/859/280
f 461/841/273 453/860/273 452/839/273
f 462/859/273 461/841/273 455/840/273
f 454/845/276 462/861/276 455/848/276
f 461/852/277 463/862/277 454/842/277
f 454/842/277 460/850/277 461/852/277
o Neue_Welt_(10)__2547_58_-1089_to_2595_255_-1061.001_cell.078_Neue_Welt_(10)__2547_58_-1089_to_2595_255_-1061.001_cell.091
v 0.500000 -0.097026 -0.001435
v 0.467838 -0.200761 0.298032
v 0.500000 -0.180303 0.018176
v 0.500000 -0.037384 0.051322
v 0.500000 -0.225253 0.310874
v 0.500000 -0.274729 0.272275
v 0.500000 -0.255240 0.219395
v 0.500000 -0.211493 0.321522
v 0.500000 -0.122722 0.183855
v 0.500000 -0.203077 0.079175
v 0.497704 -0.173984 0.017107
v 0.467966 -0.092236 0.003544
v 0.442537 -0.042876 0.047797
v 0.452803 -0.062902 0.029845
v 0.461352 -0.041052 0.048974
v 0.500000 -0.097026 -0.001435
v 0.500000 -0.037384 0.051322
v 0.500000 -0.122722 0.183855
v 0.500000 -0.211493 0.321522
v 0.500000 -0.225253 0.310874
v 0.500000 -0.274729 0.272275
v 0.500000 -0.255240 0.219395
v 0.500000 -0.203077 0.079175
v 0.500000 -0.180303 0.018176
v 0.497704 -0.173984 0.017107
vt 0.281080 0.245514
vt 0.420684 0.297474
vt 0.316464 0.377516
vt 0.481415 0.320159
vt 0.483632 0.329502
vt 0.500941 0.403112
vt 0.448415 0.462521
vt 0.179401 0.289091
vt 0.190002 0.275384
vt 0.228432 0.226100
vt 0.890416 0.729343
vt 0.890416 0.792356
vt 0.768677 0.768677
vt 0.207644 0.109584
vt 0.270657 0.109584
vt 0.306451 0.139165
vt 0.301698 0.109584
vt 0.558694 0.109584
vt 0.559456 0.363024
vt 0.890416 0.668025
vt 0.688114 0.688114
vt 0.218753 0.218753
vt 0.890416 0.441306
vt 0.890416 0.698302
vt 0.668025 0.668025
vt 0.109584 0.109584
vt 0.414051 0.109584
vt 0.415662 0.415662
vt 0.691721 0.109584
vt 0.414051 0.414051
vt 0.654295 0.306630
vt 0.650643 0.318207
vt 0.441452 0.441452
vt 0.330683 0.159167
vt 0.293272 0.157090
vt 0.214933 0.145313
vt 0.308279 0.109584
vt 0.890416 0.109584
vt 0.415662 0.109584
vt 0.890416 0.218753
vt 0.890416 0.688114
vt 0.700636 0.155696
vn 1.0000 0.0000 0.0000
vn 1.0000 0.0033 -0.0051
vn 0.9239 0.3583 0.1338
vn 0.9967 0.0814 0.0013
vn 0.9999 -0.0083 -0.0109
vn -0.1824 -0.2252 -0.9571
vn -0.0174 0.6625 -0.7489
vn -0.1120 0.8355 0.5380
vn -0.9250 -0.3565 -0.1314
vn -0.1146 0.8349 0.5384
vn -0.6159 -0.4821 0.6231
vn -0.6166 -0.4843 0.6207
vn -0.9240 -0.3583 -0.1338
vn -0.9242 -0.3580 -0.1332
vn -0.9241 -0.3583 -0.1331
vn -0.9240 -0.3582 -0.1337
usemtl Stone
s 1
f 495/863/281 496/864/282 491/865/281
f 496/864/282 497/866/283 498/867/284
f 498/867/284 489/868/285 496/864/282
f 489/868/285 490/869/281 496/864/282
f 490/869/281 491/865/281 496/864/282
f 491/865/281 492/870/281 493/871/281
f 491/865/281 493/871/281 495/863/281
f 493/871/281 494/872/281 495/863/281
usemtl Dirt
s off
f 485/873/286 474/874/286 484/875/286
f 474/876/287 485/877/287 487/878/287
f 488/879/288 482/880/288 477/881/288
f 486/882/289 487/883/289 480/884/289
f 482/885/290 488/886/290 486/887/290
f 475/888/291 478/889/291 481/890/291
f 475/888/292 479/891/292 478/892/292
f 484/893/293 476/894/293 483/895/293
f 486/896/287 488/897/287 487/878/287
f 488/897/287 477/898/287 487/878/287
f 477/898/287 474/876/287 487/878/287
f 479/899/289 475/900/289 480/884/289
f 475/900/289 486/882/289 480/884/289
f 486/887/290 475/888/290 482/885/290
f 475/888/290 481/901/290 482/885/290
f 480/902/294 487/903/294 483/895/294
f 487/903/295 485/904/295 484/893/295
f 483/895/296 487/903/296 484/893/296
o Neue_Welt_(10)__2547_58_-1089_to_2595_255_-1061.001_cell.079_Neue_Welt_(10)__2547_58_-1089_to_2595_255_-1061.001_cell.092
v 0.152898 -0.045133 0.052517
v 0.145398 -0.018858 0.076104
v 0.420722 -0.186304 0.283689
v 0.480906 -0.323422 0.235557
v 0.296508 -0.073548 0.296906
v 0.289762 -0.064953 0.292443
v 0.290019 -0.069426 0.296545
v 0.186912 0.078443 0.161112
v 0.180209 0.077676 0.160658
v 0.500000 -0.356861 0.192937
v 0.500000 -0.455046 0.083397
v 0.500000 -0.302834 0.047264
v 0.121587 -0.044242 0.249368
v 0.121101 -0.027519 0.235838
v 0.165415 -0.239494 0.166442
v 0.191034 -0.353437 0.117779
v 0.120911 -0.013019 0.224142
v 0.302218 -0.434544 0.115668
v 0.344981 -0.465415 0.114967
v 0.467706 -0.213967 0.032232
v 0.222212 -0.376317 0.117219
v 0.420849 -0.085192 0.010868
v 0.397279 -0.039630 0.051717
v 0.209250 0.080851 0.162693
v 0.500000 -0.455046 0.083397
v 0.500000 -0.302834 0.047264
v 0.500000 -0.356861 0.192937
vt 0.416481 0.046486
vt 0.452455 0.198105
vt 0.307421 0.144288
vt 0.109584 0.109584
vt 0.890416 0.109584
vt 0.890416 0.890416
vt 0.890416 0.109584
vt 0.471455 0.471455
vt 0.109584 0.109584
vt 0.485299 0.185359
vt 0.429387 0.404590
vt 0.422282 0.422282
vt 0.109584 0.109584
vt 0.353581 0.109584
vt 0.856755 0.395807
vt 0.353581 0.353581
vt 0.659493 0.542857
vt 0.736591 0.258140
vt 0.890416 0.312303
vt 0.413858 0.109584
vt 0.890416 0.109584
vt 0.890416 0.636662
vt 0.421176 0.166598
vt 0.363338 0.109584
vt 0.109584 0.109584
vt 0.890416 0.649314
vt 0.587231 0.109584
vt 0.109584 0.109584
vt 0.890416 0.487383
vt 0.553202 0.553202
vt 0.109584 0.109584
vt 0.722613 0.568425
vt 0.812134 0.812134
vt 0.613169 0.109584
vt 0.487383 0.487383
vt 0.890416 0.413378
vt 0.462456 0.180967
vt 0.109584 0.109584
vt 0.409926 0.109584
vt 0.413378 0.413378
vt 0.525054 0.458405
vt 0.890416 0.109584
vt 0.661782 0.637357
vt 0.890416 0.109584
vt 0.595687 0.109584
vt 0.890416 0.386831
vt 0.409926 0.409926
vt 0.325616 0.325616
vt 0.812134 0.109584
vt 0.304301 0.127172
vt 0.890416 0.422282
vt 0.397403 0.397403
vt 0.586142 0.109584
vt 0.890416 0.698644
vt 0.393030 0.276097
vt 0.698644 0.698644
vt 0.312303 0.312303
vt 0.385165 0.166395
vt 0.890416 0.471455
vt 0.844515 0.465576
vt 0.890416 0.109584
vt 0.653930 0.574498
vt 0.890416 0.890416
vt 0.890416 0.109584
vt 0.553202 0.109584
vt 0.866552 0.409321
vt 0.429740 0.147774
vt 0.392891 0.109584
vt 0.327369 0.197799
vt 0.649314 0.649314
vt 0.890416 0.325616
vn 1.0000 0.0000 0.0000
vn 0.3688 0.6397 0.6744
vn -0.0252 0.6638 -0.7475
vn -0.9760 -0.1534 -0.1545
vn -0.8741 0.4577 -0.1626
vn -0.9779 -0.1389 -0.1563
vn -0.1797 -0.2272 -0.9571
vn -0.1824 -0.2252 -0.9571
vn -0.0174 0.6625 -0.7489
vn 0.6444 0.6756 0.3583
vn -0.3009 -0.4310 0.8507
vn -0.2997 -0.4344 0.8494
vn -0.3031 -0.4294 0.8507
vn -0.1236 0.6220 0.7732
vn -0.1218 0.6228 0.7728
vn 0.9241 0.3583 0.1329
vn 0.6167 0.6853 0.3874
vn -0.3022 -0.4001 0.8652
vn 0.0401 0.6765 0.7353
vn 0.1826 -0.7321 0.6562
vn -0.0185 0.6629 -0.7485
vn -0.0174 0.6626 -0.7488
vn 0.6479 0.6717 0.3592
vn -0.3010 -0.4310 0.8507
vn -0.3011 -0.4308 0.8507
vn -0.3008 -0.4311 0.8507
vn 0.9240 0.3584 0.1335
vn 0.9240 0.3584 0.1332
vn 0.9239 0.3588 0.1332
usemtl Stone
s 1
f 523/905/297 524/906/297 525/907/297
usemtl Dirt
s off
f 504/908/298 505/909/298 503/910/298
f 500/911/299 506/912/299 499/913/299
f 499/913/300 513/914/300 511/915/300
f 507/916/301 500/917/301 515/918/301
f 500/917/302 512/919/302 515/920/302
f 510/921/303 517/922/303 516/923/303
f 514/924/304 499/925/304 520/926/304
f 521/927/305 520/928/305 499/925/305
f 503/929/306 521/930/306 522/931/306
f 501/932/307 513/933/307 519/934/307
f 502/935/308 516/936/308 517/937/308
f 511/938/309 513/939/309 503/929/309
f 505/909/310 506/940/310 515/941/310
f 505/942/311 522/943/311 506/944/311
f 518/945/312 502/946/312 510/947/312
f 504/948/313 503/910/313 522/949/313
f 505/942/314 511/950/314 503/910/314
f 505/942/315 504/948/315 522/951/315
f 508/952/316 517/953/316 509/954/316
f 500/911/299 507/955/299 506/912/299
f 511/915/300 512/956/300 499/913/300
f 499/913/300 514/957/300 513/914/300
f 500/917/302 499/925/302 512/919/302
f 516/923/303 518/958/303 510/921/303
f 510/921/303 509/959/303 517/922/303
f 520/926/304 518/960/304 514/924/304
f 518/960/304 516/961/304 519/962/304
f 514/924/304 518/960/304 519/962/304
f 506/963/317 522/964/317 499/925/317
f 522/964/318 521/927/318 499/925/318
f 503/929/319 501/965/319 521/930/319
f 514/966/320 519/934/320 513/933/320
f 519/934/321 502/967/321 501/932/321
f 501/932/322 503/968/322 513/933/322
f 502/935/308 519/969/308 516/936/308
f 507/970/310 515/941/310 506/940/310
f 515/941/310 512/971/310 505/909/310
f 512/971/310 511/972/310 505/909/310
f 520/973/323 521/974/323 518/945/323
f 521/974/324 501/932/324 518/945/324
f 501/932/325 502/946/325 518/945/325
f 502/946/312 508/975/312 510/947/312
f 508/952/316 502/935/316 517/953/316
o Neue_Welt_(10)__2547_58_-1089_to_2595_255_-1061.001_cell.061_ce_Neue_Welt_(10)__2547_58_-1089_to_2595_255_-1061.001_cell.100
v 0.111584 -0.037932 0.052359
v 0.113507 -0.044289 0.042685
v 0.001456 -0.105735 -0.042930
v -0.021080 -0.024267 0.500000
v 0.037681 -0.018051 0.500000
v -0.169245 -0.281613 0.227336
v -0.061165 -0.332916 0.298094
v 0.066409 -0.204200 0.500000
v -0.049302 -0.027275 0.500000
v -0.314294 -0.072732 0.218076
v -0.061318 -0.029332 0.487274
v -0.310333 -0.072641 0.212666
v -0.168669 -0.069611 0.019454
v 0.133312 -0.212476 0.085744
v 0.069026 -0.216098 0.495082
v 0.073216 -0.235111 0.487173
v -0.162961 -0.072578 0.014686
v -0.078374 -0.116905 -0.055485
v -0.011432 -0.141347 -0.049681
v -0.025627 -0.139056 -0.051316
v -0.066892 -0.132082 -0.056024
v 0.134006 -0.212313 0.078838
v 0.121216 -0.221260 0.069200
v 0.043432 -0.174159 -0.000938
v -0.109678 -0.100535 -0.029561
v 0.037681 -0.018051 0.500000
v -0.021080 -0.024267 0.500000
v 0.066409 -0.204200 0.500000
v -0.049302 -0.027275 0.500000
vt 0.565629 0.296355
vt 0.478524 0.475588
vt 0.450426 0.472592
vt 0.537027 0.481779
vt 0.567510 0.109584
vt 0.572842 0.122264
vt 0.231843 0.146552
vt 0.440404 0.109584
vt 0.890416 0.822371
vt 0.109584 0.109584
vt 0.654761 0.568964
vt 0.639339 0.548618
vt 0.624237 0.109584
vt 0.863874 0.434913
vt 0.440404 0.440404
vt 0.109584 0.109584
vt 0.172214 0.109584
vt 0.186701 0.131996
vt 0.890416 0.369042
vt 0.689789 0.109584
vt 0.890416 0.109584
vt 0.109584 0.109584
vt 0.861278 0.375401
vt 0.369042 0.369042
vt 0.890416 0.109584
vt 0.689789 0.689789
vt 0.827786 0.109584
vt 0.696577 0.306368
vt 0.434990 0.434990
vt 0.530255 0.277619
vt 0.521364 0.261380
vt 0.890416 0.109584
vt 0.109584 0.109584
vt 0.738768 0.109584
vt 0.628926 0.628926
vt 0.392337 0.109584
vt 0.890416 0.561173
vt 0.546687 0.262996
vt 0.109584 0.109584
vt 0.890416 0.242141
vt 0.890416 0.890416
vt 0.242141 0.242141
vt 0.265905 0.230243
vt 0.360627 0.109584
vt 0.890416 0.109584
vt 0.639373 0.109584
vt 0.651386 0.155403
vt 0.637845 0.346262
vt 0.617189 0.109584
vt 0.650882 0.150614
vt 0.215646 0.147624
vt 0.177629 0.109584
vt 0.890416 0.432490
vt 0.811755 0.811755
vt 0.614611 0.516376
vt 0.890416 0.109584
vt 0.890416 0.811755
vt 0.228409 0.197319
vt 0.222641 0.222641
vt 0.858000 0.350455
vt 0.890416 0.890416
vt 0.890416 0.222641
vt 0.438827 0.109584
vt 0.890416 0.628926
vt 0.880607 0.619375
vt 0.696069 0.109584
vt 0.856079 0.230418
vt 0.890416 0.261232
vt 0.392337 0.392337
vt 0.617189 0.617189
vt 0.652809 0.142810
vt 0.303931 0.109584
vn 0.0000 0.0000 1.0000
vn -0.1058 0.9925 -0.0606
vn -0.1050 0.9926 -0.0614
vn 0.9764 0.1508 0.1547
vn -0.0292 0.8327 -0.5530
vn 0.1351 0.1371 -0.9813
vn 0.6376 -0.0869 -0.7655
vn 0.9845 0.1421 0.1023
vn 0.6335 -0.0834 -0.7692
vn -0.0283 0.8293 -0.5581
vn -0.6928 -0.5039 -0.5158
vn -0.6311 -0.4091 0.6590
vn -0.6917 -0.5050 -0.5163
vn -0.6279 -0.4128 0.6598
vn -0.6287 -0.4112 0.6601
vn -0.0906 -0.8669 -0.4902
vn -0.0837 -0.8677 -0.4899
vn 0.5544 -0.8315 0.0361
vn 0.9764 0.1511 0.1545
vn 0.9764 0.1507 0.1547
vn -0.0283 0.8294 -0.5579
usemtl Stone
s 1
f 553/976/326 552/977/326 554/978/326
f 553/976/326 551/979/326 552/977/326
usemtl Dirt
s off
f 537/980/327 535/981/327 536/982/327
f 538/983/328 529/984/328 526/985/328
f 533/986/329 540/987/329 539/988/329
f 526/985/330 542/989/330 538/990/330
f 528/991/331 544/992/331 545/993/331
f 547/994/332 549/995/332 527/996/332
f 527/997/333 539/998/333 547/999/333
f 528/1000/334 549/1001/334 544/1002/334
f 528/1000/335 550/1003/335 542/1004/335
f 538/1005/336 542/1006/336 531/1007/336
f 531/1008/337 536/1009/337 535/1010/337
f 546/1011/338 550/1012/338 543/1013/338
f 532/1014/339 540/1015/339 531/1016/339
f 531/1016/340 540/1017/340 533/1018/340
f 531/1016/341 545/1019/341 532/1020/341
f 545/1021/342 544/1022/342 549/1023/342
f 548/1024/343 539/1025/343 532/1014/343
f 536/982/327 534/1026/327 529/1027/327
f 529/1027/327 537/980/327 536/982/327
f 537/1028/328 529/984/328 538/983/328
f 529/984/328 530/1029/328 526/985/328
f 541/1030/329 539/988/329 540/987/329
f 539/988/344 526/1031/344 530/1032/344
f 533/986/345 539/988/345 530/1032/345
f 526/985/330 527/996/330 542/989/330
f 545/993/331 546/1033/331 543/1034/331
f 543/1034/331 528/991/331 545/993/331
f 547/994/332 548/1035/332 549/995/332
f 527/997/333 526/1031/333 539/998/333
f 528/1000/334 527/1036/334 549/1001/334
f 542/1004/335 527/997/335 528/1000/335
f 528/1000/346 543/1037/346 550/1003/346
f 542/1006/336 550/1038/336 531/1007/336
f 531/1007/336 535/1039/336 537/1040/336
f 537/1040/336 538/1005/336 531/1007/336
f 546/1011/338 531/1007/338 550/1012/338
f 532/1014/339 541/1041/339 540/1015/339
f 534/1042/340 536/1043/340 533/1018/340
f 536/1043/340 531/1016/340 533/1018/340
f 531/1016/341 546/1044/341 545/1019/341
f 549/1023/342 548/1045/342 532/1014/342
f 532/1014/342 545/1021/342 549/1023/342
f 547/1046/343 539/1025/343 548/1024/343
f 539/1025/343 541/1047/343 532/1014/343
o Neue_Welt_(10)__2547_58_-1089_to_2595_255_-1061.001_cell.069_Neue_Welt_(10)__2547_58_-1089_to_2595_255_-1061.001_cell.101
v 0.112060 -0.500000 0.500000
v 0.169104 -0.500000 0.140738
v -0.044561 -0.370334 0.310642
v 0.080303 -0.294226 0.500000
v -0.010235 -0.500000 0.500000
v 0.109482 -0.500000 0.091076
v -0.083555 -0.500000 0.347573
v -0.052326 -0.500000 0.305969
v -0.018501 -0.500000 0.482871
v 0.138779 -0.256388 0.094143
v 0.080194 -0.279107 0.485990
v 0.139366 -0.256242 0.088290
v 0.130004 -0.303355 0.085841
v 0.134642 -0.259565 0.084733
v 0.169104 -0.500000 0.140738
v 0.112060 -0.500000 0.500000
v 0.112060 -0.500000 0.500000
v -0.010235 -0.500000 0.500000
v -0.010235 -0.500000 0.500000
v 0.080303 -0.294226 0.500000
v -0.052326 -0.500000 0.305969
v 0.109482 -0.500000 0.091076
v -0.018501 -0.500000 0.482871
v -0.083555 -0.500000 0.347573
vt 0.489322 0.001707
vt 0.611080 0.001707
vt 0.579462 0.206680
vt 0.611080 0.001707
vt 0.489322 0.001707
vt 0.481092 0.018769
vt 0.416323 0.153540
vt 0.447416 0.194982
vt 0.608514 0.409038
vt 0.667874 0.359570
vt 0.185764 0.109584
vt 0.558594 0.458792
vt 0.280293 0.183157
vt 0.890416 0.813279
vt 0.751196 0.674119
vt 0.855134 0.474358
vt 0.853947 0.442276
vt 0.813279 0.813279
vt 0.436875 0.436875
vt 0.890416 0.109584
vt 0.363276 0.134768
vt 0.359279 0.109584
vt 0.672255 0.109584
vt 0.728172 0.670671
vt 0.109584 0.109584
vt 0.673587 0.109584
vt 0.672255 0.672255
vt 0.304586 0.223692
vt 0.890416 0.223278
vt 0.890416 0.671776
vt 0.223278 0.223278
vt 0.671776 0.671776
vt 0.557271 0.109584
vt 0.540793 0.451545
vt 0.878440 0.430036
vt 0.890416 0.436875
vt 0.890416 0.682400
vt 0.355853 0.125964
vt 0.728212 0.142674
vt 0.682400 0.682400
vt 0.326412 0.109584
vt 0.890416 0.640721
vn 0.0000 0.0000 1.0000
vn 0.0000 -1.0000 0.0000
vn 0.9764 0.1507 0.1550
vn 0.6376 -0.0869 -0.7655
vn 0.9845 0.1421 0.1023
vn -0.5572 0.8296 -0.0352
vn -0.8373 0.3684 0.4040
vn -0.8384 0.3669 0.4031
vn -0.7971 0.0672 -0.6002
vn -0.7978 0.0694 -0.5989
vn 0.9763 0.1511 0.1547
usemtl Stone
s 1
f 572/1048/347 571/1049/347 574/1050/347
f 570/1051/348 573/1052/348 577/1053/348
f 578/1054/348 575/1055/348 577/1053/348
f 575/1055/348 576/1056/348 569/1057/348
f 577/1053/348 575/1055/348 570/1051/348
f 569/1057/348 570/1051/348 575/1055/348
usemtl Dirt
s off
f 556/1058/349 565/1059/349 555/1060/349
f 556/1061/350 560/1062/350 567/1063/350
f 564/1064/351 556/1065/351 566/1066/351
f 557/1067/352 564/1068/352 568/1069/352
f 563/1070/353 558/1071/353 557/1072/353
f 561/1073/354 563/1074/354 557/1072/354
f 560/1075/355 562/1076/355 567/1077/355
f 562/1078/356 557/1067/356 567/1079/356
f 564/1080/357 565/1059/357 556/1058/357
f 565/1059/349 558/1081/349 555/1060/349
f 567/1063/350 568/1082/350 566/1083/350
f 566/1083/350 556/1061/350 567/1063/350
f 565/1084/352 564/1068/352 557/1067/352
f 564/1068/352 566/1085/352 568/1069/352
f 559/1086/353 558/1071/353 563/1070/353
f 558/1071/353 565/1087/353 557/1072/353
f 561/1088/356 557/1067/356 562/1078/356
f 557/1067/356 568/1089/356 567/1079/356
o Neue_Welt_(10)__2547_58_-1089_to_2595_255_-1061.001_cell.080_Neue_Welt_(10)__2547_58_-1089_to_2595_255_-1061.001_cell.102
v -0.500000 -0.500000 -0.166450
v -0.500000 -0.408232 -0.153842
v -0.500000 -0.500000 0.225198
v -0.488861 -0.500000 0.225061
v -0.267702 -0.500000 -0.134964
v -0.342143 -0.500000 0.209994
v -0.301356 -0.419261 -0.128433
v -0.500000 -0.500000 -0.166450
v -0.500000 -0.500000 -0.166450
v -0.500000 -0.500000 0.225198
v -0.500000 -0.500000 0.225198
v -0.500000 -0.408232 -0.153842
v -0.488861 -0.500000 0.225061
v -0.267702 -0.500000 -0.134964
v -0.342143 -0.500000 0.209994
vt 0.333792 0.001707
vt 0.723562 0.001987
vt 0.346345 0.093118
vt 0.001706 0.665562
vt 0.232985 0.634199
vt 0.158870 0.290583
vt 0.012797 0.275576
vt 0.001706 0.275439
vt 0.393658 0.387309
vt 0.790211 0.216556
vt 0.790375 0.411505
vt 0.136743 0.136743
vt 0.747073 0.124122
vt 0.735258 0.735258
vt 0.780131 0.629162
vt 0.298085 0.109584
vt 0.340379 0.109584
vt 0.326306 0.215660
vt 0.890416 0.136742
vt 0.890416 0.735258
vn -1.0000 0.0000 0.0000
vn 0.0000 -1.0000 0.0000
vn 0.1331 0.1349 -0.9819
vn 0.9106 0.3637 0.1965
vn 0.0029 0.9719 0.2353
vn 0.0241 0.9718 0.2347
vn 0.0239 0.9718 0.2347
usemtl Stone
s 1
f 586/1090/358 588/1091/358 590/1092/358
f 587/1093/359 592/1094/359 593/1095/359
f 593/1095/359 591/1096/359 587/1093/359
f 591/1096/359 589/1097/359 587/1093/359
usemtl Dirt
s off
f 585/1098/360 579/1099/360 580/1100/360
f 584/1101/361 583/1102/361 585/1103/361
f 580/1104/362 581/1105/362 582/1106/362
f 585/1098/360 583/1107/360 579/1099/360
f 582/1106/363 584/1108/363 580/1104/363
f 584/1108/364 585/1109/364 580/1104/364
o Neue_Welt_(10)__2547_58_-1089_to_2595_255_-1061.001_cell.082_Neue_Welt_(10)__2547_58_-1089_to_2595_255_-1061.001_cell.093
v -0.307139 -0.487226 0.226355
v -0.172211 -0.322604 0.218024
v -0.074942 -0.369109 0.283315
v -0.119603 -0.500000 -0.099740
v 0.079023 -0.500000 0.065705
v -0.303481 -0.500000 0.233422
v -0.113853 -0.500000 0.320660
v -0.228025 -0.500000 -0.116831
v -0.140016 -0.496659 -0.117034
v -0.025843 -0.181168 -0.057229
v -0.233999 -0.479520 -0.127583
v -0.265433 -0.404483 -0.121428
v -0.071246 -0.173789 -0.062451
v -0.109478 -0.219130 -0.074052
v -0.215380 -0.497003 -0.127461
v -0.226596 -0.497060 -0.128989
v 0.023629 -0.210858 -0.013265
v -0.131343 -0.498066 -0.109739
v 0.103445 -0.259627 0.058755
v 0.086056 -0.431484 0.063784
v 0.073189 -0.241023 0.031441
v -0.303481 -0.500000 0.233422
v -0.228025 -0.500000 -0.116831
v -0.119603 -0.500000 -0.099740
v 0.079023 -0.500000 0.065705
v -0.113853 -0.500000 0.320660
vt 0.380433 0.599112
vt 0.578188 0.434311
vt 0.386158 0.180348
vt 0.197363 0.267246
vt 0.272487 0.616136
vt 0.109584 0.109584
vt 0.890416 0.109584
vt 0.890416 0.890416
vt 0.830667 0.346438
vt 0.395155 0.213853
vt 0.797073 0.109584
vt 0.244221 0.221746
vt 0.259036 0.259036
vt 0.221824 0.221824
vt 0.716012 0.533151
vt 0.216269 0.139422
vt 0.633095 0.109584
vt 0.189406 0.189406
vt 0.757757 0.109584
vt 0.633094 0.633094
vt 0.109584 0.109584
vt 0.890416 0.360577
vt 0.360577 0.360577
vt 0.890416 0.277508
vt 0.277508 0.277508
vt 0.890416 0.266444
vt 0.515956 0.474623
vt 0.890416 0.890416
vt 0.503216 0.109584
vt 0.270986 0.255400
vt 0.331010 0.109584
vt 0.361801 0.109584
vt 0.736750 0.534238
vt 0.890416 0.638199
vt 0.870515 0.651590
vt 0.431235 0.384875
vt 0.890416 0.109584
vt 0.890416 0.673634
vt 0.890416 0.890416
vt 0.462982 0.462982
vt 0.890416 0.416106
vt 0.890416 0.496784
vt 0.416106 0.416106
vt 0.326366 0.109584
vt 0.731250 0.731250
vt 0.288519 0.181298
vt 0.242243 0.109584
vt 0.890416 0.221824
vt 0.889364 0.260590
vt 0.740226 0.263249
vt 0.805575 0.357298
vt 0.680071 0.603025
vt 0.189406 0.109584
vt 0.202927 0.109584
vt 0.613756 0.109584
vt 0.733146 0.395616
vt 0.890416 0.386244
vt 0.890416 0.731250
vt 0.720106 0.504448
vt 0.697549 0.463790
vt 0.890416 0.668990
vt 0.462982 0.109584
vn 0.0000 -1.0000 0.0000
vn -0.3926 0.3645 0.8444
vn 0.1351 0.1371 -0.9813
vn 0.1331 0.1349 -0.9819
vn 0.6376 -0.0869 -0.7655
vn 0.6335 -0.0834 -0.7692
vn -0.7706 0.6346 0.0593
vn -0.7712 0.6339 0.0583
vn -0.9101 -0.3652 -0.1960
vn 0.0850 0.8671 0.4909
vn -0.9090 -0.3679 -0.1959
vn 0.0364 -0.9723 -0.2308
vn 0.7958 -0.0648 0.6020
vn 0.7962 -0.0630 0.6018
vn 0.0881 0.8660 0.4922
vn -0.3903 0.3576 0.8484
vn 0.0845 0.8673 0.4906
vn 0.0850 0.8670 0.4909
vn -0.9088 -0.3686 -0.1958
vn -0.3902 0.3580 0.8483
usemtl Stone
s 1
f 617/1110/365 618/1111/365 619/1112/365
f 619/1112/365 615/1113/365 617/1110/365
f 615/1113/365 616/1114/365 617/1110/365
usemtl Dirt
s off
f 596/1115/366 595/1116/366 594/1117/366
f 605/1118/367 607/1119/367 602/1120/367
f 609/1121/368 604/1122/368 608/1123/368
f 613/1124/369 597/1125/369 610/1126/369
f 611/1127/370 603/1128/370 610/1129/370
f 595/1130/371 607/1131/371 594/1117/371
f 607/1132/372 605/1133/372 594/1117/372
f 605/1134/373 604/1135/373 594/1117/373
f 610/1136/374 595/1137/374 614/1138/374
f 604/1139/375 609/1140/375 601/1141/375
f 602/1142/376 601/1143/376 608/1144/376
f 598/1145/377 596/1146/377 600/1147/377
f 596/1148/378 613/1149/378 612/1150/378
f 614/1151/379 596/1148/379 612/1152/379
f 600/1153/380 594/1117/380 599/1154/380
f 606/1155/367 603/1156/367 607/1119/367
f 603/1156/367 602/1120/367 607/1119/367
f 602/1120/367 608/1157/367 604/1158/367
f 604/1158/367 605/1118/367 602/1120/367
f 610/1126/369 614/1159/369 613/1124/369
f 614/1159/369 612/1160/369 613/1124/369
f 613/1124/369 598/1161/369 597/1125/369
f 610/1126/369 597/1125/369 611/1162/369
f 611/1127/370 602/1163/370 603/1128/370
f 595/1130/371 606/1164/371 607/1131/371
f 610/1136/381 603/1165/381 606/1166/381
f 606/1166/381 595/1137/381 610/1136/381
f 595/1137/382 596/1115/382 614/1138/382
f 601/1141/383 599/1167/383 594/1117/383
f 594/1117/375 604/1139/375 601/1141/375
f 602/1142/376 611/1168/376 601/1143/376
f 611/1168/376 597/1169/376 601/1143/376
f 601/1143/376 609/1170/376 608/1144/376
f 598/1145/377 613/1171/377 596/1146/377
f 600/1153/384 596/1146/384 594/1117/384
o Neue_Welt_(10)__2547_58_-1089_to_2595_255_-1061.001_cell.083_Neue_Welt_(10)__2547_58_-1089_to_2595_255_-1061.001_cell.096
v -0.500000 -0.500000 0.500000
v -0.500000 -0.075311 0.500000
v -0.191932 -0.307085 0.249349
v -0.081988 -0.359504 0.322982
v -0.334521 -0.481359 0.258065
v -0.500000 -0.452534 0.256997
v -0.500000 -0.500000 0.271003
v -0.500000 -0.477180 0.258190
v -0.500000 -0.091153 0.240554
v -0.108636 -0.033599 0.500000
v 0.044064 -0.267567 0.500000
v 0.034531 -0.252539 0.500000
v -0.057707 -0.500000 0.500000
v -0.149783 -0.500000 0.350951
v -0.281088 -0.500000 0.290578
v -0.329383 -0.500000 0.268453
v -0.124090 -0.500000 0.362958
v -0.427767 -0.083490 0.239964
v -0.353215 -0.075548 0.239894
v -0.500000 -0.500000 0.500000
v -0.500000 -0.500000 0.500000
v -0.500000 -0.075311 0.500000
v -0.500000 -0.075311 0.500000
v -0.500000 -0.091153 0.240554
v -0.500000 -0.452534 0.256997
v -0.500000 -0.477180 0.258190
v -0.500000 -0.500000 0.271003
v -0.500000 -0.500000 0.271003
v 0.044064 -0.267567 0.500000
v 0.034531 -0.252539 0.500000
v -0.108636 -0.033599 0.500000
v -0.057707 -0.500000 0.500000
v -0.057707 -0.500000 0.500000
v -0.281088 -0.500000 0.290578
v -0.149783 -0.500000 0.350951
v -0.124090 -0.500000 0.362958
v -0.329383 -0.500000 0.268453
vt 0.755375 0.048984
vt 0.756566 0.024436
vt 0.769325 0.001707
vt 0.442058 0.001707
vt 0.391353 0.466292
vt 0.001706 0.001707
vt 0.001706 0.001707
vt 0.001706 0.229812
vt 0.171574 0.232352
vt 0.997317 0.001707
vt 0.997317 0.424743
vt 0.739010 0.408962
vt 0.543383 0.233234
vt 0.533891 0.248205
vt 0.001706 0.424743
vt 0.219657 0.210314
vt 0.350386 0.150175
vt 0.375967 0.138215
vt 0.442058 0.001707
vt 0.725679 0.304907
vt 0.822981 0.403067
vt 0.822765 0.755097
vt 0.766370 0.296219
vt 0.109584 0.109584
vt 0.642501 0.109584
vt 0.109584 0.109584
vt 0.322917 0.109584
vt 0.323009 0.323009
vt 0.890416 0.109584
vt 0.730751 0.730751
vt 0.890416 0.109584
vt 0.322917 0.322917
vt 0.109584 0.109584
vt 0.890416 0.760977
vt 0.718957 0.718957
vt 0.666030 0.539102
vt 0.686721 0.686721
vt 0.890416 0.782227
vt 0.376110 0.109584
vt 0.782227 0.782227
vt 0.890416 0.109584
vt 0.890416 0.710485
vt 0.890416 0.357499
vt 0.890416 0.890416
vt 0.376110 0.376110
vt 0.800768 0.275216
vt 0.289515 0.109584
vt 0.295572 0.227596
vt 0.625253 0.204327
vt 0.760977 0.760977
vt 0.890416 0.686721
vt 0.890416 0.730751
vt 0.718957 0.109584
vt 0.335510 0.226650
vt 0.890416 0.323009
vn -1.0000 0.0000 0.0000
vn 0.0000 0.0000 1.0000
vn 0.0000 -1.0000 0.0000
vn -0.1058 0.9925 -0.0606
vn 0.6298 0.4118 -0.6586
vn 0.3878 -0.3649 -0.8465
vn 0.3951 -0.3590 -0.8456
vn 0.3896 -0.3611 -0.8473
vn 0.6341 0.4022 -0.6604
vn 0.8374 -0.3664 -0.4056
vn -0.0033 -0.0455 -0.9990
vn -0.0020 -0.0483 -0.9988
vn 0.0032 -0.0386 -0.9992
vn -0.0130 -0.4895 -0.8719
vn 0.8372 -0.3666 -0.4058
usemtl Stone
s 1
f 644/1172/385 645/1173/385 646/1174/385
f 651/1175/386 650/1176/386 640/1177/386
f 620/1178/387 647/1179/387 656/1180/387
f 646/1174/385 639/1181/385 644/1172/385
f 639/1181/385 641/1182/385 644/1172/385
f 641/1182/385 643/1183/385 644/1172/385
f 651/1175/386 648/1184/386 649/1185/386
f 649/1185/386 650/1176/386 651/1175/386
f 650/1176/386 642/1186/386 640/1177/386
f 656/1180/387 653/1187/387 620/1178/387
f 653/1187/387 654/1188/387 620/1178/387
f 654/1188/387 655/1189/387 652/1190/387
f 652/1190/387 620/1178/387 654/1188/387
usemtl Dirt
s off
f 637/1191/388 628/1192/388 621/1193/388
f 629/1194/389 622/1195/389 638/1196/389
f 624/1197/390 634/1198/390 635/1199/390
f 623/1200/391 633/1201/391 622/1195/391
f 622/1202/392 634/1203/392 624/1197/392
f 623/1204/393 631/1205/393 630/1206/393
f 623/1204/394 632/1207/394 636/1208/394
f 625/1209/395 637/1210/395 622/1202/395
f 625/1211/396 624/1212/396 627/1213/396
f 638/1214/397 622/1215/397 637/1216/397
f 624/1212/398 626/1217/398 627/1218/398
f 629/1219/388 638/1220/388 621/1193/388
f 638/1220/388 637/1191/388 621/1193/388
f 629/1194/389 631/1221/389 622/1195/389
f 623/1200/391 636/1222/391 633/1201/391
f 622/1202/392 633/1223/392 634/1203/392
f 623/1204/393 622/1202/393 631/1205/393
f 623/1204/399 630/1224/399 632/1207/399
f 625/1209/395 628/1225/395 637/1210/395
f 625/1211/396 622/1195/396 624/1212/396
f 624/1212/398 635/1226/398 626/1217/398
o Neue_Welt_(10)__2547_58_-1089_to_2595_255_-1061.001_cell.084_Neue_Welt_(10)__2547_58_-1089_to_2595_255_-1061.001_cell.097
v -0.500000 -0.104360 0.024257
v -0.500000 -0.107064 -0.019449
v -0.500000 -0.229737 -0.129318
v -0.500000 -0.175903 -0.121796
v -0.338600 -0.461057 0.217372
v -0.202747 -0.296372 0.208656
v -0.500000 -0.368633 -0.148401
v -0.500000 -0.457228 0.217474
v -0.500000 -0.093566 0.201028
v -0.341451 -0.077845 0.181754
v -0.354494 -0.078151 0.199511
v -0.409298 -0.083951 0.200180
v -0.217836 -0.075169 0.013681
v -0.212967 -0.077695 0.009621
v -0.125654 -0.123521 -0.062921
v -0.104640 -0.151579 -0.063947
v -0.266194 -0.342617 -0.112889
v -0.342806 -0.377347 -0.128292
v -0.297799 -0.379838 -0.122442
v -0.157106 -0.106954 -0.036693
v -0.500000 -0.175903 -0.121796
v -0.500000 -0.229737 -0.129318
v -0.500000 -0.104360 0.024257
v -0.500000 -0.107064 -0.019449
v -0.500000 -0.093566 0.201028
v -0.500000 -0.368633 -0.148401
v -0.500000 -0.457228 0.217474
vt 0.523663 0.395806
vt 0.370761 0.270918
vt 0.716026 0.044308
vt 0.699658 0.406558
vt 0.479407 0.392620
vt 0.378250 0.324542
vt 0.351762 0.132562
vt 0.823162 0.109584
vt 0.700833 0.226032
vt 0.609455 0.109584
vt 0.498442 0.109584
vt 0.890416 0.176838
vt 0.890416 0.390545
vt 0.831517 0.831517
vt 0.498442 0.498442
vt 0.859073 0.493757
vt 0.750402 0.380972
vt 0.838212 0.408024
vt 0.890416 0.476509
vt 0.476509 0.476509
vt 0.790445 0.495627
vt 0.790692 0.790692
vt 0.890416 0.819755
vt 0.831688 0.831688
vt 0.493848 0.493848
vt 0.890416 0.890416
vt 0.299290 0.109584
vt 0.890416 0.109584
vt 0.109584 0.109584
vt 0.890416 0.293080
vt 0.293080 0.293080
vt 0.890416 0.307340
vt 0.308014 0.295357
vt 0.890416 0.294008
vt 0.390249 0.109584
vt 0.890416 0.700710
vt 0.890416 0.439906
vt 0.390249 0.390249
vt 0.609994 0.391962
vt 0.856746 0.370616
vt 0.890416 0.371340
vt 0.890416 0.890416
vt 0.732313 0.723623
vt 0.294008 0.294008
vt 0.818646 0.345038
vt 0.627009 0.151257
vt 0.831517 0.109584
vt 0.890416 0.790692
vt 0.819755 0.819755
vt 0.289600 0.289600
vt 0.300528 0.243104
vt 0.722185 0.368332
vt 0.890416 0.289600
vt 0.278266 0.278266
vt 0.628660 0.109584
vt 0.439906 0.439906
vt 0.530117 0.370298
vt 0.538022 0.364289
vt 0.768024 0.256772
vt 0.890416 0.278266
vn -1.0000 0.0000 0.0000
vn -0.1058 0.9925 -0.0606
vn -0.1050 0.9926 -0.0614
vn -0.0292 0.8327 -0.5530
vn 0.1351 0.1371 -0.9813
vn 0.1331 0.1349 -0.9819
vn -0.0284 0.8294 -0.5579
vn 0.7685 -0.6371 -0.0600
vn 0.0072 0.0469 0.9989
vn 0.0044 0.0464 0.9989
vn 0.0017 0.0452 0.9990
vn 0.7698 -0.6355 -0.0605
vn 0.6945 0.5013 0.5162
vn 0.6924 0.5031 0.5172
vn -0.0232 -0.9717 -0.2350
vn -0.0283 0.8293 -0.5580
vn -0.0283 0.8294 -0.5579
vn -0.0238 -0.9716 -0.2353
usemtl Stone
s 1
f 679/1227/400 678/1228/400 683/1229/400
f 683/1229/400 681/1230/400 679/1227/400
f 679/1227/400 680/1231/400 678/1228/400
f 680/1231/400 677/1232/400 678/1228/400
f 678/1228/400 682/1233/400 683/1229/400
usemtl Dirt
s off
f 657/1234/401 668/1235/401 666/1236/401
f 669/1237/402 657/1238/402 666/1239/402
f 658/1240/403 669/1241/403 670/1242/403
f 673/1243/404 675/1244/404 674/1245/404
f 674/1246/405 663/1247/405 659/1248/405
f 660/1249/406 658/1250/406 670/1251/406
f 661/1252/407 673/1253/407 662/1254/407
f 662/1255/408 668/1256/408 661/1252/408
f 661/1252/409 668/1257/409 665/1258/409
f 665/1259/410 664/1260/410 661/1252/410
f 672/1261/411 662/1254/411 673/1262/411
f 676/1263/412 672/1264/412 671/1265/412
f 666/1266/413 667/1267/413 662/1268/413
f 674/1269/414 661/1252/414 664/1270/414
f 665/1271/401 668/1235/401 657/1234/401
f 668/1235/401 667/1272/401 666/1236/401
f 669/1237/402 658/1273/402 657/1238/402
f 674/1245/404 659/1274/404 673/1243/404
f 659/1274/404 660/1275/404 673/1243/404
f 660/1275/404 671/1276/404 673/1243/404
f 671/1276/404 672/1277/404 673/1243/404
f 670/1251/415 676/1278/415 660/1249/415
f 676/1278/416 671/1279/416 660/1249/416
f 661/1252/407 675/1280/407 673/1253/407
f 662/1255/408 667/1281/408 668/1256/408
f 676/1263/412 662/1268/412 672/1264/412
f 676/1282/413 670/1283/413 662/1268/413
f 670/1283/413 669/1284/413 662/1268/413
f 669/1284/413 666/1266/413 662/1268/413
f 664/1270/417 663/1285/417 674/1269/417
f 674/1269/414 675/1286/414 661/1252/414
o Neue_Welt_(10)__2547_58_-1089_to_2595_255_-1061.001_cell.060_ce_Neue_Welt_(10)__2547_58_-1089_to_2595_255_-1061.001_cell.106
v -0.500000 -0.500000 -0.500000
v -0.500000 -0.317113 -0.374734
v -0.500000 -0.196155 -0.444164
v -0.500000 -0.176615 -0.500000
v -0.500000 -0.184297 -0.455673
v -0.500000 -0.185222 -0.450535
v -0.500000 -0.500000 -0.270216
v -0.419169 -0.166758 -0.500000
v -0.307665 -0.209422 -0.500000
v -0.345666 -0.345119 -0.500000
v -0.324675 -0.199646 -0.500000
v -0.389898 -0.500000 -0.500000
v -0.389030 -0.163195 -0.500000
v -0.424932 -0.500000 -0.294523
v -0.390055 -0.500000 -0.328108
v -0.390186 -0.500000 -0.305986
v -0.500000 -0.500000 -0.500000
v -0.500000 -0.500000 -0.500000
v -0.500000 -0.500000 -0.270216
v -0.500000 -0.500000 -0.270216
v -0.500000 -0.317113 -0.374734
v -0.500000 -0.196155 -0.444164
v -0.500000 -0.185222 -0.450535
v -0.500000 -0.184297 -0.455673
v -0.500000 -0.176615 -0.500000
v -0.500000 -0.176615 -0.500000
v -0.307665 -0.209422 -0.500000
v -0.345666 -0.345119 -0.500000
v -0.389898 -0.500000 -0.500000
v -0.389898 -0.500000 -0.500000
v -0.419169 -0.166758 -0.500000
v -0.389030 -0.163195 -0.500000
v -0.324675 -0.199646 -0.500000
v -0.390186 -0.500000 -0.305986
v -0.424932 -0.500000 -0.294523
v -0.390055 -0.500000 -0.328108
vt 0.057298 0.304369
vt 0.050954 0.315260
vt 0.045839 0.316181
vt 0.822762 0.300892
vt 0.843661 0.155985
vt 0.916841 0.333651
vt 0.076445 0.793136
vt 0.001706 0.997813
vt 0.111169 0.826591
vt 0.001706 0.323833
vt 0.001706 0.001707
vt 0.126423 0.183881
vt 0.230482 0.001707
vt 0.805826 0.291153
vt 0.887698 0.001707
vt 0.997317 0.001707
vt 0.997317 0.323833
vt 0.886834 0.337201
vt 0.111039 0.804554
vt 0.001706 0.768924
vt 0.111325 0.997813
vt 0.622078 0.109584
vt 0.621641 0.548248
vt 0.219673 0.109584
vt 0.407511 0.251268
vt 0.890416 0.251132
vt 0.890416 0.734323
vt 0.890416 0.778792
vt 0.251132 0.251132
vt 0.890416 0.130522
vt 0.130521 0.130521
vt 0.172276 0.109584
vt 0.890416 0.377922
vt 0.730915 0.730915
vt 0.890416 0.350399
vt 0.890416 0.722543
vt 0.722543 0.722543
vt 0.890416 0.429781
vt 0.890416 0.714248
vt 0.714763 0.429917
vt 0.714248 0.714248
vt 0.429781 0.429781
vt 0.734323 0.734323
vt 0.730915 0.109584
vt 0.890416 0.780327
vt 0.778792 0.778792
vt 0.172276 0.172276
vt 0.350399 0.350399
vn -1.0000 0.0000 0.0000
vn 0.0000 0.0000 -1.0000
vn 0.0000 -1.0000 0.0000
vn 0.2706 0.4777 0.8358
vn 0.9616 -0.2746 0.0009
vn 0.9629 -0.2697 0.0057
vn 0.2751 0.4786 0.8338
vn 0.2743 0.4842 0.8309
vn -0.1156 0.9776 0.1760
vn -0.1193 0.9783 0.1695
usemtl Stone
s 1
f 705/1287/418 706/1288/418 707/1289/418
f 716/1290/419 711/1291/419 714/1292/419
f 718/1293/420 684/1294/420 719/1295/420
f 708/1296/418 700/1297/418 704/1298/418
f 700/1297/418 702/1299/418 704/1298/418
f 708/1296/418 705/1287/418 707/1289/418
f 704/1298/418 705/1287/418 708/1296/418
f 716/1290/419 710/1300/419 711/1291/419
f 711/1291/419 712/1301/419 701/1302/419
f 701/1302/419 709/1303/419 711/1291/419
f 709/1303/419 714/1292/419 711/1291/419
f 714/1292/419 715/1304/419 716/1290/419
f 719/1295/420 717/1305/420 718/1293/420
f 718/1293/420 703/1306/420 684/1294/420
f 684/1294/420 713/1307/420 719/1295/420
usemtl Dirt
s off
f 685/1308/421 690/1309/421 697/1310/421
f 695/1311/422 693/1312/422 698/1313/422
f 699/1314/423 693/1315/423 692/1316/423
f 692/1317/424 694/1318/424 685/1319/424
f 686/1320/425 696/1321/425 689/1322/425
f 689/1323/426 691/1324/426 688/1325/426
f 687/1326/427 688/1327/427 691/1328/427
f 699/1314/423 698/1329/423 693/1315/423
f 694/1318/424 686/1330/424 685/1319/424
f 685/1319/424 697/1331/424 699/1332/424
f 699/1332/424 692/1317/424 685/1319/424
f 686/1320/425 694/1333/425 696/1321/425
f 689/1323/426 696/1334/426 691/1324/426
o Neue_Welt_(10)__2547_58_-1089_to_2595_255_-1061.001_cell.081_Neue_Welt_(10)__2547_58_-1089_to_2595_255_-1061.001_cell.107
v -0.500000 0.077128 -0.500000
v -0.452958 0.089198 -0.500000
v -0.500000 -0.144940 -0.446993
v -0.500000 -0.031007 -0.354279
v -0.500000 -0.135733 -0.500000
v -0.299315 0.128425 -0.500000
v -0.318879 -0.074859 -0.500000
v -0.297306 -0.058492 -0.500000
v -0.409659 -0.124901 -0.500000
v -0.375012 -0.116821 -0.500000
v -0.381726 -0.121460 -0.500000
v -0.286507 0.067905 -0.413753
v -0.383375 0.020461 -0.383313
v -0.285670 0.063933 -0.408112
v -0.500000 0.077128 -0.500000
v -0.500000 0.077128 -0.500000
v -0.452958 0.089198 -0.500000
v -0.500000 -0.031007 -0.354279
v -0.500000 -0.135733 -0.500000
v -0.500000 -0.135733 -0.500000
v -0.381726 -0.121460 -0.500000
v -0.409659 -0.124901 -0.500000
v -0.299315 0.128425 -0.500000
v -0.297306 -0.058492 -0.500000
v -0.318879 -0.074859 -0.500000
v -0.375012 -0.116821 -0.500000
v -0.500000 -0.144940 -0.446993
vt 0.146788 0.468874
vt 0.001706 0.364556
vt 0.055336 0.356324
vt 0.816991 0.425192
vt 0.872877 0.383394
vt 0.950481 0.588611
vt 0.001706 0.576588
vt 0.879562 0.378773
vt 0.907373 0.375345
vt 0.997317 0.364556
vt 0.997317 0.576588
vt 0.797513 0.627685
vt 0.795513 0.441496
vt 0.432614 0.313358
vt 0.228972 0.109584
vt 0.433123 0.109584
vt 0.221245 0.171265
vt 0.519985 0.171209
vt 0.479618 0.314284
vt 0.632448 0.109584
vt 0.890416 0.199394
vt 0.890416 0.459267
vt 0.199394 0.199394
vt 0.467707 0.444805
vt 0.459267 0.459267
vt 0.658979 0.109584
vt 0.890416 0.164770
vt 0.890416 0.367552
vt 0.651859 0.109584
vt 0.658979 0.658979
vt 0.270546 0.109584
vt 0.890416 0.420744
vt 0.890416 0.723241
vt 0.586715 0.419698
vt 0.890416 0.348141
vt 0.723241 0.723241
vt 0.420744 0.420744
vt 0.444827 0.434149
vt 0.433123 0.433123
vt 0.228972 0.228972
vt 0.835230 0.109584
vt 0.596321 0.223697
vt 0.475729 0.319127
vt 0.266400 0.109584
vn -1.0000 0.0000 0.0000
vn 0.0000 0.0000 -1.0000
vn -0.2011 0.7876 0.5825
vn -0.2018 0.7865 0.5837
vn 0.4306 -0.5676 0.7017
vn 0.9902 0.0106 -0.1396
vn 0.4265 -0.5706 0.7018
vn 0.4217 -0.6104 0.6706
vn 0.1173 -0.9784 -0.1700
vn 0.1206 -0.9790 -0.1645
vn 0.4261 -0.5710 0.7017
usemtl Stone
s 1
f 737/1335/428 738/1336/428 722/1337/428
f 744/1338/429 745/1339/429 736/1340/429
f 737/1335/428 735/1341/428 738/1336/428
f 745/1339/429 740/1342/429 741/1343/429
f 741/1343/429 739/1344/429 734/1345/429
f 734/1345/429 736/1340/429 741/1343/429
f 736/1340/429 742/1346/429 743/1347/429
f 741/1343/429 736/1340/429 745/1339/429
f 743/1347/429 744/1338/429 736/1340/429
usemtl Dirt
s off
f 725/1348/430 721/1349/430 731/1350/430
f 720/1351/431 723/1352/431 732/1353/431
f 732/1354/432 727/1355/432 733/1356/432
f 727/1357/433 731/1358/433 733/1359/433
f 729/1360/434 726/1361/434 732/1362/434
f 730/1363/435 729/1364/435 746/1365/435
f 728/1366/436 746/1367/436 724/1368/436
f 730/1369/437 746/1370/437 728/1371/437
f 733/1372/431 731/1373/431 732/1353/431
f 731/1373/431 721/1374/431 732/1353/431
f 721/1374/431 720/1351/431 732/1353/431
f 732/1354/432 726/1375/432 727/1355/432
f 727/1357/433 725/1376/433 731/1358/433
f 732/1362/434 723/1377/434 729/1360/434
f 723/1377/438 746/1378/438 729/1360/438
o Neue_Welt_(10)__2547_58_-1089_to_2595_255_-1061.001_cell.085_Neue_Welt_(10)__2547_58_-1089_to_2595_255_-1061.001_cell.108
v 0.086335 0.020208 -0.220564
v 0.046084 0.216609 -0.500000
v 0.189953 0.064410 -0.500000
v 0.185516 0.053352 -0.500000
v -0.219473 -0.137479 -0.494015
v -0.259177 0.138673 -0.500000
v -0.257309 -0.028745 -0.500000
v -0.226731 -0.130687 -0.500000
v -0.236705 -0.108504 -0.500000
v -0.256214 -0.064057 -0.500000
v -0.200654 -0.144606 -0.500000
v -0.170640 -0.155647 -0.500000
v 0.062216 -0.241080 -0.500000
v 0.015272 -0.087608 -0.130105
v 0.017309 -0.073693 -0.118568
v -0.245876 0.076374 -0.411179
v -0.228966 0.060544 -0.383938
v -0.243771 0.068579 -0.399913
v -0.066142 -0.027979 -0.208348
v -0.003811 -0.205193 -0.230413
v -0.002373 -0.196123 -0.222563
v 0.005504 -0.210551 -0.268858
v 0.046084 0.216609 -0.500000
v 0.189953 0.064410 -0.500000
v 0.185516 0.053352 -0.500000
v -0.236705 -0.108504 -0.500000
v -0.256214 -0.064057 -0.500000
v -0.257309 -0.028745 -0.500000
v -0.259177 0.138673 -0.500000
v 0.062216 -0.241080 -0.500000
v -0.170640 -0.155647 -0.500000
v -0.200654 -0.144606 -0.500000
v -0.226731 -0.130687 -0.500000
vt 0.669402 0.344719
vt 0.453630 0.715526
vt 0.314810 0.552904
vt 0.725248 0.369582
vt 0.735177 0.391679
vt 0.699285 0.355718
vt 0.754601 0.435952
vt 0.755691 0.471127
vt 0.757551 0.637893
vt 0.310392 0.563919
vt 0.437569 0.259619
vt 0.890416 0.109584
vt 0.890416 0.772690
vt 0.228546 0.109584
vt 0.890416 0.807106
vt 0.109584 0.109584
vt 0.890416 0.185950
vt 0.890416 0.771454
vt 0.486486 0.156883
vt 0.503698 0.109584
vt 0.503698 0.503698
vt 0.890416 0.703367
vt 0.890416 0.890416
vt 0.890416 0.304532
vt 0.703367 0.703367
vt 0.441563 0.241471
vt 0.461248 0.245097
vt 0.518415 0.282552
vt 0.239746 0.109584
vt 0.471661 0.109584
vt 0.608946 0.478258
vt 0.239746 0.239746
vt 0.890416 0.468996
vt 0.471661 0.471661
vt 0.842954 0.346759
vt 0.874521 0.376999
vt 0.745351 0.406895
vt 0.152513 0.152513
vt 0.890416 0.109584
vt 0.592247 0.592247
vt 0.109584 0.109584
vt 0.492091 0.109584
vt 0.557454 0.557454
vt 0.192501 0.109584
vt 0.492091 0.492091
vt 0.193681 0.109584
vt 0.192501 0.192501
vt 0.890416 0.193277
vt 0.806319 0.109584
vt 0.772690 0.772690
vt 0.695468 0.109584
vt 0.485814 0.366592
vt 0.487125 0.130837
vt 0.797412 0.469579
vt 0.807106 0.807106
vt 0.185950 0.185950
vt 0.890416 0.186131
vt 0.492054 0.463847
vt 0.468996 0.468996
vt 0.186131 0.186131
vt 0.152513 0.109584
vt 0.592247 0.109584
vt 0.749106 0.109584
vt 0.890416 0.557454
vt 0.587943 0.152776
vn 0.0000 0.0000 -1.0000
vn 0.6797 0.6425 0.3537
vn 0.8925 -0.3581 0.2743
vn -0.2011 0.7876 0.5825
vn -0.2018 0.7865 0.5837
vn -0.2010 0.7847 0.5864
vn 0.8888 -0.3722 0.2672
vn -0.9900 -0.0110 0.1405
vn -0.9861 -0.0306 0.1631
vn -0.7690 -0.3375 0.5429
vn -0.7679 -0.3452 0.5396
vn -0.3497 -0.9358 0.0457
vn -0.3442 -0.9381 0.0395
vn -0.3451 -0.9380 0.0320
vn -0.4326 -0.8104 -0.3951
usemtl Stone
s 1
f 777/1379/439 748/1380/439 771/1381/439
f 779/1382/439 772/1383/439 778/1384/439
f 772/1383/439 773/1385/439 774/1386/439
f 778/1384/439 772/1383/439 777/1379/439
f 774/1386/439 775/1387/439 748/1380/439
f 748/1380/439 749/1388/439 771/1381/439
f 774/1386/439 777/1379/439 772/1383/439
f 771/1381/439 776/1389/439 777/1379/439
f 774/1386/439 748/1380/439 777/1379/439
usemtl Dirt
s off
f 747/1390/440 770/1391/440 769/1392/440
f 750/1393/441 747/1394/441 760/1395/441
f 769/1396/442 762/1397/442 763/1398/442
f 763/1399/443 765/1400/443 747/1401/443
f 761/1402/444 747/1401/444 765/1403/444
f 767/1404/445 766/1405/445 768/1406/445
f 753/1407/446 762/1408/446 752/1409/446
f 753/1410/447 764/1411/447 762/1412/447
f 760/1413/448 761/1414/448 765/1415/448
f 755/1416/449 751/1417/449 767/1418/449
f 751/1419/450 768/1420/450 766/1421/450
f 758/1422/451 768/1423/451 751/1419/451
f 757/1424/452 758/1425/452 751/1419/452
f 751/1417/453 754/1426/453 757/1427/453
f 770/1428/441 747/1394/441 750/1393/441
f 747/1394/441 761/1429/441 760/1395/441
f 763/1398/442 747/1390/442 769/1396/442
f 769/1396/442 752/1430/442 762/1397/442
f 762/1397/442 764/1431/442 763/1398/442
f 768/1406/445 759/1432/445 750/1433/445
f 750/1433/445 760/1434/445 768/1406/445
f 760/1434/445 767/1404/445 768/1406/445
f 753/1410/447 756/1435/447 764/1411/447
f 763/1436/448 764/1437/448 756/1438/448
f 756/1438/448 755/1439/448 763/1436/448
f 755/1439/448 767/1440/448 765/1415/448
f 763/1436/448 755/1439/448 765/1415/448
f 767/1440/448 760/1413/448 765/1415/448
f 754/1441/449 751/1417/449 755/1416/449
f 751/1417/449 766/1442/449 767/1418/449
f 758/1422/451 759/1443/451 768/1423/451
o Neue_Welt_(10)__2547_58_-1089_to_2595_255_-1061.001_cell.086_Neue_Welt_(10)__2547_58_-1089_to_2595_255_-1061.001_cell.098
v -0.005659 -0.104938 -0.084629
v -0.500000 -0.173946 -0.161741
v -0.500000 -0.500000 -0.207563
v -0.500000 -0.229226 -0.169412
v -0.500000 -0.165093 -0.173588
v -0.281058 -0.166808 -0.485377
v -0.257406 -0.148044 -0.479973
v -0.500000 -0.170742 -0.411256
v -0.500000 -0.294942 -0.339906
v -0.500000 -0.057173 -0.319019
v -0.500000 -0.500000 -0.221418
v -0.292837 -0.135045 -0.500000
v -0.293649 -0.124927 -0.500000
v -0.300934 -0.130402 -0.500000
v -0.281149 -0.126840 -0.500000
v -0.284345 -0.131378 -0.500000
v -0.284675 -0.118907 -0.500000
v -0.409422 -0.500000 -0.251942
v -0.379089 -0.500000 -0.261933
v -0.284804 -0.500000 -0.177723
v -0.002569 -0.102379 -0.091343
v -0.376256 -0.002390 -0.350057
v -0.272517 0.043423 -0.375924
v -0.206382 0.011011 -0.309381
v -0.109431 -0.041660 -0.204880
v -0.253287 0.036257 -0.359619
v -0.099309 -0.363811 -0.133346
v -0.208429 -0.444116 -0.159398
v -0.247135 -0.472501 -0.168625
v -0.022181 -0.222529 -0.193437
v -0.026335 -0.230288 -0.190407
v -0.500000 -0.500000 -0.207563
v -0.500000 -0.500000 -0.207563
v -0.500000 -0.229226 -0.169412
v -0.500000 -0.173946 -0.161741
v -0.500000 -0.165093 -0.173588
v -0.500000 -0.500000 -0.221418
v -0.500000 -0.500000 -0.221418
v -0.500000 -0.057173 -0.319019
v -0.500000 -0.170742 -0.411256
v -0.500000 -0.294942 -0.339906
v -0.292837 -0.135045 -0.500000
v -0.300934 -0.130402 -0.500000
v -0.293649 -0.124927 -0.500000
v -0.284675 -0.118907 -0.500000
v -0.281149 -0.126840 -0.500000
v -0.284345 -0.131378 -0.500000
v -0.409422 -0.500000 -0.251942
v -0.379089 -0.500000 -0.261933
v -0.284804 -0.500000 -0.177723
vt 0.161098 0.205966
vt 0.326686 0.335310
vt 0.090061 0.329683
vt 0.782609 0.368893
vt 0.788884 0.377556
vt 0.779426 0.373414
vt 0.001706 0.706515
vt 0.091887 0.750721
vt 0.215958 0.676791
vt 0.279066 0.001707
vt 0.330844 0.271426
vt 0.292860 0.001707
vt 0.338481 0.326491
vt 0.181893 0.442810
vt 0.791063 0.365241
vt 0.799125 0.369866
vt 0.782937 0.381316
vt 0.001706 0.720316
vt 0.124359 0.761392
vt 0.548964 0.323004
vt 0.890416 0.171140
vt 0.660255 0.531373
vt 0.890416 0.109584
vt 0.890416 0.138379
vt 0.650263 0.650263
vt 0.211742 0.109584
vt 0.726544 0.109584
vt 0.769491 0.195003
vt 0.784886 0.649922
vt 0.211742 0.211742
vt 0.785377 0.212029
vt 0.109584 0.109584
vt 0.433810 0.191433
vt 0.428685 0.197632
vt 0.890416 0.620531
vt 0.325329 0.109584
vt 0.890416 0.109584
vt 0.890416 0.109584
vt 0.620531 0.620531
vt 0.109584 0.109584
vt 0.592060 0.330303
vt 0.791084 0.575243
vt 0.611944 0.611944
vt 0.716858 0.561337
vt 0.202010 0.109584
vt 0.890416 0.674671
vt 0.890416 0.890416
vt 0.287178 0.287178
vt 0.890416 0.254308
vt 0.254307 0.254307
vt 0.220819 0.109584
vt 0.193492 0.109584
vt 0.890416 0.287178
vt 0.118413 0.109584
vt 0.446000 0.109584
vt 0.890416 0.543496
vt 0.543496 0.543496
vt 0.890416 0.591128
vt 0.890416 0.890416
vt 0.890416 0.354265
vt 0.890416 0.794398
vt 0.377511 0.352263
vt 0.890416 0.121963
vt 0.890416 0.806508
vt 0.354265 0.354265
vt 0.261348 0.261348
vt 0.464361 0.261122
vt 0.890416 0.634014
vt 0.883259 0.883259
vt 0.634014 0.634014
vt 0.890416 0.550857
vt 0.554000 0.109584
vt 0.881587 0.109584
vt 0.879029 0.879029
vt 0.549558 0.473854
vt 0.512974 0.450271
vt 0.592271 0.171196
vt 0.890416 0.650263
vt 0.171140 0.171140
vt 0.181539 0.109584
vt 0.890416 0.436180
vt 0.890416 0.890416
vt 0.181539 0.181539
vt 0.726544 0.726544
vt 0.120858 0.120858
vt 0.563820 0.109584
vt 0.559682 0.388887
vt 0.890416 0.611944
vt 0.109584 0.109584
vt 0.408872 0.109584
vt 0.548075 0.450904
vt 0.220820 0.220820
vt 0.794398 0.794398
vt 0.261348 0.109584
vt 0.861311 0.109584
vt 0.890416 0.883259
vt 0.861310 0.861310
vn -1.0000 0.0000 0.0000
vn 0.0000 0.0000 -1.0000
vn 0.0000 -1.0000 0.0000
vn -0.2018 0.7865 0.5837
vn 0.1002 0.9135 0.3942
vn -0.1341 -0.1362 0.9816
vn -0.1360 -0.1382 0.9810
vn 0.8891 -0.3719 0.2669
vn 0.5604 -0.5650 -0.6055
vn 0.5726 -0.5456 -0.6119
vn 0.7689 0.3365 -0.5437
vn 0.5545 -0.5543 -0.6208
vn 0.1573 -0.3643 -0.9179
vn 0.4374 -0.3081 -0.8448
vn -0.2640 -0.4824 -0.8352
vn 0.6732 0.4165 -0.6109
vn 0.7666 0.3390 -0.5454
vn -0.2801 -0.4803 -0.8312
vn -0.2746 -0.4790 -0.8338
vn -0.4282 0.5697 -0.7015
vn -0.4269 0.5706 -0.7015
vn -0.3877 0.5779 -0.7181
vn -0.2010 0.7847 0.5864
vn 0.8888 -0.3722 0.2673
vn 0.5545 -0.5542 -0.6208
vn 0.5522 -0.5703 -0.6082
vn 0.7650 0.3401 -0.5469
usemtl Stone
s 1
f 820/1444/454 815/1445/454 819/1446/454
f 826/1447/455 823/1448/455 825/1449/455
f 812/1450/456 827/1451/456 829/1452/456
f 820/1444/454 816/1453/454 813/1454/454
f 816/1453/454 811/1455/454 813/1454/454
f 813/1454/454 814/1456/454 815/1445/454
f 820/1444/454 813/1454/454 815/1445/454
f 815/1445/454 818/1457/454 819/1446/454
f 826/1447/455 821/1458/455 823/1448/455
f 821/1458/455 822/1459/455 823/1448/455
f 823/1448/455 824/1460/455 825/1449/455
f 817/1461/456 827/1451/456 812/1450/456
f 827/1451/456 828/1462/456 829/1452/456
usemtl Dirt
s off
f 801/1463/457 784/1464/457 803/1465/457
f 780/1466/458 800/1467/458 804/1468/458
f 783/1469/459 808/1470/459 807/1471/459
f 799/1472/460 783/1473/460 782/1474/460
f 780/1475/461 810/1476/461 809/1477/461
f 810/1478/462 807/1479/462 785/1480/462
f 786/1481/463 810/1482/463 785/1483/463
f 804/1484/464 800/1485/464 809/1486/464
f 808/1487/465 798/1488/465 807/1489/465
f 785/1490/466 791/1491/466 795/1492/466
f 786/1481/467 795/1493/467 794/1494/467
f 785/1490/468 798/1495/468 791/1496/468
f 796/1497/469 802/1498/469 805/1499/469
f 805/1500/470 803/1501/470 786/1502/470
f 788/1503/471 797/1504/471 790/1505/471
f 791/1506/472 798/1507/472 788/1508/472
f 787/1509/473 789/1510/473 801/1511/473
f 792/1512/474 801/1513/474 802/1514/474
f 802/1515/475 796/1516/475 792/1517/475
f 803/1465/457 805/1518/457 801/1463/457
f 805/1518/457 802/1519/457 801/1463/457
f 801/1463/457 789/1520/457 784/1464/457
f 803/1465/457 784/1464/457 804/1521/457
f 804/1468/476 784/1522/476 781/1523/476
f 781/1523/476 780/1466/476 804/1468/476
f 807/1471/459 806/1524/459 783/1469/459
f 806/1524/459 780/1525/459 781/1526/459
f 783/1469/459 806/1524/459 781/1526/459
f 799/1472/460 808/1527/460 783/1473/460
f 809/1477/477 800/1528/477 780/1475/477
f 780/1475/461 806/1529/461 810/1476/461
f 810/1478/462 806/1530/462 807/1479/462
f 786/1481/463 809/1531/463 810/1482/463
f 809/1486/464 786/1532/464 804/1484/464
f 786/1532/464 803/1533/464 804/1484/464
f 799/1534/478 798/1488/478 808/1487/478
f 798/1488/479 785/1480/479 807/1489/479
f 786/1481/467 785/1490/467 795/1493/467
f 805/1499/480 786/1502/480 796/1497/480
f 786/1502/480 794/1535/480 796/1497/480
f 797/1536/472 788/1508/472 798/1507/472
f 788/1508/472 787/1537/472 791/1506/472
f 787/1537/472 793/1538/472 791/1506/472
f 792/1539/473 793/1540/473 801/1511/473
f 793/1540/473 787/1509/473 801/1511/473
o Neue_Welt_(10)__2547_58_-1089_to_2595_255_-1061.001_cell.088_Neue_Welt_(10)__2547_58_-1089_to_2595_255_-1061.001_cell.099
v -0.046213 -0.500000 -0.500000
v -0.148577 -0.500000 -0.158976
v -0.265762 -0.211142 -0.495923
v -0.222807 -0.179024 -0.486650
v -0.181312 -0.194776 -0.500000
v 0.046686 -0.278165 -0.500000
v -0.348476 -0.500000 -0.500000
v -0.273027 -0.236480 -0.500000
v -0.268433 -0.220501 -0.500000
v -0.200788 -0.500000 -0.166109
v -0.348002 -0.500000 -0.302797
v -0.149544 -0.462136 -0.153854
v -0.129569 -0.447457 -0.149088
v -0.017993 -0.243520 -0.236627
v -0.008030 -0.248504 -0.276705
v -0.027024 -0.259943 -0.229432
v -0.046213 -0.500000 -0.500000
v -0.046213 -0.500000 -0.500000
v -0.148577 -0.500000 -0.158976
v -0.181312 -0.194776 -0.500000
v 0.046686 -0.278165 -0.500000
v -0.348476 -0.500000 -0.500000
v -0.348476 -0.500000 -0.500000
v -0.273027 -0.236480 -0.500000
v -0.268433 -0.220501 -0.500000
v -0.348002 -0.500000 -0.302797
v -0.200788 -0.500000 -0.166109
vt 0.545521 0.001707
vt 0.771340 0.264201
vt 0.680027 0.305743
vt 0.453502 0.997813
vt 0.351587 0.658117
vt 0.299605 0.665222
vt 0.766766 0.280118
vt 0.453031 0.222678
vt 0.846458 0.001707
vt 0.153038 0.801378
vt 0.152566 0.997813
vt 0.868267 0.245287
vt 0.890416 0.197213
vt 0.890416 0.289408
vt 0.788886 0.172761
vt 0.557927 0.265929
vt 0.710592 0.109584
vt 0.890416 0.167985
vt 0.225288 0.109584
vt 0.890416 0.109584
vt 0.168718 0.109584
vt 0.167985 0.167985
vt 0.109584 0.109584
vt 0.890416 0.774712
vt 0.311622 0.109584
vt 0.311623 0.311623
vt 0.890416 0.439183
vt 0.890416 0.890416
vt 0.890416 0.109584
vt 0.439183 0.439183
vt 0.458379 0.109584
vt 0.274309 0.109584
vt 0.890416 0.831282
vt 0.890416 0.890416
vt 0.458379 0.458379
vt 0.890416 0.528079
vt 0.471921 0.109584
vt 0.274309 0.274309
vt 0.109584 0.109584
vt 0.811563 0.131830
vt 0.506275 0.231123
vt 0.514749 0.216365
vt 0.802787 0.109584
vt 0.796191 0.427065
vt 0.772717 0.657540
vt 0.436412 0.321376
vt 0.359410 0.303519
vt 0.564180 0.528345
vn 0.0000 0.0000 -1.0000
vn 0.0000 -1.0000 0.0000
vn -0.1341 -0.1362 0.9816
vn 0.8891 -0.3719 0.2669
vn -0.9614 0.2753 0.0023
vn -0.9611 0.2763 -0.0047
vn -0.5617 0.5644 0.6050
vn -0.5601 0.5656 0.6053
vn -0.5570 0.5706 0.6035
vn -0.1258 0.4261 -0.8959
vn 0.3369 0.9410 -0.0333
vn 0.3432 0.9384 -0.0405
vn 0.8890 -0.3718 0.2672
vn 0.8891 -0.3717 0.2673
vn 0.8888 -0.3722 0.2672
vn -0.5570 0.5707 0.6035
vn -0.1260 0.4270 -0.8954
vn 0.3432 0.9384 -0.0406
usemtl Stone
s 1
f 847/1541/481 853/1542/481 849/1543/481
f 846/1544/482 848/1545/482 856/1546/482
f 854/1547/481 849/1543/481 853/1542/481
f 849/1543/481 850/1548/481 847/1541/481
f 847/1541/481 851/1549/481 853/1542/481
f 856/1546/482 855/1550/482 846/1544/482
f 855/1550/482 852/1551/482 846/1544/482
usemtl Dirt
s off
f 841/1552/483 831/1553/483 842/1554/483
f 830/1555/484 844/1556/484 842/1557/484
f 837/1558/485 840/1559/485 832/1560/485
f 838/1561/486 837/1562/486 832/1563/486
f 840/1564/487 841/1565/487 832/1560/487
f 841/1566/488 845/1567/488 832/1568/488
f 833/1569/489 845/1570/489 843/1571/489
f 832/1568/490 834/1572/490 838/1573/490
f 833/1574/491 843/1575/491 844/1576/491
f 844/1577/492 834/1578/492 833/1579/492
f 841/1552/483 839/1580/483 831/1553/483
f 844/1556/493 843/1581/493 845/1582/493
f 845/1582/494 842/1557/494 844/1556/494
f 842/1557/484 831/1583/484 830/1555/484
f 830/1555/495 835/1584/495 844/1556/495
f 837/1558/485 836/1585/485 840/1559/485
f 840/1564/487 839/1586/487 841/1565/487
f 841/1566/488 842/1587/488 845/1567/488
f 833/1569/496 832/1568/496 845/1570/496
f 832/1568/497 833/1579/497 834/1572/497
f 844/1577/498 835/1588/498 834/1578/498
