# Blender v2.91.0 OBJ File: 'physics_test.blend'
# www.blender.org
mtllib physics_shattered_lots_5.mtl
o Neue_Welt_(10)__2547_58_-1089_to_2595_255_-1061.001_cell.063_Neue_Welt_(10)__2547_58_-1089_to_2595_255_-1061.001_cell.074
v 0.499897 0.500000 0.499965
v 0.073515 0.003773 -0.111829
v 0.075861 0.009857 -0.114159
v 0.286650 0.249328 -0.201113
v 0.043394 -0.063450 0.499965
v 0.001931 -0.065984 0.499965
v 0.499897 -0.034863 0.499965
v 0.177808 0.500000 0.499965
v 0.228085 0.500000 -0.114826
v 0.353361 0.500000 -0.158822
v 0.499896 0.500000 -0.184905
v 0.275207 0.500000 -0.144832
v 0.250973 0.500000 -0.129533
v 0.499896 0.015780 0.019653
v 0.499896 0.354436 -0.216544
v 0.499896 0.409615 -0.204606
v 0.499896 0.022335 -0.041687
v 0.499897 0.500000 0.499965
v 0.499897 0.500000 0.499965
v 0.177808 0.500000 0.499965
v 0.177808 0.500000 0.499965
v 0.001931 -0.065984 0.499965
v 0.043394 -0.063450 0.499965
v 0.499897 -0.034863 0.499965
v 0.499897 -0.034863 0.499965
v 0.228085 0.500000 -0.114826
v 0.499896 0.500000 -0.184905
v 0.499896 0.500000 -0.184905
v 0.353361 0.500000 -0.158822
v 0.275207 0.500000 -0.144832
v 0.250973 0.500000 -0.129533
v 0.499896 0.015780 0.019653
v 0.499896 0.022335 -0.041687
v 0.499896 0.354436 -0.216544
v 0.499896 0.409615 -0.204606
vt 0.676642 0.997813
vt 0.542818 0.436557
vt 0.997317 0.465033
vt 0.613799 0.272460
vt 0.001706 0.001707
vt 0.657601 0.147672
vt 0.703185 0.907781
vt 0.001706 0.997813
vt 0.479910 0.515479
vt 0.997317 0.997813
vt 0.501537 0.434033
vt 0.643673 0.225521
vt 0.628441 0.249661
vt 0.001706 0.322541
vt 0.683570 0.001707
vt 0.683570 0.997813
vt 0.001706 0.465033
vt 0.540980 0.522009
vt 0.715070 0.852816
vt 0.109584 0.109584
vt 0.890416 0.109584
vt 0.890416 0.890416
vt 0.890416 0.192148
vt 0.109584 0.109584
vt 0.742770 0.109584
vt 0.109584 0.109584
vt 0.890416 0.180616
vt 0.890416 0.823795
vt 0.180616 0.180616
vt 0.823769 0.179857
vt 0.823795 0.823795
vt 0.182433 0.109584
vt 0.890416 0.109584
vt 0.238570 0.109584
vt 0.890416 0.759629
vt 0.890416 0.817567
vt 0.759629 0.759629
vt 0.336537 0.109584
vt 0.750085 0.109584
vt 0.890416 0.257230
vt 0.336537 0.336537
vt 0.749116 0.336637
vt 0.750085 0.750085
vt 0.890416 0.109584
vt 0.179529 0.120414
vt 0.181623 0.109584
vt 0.831694 0.831694
vt 0.807852 0.109584
vt 0.890416 0.890416
vt 0.238570 0.238570
vt 0.890416 0.831694
vn 0.0000 0.0000 1.0000
vn 0.0000 1.0000 0.0000
vn 1.0000 0.0000 0.0000
vn 0.0372 -0.3698 -0.9284
vn 0.1634 -0.4596 -0.8730
vn 0.0607 -0.9925 -0.1061
vn 0.0622 -0.9926 -0.1047
vn -0.9387 0.2913 -0.1846
vn -0.5267 0.1633 -0.8342
vn -0.5335 0.1612 -0.8303
vn -0.1723 0.2083 -0.9628
vn -0.1713 0.2098 -0.9626
vn -0.9520 0.2961 -0.0779
vn 0.1636 -0.4594 -0.8730
vn -0.5289 0.1631 -0.8329
vn -0.9521 0.2959 -0.0777
usemtl Stone
s 1
f 20/1/1 23/2/1 24/3/1
f 9/4/2 19/5/2 29/6/2
f 35/7/3 1/8/3 32/9/3
f 24/3/1 18/10/1 20/1/1
f 20/1/1 22/11/1 23/2/1
f 30/12/2 31/13/2 29/6/2
f 31/13/2 9/4/2 29/6/2
f 9/4/2 21/14/2 19/5/2
f 19/5/2 27/15/2 29/6/2
f 35/7/3 28/16/3 1/8/3
f 1/8/3 25/17/3 32/9/3
f 32/9/3 33/18/3 34/19/3
f 34/19/3 35/7/3 32/9/3
usemtl Dirt
s off
f 3/20/4 4/21/4 2/22/4
f 17/23/5 4/24/5 15/25/5
f 2/26/6 14/27/6 5/28/6
f 14/29/7 7/30/7 5/31/7
f 26/32/8 3/33/8 2/22/8
f 12/34/9 4/21/9 13/35/9
f 4/24/10 26/36/10 13/37/10
f 10/38/11 16/39/11 15/40/11
f 10/41/12 11/42/12 16/43/12
f 2/44/13 8/45/13 26/46/13
f 17/23/14 2/22/14 4/24/14
f 5/28/6 6/47/6 2/26/6
f 2/26/6 17/48/6 14/27/6
f 4/24/15 3/33/15 26/36/15
f 15/40/11 4/49/11 10/38/11
f 4/49/11 12/50/11 10/38/11
f 2/44/16 6/51/16 8/45/16
o Neue_Welt_(10)__2547_58_-1089_to_2595_255_-1061.001_cell.065_Neue_Welt_(10)__2547_58_-1089_to_2595_255_-1061.001_cell.076
v -0.500103 0.500000 -0.500035
v 0.254105 0.244701 -0.229412
v 0.025153 -0.015585 -0.143395
v -0.197261 0.039630 -0.114431
v 0.048579 0.011160 -0.145363
v -0.500103 0.253750 -0.070672
v -0.500103 0.478207 -0.062394
v -0.500103 0.500000 -0.061622
v -0.500103 0.039369 -0.489047
v -0.500103 0.088317 -0.225678
v -0.500103 0.037354 -0.500035
v 0.146288 0.129449 -0.500035
v -0.056605 -0.062827 -0.500035
v -0.030674 -0.068643 -0.500035
v 0.113839 0.092845 -0.500035
v 0.141001 0.165077 -0.500035
v 0.090643 0.500000 -0.500035
v 0.199435 0.500000 -0.145938
v 0.175811 0.500000 -0.143073
v 0.227354 0.500000 -0.205294
v 0.242526 0.500000 -0.172426
v -0.500103 0.500000 -0.061622
v -0.500103 0.500000 -0.061622
v -0.500103 0.500000 -0.500035
v -0.500103 0.500000 -0.500035
v -0.500103 0.037354 -0.500035
v -0.500103 0.037354 -0.500035
v -0.500103 0.039369 -0.489047
v -0.500103 0.088317 -0.225678
v -0.500103 0.253750 -0.070672
v -0.500103 0.478207 -0.062394
v 0.113839 0.092845 -0.500035
v -0.030674 -0.068643 -0.500035
v -0.056605 -0.062827 -0.500035
v 0.090643 0.500000 -0.500035
v 0.090643 0.500000 -0.500035
v 0.141001 0.165077 -0.500035
v 0.146288 0.129449 -0.500035
v 0.199435 0.500000 -0.145938
v 0.242526 0.500000 -0.172426
v 0.227354 0.500000 -0.205294
v 0.175811 0.500000 -0.143073
vt 0.429184 0.752522
vt 0.437426 0.976106
vt 0.001706 0.997813
vt 0.359027 0.664194
vt 0.555765 0.437178
vt 0.997317 0.997813
vt 0.641921 0.324530
vt 0.644943 0.299669
vt 0.703869 0.273189
vt 0.438195 0.997813
vt 0.001706 0.536969
vt 0.012646 0.538976
vt 0.274859 0.587734
vt 0.353763 0.628705
vt 0.386070 0.592244
vt 0.529948 0.431384
vt 0.997317 0.536969
vt 0.409164 0.997813
vt 0.671146 0.258076
vt 0.997317 0.409367
vt 0.997317 0.997813
vt 0.560828 0.997813
vt 0.109584 0.109584
vt 0.890416 0.109584
vt 0.890416 0.890416
vt 0.890416 0.780331
vt 0.198800 0.109584
vt 0.890416 0.109584
vt 0.779769 0.109584
vt 0.780331 0.780331
vt 0.109584 0.109584
vt 0.780677 0.109584
vt 0.779769 0.779769
vt 0.890416 0.780371
vt 0.219323 0.109584
vt 0.780371 0.780371
vt 0.813902 0.109584
vt 0.813706 0.798367
vt 0.890416 0.802003
vt 0.109584 0.109584
vt 0.890416 0.210264
vt 0.802003 0.802003
vt 0.210264 0.210264
vt 0.801976 0.210559
vt 0.890416 0.794156
vt 0.109584 0.109584
vt 0.794842 0.109584
vt 0.794156 0.794156
vt 0.890416 0.801200
vt 0.794842 0.794842
vt 0.890416 0.186098
vt 0.821371 0.109584
vt 0.821371 0.821371
vt 0.890416 0.109584
vt 0.890416 0.109584
vt 0.817944 0.817944
vt 0.876836 0.786448
vt 0.762448 0.762448
vt 0.768344 0.109584
vt 0.768344 0.768344
vt 0.890416 0.890416
vt 0.890416 0.762448
vn -1.0000 0.0000 0.0000
vn 0.0000 0.0000 -1.0000
vn 0.0000 1.0000 0.0000
vn 0.7526 -0.6584 0.0109
vn -0.2169 -0.9602 0.1760
vn -0.2197 -0.9591 0.1783
vn -0.3536 -0.6396 0.6826
vn 0.1175 -0.0366 0.9924
vn 0.1196 -0.0352 0.9922
vn 0.8998 0.1335 -0.4154
vn 0.8988 0.1351 -0.4169
vn 0.7482 -0.6633 -0.0156
vn 0.7451 -0.6668 -0.0174
vn -0.2154 -0.9604 0.1766
vn 0.1203 -0.0358 0.9921
vn 0.1265 -0.0379 0.9912
vn 0.5247 -0.1609 0.8359
vn 0.5166 -0.1641 0.8404
usemtl Stone
s 1
f 65/52/17 66/53/17 59/54/17
f 72/55/18 69/56/18 60/57/18
f 77/58/19 74/59/19 76/60/19
f 66/53/17 57/61/17 59/54/17
f 59/54/17 61/62/17 63/63/17
f 63/63/17 64/64/17 59/54/17
f 64/64/17 65/52/17 59/54/17
f 73/65/18 67/66/18 72/55/18
f 67/66/18 68/67/18 69/56/18
f 69/56/18 62/68/18 60/57/18
f 60/57/18 70/69/18 72/55/18
f 67/66/18 69/56/18 72/55/18
f 74/59/19 75/70/19 76/60/19
f 76/60/19 71/71/19 77/58/19
f 71/71/19 36/72/19 58/73/19
f 77/58/19 71/71/19 58/73/19
usemtl Dirt
s off
f 40/74/20 38/75/20 37/76/20
f 44/77/21 48/78/21 39/79/21
f 45/80/22 44/81/22 39/82/22
f 39/82/23 41/83/23 45/84/23
f 39/79/24 42/85/24 41/86/24
f 42/87/25 54/88/25 43/89/25
f 55/90/26 37/91/26 51/92/26
f 55/93/27 51/94/27 52/95/27
f 50/96/28 37/91/28 38/75/28
f 38/97/29 49/98/29 50/99/29
f 38/97/30 48/100/30 49/101/30
f 54/102/31 38/97/31 53/103/31
f 53/104/32 38/97/32 40/105/32
f 37/106/33 53/107/33 40/74/33
f 44/77/21 46/108/21 48/78/21
f 42/87/25 39/82/25 54/88/25
f 56/109/26 37/91/26 55/90/26
f 37/91/26 47/110/26 51/92/26
f 50/96/28 47/111/28 37/91/28
f 38/97/30 39/79/30 48/100/30
f 54/102/31 39/112/31 38/97/31
f 37/106/34 56/113/34 53/107/34
o Neue_Welt_(10)__2547_58_-1089_to_2595_255_-1061.001_cell.066_Neue_Welt_(10)__2547_58_-1089_to_2595_255_-1061.001_cell.077
v 0.499896 0.500000 -0.500035
v 0.290541 0.267251 -0.239939
v 0.186462 0.156837 -0.500035
v 0.499896 0.315562 -0.500035
v 0.181205 0.191144 -0.500035
v 0.134442 0.500000 -0.500035
v 0.279489 0.500000 -0.187031
v 0.499896 0.500000 -0.226760
v 0.263732 0.500000 -0.220902
v 0.499896 0.370819 -0.254978
v 0.499896 0.317873 -0.489620
v 0.186462 0.156837 -0.500035
v 0.181205 0.191144 -0.500035
v 0.134442 0.500000 -0.500035
v 0.134442 0.500000 -0.500035
v 0.499896 0.500000 -0.500035
v 0.499896 0.500000 -0.500035
v 0.499896 0.315562 -0.500035
v 0.499896 0.315562 -0.500035
v 0.279489 0.500000 -0.187031
v 0.499896 0.500000 -0.226760
v 0.499896 0.500000 -0.226760
v 0.263732 0.500000 -0.220902
v 0.499896 0.370819 -0.254978
v 0.499896 0.317873 -0.489620
vt 0.365557 0.997813
vt 0.001706 0.997813
vt 0.001706 0.814094
vt 0.997317 0.001707
vt 0.997317 0.365739
vt 0.719409 0.236952
vt 0.997317 0.997813
vt 0.753335 0.869136
vt 0.986947 0.816396
vt 0.313764 0.655986
vt 0.318999 0.690161
vt 0.685686 0.221256
vt 0.725241 0.001707
vt 0.997317 0.814094
vt 0.725241 0.997813
vt 0.890416 0.109584
vt 0.890416 0.739299
vt 0.260371 0.109584
vt 0.763866 0.109584
vt 0.739299 0.739299
vt 0.109584 0.109584
vt 0.890416 0.203888
vt 0.890416 0.785579
vt 0.785579 0.785579
vt 0.203888 0.203888
vt 0.785537 0.203968
vt 0.752174 0.752174
vt 0.739629 0.109584
vt 0.637409 0.252718
vt 0.765522 0.747785
vt 0.763866 0.763866
vt 0.752174 0.109584
vn 0.0000 0.0000 -1.0000
vn 0.0000 1.0000 0.0000
vn 1.0000 0.0000 0.0000
vn 0.4461 -0.8731 0.1970
vn 0.4432 -0.8751 0.1942
vn -0.8981 -0.1376 0.4178
vn -0.8989 -0.1361 0.4164
vn 0.1734 -0.2102 0.9622
vn 0.1732 -0.2105 0.9621
usemtl Stone
s 1
f 91/114/35 93/115/35 95/116/35
f 94/117/36 92/118/36 100/119/36
f 78/120/37 101/121/37 102/122/37
f 95/116/35 89/123/35 90/124/35
f 90/124/35 91/114/35 95/116/35
f 100/119/36 97/125/36 98/126/36
f 98/126/36 94/117/36 100/119/36
f 102/122/37 96/127/37 78/120/37
f 78/120/37 99/128/37 101/121/37
usemtl Dirt
s off
f 79/129/38 88/130/38 87/131/38
f 80/132/39 88/133/39 79/134/39
f 79/134/40 86/135/40 82/136/40
f 82/137/41 86/138/41 83/139/41
f 84/140/42 87/141/42 85/142/42
f 80/132/39 81/143/39 88/133/39
f 82/136/40 80/144/40 79/134/40
f 79/134/40 84/145/40 86/135/40
f 84/140/43 79/134/43 87/141/43
o Neue_Welt_(10)__2547_58_-1089_to_2595_255_-1061.001_cell.067_Neue_Welt_(10)__2547_58_-1089_to_2595_255_-1061.001_cell.078
v -0.500104 -0.500000 -0.500035
v -0.167053 -0.006754 -0.104519
v -0.067314 -0.098778 -0.035888
v 0.015154 -0.054769 -0.141774
v 0.001735 -0.049466 -0.126814
v -0.500103 -0.500000 0.001552
v -0.500104 -0.004233 -0.500035
v -0.500104 -0.002720 -0.491807
v -0.500103 0.045768 -0.226922
v 0.049588 -0.488985 -0.500035
v -0.039851 -0.108819 -0.500035
v 0.052171 -0.500000 -0.500035
v -0.480991 -0.008551 -0.500035
v -0.143168 -0.500000 0.109134
v 0.099133 -0.500000 -0.183723
v 0.109328 -0.500000 -0.196081
v -0.500104 -0.500000 -0.500035
v -0.500104 -0.500000 -0.500035
v -0.500103 -0.500000 0.001552
v -0.500103 -0.500000 0.001552
v -0.500103 0.045768 -0.226922
v -0.500104 -0.002720 -0.491807
v -0.500104 -0.004233 -0.500035
v -0.500104 -0.004233 -0.500035
v -0.480991 -0.008551 -0.500035
v -0.039851 -0.108819 -0.500035
v 0.049588 -0.488985 -0.500035
v 0.052171 -0.500000 -0.500035
v 0.052171 -0.500000 -0.500035
v -0.143168 -0.500000 0.109134
v 0.109328 -0.500000 -0.196081
v 0.099133 -0.500000 -0.183723
vt 0.009899 0.497051
vt 0.001706 0.001707
vt 0.273621 0.545350
vt 0.539084 0.391365
vt 0.450038 0.012679
vt 0.997317 0.001707
vt 0.997317 0.447690
vt 0.694697 0.390755
vt 0.682393 0.400910
vt 0.001706 0.495544
vt 0.501091 0.001707
vt 0.447467 0.001707
vt 0.997317 0.495544
vt 0.978289 0.491242
vt 0.390822 0.642268
vt 0.497932 0.997813
vt 0.997317 0.997813
vt 0.109584 0.109584
vt 0.890416 0.109584
vt 0.890416 0.890416
vt 0.109584 0.109584
vt 0.890416 0.109584
vt 0.890416 0.109584
vt 0.890416 0.890416
vt 0.196320 0.109584
vt 0.890416 0.109584
vt 0.890416 0.803957
vt 0.791525 0.726500
vt 0.803957 0.803957
vt 0.109584 0.109584
vt 0.788237 0.788237
vt 0.109584 0.109584
vt 0.788530 0.109584
vt 0.890416 0.794971
vt 0.788530 0.788530
vt 0.794207 0.109584
vt 0.794971 0.794971
vt 0.205193 0.109584
vt 0.890416 0.811386
vt 0.208209 0.129959
vt 0.890416 0.803680
vt 0.890416 0.890416
vt 0.205193 0.205193
vt 0.890416 0.205793
vt 0.890416 0.788237
vt 0.826586 0.800798
vt 0.811386 0.811386
vn -1.0000 0.0000 0.0000
vn 0.0000 0.0000 -1.0000
vn 0.0000 -1.0000 0.0000
vn 0.7595 0.1165 0.6400
vn 0.2692 0.7460 0.6091
vn 0.2256 0.9642 -0.1395
vn 0.7677 0.0844 0.6352
vn -0.2679 0.3719 0.8888
vn 0.2161 0.9604 -0.1758
vn 0.2169 0.9601 -0.1765
vn 0.2181 0.9595 -0.1782
vn 0.9577 0.2245 -0.1801
vn 0.7686 0.0852 0.6340
vn 0.9574 0.2252 -0.1810
vn -0.2681 0.3721 0.8886
vn -0.2679 0.3720 0.8887
usemtl Stone
s 1
f 124/146/44 119/147/44 123/148/44
f 128/149/45 129/150/45 120/151/45
f 131/152/46 133/153/46 134/154/46
f 125/155/44 119/147/44 124/146/44
f 119/147/44 121/156/44 123/148/44
f 130/157/45 120/151/45 129/150/45
f 120/151/45 126/158/45 127/159/45
f 128/149/45 120/151/45 127/159/45
f 134/154/46 132/160/46 122/161/46
f 122/161/46 103/162/46 134/154/46
f 103/162/46 131/152/46 134/154/46
usemtl Dirt
s off
f 106/163/47 107/164/47 105/165/47
f 107/166/48 104/167/48 105/165/48
f 107/166/49 106/168/49 104/169/49
f 117/170/50 105/171/50 116/172/50
f 108/173/51 116/174/51 105/175/51
f 111/176/52 104/177/52 110/178/52
f 104/177/53 115/179/53 110/180/53
f 106/163/54 113/181/54 115/182/54
f 112/183/55 118/184/55 114/185/55
f 117/186/56 106/163/56 105/171/56
f 106/187/57 112/188/57 113/189/57
f 105/175/58 104/167/58 108/173/58
f 104/167/59 111/190/59 108/173/59
f 106/168/53 115/179/53 104/177/53
f 115/179/53 109/191/53 110/180/53
f 112/183/55 106/168/55 118/184/55
f 117/186/56 118/192/56 106/163/56
o Neue_Welt_(10)__2547_58_-1089_to_2595_255_-1061.001_cell.064_ce_Neue_Welt_(10)__2547_58_-1089_to_2595_255_-1061.001_cell.087
v -0.153543 0.295774 0.269766
v -0.278593 0.113384 0.282158
v -0.186260 0.072921 0.059790
v -0.041804 -0.073744 0.474261
v -0.085657 -0.102628 0.464613
v -0.009646 -0.039051 0.108369
v -0.046330 -0.064260 0.129194
v -0.115664 -0.120986 0.419191
v 0.003374 -0.029957 0.100885
v -0.149951 -0.104626 0.394010
v -0.252581 -0.016458 0.346690
v -0.229909 0.031595 0.091755
v -0.155275 -0.031550 0.122349
v -0.302113 0.044720 0.250655
v 0.035143 0.056049 0.041954
v 0.011975 -0.006678 0.084909
v 0.097149 0.319525 0.288761
v 0.114908 0.395184 0.359958
v -0.145187 -0.040026 0.126447
v -0.124525 -0.126364 0.405809
v -0.084949 -0.090670 0.151035
vt 0.109584 0.109584
vt 0.890416 0.109584
vt 0.890416 0.890416
vt 0.109584 0.109584
vt 0.890416 0.890416
vt 0.890416 0.799475
vt 0.266241 0.109584
vt 0.613990 0.109584
vt 0.799475 0.799475
vt 0.360922 0.360922
vt 0.870059 0.353566
vt 0.595211 0.334170
vt 0.890416 0.359633
vt 0.691986 0.487859
vt 0.666551 0.126405
vt 0.719998 0.181496
vt 0.449786 0.294037
vt 0.696940 0.696940
vt 0.359633 0.359633
vt 0.435753 0.356182
vt 0.890416 0.733759
vt 0.335723 0.335723
vt 0.890416 0.386010
vt 0.634447 0.109584
vt 0.519386 0.519386
vt 0.109584 0.109584
vt 0.796085 0.470180
vt 0.736926 0.362300
vt 0.890416 0.384304
vt 0.890416 0.109584
vt 0.593193 0.593193
vt 0.419826 0.351686
vt 0.109584 0.109584
vt 0.890416 0.365553
vt 0.890416 0.109584
vt 0.684627 0.684627
vt 0.625419 0.109584
vt 0.890416 0.109584
vt 0.631438 0.631438
vt 0.559102 0.559102
vt 0.118030 0.109584
vt 0.673685 0.458154
vt 0.755074 0.223264
vt 0.648570 0.648570
vt 0.890416 0.890416
vt 0.890416 0.360922
vt 0.535890 0.433550
vt 0.744451 0.261435
vt 0.890416 0.696940
vt 0.376527 0.270185
vt 0.200042 0.109584
vt 0.646371 0.109584
vt 0.890416 0.335723
vt 0.890416 0.690092
vt 0.690092 0.690092
vt 0.675080 0.249162
vt 0.890416 0.593193
vt 0.817577 0.508966
vt 0.684627 0.109584
vt 0.890416 0.519386
vt 0.384304 0.384304
vt 0.648570 0.109584
vt 0.810497 0.544295
vt 0.753456 0.547741
vt 0.559102 0.109584
vn -0.7656 0.4971 -0.4083
vn -0.4101 0.3387 0.8468
vn 0.5544 -0.8317 -0.0301
vn 0.5610 -0.8273 -0.0291
vn -0.5837 -0.7869 -0.2002
vn 0.9515 -0.2976 0.0786
vn -0.5811 -0.7887 -0.2008
vn 0.5523 -0.8331 -0.0309
vn -0.0066 0.6845 -0.7290
vn -0.1079 -0.5351 -0.8379
vn -0.1082 -0.5342 -0.8384
vn -0.0100 0.6865 -0.7271
vn -0.7956 0.4557 -0.3992
vn -0.8673 0.0711 0.4926
vn -0.6585 -0.4380 0.6120
vn -0.4109 0.3432 0.8446
vn 0.9511 -0.2984 0.0798
vn 0.9511 -0.2983 0.0801
vn -0.7673 0.4944 -0.4085
vn -0.4176 0.3400 0.8426
vn -0.4143 0.3481 0.8409
usemtl Dirt
s off
f 136/193/60 135/194/60 137/195/60
f 145/196/61 135/194/61 136/197/61
f 138/198/62 142/199/62 141/200/62
f 138/201/63 140/202/63 143/203/63
f 148/204/64 147/205/64 145/206/64
f 150/207/65 149/208/65 151/209/65
f 144/210/66 147/211/66 153/212/66
f 142/213/67 155/214/67 141/215/67
f 151/216/68 149/217/68 137/218/68
f 140/219/69 141/220/69 153/221/69
f 137/222/70 150/223/70 147/224/70
f 135/225/71 151/226/71 137/195/71
f 136/227/72 146/228/72 148/229/72
f 145/230/73 136/197/73 148/231/73
f 139/232/74 145/233/74 144/234/74
f 138/235/75 152/236/75 135/237/75
f 141/200/62 140/238/62 138/198/62
f 138/198/62 139/239/62 142/199/62
f 146/240/64 147/205/64 148/204/64
f 147/205/64 144/241/64 145/206/64
f 151/209/76 152/242/76 138/243/76
f 138/243/77 143/244/77 151/209/77
f 143/244/65 150/207/65 151/209/65
f 153/212/66 155/245/66 144/210/66
f 155/245/66 154/246/66 144/210/66
f 142/213/67 154/247/67 155/214/67
f 141/220/69 155/248/69 153/221/69
f 153/221/69 150/249/69 140/219/69
f 150/249/69 143/250/69 140/219/69
f 146/251/70 137/222/70 147/224/70
f 137/222/70 149/252/70 150/223/70
f 147/224/70 150/223/70 153/253/70
f 135/225/71 152/254/71 151/226/71
f 136/227/78 137/195/78 146/228/78
f 154/255/74 142/256/74 144/234/74
f 142/256/74 139/232/74 144/234/74
f 135/237/79 145/196/79 138/235/79
f 145/196/80 139/257/80 138/235/80
o Neue_Welt_(10)__2547_58_-1089_to_2595_255_-1061.001_cell.06_Neue_Welt_(10)__2547_58_-1089_to_2595_255_-1061.001_cell.088
v -0.139152 -0.139555 0.499965
v -0.134976 -0.136786 0.499965
v -0.147875 -0.133127 0.499965
v -0.262617 -0.048016 0.499965
v -0.110522 -0.120485 0.499965
v -0.126746 -0.130053 0.465545
v -0.110416 -0.120061 0.490205
v -0.207479 -0.069085 0.422037
v -0.148869 -0.119488 0.449261
v -0.260989 -0.045992 0.487265
v -0.132466 -0.133525 0.456928
v -0.147875 -0.133127 0.499965
v -0.139152 -0.139555 0.499965
v -0.134976 -0.136786 0.499965
v -0.110522 -0.120485 0.499965
v -0.262617 -0.048016 0.499965
vt 0.389962 0.380005
vt 0.238150 0.451931
vt 0.352388 0.367152
vt 0.361073 0.360749
vt 0.365231 0.363506
vt 0.169382 0.109584
vt 0.357360 0.285776
vt 0.363328 0.303440
vt 0.890416 0.828499
vt 0.671649 0.599152
vt 0.777372 0.637178
vt 0.828498 0.828498
vt 0.890416 0.761194
vt 0.890416 0.821055
vt 0.821055 0.821055
vt 0.890416 0.789344
vt 0.890416 0.830618
vt 0.786391 0.529104
vt 0.890416 0.607406
vt 0.791971 0.599668
vt 0.653466 0.607088
vt 0.607406 0.607406
vt 0.286295 0.286295
vt 0.210656 0.109584
vt 0.890416 0.765542
vt 0.668169 0.606263
vt 0.765542 0.765542
vt 0.761194 0.761194
vt 0.757639 0.596886
vt 0.890416 0.286295
vt 0.594431 0.109584
vt 0.654362 0.109584
vn 0.0000 0.0000 1.0000
vn 0.5544 -0.8317 -0.0301
vn -0.5837 -0.7869 -0.2002
vn -0.5811 -0.7887 -0.2008
vn 0.5523 -0.8331 -0.0309
vn 0.6592 0.4355 -0.6130
vn 0.4403 0.8968 0.0437
vn 0.5837 0.7869 0.2002
vn 0.4294 0.9011 0.0602
usemtl Stone
s 1
f 170/258/81 171/259/81 167/260/81
f 168/261/81 169/262/81 167/260/81
f 169/262/81 170/258/81 167/260/81
usemtl Dirt
s off
f 157/263/82 162/264/82 160/265/82
f 158/266/83 165/267/83 163/268/83
f 158/269/84 166/270/84 156/271/84
f 156/272/85 161/273/85 157/274/85
f 164/275/86 162/276/86 161/277/86
f 160/278/87 162/279/87 163/280/87
f 157/263/82 161/281/82 162/264/82
f 163/268/83 164/282/83 158/266/83
f 158/266/83 159/283/83 165/267/83
f 158/269/84 164/284/84 166/270/84
f 156/272/85 166/285/85 161/273/85
f 161/277/86 166/286/86 164/275/86
f 164/275/86 163/287/86 162/276/86
f 163/280/88 165/288/88 159/289/88
f 159/289/89 160/278/89 163/280/89
o Neue_Welt_(10)__2547_58_-1089_to_2595_255_-1061.001_cell.068_Neue_Welt_(10)__2547_58_-1089_to_2595_255_-1061.001_cell.089
v -0.500103 0.128141 0.499965
v -0.312582 0.114835 0.304215
v -0.390061 0.475852 0.499965
v -0.378184 0.420290 0.499965
v -0.500103 0.462409 0.499965
v -0.416073 0.473590 0.499965
v -0.285715 -0.015526 0.499965
v -0.295192 -0.023853 0.499965
v -0.500103 0.168389 0.341987
v -0.459683 0.142520 0.325761
v -0.482456 0.157155 0.334665
v -0.285888 -0.012443 0.428001
v -0.332674 0.060836 0.276401
v -0.289942 0.008529 0.357401
v -0.289089 0.004437 0.370996
v -0.295192 -0.023853 0.499965
v -0.285715 -0.015526 0.499965
v -0.378184 0.420290 0.499965
v -0.390061 0.475852 0.499965
v -0.416073 0.473590 0.499965
v -0.500103 0.462409 0.499965
v -0.500103 0.462409 0.499965
v -0.500103 0.128141 0.499965
v -0.500103 0.128141 0.499965
v -0.500103 0.168389 0.341987
vt 0.001706 0.960369
vt 0.001706 0.627402
vt 0.123134 0.918444
vt 0.840032 0.667494
vt 0.997317 0.627402
vt 0.997317 0.960369
vt 0.205718 0.476000
vt 0.215182 0.484314
vt 0.111281 0.973770
vt 0.080508 0.971070
vt 0.208176 0.146290
vt 0.287944 0.180417
vt 0.620194 0.451517
vt 0.890416 0.190385
vt 0.890416 0.540026
vt 0.475506 0.109584
vt 0.313541 0.313541
vt 0.109584 0.109584
vt 0.775526 0.109584
vt 0.890416 0.290610
vt 0.890416 0.870546
vt 0.290610 0.290610
vt 0.890416 0.629394
vt 0.870546 0.870546
vt 0.629394 0.629394
vt 0.323586 0.323586
vt 0.361197 0.323469
vt 0.782770 0.512558
vt 0.890416 0.190842
vt 0.890416 0.524494
vt 0.890416 0.109584
vt 0.890416 0.313541
vt 0.540027 0.540027
vt 0.624926 0.503750
vt 0.605073 0.543169
vt 0.208600 0.135342
vt 0.243250 0.154758
vt 0.537334 0.319092
vt 0.618887 0.439040
vt 0.775526 0.775526
vt 0.757223 0.109584
vt 0.890416 0.323586
vt 0.472258 0.201891
vt 0.190385 0.190385
vt 0.242777 0.109584
vn 0.0000 0.0000 1.0000
vn -1.0000 0.0000 0.0000
vn -0.5837 -0.7868 -0.2004
vn -0.0429 0.4696 -0.8818
vn 0.8646 -0.0651 -0.4982
vn 0.9779 0.2090 0.0015
vn 0.9782 0.2075 0.0065
vn 0.6597 -0.7508 -0.0338
vn -0.0639 0.4726 -0.8790
vn -0.0408 0.4695 -0.8820
vn -0.5837 -0.7869 -0.2002
vn -0.5839 -0.7867 -0.2004
vn -0.5838 -0.7868 -0.2001
vn -0.5838 -0.7868 -0.2002
vn -0.0629 0.4724 -0.8792
usemtl Stone
s 1
f 192/290/90 194/291/90 189/292/90
f 196/293/91 195/294/91 193/295/91
f 194/291/90 187/296/90 188/297/90
f 188/297/90 189/292/90 194/291/90
f 189/292/90 190/298/90 191/299/90
f 192/290/90 189/292/90 191/299/90
usemtl Dirt
s off
f 172/300/92 181/301/92 186/302/92
f 177/303/93 181/304/93 182/305/93
f 184/306/94 173/307/94 185/308/94
f 173/307/95 175/309/95 186/310/95
f 175/311/96 183/312/96 186/313/96
f 183/314/97 178/315/97 179/316/97
f 180/317/98 177/318/98 182/319/98
f 173/320/99 184/321/99 181/322/99
f 186/302/100 183/323/100 172/300/100
f 183/323/100 179/324/100 172/300/100
f 172/300/101 180/325/101 182/326/101
f 181/301/101 172/300/101 182/326/101
f 181/301/102 184/327/102 185/328/102
f 185/328/103 186/302/103 181/301/103
f 186/310/95 185/329/95 173/307/95
f 173/307/95 174/330/95 175/309/95
f 175/311/96 178/331/96 183/312/96
f 180/317/104 176/332/104 177/318/104
f 177/333/99 174/334/99 181/322/99
f 174/334/99 173/320/99 181/322/99
o Neue_Welt_(10)__2547_58_-1089_to_2595_255_-1061.001_cell.070_Neue_Welt_(10)__2547_58_-1089_to_2595_255_-1061.001_cell.079
v 0.185260 0.500000 -0.103840
v -0.180413 0.094320 0.024723
v -0.142868 0.348274 0.262940
v -0.141182 0.500000 0.304336
v -0.137975 0.500000 0.319937
v 0.146158 0.500000 0.376792
v -0.214184 0.500000 -0.055759
v -0.028316 0.070957 -0.093804
v 0.049800 0.064848 -0.103430
v -0.207858 0.318093 -0.063165
v -0.204290 0.217042 -0.067286
v -0.054801 0.073096 -0.090538
v -0.135248 0.079601 -0.080550
v -0.200636 0.114082 -0.071393
v 0.044698 0.077169 0.006255
v 0.070530 0.187048 0.109226
v 0.132437 0.450338 0.355469
v 0.048174 0.068547 -0.069293
v -0.199546 0.084830 -0.072305
v 0.146158 0.500000 0.376792
v 0.185260 0.500000 -0.103840
v -0.214184 0.500000 -0.055759
v -0.141182 0.500000 0.304336
v -0.137975 0.500000 0.319937
vt 0.602861 0.315118
vt 0.554853 0.714148
vt 0.196437 0.640619
vt 0.180908 0.637396
vt 0.124339 0.354068
vt 0.209364 0.209364
vt 0.218042 0.134794
vt 0.564987 0.214910
vt 0.890416 0.576777
vt 0.670288 0.670288
vt 0.581927 0.581927
vt 0.890416 0.819631
vt 0.646069 0.297795
vt 0.850848 0.205542
vt 0.571007 0.367511
vt 0.890416 0.581927
vt 0.890416 0.670288
vt 0.565982 0.109584
vt 0.618330 0.297278
vt 0.433492 0.109584
vt 0.322006 0.109584
vt 0.890416 0.109584
vt 0.890416 0.550348
vt 0.890416 0.109584
vt 0.550348 0.550348
vt 0.109584 0.109584
vt 0.890416 0.434018
vt 0.890416 0.566508
vt 0.532535 0.532535
vt 0.109584 0.109584
vt 0.511590 0.294085
vt 0.529844 0.481688
vt 0.805117 0.109584
vt 0.493285 0.493285
vt 0.890416 0.696864
vt 0.302398 0.109584
vt 0.677994 0.109584
vt 0.696864 0.696864
vt 0.194883 0.109584
vt 0.890416 0.890416
vt 0.302398 0.302398
vt 0.423223 0.109584
vt 0.820186 0.404614
vt 0.819631 0.819631
vt 0.221080 0.109584
vt 0.890416 0.778920
vt 0.890416 0.209364
vt 0.366182 0.302254
vt 0.385885 0.298513
vt 0.762564 0.206183
vt 0.890416 0.532535
vt 0.835550 0.383858
vt 0.533913 0.109584
vt 0.668588 0.231476
vt 0.533913 0.533913
vt 0.493285 0.109584
vt 0.805185 0.680241
vn 0.0000 1.0000 0.0000
vn -0.1194 0.0362 -0.9922
vn -0.1203 0.0353 -0.9921
vn 0.9520 -0.2963 0.0774
vn -0.1250 0.0262 -0.9918
vn -0.0647 -0.9924 0.1045
vn 0.0085 -0.6841 0.7293
vn 0.0076 -0.6847 0.7288
vn -0.0665 -0.9917 0.1101
vn -0.9794 -0.0426 0.1973
vn -0.9792 -0.0421 0.1985
vn -0.1845 -0.3404 0.9220
vn -0.1815 -0.3452 0.9208
vn -0.9786 -0.0440 0.2011
vn 0.9519 -0.2965 0.0776
usemtl Stone
s 1
f 217/335/105 218/336/105 219/337/105
f 220/338/105 216/339/105 219/337/105
f 216/339/105 217/335/105 219/337/105
usemtl Dirt
s off
f 205/340/106 204/341/106 206/342/106
f 207/343/107 209/344/107 210/345/107
f 197/346/108 212/347/108 214/348/108
f 215/349/109 210/350/109 209/351/109
f 204/352/110 205/353/110 214/354/110
f 213/355/111 199/356/111 212/357/111
f 198/358/112 212/359/112 199/360/112
f 204/361/113 214/362/113 211/363/113
f 198/364/114 207/365/114 210/366/114
f 200/367/115 206/368/115 198/364/115
f 199/356/116 202/369/116 201/370/116
f 213/371/117 202/372/117 199/360/117
f 200/373/118 199/374/118 201/375/118
f 207/376/106 206/342/106 204/341/106
f 206/342/106 203/377/106 197/378/106
f 207/376/106 204/341/106 208/379/106
f 197/378/106 205/340/106 206/342/106
f 207/343/107 208/380/107 209/344/107
f 214/348/108 205/381/108 197/346/108
f 197/346/108 202/382/108 213/383/108
f 213/383/108 212/347/108 197/346/108
f 212/347/119 211/384/119 214/348/119
f 198/358/112 211/385/112 212/359/112
f 211/363/113 198/364/113 208/386/113
f 198/364/113 215/387/113 209/388/113
f 208/386/113 198/364/113 209/388/113
f 208/386/113 204/361/113 211/363/113
f 210/366/114 215/389/114 198/364/114
f 198/364/114 206/390/114 207/365/114
f 200/367/115 203/391/115 206/368/115
f 200/373/118 198/358/118 199/374/118
o Neue_Welt_(10)__2547_58_-1089_to_2595_255_-1061.001_cell.071_Neue_Welt_(10)__2547_58_-1089_to_2595_255_-1061.001_cell.082
v 0.136138 0.500000 0.499965
v -0.246580 -0.004234 0.393431
v -0.280142 0.154520 0.312400
v -0.155691 0.335983 0.299054
v -0.049001 -0.030062 0.499965
v -0.018020 0.007090 0.499965
v -0.253367 0.023581 0.499965
v -0.347560 0.466457 0.499965
v -0.353887 0.499661 0.499965
v -0.094281 -0.084097 0.499965
v -0.076857 -0.063341 0.499965
v -0.246301 -0.009246 0.499965
v -0.150127 0.500000 0.360665
v -0.315699 0.500000 0.473905
v 0.130999 0.500000 0.416849
v 0.142152 0.497987 0.418336
v 0.126285 0.440644 0.394013
v -0.353887 0.499661 0.499965
v -0.353887 0.499661 0.499965
v -0.347560 0.466457 0.499965
v -0.253367 0.023581 0.499965
v -0.246301 -0.009246 0.499965
v -0.094281 -0.084097 0.499965
v -0.076857 -0.063341 0.499965
v -0.049001 -0.030062 0.499965
v -0.018020 0.007090 0.499965
v 0.136138 0.500000 0.499965
v 0.136138 0.500000 0.499965
v 0.130999 0.500000 0.416849
v -0.150127 0.500000 0.360665
v -0.315699 0.500000 0.473905
v 0.142152 0.497987 0.418336
vt 0.482895 0.507652
vt 0.635154 0.997813
vt 0.153603 0.964417
vt 0.140365 0.649442
vt 0.027645 0.814188
vt 0.001706 0.364050
vt 0.147280 0.997476
vt 0.247511 0.523353
vt 0.254506 0.490626
vt 0.452026 0.470628
vt 0.406498 0.416501
vt 0.424099 0.437347
vt 0.001706 0.851972
vt 0.082105 0.357506
vt 0.084455 0.369182
vt 0.231835 0.169664
vt 0.342786 0.256153
vt 0.319914 0.256591
vt 0.890416 0.109584
vt 0.305638 0.184906
vt 0.266161 0.109584
vt 0.890416 0.677991
vt 0.890416 0.700680
vt 0.672531 0.672531
vt 0.109584 0.109584
vt 0.707384 0.109584
vt 0.706784 0.706784
vt 0.360426 0.109584
vt 0.890416 0.109584
vt 0.890416 0.639674
vt 0.109584 0.109584
vt 0.890416 0.292616
vt 0.890416 0.890416
vt 0.790652 0.790652
vt 0.725857 0.109584
vt 0.725857 0.725857
vt 0.724981 0.109584
vt 0.724981 0.724981
vt 0.890416 0.639574
vt 0.890416 0.725058
vt 0.639674 0.639674
vt 0.109584 0.109584
vt 0.178534 0.118267
vt 0.890416 0.672531
vt 0.706784 0.109584
vt 0.792015 0.110868
vt 0.890416 0.733839
vn 0.0000 0.0000 1.0000
vn 0.0000 1.0000 0.0000
vn -0.0005 0.9999 0.0095
vn 0.0149 0.9999 -0.0005
vn -0.0007 0.9999 0.0120
vn 0.1790 0.9838 -0.0110
vn 0.0773 0.9970 -0.0048
vn 0.9520 -0.2963 0.0774
vn 0.4117 -0.3433 -0.8442
vn 0.1843 0.3401 -0.9221
vn -0.5362 0.3127 -0.7840
vn -0.4414 -0.8964 -0.0410
vn -0.5376 0.3111 -0.7837
vn -0.9815 -0.1870 -0.0417
vn -0.9781 -0.2080 -0.0056
vn -0.9776 -0.2104 -0.0073
vn 0.4102 -0.3443 -0.8445
vn 0.9515 -0.2976 0.0782
vn -0.5376 0.3110 -0.7837
vn 0.4103 -0.3443 -0.8445
vn 0.4107 -0.3438 -0.8445
vn 0.4105 -0.3436 -0.8446
usemtl Stone
s 1
f 246/392/120 247/393/120 240/394/120
f 250/395/121 251/396/122 248/397/123
f 247/393/120 238/398/120 240/394/120
f 240/394/120 241/399/120 246/392/120
f 241/399/120 242/400/120 245/401/120
f 246/392/120 241/399/120 245/401/120
f 242/400/120 243/402/120 244/403/120
f 244/403/120 245/401/120 242/400/120
f 251/396/122 229/404/124 248/397/123
f 248/397/123 236/405/125 249/406/126
f 249/406/126 250/395/121 248/397/123
usemtl Dirt
s off
f 221/407/127 237/408/127 252/409/127
f 224/410/128 226/411/128 225/412/128
f 235/413/129 252/414/129 237/415/129
f 224/416/130 234/417/130 233/418/130
f 232/419/131 222/420/131 230/421/131
f 223/422/132 234/423/132 224/424/132
f 239/425/133 223/422/133 228/426/133
f 228/427/134 223/422/134 227/428/134
f 227/429/135 222/420/135 232/430/135
f 231/431/136 230/432/136 222/433/136
f 221/407/137 226/434/137 237/408/137
f 224/410/128 237/435/128 226/411/128
f 237/415/129 224/416/129 233/436/129
f 233/436/129 235/413/129 237/415/129
f 223/422/138 239/437/138 234/423/138
f 227/429/135 223/422/135 222/420/135
f 222/433/139 223/422/139 225/438/139
f 223/422/140 224/410/140 225/438/140
f 225/438/141 231/431/141 222/433/141
o Neue_Welt_(10)__2547_58_-1089_to_2595_255_-1061.001_cell.072_Neue_Welt_(10)__2547_58_-1089_to_2595_255_-1061.001_cell.083
v 0.027652 -0.006300 -0.103363
v -0.159222 0.022621 -0.079036
v -0.059693 -0.067893 -0.011548
v 0.008783 -0.019167 -0.101326
v -0.192801 0.054352 0.025215
v -0.009360 0.029340 -0.097606
v 0.037585 0.025607 -0.103393
v -0.032949 -0.053312 0.073226
v -0.019518 -0.044082 0.065621
v -0.005166 -0.034216 0.057385
v 0.009562 -0.023928 0.048827
v -0.189121 0.043713 -0.074708
v -0.206403 0.048250 -0.042167
v -0.215011 0.033347 0.041441
v -0.156390 -0.016259 0.065502
v -0.045371 0.032207 -0.093137
v 0.032205 0.037284 0.006491
v 0.035991 0.029168 -0.070174
v -0.076696 -0.083227 0.097904
vt 0.109584 0.109584
vt 0.890416 0.109584
vt 0.890416 0.890416
vt 0.109584 0.109584
vt 0.159634 0.109584
vt 0.154331 0.154331
vt 0.782326 0.201646
vt 0.890416 0.109584
vt 0.890416 0.299813
vt 0.875247 0.291381
vt 0.109584 0.109584
vt 0.890416 0.109584
vt 0.795360 0.135780
vt 0.890416 0.289049
vt 0.890416 0.840366
vt 0.890416 0.890416
vt 0.791739 0.791739
vt 0.890416 0.154331
vt 0.851621 0.154027
vt 0.289049 0.289049
vt 0.890416 0.109584
vt 0.890416 0.261822
vt 0.890416 0.318897
vt 0.261822 0.261822
vt 0.109584 0.109584
vt 0.890416 0.791739
vt 0.205269 0.205269
vt 0.109584 0.109584
vt 0.402658 0.109584
vt 0.823566 0.384778
vt 0.479550 0.109584
vt 0.890416 0.109584
vt 0.890416 0.473555
vt 0.890416 0.890416
vt 0.479550 0.479550
vt 0.540465 0.354562
vt 0.602499 0.374293
vt 0.473555 0.473555
vt 0.574667 0.109584
vt 0.793964 0.239339
vt 0.588975 0.153399
vt 0.681103 0.109584
vt 0.299813 0.299813
vt 0.775569 0.218362
vt 0.830700 0.109584
vt 0.761262 0.162876
vt 0.708572 0.109584
vt 0.169300 0.109584
vt 0.890416 0.425333
vt 0.754359 0.342553
vt 0.850334 0.455621
vt 0.890416 0.597342
vt 0.459608 0.329009
vt 0.205269 0.109584
vt 0.635666 0.295729
vn -0.2666 -0.7471 -0.6089
vn -0.1194 0.0362 -0.9922
vn 0.5544 -0.8317 -0.0301
vn 0.5610 -0.8273 -0.0291
vn -0.5838 -0.7868 -0.2002
vn -0.1203 0.0353 -0.9921
vn 0.9520 -0.2963 0.0774
vn -0.5811 -0.7887 -0.2008
vn 0.5523 -0.8331 -0.0309
vn -0.1251 0.0263 -0.9918
vn -0.6600 0.7484 0.0655
vn 0.1103 0.5374 0.8361
vn 0.0668 0.9926 -0.1018
vn 0.0662 0.9925 -0.1032
vn 0.1078 0.5340 0.8386
vn -0.5836 -0.7869 -0.2004
vn -0.5839 -0.7867 -0.2004
vn 0.9514 -0.2977 0.0785
vn 0.9515 -0.2973 0.0787
vn -0.1250 0.0262 -0.9918
vn -0.1250 0.0263 -0.9918
vn 0.1076 0.5340 0.8386
usemtl Dirt
s off
f 255/439/142 254/440/142 256/441/142
f 253/442/143 258/443/143 259/444/143
f 261/445/144 256/446/144 262/447/144
f 263/448/145 256/449/145 253/450/145
f 265/451/146 254/440/146 267/452/146
f 258/453/147 253/454/147 268/455/147
f 253/450/148 259/456/148 270/457/148
f 267/458/149 255/459/149 271/460/149
f 255/439/150 260/461/150 271/462/150
f 254/463/151 268/464/151 256/441/151
f 266/465/152 257/466/152 265/467/152
f 262/468/153 269/469/153 257/470/153
f 270/471/154 257/472/154 269/473/154
f 258/474/155 268/475/155 270/476/155
f 261/477/156 267/478/156 260/479/156
f 261/445/144 260/480/144 256/446/144
f 263/448/145 262/481/145 256/449/145
f 267/452/157 266/482/157 265/451/157
f 265/451/158 264/483/158 254/440/158
f 270/457/159 269/484/159 263/485/159
f 263/485/160 253/450/160 270/457/160
f 267/458/149 254/463/149 255/459/149
f 255/439/150 256/446/150 260/461/150
f 264/486/161 268/464/161 254/463/161
f 268/464/162 253/454/162 256/441/162
f 257/470/153 261/487/153 262/468/153
f 262/468/153 263/488/153 269/469/153
f 268/475/155 264/489/155 257/472/155
f 264/489/155 265/490/155 257/472/155
f 257/472/155 270/476/155 268/475/155
f 270/476/155 259/491/155 258/474/155
f 261/477/156 257/466/156 267/478/156
f 257/466/163 266/492/163 267/478/163
f 267/478/156 271/493/156 260/479/156
o Neue_Welt_(10)__2547_58_-1089_to_2595_255_-1061.001_cell.073_Neue_Welt_(10)__2547_58_-1089_to_2595_255_-1061.001_cell.084
v -0.500104 0.272000 -0.029457
v -0.500104 0.263082 -0.029693
v -0.498144 0.500000 -0.021579
v -0.182602 0.327295 0.264196
v -0.217955 0.084156 0.035880
v -0.304094 0.149928 0.276794
v -0.500103 0.178685 0.301573
v -0.500103 0.468958 0.455777
v -0.499999 0.500000 0.472232
v -0.379129 0.500000 0.466175
v -0.343101 0.500000 0.441658
v -0.177132 0.500000 0.328270
v -0.180121 0.500000 0.313341
v -0.254023 0.500000 -0.050964
v -0.245366 0.256595 -0.060897
v -0.247390 0.316152 -0.058478
v -0.352196 0.083592 0.243886
v -0.249432 0.054446 0.058880
v -0.244334 0.063011 0.010411
v -0.239198 0.079037 -0.067459
v -0.237227 0.075349 -0.058725
v -0.314705 0.067656 0.197222
v -0.333191 0.071426 0.236295
v -0.241229 0.135488 -0.065709
v -0.498144 0.500000 -0.021579
v -0.498144 0.500000 -0.021579
v -0.500104 0.272000 -0.029457
v -0.500104 0.263082 -0.029693
v -0.499999 0.500000 0.472232
v -0.499999 0.500000 0.472232
v -0.500103 0.178685 0.301573
v -0.500103 0.468958 0.455777
v -0.254023 0.500000 -0.050964
v -0.379129 0.500000 0.466175
v -0.343101 0.500000 0.441658
v -0.177132 0.500000 0.328270
v -0.180121 0.500000 0.313341
vt 0.799796 0.677750
vt 0.953338 0.966892
vt 0.478298 0.997813
vt 0.520725 0.997813
vt 0.059740 0.841568
vt 0.187468 0.679429
vt 0.969718 0.997813
vt 0.470219 0.770701
vt 0.469984 0.761818
vt 0.550065 0.753946
vt 0.029306 0.997813
vt 0.035337 0.877396
vt 0.172609 0.676421
vt 0.820580 0.109584
vt 0.562320 0.171744
vt 0.478767 0.109584
vt 0.574321 0.285256
vt 0.499685 0.276779
vt 0.209598 0.109584
vt 0.177253 0.177253
vt 0.890416 0.521233
vt 0.527074 0.527074
vt 0.790402 0.109584
vt 0.890416 0.527074
vt 0.269313 0.109584
vt 0.890416 0.109584
vt 0.584581 0.425297
vt 0.738034 0.109584
vt 0.731726 0.731726
vt 0.792165 0.109584
vt 0.792247 0.698784
vt 0.890416 0.109584
vt 0.890416 0.714033
vt 0.285947 0.109584
vt 0.109584 0.109584
vt 0.890416 0.806014
vt 0.714033 0.714033
vt 0.498864 0.109584
vt 0.806014 0.806014
vt 0.109584 0.109584
vt 0.527793 0.207864
vt 0.508545 0.402939
vt 0.214665 0.109584
vt 0.498786 0.498786
vt 0.890416 0.261966
vt 0.619449 0.109584
vt 0.714053 0.109584
vt 0.890416 0.890416
vt 0.388081 0.109584
vt 0.890416 0.109584
vt 0.388080 0.388080
vt 0.745826 0.109584
vt 0.890416 0.890416
vt 0.745826 0.745826
vt 0.890416 0.785335
vt 0.820241 0.363222
vt 0.537143 0.292847
vt 0.208708 0.132541
vt 0.730687 0.109584
vt 0.718388 0.174347
vt 0.734404 0.116474
vt 0.706856 0.217281
vt 0.890416 0.179420
vt 0.890416 0.177253
vt 0.890416 0.731726
vt 0.109584 0.109584
vt 0.807107 0.237907
vt 0.498864 0.498864
vt 0.498786 0.109584
vt 0.534737 0.116861
vt 0.890416 0.207835
vt 0.619449 0.619449
vt 0.890416 0.890416
vn -1.0000 0.0039 -0.0021
vn -1.0000 0.0042 -0.0038
vn -1.0000 0.0055 -0.0007
vn 0.0000 1.0000 0.0000
vn -1.0000 0.0053 -0.0038
vn -1.0000 0.0049 0.0014
vn -1.0000 0.0000 0.0000
vn -0.1194 0.0362 -0.9922
vn -0.5839 -0.7867 -0.2005
vn -0.1203 0.0353 -0.9921
vn -0.1250 0.0262 -0.9918
vn 0.0428 -0.4687 0.8823
vn 0.0442 -0.4680 0.8826
vn 0.5366 -0.3084 0.7855
vn 0.9797 0.0417 -0.1962
vn 0.9791 0.0434 -0.1986
vn 0.9783 0.0415 -0.2032
vn 0.6617 -0.7469 -0.0653
vn 0.0492 -0.4723 0.8801
vn 0.5348 -0.3105 0.7859
vn 0.7658 -0.4954 0.4101
vn 0.7664 -0.4954 0.4089
vn 0.6604 -0.7483 -0.0628
vn -0.5837 -0.7869 -0.2003
vn -0.5839 -0.7867 -0.2004
vn -0.1250 0.0263 -0.9918
usemtl Stone
s 1
f 302/494/164 303/495/165 296/496/166
f 297/497/167 306/498/167 308/499/167
f 303/495/165 300/500/168 296/496/166
f 296/496/166 298/501/169 302/494/164
f 298/501/169 299/502/170 302/494/164
f 308/499/167 304/503/167 297/497/167
f 297/497/167 301/504/167 306/498/167
f 301/504/167 305/505/167 306/498/167
f 306/498/167 307/506/167 308/499/167
usemtl Dirt
s off
f 274/507/171 287/508/171 286/509/171
f 293/510/172 288/511/172 273/512/172
f 272/513/173 286/514/173 295/515/173
f 273/516/174 295/517/174 291/518/174
f 277/519/175 278/520/175 288/521/175
f 279/522/176 281/523/176 280/524/176
f 275/525/177 283/526/177 282/527/177
f 275/528/178 284/529/178 283/530/178
f 287/531/179 284/532/179 276/533/179
f 295/534/180 286/535/180 276/533/180
f 290/536/181 292/537/181 276/533/181
f 277/519/182 288/538/182 294/539/182
f 282/540/183 277/541/183 275/528/183
f 277/541/184 293/542/184 275/525/184
f 276/543/185 293/544/185 289/545/185
f 276/546/186 289/547/186 290/548/186
f 274/507/171 285/549/171 287/508/171
f 293/510/187 294/550/187 288/511/187
f 288/511/188 278/551/188 273/512/188
f 273/512/188 291/552/188 290/553/188
f 291/552/188 292/554/188 290/553/188
f 290/553/188 289/555/188 273/512/188
f 289/555/188 293/510/188 273/512/188
f 272/513/173 274/556/173 286/514/173
f 273/516/189 272/557/189 295/517/189
f 277/519/175 279/558/175 278/520/175
f 279/522/176 277/559/176 281/523/176
f 275/528/178 276/543/178 284/529/178
f 287/531/179 285/560/179 284/532/179
f 286/535/180 287/561/180 276/533/180
f 276/533/180 292/562/180 295/534/180
f 292/562/180 291/563/180 295/534/180
f 282/540/183 281/564/183 277/541/183
f 277/541/184 294/565/184 293/542/184
f 276/543/185 275/566/185 293/544/185
o Neue_Welt_(10)__2547_58_-1089_to_2595_255_-1061.001_cell.062_ce_Neue_Welt_(10)__2547_58_-1089_to_2595_255_-1061.001_cell.094
v 0.180370 0.108619 -0.500035
v 0.311519 -0.164544 -0.444661
v 0.264853 -0.003160 -0.302836
v 0.317595 -0.111318 -0.384910
v 0.078194 -0.006889 -0.500035
v 0.221219 -0.099400 -0.500035
v 0.357513 -0.171236 -0.500035
v 0.359840 -0.177506 -0.500035
v 0.351724 -0.182977 -0.500035
v 0.339248 -0.123162 -0.500035
v 0.239493 0.138550 -0.500035
v 0.342644 -0.177381 -0.500035
v 0.220372 0.151172 -0.399748
v 0.222029 0.150106 -0.408314
v 0.073218 -0.014594 -0.420727
v 0.085603 -0.001150 -0.399501
v 0.074967 -0.011827 -0.450846
v 0.162913 0.082820 -0.270034
v 0.175789 0.096807 -0.248771
v 0.212215 0.139691 -0.314037
v 0.342644 -0.177381 -0.500035
v 0.221219 -0.099400 -0.500035
v 0.078194 -0.006889 -0.500035
v 0.180370 0.108619 -0.500035
v 0.239493 0.138550 -0.500035
v 0.339248 -0.123162 -0.500035
v 0.357513 -0.171236 -0.500035
v 0.359840 -0.177506 -0.500035
v 0.351724 -0.182977 -0.500035
vt 0.143465 0.329190
vt 0.141149 0.322945
vt 0.149229 0.317496
vt 0.158269 0.323070
vt 0.279161 0.400747
vt 0.161650 0.377078
vt 0.421558 0.492898
vt 0.319830 0.607956
vt 0.260967 0.637771
vt 0.232778 0.109584
vt 0.468271 0.119750
vt 0.351036 0.228056
vt 0.232778 0.232778
vt 0.218660 0.163582
vt 0.319648 0.185022
vt 0.386029 0.109584
vt 0.656053 0.109584
vt 0.650305 0.373770
vt 0.420798 0.109584
vt 0.797571 0.109584
vt 0.751922 0.424808
vt 0.890416 0.109584
vt 0.890416 0.518523
vt 0.335913 0.109584
vt 0.621492 0.109584
vt 0.890416 0.343947
vt 0.890416 0.613971
vt 0.890416 0.109584
vt 0.621492 0.621492
vt 0.109584 0.109584
vt 0.109584 0.109584
vt 0.436835 0.109584
vt 0.599747 0.599747
vt 0.890416 0.109584
vt 0.890416 0.403906
vt 0.670572 0.109584
vt 0.890416 0.579202
vt 0.849570 0.567160
vt 0.109584 0.109584
vt 0.810124 0.810124
vt 0.762276 0.762276
vt 0.890416 0.563165
vt 0.329427 0.109584
vt 0.479170 0.109584
vt 0.380440 0.192900
vt 0.426750 0.215646
vt 0.727565 0.446521
vt 0.479170 0.479170
vt 0.779597 0.497650
vt 0.664172 0.561958
vt 0.518523 0.518523
vt 0.890416 0.599747
vt 0.403906 0.403906
vt 0.810124 0.109584
vt 0.890416 0.202429
vt 0.890416 0.762276
vt 0.890416 0.664088
vt 0.890416 0.890416
vn 0.0000 0.0000 -1.0000
vn -0.4430 0.8751 -0.1946
vn -0.7489 0.6625 0.0174
vn -0.5392 -0.8337 -0.1191
vn 0.9263 0.3531 0.1319
vn -0.5222 -0.8473 -0.0971
vn -0.5372 -0.8365 -0.1080
vn -0.3620 -0.6775 0.6403
vn -0.3592 -0.6704 0.6493
vn 0.7253 0.3153 0.6120
vn 0.9262 0.3519 0.1353
vn 0.9280 0.3443 0.1425
vn 0.4618 -0.6851 0.5633
vn -0.3536 -0.6687 0.6540
vn -0.7488 0.6626 0.0174
vn -0.7487 0.6626 0.0175
vn -0.7488 0.6626 0.0176
vn 0.9280 0.3444 0.1425
usemtl Stone
s 1
f 335/567/190 336/568/190 337/569/190
f 337/569/190 329/570/190 335/567/190
f 329/570/190 330/571/190 334/572/190
f 330/571/190 331/573/190 332/574/190
f 332/574/190 333/575/190 330/571/190
f 333/575/190 334/572/190 330/571/190
f 334/572/190 335/567/190 329/570/190
usemtl Dirt
s off
f 309/576/191 322/577/191 319/578/191
f 309/579/192 313/580/192 325/581/192
f 314/582/193 325/583/193 313/584/193
f 322/585/194 318/586/194 319/587/194
f 310/588/195 320/589/195 317/590/195
f 323/591/196 325/592/196 314/593/196
f 312/594/197 323/595/197 310/596/197
f 312/597/198 326/598/198 324/599/198
f 311/600/199 328/601/199 327/602/199
f 322/603/200 321/604/200 311/605/200
f 312/594/201 315/606/201 311/605/201
f 310/588/202 316/607/202 312/597/202
f 326/608/203 311/605/203 327/609/203
f 309/576/191 321/610/191 322/577/191
f 323/611/192 324/612/192 325/581/192
f 324/612/204 326/613/204 321/614/204
f 325/581/192 324/612/192 309/579/192
f 326/613/205 327/615/205 328/616/205
f 328/616/205 321/614/205 326/613/205
f 321/614/206 309/579/206 324/612/206
f 314/593/196 320/617/196 310/596/196
f 310/596/196 323/591/196 314/593/196
f 312/594/197 324/618/197 323/595/197
f 321/604/200 328/619/200 311/605/200
f 311/605/200 315/620/200 318/621/200
f 318/621/200 322/603/200 311/605/200
f 312/594/207 316/622/207 315/606/207
f 310/588/202 317/623/202 316/607/202
f 326/608/203 312/624/203 311/605/203
o Neue_Welt_(10)__2547_58_-1089_to_2595_255_-1061.001_cell.074_Neue_Welt_(10)__2547_58_-1089_to_2595_255_-1061.001_cell.095
v 0.499897 -0.500000 -0.500035
v 0.093965 -0.500000 -0.500035
v 0.151173 -0.448358 -0.500035
v 0.266449 -0.345684 -0.500035
v 0.296566 -0.350212 -0.500035
v 0.447066 -0.375255 -0.500035
v 0.499897 -0.384159 -0.500035
v 0.499897 -0.500000 -0.403167
v 0.147993 -0.500000 -0.353570
v 0.136939 -0.500000 -0.352026
v 0.094901 -0.500000 -0.495054
v 0.131290 -0.500000 -0.365455
v 0.499897 -0.500000 -0.500035
v 0.499897 -0.500000 -0.500035
v 0.093965 -0.500000 -0.500035
v 0.093965 -0.500000 -0.500035
v 0.499897 -0.384159 -0.500035
v 0.499897 -0.384159 -0.500035
v 0.151173 -0.448358 -0.500035
v 0.266449 -0.345684 -0.500035
v 0.296566 -0.350212 -0.500035
v 0.447066 -0.375255 -0.500035
v 0.499897 -0.500000 -0.403167
v 0.499897 -0.500000 -0.403167
v 0.147993 -0.500000 -0.353570
v 0.136939 -0.500000 -0.352026
v 0.131290 -0.500000 -0.365455
v 0.094901 -0.500000 -0.495054
vt 0.001706 0.001707
vt 0.348899 0.053148
vt 0.204145 0.150911
vt 0.900874 0.001707
vt 0.997317 0.001707
vt 0.997317 0.117097
vt 0.992358 0.405126
vt 0.997317 0.001707
vt 0.851495 0.352240
vt 0.054305 0.125966
vt 0.001706 0.117097
vt 0.405937 0.002048
vt 0.234129 0.155422
vt 0.997317 0.406058
vt 0.900874 0.001707
vt 0.849731 0.365028
vt 0.863328 0.368879
vt 0.115719 0.109584
vt 0.890416 0.140699
vt 0.890416 0.702216
vt 0.702216 0.702216
vt 0.146429 0.109584
vt 0.700177 0.109584
vt 0.700177 0.700177
vt 0.797967 0.271439
vt 0.797990 0.687002
vt 0.568756 0.361432
vt 0.890416 0.701570
vt 0.558608 0.370170
vt 0.191555 0.191555
vt 0.884281 0.109584
vt 0.701570 0.701570
vt 0.140699 0.140699
vt 0.146429 0.146429
vt 0.890416 0.191555
vt 0.149125 0.109584
vn 0.0000 0.0000 -1.0000
vn 1.0000 0.0000 0.0000
vn 0.0000 -1.0000 0.0000
vn 0.0970 0.6453 0.7577
vn 0.1064 0.6392 0.7616
vn 0.1075 0.6378 0.7627
vn -0.6648 0.7365 0.1248
vn -0.6536 0.7339 0.1850
vn -0.6557 0.7322 0.1841
vn -0.6062 0.7533 0.2550
usemtl Stone
s 1
f 350/625/208 356/626/208 358/627/208
f 360/628/209 351/629/209 355/630/209
f 365/631/210 338/632/210 362/633/210
f 359/634/208 354/635/208 350/625/208
f 350/625/208 352/636/208 356/626/208
f 356/626/208 357/637/208 358/627/208
f 358/627/208 359/634/208 350/625/208
f 365/631/210 353/638/210 338/632/210
f 338/632/210 361/639/210 362/633/210
f 362/633/210 363/640/210 364/641/210
f 364/641/210 365/631/210 362/633/210
usemtl Dirt
s off
f 341/642/211 347/643/211 342/644/211
f 342/645/212 346/646/212 343/647/212
f 343/648/213 345/649/213 344/650/213
f 348/651/214 340/652/214 339/653/214
f 349/654/215 341/655/215 340/656/215
f 342/645/212 347/657/212 346/646/212
f 343/648/213 346/658/213 345/649/213
f 348/651/216 349/659/216 340/652/216
f 349/654/217 347/660/217 341/655/217
o Neue_Welt_(10)__2547_58_-1089_to_2595_255_-1061.001_cell.075_Neue_Welt_(10)__2547_58_-1089_to_2595_255_-1061.001_cell.085
v 0.287138 0.222196 -0.232361
v 0.499897 -0.002137 -0.075317
v 0.499896 0.326212 -0.247700
v 0.499897 0.044329 -0.098123
v 0.301774 -0.014317 -0.274933
v 0.326917 -0.045483 -0.275411
v 0.188920 0.110274 -0.197522
v 0.188518 0.109602 -0.191757
v 0.499897 -0.032026 -0.080016
v 0.499896 -0.055995 -0.263344
v 0.499896 -0.061240 -0.304375
v 0.499896 0.301930 -0.357474
v 0.499896 0.280887 -0.354413
v 0.362720 0.240196 -0.323486
v 0.260863 0.194245 -0.298234
v 0.338371 -0.024422 -0.104397
v 0.292210 -0.022092 -0.111340
v 0.191763 0.104943 -0.188684
v 0.273495 -0.011068 -0.112765
v 0.282006 -0.021580 -0.112898
v 0.189733 0.111459 -0.206874
v 0.239959 0.170433 -0.290959
v 0.235298 0.165117 -0.289106
v 0.499897 0.044329 -0.098123
v 0.499897 -0.002137 -0.075317
v 0.499896 0.326212 -0.247700
v 0.499896 0.280887 -0.354413
v 0.499896 0.301930 -0.357474
v 0.499897 -0.032026 -0.080016
v 0.499896 -0.055995 -0.263344
v 0.499896 -0.061240 -0.304375
vt 0.597169 0.543917
vt 0.761665 0.443983
vt 0.852334 0.779553
vt 0.802516 0.438759
vt 0.855381 0.800515
vt 0.746089 0.824702
vt 0.574463 0.497632
vt 0.579142 0.467859
vt 0.740640 0.740640
vt 0.109584 0.109584
vt 0.742189 0.109584
vt 0.636397 0.555561
vt 0.890416 0.525698
vt 0.890416 0.890416
vt 0.890416 0.740640
vt 0.666129 0.109584
vt 0.890416 0.109584
vt 0.728575 0.109584
vt 0.890416 0.333871
vt 0.812147 0.812147
vt 0.561768 0.552651
vt 0.810869 0.774218
vt 0.522104 0.509559
vt 0.435094 0.109584
vt 0.846385 0.483985
vt 0.435094 0.435094
vt 0.799988 0.465763
vt 0.732616 0.659122
vt 0.731541 0.671957
vt 0.890416 0.109584
vt 0.890416 0.360924
vt 0.531412 0.109584
vt 0.360924 0.360924
vt 0.109584 0.109584
vt 0.359063 0.154033
vt 0.890416 0.109584
vt 0.890416 0.388070
vt 0.617435 0.130810
vt 0.109584 0.109584
vt 0.616411 0.109584
vt 0.890416 0.714099
vt 0.285342 0.109584
vt 0.509633 0.109584
vt 0.553734 0.170138
vt 0.509633 0.509633
vt 0.675071 0.109584
vt 0.851410 0.333901
vt 0.890416 0.890416
vt 0.742067 0.242547
vt 0.675071 0.675071
vt 0.243754 0.243754
vt 0.603046 0.453405
vt 0.486073 0.486073
vt 0.808250 0.109584
vt 0.890416 0.257811
vt 0.525698 0.525698
vt 0.808250 0.808250
vt 0.875126 0.563412
vt 0.890416 0.564141
vt 0.728575 0.728575
vt 0.633293 0.377696
vt 0.358645 0.358645
vt 0.388070 0.388070
vt 0.638799 0.409154
vt 0.753083 0.730929
vt 0.714099 0.714099
vt 0.890416 0.468588
vt 0.890416 0.383589
vt 0.285342 0.285342
vt 0.243754 0.109584
vn 1.0000 0.0000 0.0000
vn -0.1633 0.4624 0.8715
vn -0.7475 0.6638 0.0252
vn -0.4421 0.8758 -0.1937
vn -0.4430 0.8751 -0.1946
vn -0.1545 -0.1535 0.9760
vn -0.1624 0.4577 0.8742
vn -0.1563 -0.1389 0.9779
vn -0.7487 0.6626 0.0175
vn -0.7265 -0.3173 -0.6096
vn -0.7765 -0.6131 -0.1453
vn -0.7730 -0.6217 -0.1263
vn -0.7722 -0.6236 -0.1217
vn -0.1761 -0.1425 -0.9740
vn -0.1776 -0.1416 -0.9739
vn -0.2088 -0.1537 -0.9658
vn -0.0690 -0.9896 0.1265
vn -0.0661 -0.9894 0.1294
vn -0.1545 -0.1534 0.9760
vn -0.1636 0.4347 0.8856
vn -0.1684 0.4575 0.8731
vn -0.1659 0.4599 0.8723
vn -0.7486 0.6628 0.0188
vn -0.1775 -0.1416 -0.9739
vn -0.2088 -0.1536 -0.9658
usemtl Stone
s 1
f 389/661/218 395/662/218 392/663/218
f 396/664/218 392/663/218 395/662/218
f 392/663/218 393/665/218 368/666/218
f 389/661/218 392/663/218 368/666/218
f 389/661/218 390/667/218 394/668/218
f 394/668/218 395/662/218 389/661/218
usemtl Dirt
s off
f 391/669/219 366/670/219 369/671/219
f 372/672/220 373/673/220 366/674/220
f 391/675/221 379/676/221 366/677/221
f 380/678/222 366/677/222 379/679/222
f 367/680/223 381/681/223 374/682/223
f 383/683/224 384/684/224 366/674/224
f 382/685/225 384/686/225 385/687/225
f 388/688/226 366/674/226 387/689/226
f 370/690/227 386/691/227 388/692/227
f 386/693/228 370/694/228 372/695/228
f 370/694/229 371/696/229 383/697/229
f 384/698/230 371/699/230 385/700/230
f 371/696/231 378/701/231 376/702/231
f 371/699/232 387/703/232 380/704/232
f 370/690/233 387/705/233 371/699/233
f 381/706/234 382/707/234 371/708/234
f 374/709/235 381/710/235 375/711/235
f 391/675/221 377/712/221 379/676/221
f 367/680/236 382/713/236 381/681/236
f 367/714/237 369/715/237 384/684/237
f 369/715/238 366/674/238 384/684/238
f 366/674/239 373/716/239 383/683/239
f 382/685/225 367/717/225 384/686/225
f 388/688/226 386/718/226 366/674/226
f 386/718/240 372/719/240 366/674/240
f 366/674/226 380/720/226 387/689/226
f 383/697/229 373/721/229 372/722/229
f 372/722/229 370/694/229 383/697/229
f 384/698/230 383/723/230 371/699/230
f 380/704/241 379/724/241 371/699/241
f 379/724/232 377/725/232 378/726/232
f 371/699/241 379/724/241 378/726/241
f 370/690/242 388/727/242 387/705/242
f 382/707/234 385/728/234 371/708/234
f 371/708/234 376/729/234 375/730/234
f 375/730/234 381/706/234 371/708/234
o Neue_Welt_(10)__2547_58_-1089_to_2595_255_-1061.001_cell.076_Neue_Welt_(10)__2547_58_-1089_to_2595_255_-1061.001_cell.086
v 0.499897 -0.500000 -0.153601
v 0.148700 -0.500000 -0.209199
v 0.135765 -0.491771 -0.306900
v 0.287583 -0.311823 -0.479067
v 0.333119 -0.088813 -0.287490
v 0.325843 -0.203361 -0.431376
v 0.335486 -0.117724 -0.338421
v 0.323027 -0.292609 -0.500035
v 0.499896 -0.321433 -0.500035
v 0.438672 -0.311692 -0.500035
v 0.499376 -0.210910 -0.500035
v 0.394310 -0.212582 -0.500035
v 0.373337 -0.228210 -0.500035
v 0.499897 -0.073191 -0.086489
v 0.499896 -0.442729 -0.398862
v 0.499897 -0.500000 -0.350949
v 0.499897 -0.102817 -0.315690
v 0.499897 -0.097090 -0.272327
v 0.499897 -0.109546 -0.327532
v 0.140751 -0.500000 -0.250906
v 0.141525 -0.500000 -0.267168
v 0.194121 -0.500000 -0.308166
v 0.143176 -0.500000 -0.300982
v 0.494826 -0.500000 -0.350249
v 0.286293 -0.063647 -0.118810
v 0.342660 -0.065991 -0.110253
v 0.283153 -0.070342 -0.120360
v 0.147120 -0.387435 -0.191752
v 0.132298 -0.422515 -0.199614
v 0.189669 -0.287287 -0.169270
v 0.130934 -0.487571 -0.287438
v 0.131145 -0.475733 -0.271350
v 0.499897 -0.500000 -0.153601
v 0.499897 -0.500000 -0.153601
v 0.148700 -0.500000 -0.209199
v 0.499896 -0.321433 -0.500035
v 0.499896 -0.321433 -0.500035
v 0.438672 -0.311692 -0.500035
v 0.323027 -0.292609 -0.500035
v 0.373337 -0.228210 -0.500035
v 0.394310 -0.212582 -0.500035
v 0.499376 -0.210910 -0.500035
v 0.499376 -0.210910 -0.500035
v 0.499897 -0.102817 -0.315690
v 0.499897 -0.097090 -0.272327
v 0.499897 -0.073191 -0.086489
v 0.499897 -0.500000 -0.350949
v 0.499897 -0.500000 -0.350949
v 0.499896 -0.442729 -0.398862
v 0.499897 -0.109546 -0.327532
v 0.140751 -0.500000 -0.250906
v 0.141525 -0.500000 -0.267168
v 0.143176 -0.500000 -0.300982
v 0.194121 -0.500000 -0.308166
v 0.494826 -0.500000 -0.350249
vt 0.106829 0.288005
vt 0.062662 0.189281
vt 0.125020 0.274996
vt 0.770608 0.403048
vt 0.652403 0.001707
vt 0.896588 0.058755
vt 0.806290 0.306292
vt 0.848188 0.006758
vt 0.652403 0.001707
vt 0.001706 0.289677
vt 0.001706 0.179579
vt 0.177800 0.208290
vt 0.825571 0.390640
vt 0.813781 0.397343
vt 0.585586 0.426854
vt 0.848885 0.001707
vt 0.997317 0.179579
vt 0.997317 0.289677
vt 0.848885 0.001707
vt 0.707758 0.351536
vt 0.749282 0.359455
vt 0.765473 0.358684
vt 0.799138 0.357038
vt 0.109584 0.109584
vt 0.890416 0.109584
vt 0.890416 0.890416
vt 0.561351 0.190319
vt 0.654328 0.127097
vt 0.790861 0.180384
vt 0.890416 0.240159
vt 0.832153 0.219389
vt 0.890416 0.199466
vt 0.187309 0.109584
vt 0.240159 0.240159
vt 0.197128 0.193171
vt 0.731376 0.596020
vt 0.245154 0.109584
vt 0.668736 0.109584
vt 0.245154 0.245154
vt 0.890416 0.109584
vt 0.668736 0.668736
vt 0.890416 0.653595
vt 0.109584 0.109584
vt 0.890416 0.109584
vt 0.653595 0.653595
vt 0.109584 0.109584
vt 0.532067 0.109584
vt 0.836355 0.109584
vt 0.890416 0.219754
vt 0.865604 0.231724
vt 0.219754 0.219754
vt 0.109584 0.109584
vt 0.220670 0.109584
vt 0.109584 0.109584
vt 0.339062 0.109584
vt 0.890416 0.277314
vt 0.614158 0.614158
vt 0.277314 0.277314
vt 0.614204 0.276217
vt 0.779330 0.109584
vt 0.890416 0.109584
vt 0.890416 0.219555
vt 0.219555 0.219555
vt 0.890416 0.725987
vt 0.890416 0.709419
vt 0.707424 0.707424
vt 0.294202 0.109584
vt 0.890416 0.707424
vt 0.294202 0.294202
vt 0.890416 0.293428
vt 0.293428 0.293428
vt 0.890416 0.109584
vt 0.890416 0.467933
vt 0.890416 0.163645
vt 0.860323 0.226763
vt 0.890416 0.660937
vt 0.890416 0.890416
vt 0.692919 0.109584
vt 0.812691 0.109584
vt 0.809109 0.721982
vt 0.587149 0.521762
vt 0.499152 0.443242
vt 0.498009 0.433307
vt 0.307081 0.109584
vt 0.290581 0.109584
vt 0.890416 0.612187
vt 0.612187 0.612187
vt 0.890416 0.614158
vt 0.752181 0.731625
vt 0.725987 0.725987
vt 0.437728 0.109584
vt 0.604530 0.109584
vt 0.724597 0.509155
vt 0.604530 0.604530
vt 0.559954 0.109584
vn 0.0000 0.0000 -1.0000
vn 1.0000 0.0000 0.0000
vn 0.0000 -1.0000 0.0000
vn 1.0000 0.0005 -0.0006
vn 1.0000 0.0013 -0.0016
vn 1.0000 0.0047 -0.0058
vn -0.8437 0.4356 -0.3138
vn -0.1545 -0.1535 0.9760
vn -0.9571 -0.2274 0.1798
vn -0.9571 -0.2252 0.1824
vn 0.0646 0.9898 -0.1273
vn 0.0610 0.9895 -0.1307
vn -0.8349 0.4611 -0.3006
vn -0.8503 0.4336 -0.2983
vn -0.7319 -0.6805 -0.0348
vn -0.7297 -0.6828 -0.0356
vn -0.1053 -0.6381 -0.7627
vn -0.1014 -0.6372 -0.7640
vn -0.1070 -0.6422 -0.7590
vn -0.1066 -0.6389 -0.7618
vn -0.0105 0.8694 -0.4940
vn -0.0093 0.8621 -0.5066
vn -0.0137 0.8602 -0.5098
vn -0.4788 0.6699 -0.5675
vn -0.8508 0.4295 -0.3029
vn -0.8514 0.4278 -0.3036
vn -0.6250 0.4883 -0.6091
vn -0.1545 -0.1534 0.9760
vn -0.4887 0.6558 -0.5754
usemtl Stone
s 1
f 437/731/243 434/732/243 436/733/243
f 441/734/244 430/735/244 445/736/244
f 450/737/245 451/738/245 429/739/245
f 437/731/243 438/740/243 434/732/243
f 438/740/243 432/741/243 434/732/243
f 434/732/243 435/742/243 436/733/243
f 446/743/246 440/744/244 441/734/244
f 441/734/244 442/745/244 430/735/244
f 430/735/244 443/746/244 445/736/244
f 445/736/244 433/747/247 446/743/246
f 433/747/247 407/748/248 446/743/246
f 446/743/246 441/734/244 445/736/244
f 451/738/245 444/749/245 429/739/245
f 429/739/245 431/750/245 450/737/245
f 431/750/245 447/751/245 450/737/245
f 447/751/245 448/752/245 450/737/245
f 448/752/245 449/753/245 450/737/245
usemtl Dirt
s off
f 402/754/249 400/755/249 403/756/249
f 426/757/250 424/758/250 397/759/250
f 428/760/251 427/761/251 416/762/251
f 398/763/252 428/764/252 416/765/252
f 410/766/253 414/767/253 422/768/253
f 414/769/254 401/770/254 422/771/254
f 423/772/255 401/773/255 403/774/255
f 423/775/256 403/776/256 426/777/256
f 427/778/257 417/779/257 416/780/257
f 417/781/258 399/782/258 419/783/258
f 400/784/259 404/785/259 406/786/259
f 411/787/260 406/788/260 405/789/260
f 419/790/261 399/791/261 418/792/261
f 418/793/262 400/755/262 420/794/262
f 403/776/263 413/795/263 415/796/263
f 439/797/264 403/774/264 415/798/264
f 403/756/265 439/799/265 408/800/265
f 408/801/266 402/802/266 403/756/266
f 400/784/267 426/803/267 403/756/267
f 399/791/268 427/804/268 428/805/268
f 402/754/269 404/806/269 400/807/269
f 424/758/270 425/808/270 398/809/270
f 398/809/270 397/759/270 424/758/270
f 397/759/250 410/810/250 426/757/250
f 410/810/250 422/811/250 426/757/250
f 422/811/270 421/812/270 423/813/270
f 426/757/270 422/811/270 423/813/270
f 398/763/252 425/814/252 428/764/252
f 413/815/254 401/770/254 414/769/254
f 401/770/254 421/816/254 422/771/254
f 423/772/255 421/817/255 401/773/255
f 427/778/257 399/791/257 417/779/257
f 406/786/259 411/818/259 400/784/259
f 411/818/259 412/819/259 420/820/259
f 400/784/259 411/818/259 420/820/259
f 418/793/262 399/782/262 400/755/262
f 403/776/263 401/770/263 413/795/263
f 408/801/271 409/821/271 402/802/271
f 400/784/267 424/822/267 426/803/267
f 428/805/268 425/823/268 424/824/268
f 424/824/268 400/784/268 428/805/268
f 400/784/268 399/791/268 428/805/268
f 402/754/269 409/825/269 404/806/269
o Neue_Welt_(10)__2547_58_-1089_to_2595_255_-1061.001_cell.077_Neue_Welt_(10)__2547_58_-1089_to_2595_255_-1061.001_cell.090
v 0.499897 0.270382 -0.500035
v 0.499897 0.272864 -0.488873
v 0.331056 -0.058252 -0.315193
v 0.275442 0.156750 -0.500035
v 0.398000 -0.165646 -0.500035
v 0.499897 -0.164862 -0.500035
v 0.499897 -0.073366 -0.343930
v 0.499897 0.293198 -0.396950
v 0.499897 0.276847 -0.394572
v 0.404018 0.250031 -0.373277
v 0.263305 0.164857 -0.435946
v 0.244485 0.176674 -0.333664
v 0.499897 0.270382 -0.500035
v 0.499897 0.270382 -0.500035
v 0.499897 0.272864 -0.488873
v 0.398000 -0.165646 -0.500035
v 0.275442 0.156750 -0.500035
v 0.499897 -0.164862 -0.500035
v 0.499897 -0.164862 -0.500035
v 0.499897 0.293198 -0.396950
v 0.499897 0.276847 -0.394572
v 0.499897 -0.073366 -0.343930
vt 0.225176 0.655900
vt 0.001706 0.335540
vt 0.103156 0.334759
vt 0.892316 0.775529
vt 0.841896 0.426680
vt 0.986204 0.771562
vt 0.001706 0.769089
vt 0.997317 0.335540
vt 0.997317 0.769089
vt 0.894685 0.791816
vt 0.543579 0.109584
vt 0.499702 0.350111
vt 0.259063 0.109584
vt 0.871898 0.749859
vt 0.422942 0.300092
vt 0.890416 0.456421
vt 0.890416 0.109584
vt 0.890416 0.710861
vt 0.287979 0.109584
vt 0.109584 0.109584
vt 0.723134 0.109584
vt 0.710861 0.710861
vt 0.723243 0.282506
vt 0.723134 0.723134
vt 0.890416 0.711526
vt 0.873454 0.723934
vt 0.720835 0.493750
vt 0.712021 0.109584
vt 0.711526 0.711526
vt 0.485032 0.467405
vt 0.890416 0.489499
vt 0.890416 0.890416
vt 0.639844 0.109584
vt 0.504990 0.224545
vt 0.890416 0.740937
vt 0.510501 0.109584
vt 0.468479 0.109584
vn 0.0000 0.0000 -1.0000
vn 1.0000 0.0000 0.0000
vn -0.4421 0.8758 -0.1937
vn -0.4430 0.8751 -0.1946
vn 0.0088 -0.8627 0.5056
vn 0.0066 -0.8636 0.5042
vn -0.9267 -0.3523 -0.1309
vn 0.1767 0.1417 0.9740
vn 0.1784 0.1408 0.9738
vn -0.9270 -0.3518 -0.1299
vn -0.4479 0.8750 -0.1835
usemtl Stone
s 1
f 468/826/272 469/827/272 467/828/272
f 472/829/273 473/830/273 466/831/273
f 468/826/272 465/832/272 469/827/272
f 473/830/273 470/833/273 464/834/273
f 464/834/273 466/831/273 473/830/273
f 466/831/273 471/835/273 472/829/273
usemtl Dirt
s off
f 461/836/274 459/837/274 453/838/274
f 452/839/275 455/840/275 461/841/275
f 454/842/276 457/843/276 458/844/276
f 454/845/277 456/846/277 457/847/277
f 454/845/278 455/848/278 456/849/278
f 460/850/279 459/851/279 461/852/279
f 454/845/280 458/853/280 460/854/280
f 463/855/281 462/856/281 454/857/281
f 463/858/282 461/841/282 462/859/282
f 461/841/275 453/860/275 452/839/275
f 462/859/275 461/841/275 455/840/275
f 454/845/278 462/861/278 455/848/278
f 461/852/279 463/862/279 454/842/279
f 454/842/279 460/850/279 461/852/279
o Neue_Welt_(10)__2547_58_-1089_to_2595_255_-1061.001_cell.078_Neue_Welt_(10)__2547_58_-1089_to_2595_255_-1061.001_cell.091
v -0.001539 -0.097026 -0.500035
v 0.297929 -0.200761 -0.467873
v 0.018073 -0.180303 -0.500035
v 0.051219 -0.037384 -0.500035
v 0.310771 -0.225253 -0.500035
v 0.272171 -0.274729 -0.500035
v 0.219292 -0.255240 -0.500035
v 0.321418 -0.211493 -0.500035
v 0.183752 -0.122722 -0.500035
v 0.079072 -0.203077 -0.500035
v 0.017004 -0.173984 -0.497739
v 0.003441 -0.092236 -0.468001
v 0.047694 -0.042876 -0.442571
v 0.029741 -0.062902 -0.452838
v 0.048871 -0.041052 -0.461387
v -0.001539 -0.097026 -0.500035
v 0.051219 -0.037384 -0.500035
v 0.183752 -0.122722 -0.500035
v 0.321418 -0.211493 -0.500035
v 0.310771 -0.225253 -0.500035
v 0.272171 -0.274729 -0.500035
v 0.219292 -0.255240 -0.500035
v 0.079072 -0.203077 -0.500035
v 0.018073 -0.180303 -0.500035
v 0.017004 -0.173984 -0.497739
vt 0.281080 0.245514
vt 0.420684 0.297474
vt 0.316464 0.377516
vt 0.481415 0.320159
vt 0.483632 0.329502
vt 0.500941 0.403112
vt 0.448415 0.462521
vt 0.179401 0.289091
vt 0.190002 0.275384
vt 0.228432 0.226100
vt 0.890416 0.729343
vt 0.890416 0.792356
vt 0.768677 0.768677
vt 0.207644 0.109584
vt 0.270657 0.109584
vt 0.306451 0.139165
vt 0.301698 0.109584
vt 0.558694 0.109584
vt 0.559456 0.363024
vt 0.890416 0.668025
vt 0.688114 0.688114
vt 0.218753 0.218753
vt 0.890416 0.441306
vt 0.890416 0.698302
vt 0.668025 0.668025
vt 0.109584 0.109584
vt 0.414051 0.109584
vt 0.415662 0.415662
vt 0.691721 0.109584
vt 0.414051 0.414051
vt 0.654295 0.306630
vt 0.650643 0.318207
vt 0.441452 0.441452
vt 0.330683 0.159167
vt 0.293272 0.157090
vt 0.214933 0.145313
vt 0.308279 0.109584
vt 0.890416 0.109584
vt 0.415662 0.109584
vt 0.890416 0.218753
vt 0.890416 0.688114
vt 0.700636 0.155696
vn 0.0000 0.0000 -1.0000
vn -0.0051 0.0033 -1.0000
vn 0.1338 0.3583 -0.9239
vn 0.0013 0.0814 -0.9967
vn -0.0109 -0.0083 -0.9999
vn -0.9571 -0.2252 0.1824
vn -0.7489 0.6625 0.0174
vn 0.5380 0.8355 0.1120
vn -0.1314 -0.3565 0.9250
vn 0.5384 0.8349 0.1146
vn 0.6231 -0.4821 0.6159
vn 0.6207 -0.4843 0.6166
vn -0.1338 -0.3583 0.9240
vn -0.1332 -0.3580 0.9242
vn -0.1331 -0.3583 0.9241
vn -0.1337 -0.3582 0.9240
usemtl Stone
s 1
f 495/863/283 496/864/284 491/865/283
f 496/864/284 497/866/285 498/867/286
f 498/867/286 489/868/287 496/864/284
f 489/868/287 490/869/283 496/864/284
f 490/869/283 491/865/283 496/864/284
f 491/865/283 492/870/283 493/871/283
f 491/865/283 493/871/283 495/863/283
f 493/871/283 494/872/283 495/863/283
usemtl Dirt
s off
f 485/873/288 474/874/288 484/875/288
f 474/876/289 485/877/289 487/878/289
f 488/879/290 482/880/290 477/881/290
f 486/882/291 487/883/291 480/884/291
f 482/885/292 488/886/292 486/887/292
f 475/888/293 478/889/293 481/890/293
f 475/888/294 479/891/294 478/892/294
f 484/893/295 476/894/295 483/895/295
f 486/896/289 488/897/289 487/878/289
f 488/897/289 477/898/289 487/878/289
f 477/898/289 474/876/289 487/878/289
f 479/899/291 475/900/291 480/884/291
f 475/900/291 486/882/291 480/884/291
f 486/887/292 475/888/292 482/885/292
f 475/888/292 481/901/292 482/885/292
f 480/902/296 487/903/296 483/895/296
f 487/903/297 485/904/297 484/893/297
f 483/895/298 487/903/298 484/893/298
o Neue_Welt_(10)__2547_58_-1089_to_2595_255_-1061.001_cell.079_Neue_Welt_(10)__2547_58_-1089_to_2595_255_-1061.001_cell.092
v 0.052413 -0.045133 -0.152933
v 0.076000 -0.018858 -0.145433
v 0.283586 -0.186304 -0.420757
v 0.235453 -0.323422 -0.480941
v 0.296802 -0.073547 -0.296544
v 0.292340 -0.064953 -0.289797
v 0.296441 -0.069426 -0.290055
v 0.161008 0.078443 -0.186947
v 0.160554 0.077676 -0.180244
v 0.192833 -0.356861 -0.500035
v 0.083293 -0.455046 -0.500035
v 0.047160 -0.302834 -0.500035
v 0.249265 -0.044242 -0.121622
v 0.235734 -0.027519 -0.121136
v 0.166338 -0.239494 -0.165450
v 0.117675 -0.353437 -0.191069
v 0.224039 -0.013019 -0.120946
v 0.115564 -0.434544 -0.302253
v 0.114863 -0.465415 -0.345016
v 0.032128 -0.213967 -0.467741
v 0.117115 -0.376317 -0.222247
v 0.010764 -0.085192 -0.420884
v 0.051614 -0.039630 -0.397314
v 0.162590 0.080851 -0.209285
v 0.083293 -0.455046 -0.500035
v 0.047160 -0.302834 -0.500035
v 0.192833 -0.356861 -0.500035
vt 0.416481 0.046486
vt 0.452455 0.198105
vt 0.307421 0.144288
vt 0.109584 0.109584
vt 0.890416 0.109584
vt 0.890416 0.890416
vt 0.890416 0.109584
vt 0.471455 0.471455
vt 0.109584 0.109584
vt 0.485299 0.185359
vt 0.429387 0.404590
vt 0.422282 0.422282
vt 0.109584 0.109584
vt 0.353581 0.109584
vt 0.856755 0.395807
vt 0.353581 0.353581
vt 0.659493 0.542857
vt 0.736591 0.258140
vt 0.890416 0.312303
vt 0.413858 0.109584
vt 0.890416 0.109584
vt 0.890416 0.636662
vt 0.421176 0.166598
vt 0.363338 0.109584
vt 0.109584 0.109584
vt 0.890416 0.649314
vt 0.587231 0.109584
vt 0.109584 0.109584
vt 0.890416 0.487383
vt 0.553202 0.553202
vt 0.109584 0.109584
vt 0.722613 0.568425
vt 0.812134 0.812134
vt 0.613169 0.109584
vt 0.487383 0.487383
vt 0.890416 0.413378
vt 0.462456 0.180967
vt 0.109584 0.109584
vt 0.409926 0.109584
vt 0.413378 0.413378
vt 0.525054 0.458405
vt 0.890416 0.109584
vt 0.661782 0.637357
vt 0.890416 0.109584
vt 0.595687 0.109584
vt 0.890416 0.386831
vt 0.409926 0.409926
vt 0.325616 0.325616
vt 0.812134 0.109584
vt 0.304301 0.127172
vt 0.890416 0.422282
vt 0.397403 0.397403
vt 0.586142 0.109584
vt 0.890416 0.698644
vt 0.393030 0.276097
vt 0.698644 0.698644
vt 0.312303 0.312303
vt 0.385165 0.166395
vt 0.890416 0.471455
vt 0.844515 0.465576
vt 0.890416 0.109584
vt 0.653930 0.574498
vt 0.890416 0.890416
vt 0.890416 0.109584
vt 0.553202 0.109584
vt 0.866552 0.409321
vt 0.429740 0.147774
vt 0.392891 0.109584
vt 0.327369 0.197799
vt 0.649314 0.649314
vt 0.890416 0.325616
vn 0.0000 0.0000 -1.0000
vn 0.6744 0.6397 -0.3688
vn -0.7475 0.6638 0.0252
vn -0.1545 -0.1534 0.9760
vn -0.1626 0.4577 0.8741
vn -0.1563 -0.1389 0.9779
vn -0.9571 -0.2272 0.1797
vn -0.9571 -0.2252 0.1824
vn -0.7489 0.6625 0.0174
vn 0.3583 0.6756 -0.6444
vn 0.8507 -0.4310 0.3009
vn 0.8494 -0.4344 0.2997
vn 0.8507 -0.4294 0.3031
vn 0.7732 0.6220 0.1236
vn 0.7728 0.6228 0.1218
vn 0.1329 0.3583 -0.9241
vn 0.3874 0.6853 -0.6167
vn 0.8652 -0.4001 0.3022
vn 0.7353 0.6765 -0.0402
vn 0.6562 -0.7321 -0.1826
vn -0.7485 0.6629 0.0185
vn -0.7488 0.6626 0.0174
vn 0.3592 0.6717 -0.6479
vn 0.8507 -0.4310 0.3010
vn 0.8507 -0.4308 0.3011
vn 0.8507 -0.4311 0.3008
vn 0.1335 0.3584 -0.9240
vn 0.1332 0.3584 -0.9240
vn 0.1332 0.3588 -0.9239
usemtl Stone
s 1
f 523/905/299 524/906/299 525/907/299
usemtl Dirt
s off
f 504/908/300 505/909/300 503/910/300
f 500/911/301 506/912/301 499/913/301
f 499/913/302 513/914/302 511/915/302
f 507/916/303 500/917/303 515/918/303
f 500/917/304 512/919/304 515/920/304
f 510/921/305 517/922/305 516/923/305
f 514/924/306 499/925/306 520/926/306
f 521/927/307 520/928/307 499/925/307
f 503/929/308 521/930/308 522/931/308
f 501/932/309 513/933/309 519/934/309
f 502/935/310 516/936/310 517/937/310
f 511/938/311 513/939/311 503/929/311
f 505/909/312 506/940/312 515/941/312
f 505/942/313 522/943/313 506/944/313
f 518/945/314 502/946/314 510/947/314
f 504/948/315 503/910/315 522/949/315
f 505/942/316 511/950/316 503/910/316
f 505/942/317 504/948/317 522/951/317
f 508/952/318 517/953/318 509/954/318
f 500/911/301 507/955/301 506/912/301
f 511/915/302 512/956/302 499/913/302
f 499/913/302 514/957/302 513/914/302
f 500/917/304 499/925/304 512/919/304
f 516/923/305 518/958/305 510/921/305
f 510/921/305 509/959/305 517/922/305
f 520/926/306 518/960/306 514/924/306
f 518/960/306 516/961/306 519/962/306
f 514/924/306 518/960/306 519/962/306
f 506/963/319 522/964/319 499/925/319
f 522/964/320 521/927/320 499/925/320
f 503/929/321 501/965/321 521/930/321
f 514/966/322 519/934/322 513/933/322
f 519/934/323 502/967/323 501/932/323
f 501/932/324 503/968/324 513/933/324
f 502/935/310 519/969/310 516/936/310
f 507/970/312 515/941/312 506/940/312
f 515/941/312 512/971/312 505/909/312
f 512/971/312 511/972/312 505/909/312
f 520/973/325 521/974/325 518/945/325
f 521/974/326 501/932/326 518/945/326
f 501/932/327 502/946/327 518/945/327
f 502/946/314 508/975/314 510/947/314
f 508/952/318 502/935/318 517/953/318
o Neue_Welt_(10)__2547_58_-1089_to_2595_255_-1061.001_cell.061_ce_Neue_Welt_(10)__2547_58_-1089_to_2595_255_-1061.001_cell.100
v 0.052255 -0.037932 -0.111619
v 0.042582 -0.044289 -0.113542
v -0.043034 -0.105735 -0.001491
v 0.499896 -0.024267 0.021045
v 0.499896 -0.018051 -0.037716
v 0.227232 -0.281613 0.169210
v 0.297990 -0.332916 0.061130
v 0.499896 -0.204200 -0.066445
v 0.499896 -0.027275 0.049267
v 0.217973 -0.072732 0.314259
v 0.487170 -0.029332 0.061283
v 0.212563 -0.072641 0.310298
v 0.019350 -0.069611 0.168634
v 0.085640 -0.212476 -0.133347
v 0.494978 -0.216097 -0.069062
v 0.487069 -0.235111 -0.073252
v 0.014582 -0.072578 0.162926
v -0.055589 -0.116905 0.078339
v -0.049785 -0.141347 0.011397
v -0.051419 -0.139056 0.025592
v -0.056128 -0.132082 0.066857
v 0.078734 -0.212313 -0.134041
v 0.069096 -0.221260 -0.121251
v -0.001042 -0.174159 -0.043467
v -0.029665 -0.100535 0.109643
v 0.499896 -0.018051 -0.037716
v 0.499896 -0.024267 0.021045
v 0.499896 -0.204200 -0.066445
v 0.499896 -0.027275 0.049267
vt 0.565629 0.296355
vt 0.478524 0.475588
vt 0.450426 0.472592
vt 0.537027 0.481779
vt 0.567510 0.109584
vt 0.572842 0.122264
vt 0.231843 0.146552
vt 0.440404 0.109584
vt 0.890416 0.822371
vt 0.109584 0.109584
vt 0.654761 0.568964
vt 0.639339 0.548618
vt 0.624237 0.109584
vt 0.863874 0.434913
vt 0.440404 0.440404
vt 0.109584 0.109584
vt 0.172214 0.109584
vt 0.186701 0.131996
vt 0.890416 0.369042
vt 0.689789 0.109584
vt 0.890416 0.109584
vt 0.109584 0.109584
vt 0.861278 0.375401
vt 0.369042 0.369042
vt 0.890416 0.109584
vt 0.689789 0.689789
vt 0.827786 0.109584
vt 0.696577 0.306368
vt 0.434990 0.434990
vt 0.530255 0.277619
vt 0.521364 0.261380
vt 0.890416 0.109584
vt 0.109584 0.109584
vt 0.738768 0.109584
vt 0.628926 0.628926
vt 0.392337 0.109584
vt 0.890416 0.561173
vt 0.546687 0.262996
vt 0.109584 0.109584
vt 0.890416 0.242141
vt 0.890416 0.890416
vt 0.242141 0.242141
vt 0.265905 0.230243
vt 0.360627 0.109584
vt 0.890416 0.109584
vt 0.639373 0.109584
vt 0.651386 0.155403
vt 0.637845 0.346262
vt 0.617189 0.109584
vt 0.650882 0.150614
vt 0.215646 0.147624
vt 0.177629 0.109584
vt 0.890416 0.432490
vt 0.811755 0.811755
vt 0.614611 0.516376
vt 0.890416 0.109584
vt 0.890416 0.811755
vt 0.228409 0.197319
vt 0.222641 0.222641
vt 0.858000 0.350455
vt 0.890416 0.890416
vt 0.890416 0.222641
vt 0.438827 0.109584
vt 0.890416 0.628926
vt 0.880607 0.619375
vt 0.696069 0.109584
vt 0.856079 0.230418
vt 0.890416 0.261232
vt 0.392337 0.392337
vt 0.617189 0.617189
vt 0.652809 0.142810
vt 0.303931 0.109584
vn 1.0000 0.0000 0.0000
vn -0.0606 0.9925 0.1058
vn -0.0614 0.9926 0.1050
vn 0.1547 0.1508 -0.9764
vn -0.5530 0.8327 0.0292
vn -0.9813 0.1371 -0.1351
vn -0.7655 -0.0869 -0.6376
vn 0.1023 0.1421 -0.9845
vn -0.7692 -0.0834 -0.6335
vn -0.5581 0.8293 0.0283
vn -0.5159 -0.5039 0.6928
vn 0.6590 -0.4091 0.6311
vn -0.5163 -0.5050 0.6917
vn 0.6598 -0.4128 0.6279
vn 0.6601 -0.4112 0.6287
vn -0.4902 -0.8669 0.0906
vn -0.4899 -0.8677 0.0837
vn 0.0361 -0.8315 -0.5544
vn 0.1545 0.1511 -0.9764
vn 0.1547 0.1507 -0.9764
vn -0.5579 0.8294 0.0283
vn -0.5158 -0.5039 0.6928
usemtl Stone
s 1
f 553/976/328 552/977/328 554/978/328
f 553/976/328 551/979/328 552/977/328
usemtl Dirt
s off
f 537/980/329 535/981/329 536/982/329
f 538/983/330 529/984/330 526/985/330
f 533/986/331 540/987/331 539/988/331
f 526/985/332 542/989/332 538/990/332
f 528/991/333 544/992/333 545/993/333
f 547/994/334 549/995/334 527/996/334
f 527/997/335 539/998/335 547/999/335
f 528/1000/336 549/1001/336 544/1002/336
f 528/1000/337 550/1003/337 542/1004/337
f 538/1005/338 542/1006/338 531/1007/338
f 531/1008/339 536/1009/339 535/1010/339
f 546/1011/340 550/1012/340 543/1013/340
f 532/1014/341 540/1015/341 531/1016/341
f 531/1016/342 540/1017/342 533/1018/342
f 531/1016/343 545/1019/343 532/1020/343
f 545/1021/344 544/1022/344 549/1023/344
f 548/1024/345 539/1025/345 532/1014/345
f 536/982/329 534/1026/329 529/1027/329
f 529/1027/329 537/980/329 536/982/329
f 537/1028/330 529/984/330 538/983/330
f 529/984/330 530/1029/330 526/985/330
f 541/1030/331 539/988/331 540/987/331
f 539/988/346 526/1031/346 530/1032/346
f 533/986/347 539/988/347 530/1032/347
f 526/985/332 527/996/332 542/989/332
f 545/993/333 546/1033/333 543/1034/333
f 543/1034/333 528/991/333 545/993/333
f 547/994/334 548/1035/334 549/995/334
f 527/997/335 526/1031/335 539/998/335
f 528/1000/336 527/1036/336 549/1001/336
f 542/1004/337 527/997/337 528/1000/337
f 528/1000/348 543/1037/348 550/1003/348
f 542/1006/349 550/1038/349 531/1007/349
f 531/1007/349 535/1039/349 537/1040/349
f 537/1040/349 538/1005/349 531/1007/349
f 546/1011/340 531/1007/340 550/1012/340
f 532/1014/341 541/1041/341 540/1015/341
f 534/1042/342 536/1043/342 533/1018/342
f 536/1043/342 531/1016/342 533/1018/342
f 531/1016/343 546/1044/343 545/1019/343
f 549/1023/344 548/1045/344 532/1014/344
f 532/1014/344 545/1021/344 549/1023/344
f 547/1046/345 539/1025/345 548/1024/345
f 539/1025/345 541/1047/345 532/1014/345
o Neue_Welt_(10)__2547_58_-1089_to_2595_255_-1061.001_cell.069_Neue_Welt_(10)__2547_58_-1089_to_2595_255_-1061.001_cell.101
v 0.499897 -0.500000 -0.112096
v 0.140635 -0.500000 -0.169139
v 0.310539 -0.370334 0.044526
v 0.499897 -0.294226 -0.080338
v 0.499897 -0.500000 0.010200
v 0.090973 -0.500000 -0.109517
v 0.347471 -0.500000 0.083520
v 0.305867 -0.500000 0.052291
v 0.482768 -0.500000 0.018465
v 0.094040 -0.256388 -0.138813
v 0.485887 -0.279107 -0.080230
v 0.088187 -0.256242 -0.139401
v 0.085738 -0.303354 -0.130039
v 0.084630 -0.259565 -0.134677
v 0.140635 -0.500000 -0.169139
v 0.499897 -0.500000 -0.112096
v 0.499897 -0.500000 -0.112096
v 0.499897 -0.500000 0.010200
v 0.499897 -0.500000 0.010200
v 0.499897 -0.294226 -0.080338
v 0.305867 -0.500000 0.052291
v 0.090973 -0.500000 -0.109517
v 0.482768 -0.500000 0.018465
v 0.347471 -0.500000 0.083520
vt 0.489322 0.001707
vt 0.611080 0.001707
vt 0.579462 0.206680
vt 0.611080 0.001707
vt 0.489322 0.001707
vt 0.481092 0.018769
vt 0.416323 0.153540
vt 0.447416 0.194982
vt 0.608514 0.409038
vt 0.667874 0.359570
vt 0.185764 0.109584
vt 0.558594 0.458792
vt 0.280293 0.183157
vt 0.890416 0.813279
vt 0.751196 0.674119
vt 0.855134 0.474358
vt 0.853947 0.442276
vt 0.813279 0.813279
vt 0.436875 0.436875
vt 0.890416 0.109584
vt 0.363276 0.134768
vt 0.359279 0.109584
vt 0.672255 0.109584
vt 0.728172 0.670671
vt 0.109584 0.109584
vt 0.673587 0.109584
vt 0.672255 0.672255
vt 0.304586 0.223692
vt 0.890416 0.223278
vt 0.890416 0.671776
vt 0.223278 0.223278
vt 0.671776 0.671776
vt 0.557271 0.109584
vt 0.540793 0.451545
vt 0.878440 0.430036
vt 0.890416 0.436875
vt 0.890416 0.682400
vt 0.355853 0.125964
vt 0.728212 0.142674
vt 0.682400 0.682400
vt 0.326412 0.109584
vt 0.890416 0.640721
vn 1.0000 0.0000 0.0000
vn 0.0000 -1.0000 0.0000
vn 0.1550 0.1507 -0.9764
vn -0.7655 -0.0869 -0.6376
vn 0.1023 0.1421 -0.9845
vn -0.0352 0.8296 0.5572
vn 0.4040 0.3684 0.8373
vn 0.4031 0.3669 0.8384
vn -0.6002 0.0672 0.7971
vn -0.5989 0.0694 0.7978
vn 0.1547 0.1511 -0.9763
usemtl Stone
s 1
f 572/1048/350 571/1049/350 574/1050/350
f 570/1051/351 573/1052/351 577/1053/351
f 578/1054/351 575/1055/351 577/1053/351
f 575/1055/351 576/1056/351 569/1057/351
f 577/1053/351 575/1055/351 570/1051/351
f 569/1057/351 570/1051/351 575/1055/351
usemtl Dirt
s off
f 556/1058/352 565/1059/352 555/1060/352
f 556/1061/353 560/1062/353 567/1063/353
f 564/1064/354 556/1065/354 566/1066/354
f 557/1067/355 564/1068/355 568/1069/355
f 563/1070/356 558/1071/356 557/1072/356
f 561/1073/357 563/1074/357 557/1072/357
f 560/1075/358 562/1076/358 567/1077/358
f 562/1078/359 557/1067/359 567/1079/359
f 564/1080/360 565/1059/360 556/1058/360
f 565/1059/352 558/1081/352 555/1060/352
f 567/1063/353 568/1082/353 566/1083/353
f 566/1083/353 556/1061/353 567/1063/353
f 565/1084/355 564/1068/355 557/1067/355
f 564/1068/355 566/1085/355 568/1069/355
f 559/1086/356 558/1071/356 563/1070/356
f 558/1071/356 565/1087/356 557/1072/356
f 561/1088/359 557/1067/359 562/1078/359
f 557/1067/359 568/1089/359 567/1079/359
o Neue_Welt_(10)__2547_58_-1089_to_2595_255_-1061.001_cell.080_Neue_Welt_(10)__2547_58_-1089_to_2595_255_-1061.001_cell.102
v -0.166553 -0.500000 0.499965
v -0.153945 -0.408231 0.499965
v 0.225094 -0.500000 0.499965
v 0.224957 -0.500000 0.488826
v -0.135068 -0.500000 0.267667
v 0.209891 -0.500000 0.342108
v -0.128537 -0.419261 0.301321
v -0.166553 -0.500000 0.499965
v -0.166553 -0.500000 0.499965
v 0.225094 -0.500000 0.499965
v 0.225094 -0.500000 0.499965
v -0.153945 -0.408231 0.499965
v 0.224957 -0.500000 0.488826
v -0.135068 -0.500000 0.267667
v 0.209891 -0.500000 0.342108
vt 0.333792 0.001707
vt 0.723562 0.001987
vt 0.346345 0.093118
vt 0.001706 0.665562
vt 0.232985 0.634199
vt 0.158870 0.290583
vt 0.012797 0.275576
vt 0.001706 0.275439
vt 0.393658 0.387309
vt 0.790211 0.216556
vt 0.790375 0.411505
vt 0.136743 0.136743
vt 0.747073 0.124122
vt 0.735258 0.735258
vt 0.780131 0.629162
vt 0.298085 0.109584
vt 0.340379 0.109584
vt 0.326306 0.215660
vt 0.890416 0.136742
vt 0.890416 0.735258
vn 0.0000 0.0000 1.0000
vn 0.0000 -1.0000 0.0000
vn -0.9819 0.1349 -0.1331
vn 0.1965 0.3637 -0.9106
vn 0.2353 0.9719 -0.0029
vn 0.2347 0.9718 -0.0241
vn 0.2347 0.9718 -0.0239
usemtl Stone
s 1
f 586/1090/361 588/1091/361 590/1092/361
f 587/1093/362 592/1094/362 593/1095/362
f 593/1095/362 591/1096/362 587/1093/362
f 591/1096/362 589/1097/362 587/1093/362
usemtl Dirt
s off
f 585/1098/363 579/1099/363 580/1100/363
f 584/1101/364 583/1102/364 585/1103/364
f 580/1104/365 581/1105/365 582/1106/365
f 585/1098/363 583/1107/363 579/1099/363
f 582/1106/366 584/1108/366 580/1104/366
f 584/1108/367 585/1109/367 580/1104/367
o Neue_Welt_(10)__2547_58_-1089_to_2595_255_-1061.001_cell.082_Neue_Welt_(10)__2547_58_-1089_to_2595_255_-1061.001_cell.093
v 0.226252 -0.487226 0.307104
v 0.217921 -0.322604 0.172176
v 0.283212 -0.369109 0.074907
v -0.099843 -0.500000 0.119568
v 0.065602 -0.500000 -0.079058
v 0.233319 -0.500000 0.303446
v 0.320557 -0.500000 0.113818
v -0.116934 -0.500000 0.227990
v -0.117137 -0.496659 0.139981
v -0.057332 -0.181168 0.025808
v -0.127686 -0.479520 0.233964
v -0.121531 -0.404482 0.265398
v -0.062555 -0.173789 0.071211
v -0.074155 -0.219130 0.109443
v -0.127564 -0.497003 0.215345
v -0.129092 -0.497060 0.226561
v -0.013369 -0.210858 -0.023664
v -0.109842 -0.498066 0.131309
v 0.058651 -0.259626 -0.103480
v 0.063680 -0.431484 -0.086091
v 0.031337 -0.241023 -0.073224
v 0.233319 -0.500000 0.303446
v -0.116934 -0.500000 0.227990
v -0.099843 -0.500000 0.119568
v 0.065602 -0.500000 -0.079058
v 0.320557 -0.500000 0.113818
vt 0.380433 0.599112
vt 0.578188 0.434311
vt 0.386158 0.180348
vt 0.197363 0.267246
vt 0.272487 0.616136
vt 0.109584 0.109584
vt 0.890416 0.109584
vt 0.890416 0.890416
vt 0.830667 0.346438
vt 0.395155 0.213853
vt 0.797073 0.109584
vt 0.244221 0.221746
vt 0.259036 0.259036
vt 0.221824 0.221824
vt 0.716012 0.533151
vt 0.216269 0.139422
vt 0.633095 0.109584
vt 0.189406 0.189406
vt 0.757757 0.109584
vt 0.633094 0.633094
vt 0.109584 0.109584
vt 0.890416 0.360577
vt 0.360577 0.360577
vt 0.890416 0.277508
vt 0.277508 0.277508
vt 0.890416 0.266444
vt 0.515956 0.474623
vt 0.890416 0.890416
vt 0.503216 0.109584
vt 0.270986 0.255400
vt 0.331010 0.109584
vt 0.361801 0.109584
vt 0.736750 0.534238
vt 0.890416 0.638199
vt 0.870515 0.651590
vt 0.431235 0.384875
vt 0.890416 0.109584
vt 0.890416 0.673634
vt 0.890416 0.890416
vt 0.462982 0.462982
vt 0.890416 0.416106
vt 0.890416 0.496784
vt 0.416106 0.416106
vt 0.326366 0.109584
vt 0.731250 0.731250
vt 0.288519 0.181298
vt 0.242243 0.109584
vt 0.890416 0.221824
vt 0.889364 0.260590
vt 0.740226 0.263249
vt 0.805575 0.357298
vt 0.680071 0.603025
vt 0.189406 0.109584
vt 0.202927 0.109584
vt 0.613756 0.109584
vt 0.733146 0.395616
vt 0.890416 0.386244
vt 0.890416 0.731250
vt 0.720106 0.504448
vt 0.697549 0.463790
vt 0.890416 0.668990
vt 0.462982 0.109584
vn 0.0000 -1.0000 0.0000
vn 0.8444 0.3645 0.3926
vn -0.9813 0.1371 -0.1351
vn -0.9819 0.1349 -0.1331
vn -0.7655 -0.0869 -0.6376
vn -0.7692 -0.0834 -0.6335
vn 0.0593 0.6346 0.7706
vn 0.0583 0.6339 0.7712
vn -0.1960 -0.3652 0.9101
vn 0.4909 0.8671 -0.0850
vn -0.1959 -0.3679 0.9090
vn -0.2308 -0.9723 -0.0364
vn 0.6020 -0.0648 -0.7958
vn 0.6018 -0.0630 -0.7962
vn 0.4922 0.8660 -0.0881
vn 0.8484 0.3576 0.3903
vn 0.4906 0.8673 -0.0845
vn 0.4909 0.8670 -0.0850
vn -0.1958 -0.3686 0.9088
vn 0.8483 0.3580 0.3902
usemtl Stone
s 1
f 617/1110/368 618/1111/368 619/1112/368
f 619/1112/368 615/1113/368 617/1110/368
f 615/1113/368 616/1114/368 617/1110/368
usemtl Dirt
s off
f 596/1115/369 595/1116/369 594/1117/369
f 605/1118/370 607/1119/370 602/1120/370
f 609/1121/371 604/1122/371 608/1123/371
f 613/1124/372 597/1125/372 610/1126/372
f 611/1127/373 603/1128/373 610/1129/373
f 595/1130/374 607/1131/374 594/1117/374
f 607/1132/375 605/1133/375 594/1117/375
f 605/1134/376 604/1135/376 594/1117/376
f 610/1136/377 595/1137/377 614/1138/377
f 604/1139/378 609/1140/378 601/1141/378
f 602/1142/379 601/1143/379 608/1144/379
f 598/1145/380 596/1146/380 600/1147/380
f 596/1148/381 613/1149/381 612/1150/381
f 614/1151/382 596/1148/382 612/1152/382
f 600/1153/383 594/1117/383 599/1154/383
f 606/1155/370 603/1156/370 607/1119/370
f 603/1156/370 602/1120/370 607/1119/370
f 602/1120/370 608/1157/370 604/1158/370
f 604/1158/370 605/1118/370 602/1120/370
f 610/1126/372 614/1159/372 613/1124/372
f 614/1159/372 612/1160/372 613/1124/372
f 613/1124/372 598/1161/372 597/1125/372
f 610/1126/372 597/1125/372 611/1162/372
f 611/1127/373 602/1163/373 603/1128/373
f 595/1130/374 606/1164/374 607/1131/374
f 610/1136/384 603/1165/384 606/1166/384
f 606/1166/384 595/1137/384 610/1136/384
f 595/1137/385 596/1115/385 614/1138/385
f 601/1141/386 599/1167/386 594/1117/386
f 594/1117/378 604/1139/378 601/1141/378
f 602/1142/379 611/1168/379 601/1143/379
f 611/1168/379 597/1169/379 601/1143/379
f 601/1143/379 609/1170/379 608/1144/379
f 598/1145/380 613/1171/380 596/1146/380
f 600/1153/387 596/1146/387 594/1117/387
o Neue_Welt_(10)__2547_58_-1089_to_2595_255_-1061.001_cell.083_Neue_Welt_(10)__2547_58_-1089_to_2595_255_-1061.001_cell.096
v 0.499897 -0.500000 0.499965
v 0.499897 -0.075310 0.499965
v 0.249245 -0.307085 0.191897
v 0.322879 -0.359503 0.081953
v 0.257962 -0.481359 0.334486
v 0.256894 -0.452534 0.499965
v 0.270900 -0.500000 0.499965
v 0.258087 -0.477180 0.499965
v 0.240451 -0.091153 0.499965
v 0.499897 -0.033598 0.108601
v 0.499897 -0.267567 -0.044100
v 0.499897 -0.252538 -0.034566
v 0.499897 -0.500000 0.057672
v 0.350848 -0.500000 0.149748
v 0.290474 -0.500000 0.281053
v 0.268350 -0.500000 0.329348
v 0.362855 -0.500000 0.124054
v 0.239861 -0.083490 0.427732
v 0.239791 -0.075548 0.353180
v 0.499897 -0.500000 0.499965
v 0.499897 -0.500000 0.499965
v 0.499897 -0.075310 0.499965
v 0.499897 -0.075310 0.499965
v 0.240451 -0.091153 0.499965
v 0.256894 -0.452534 0.499965
v 0.258087 -0.477180 0.499965
v 0.270900 -0.500000 0.499965
v 0.270900 -0.500000 0.499965
v 0.499897 -0.267567 -0.044100
v 0.499897 -0.252538 -0.034566
v 0.499897 -0.033598 0.108601
v 0.499897 -0.500000 0.057672
v 0.499897 -0.500000 0.057672
v 0.290474 -0.500000 0.281053
v 0.350848 -0.500000 0.149748
v 0.362855 -0.500000 0.124054
v 0.268350 -0.500000 0.329348
vt 0.755375 0.048984
vt 0.756566 0.024436
vt 0.769325 0.001707
vt 0.442058 0.001707
vt 0.391353 0.466292
vt 0.001706 0.001707
vt 0.001706 0.001707
vt 0.001706 0.229812
vt 0.171574 0.232352
vt 0.997317 0.001707
vt 0.997317 0.424743
vt 0.739010 0.408962
vt 0.543383 0.233234
vt 0.533891 0.248205
vt 0.001706 0.424743
vt 0.219657 0.210314
vt 0.350386 0.150175
vt 0.375967 0.138215
vt 0.442058 0.001707
vt 0.725679 0.304907
vt 0.822981 0.403067
vt 0.822765 0.755097
vt 0.766370 0.296219
vt 0.109584 0.109584
vt 0.642501 0.109584
vt 0.109584 0.109584
vt 0.322917 0.109584
vt 0.323009 0.323009
vt 0.890416 0.109584
vt 0.730751 0.730751
vt 0.890416 0.109584
vt 0.322917 0.322917
vt 0.109584 0.109584
vt 0.890416 0.760977
vt 0.718957 0.718957
vt 0.666030 0.539102
vt 0.686721 0.686721
vt 0.890416 0.782227
vt 0.376110 0.109584
vt 0.782227 0.782227
vt 0.890416 0.109584
vt 0.890416 0.710485
vt 0.890416 0.357499
vt 0.890416 0.890416
vt 0.376110 0.376110
vt 0.800768 0.275216
vt 0.289515 0.109584
vt 0.295572 0.227596
vt 0.625253 0.204327
vt 0.760977 0.760977
vt 0.890416 0.686721
vt 0.890416 0.730751
vt 0.718957 0.109584
vt 0.335510 0.226650
vt 0.890416 0.323009
vn 0.0000 0.0000 1.0000
vn 1.0000 0.0000 0.0000
vn 0.0000 -1.0000 0.0000
vn -0.0606 0.9925 0.1058
vn -0.6586 0.4118 -0.6298
vn -0.8465 -0.3649 -0.3878
vn -0.8456 -0.3590 -0.3951
vn -0.8473 -0.3611 -0.3896
vn -0.6604 0.4022 -0.6341
vn -0.4056 -0.3664 -0.8374
vn -0.9990 -0.0455 0.0033
vn -0.9988 -0.0483 0.0020
vn -0.9992 -0.0386 -0.0032
vn -0.8719 -0.4895 0.0130
vn -0.4058 -0.3666 -0.8372
usemtl Stone
s 1
f 644/1172/388 645/1173/388 646/1174/388
f 651/1175/389 650/1176/389 640/1177/389
f 620/1178/390 647/1179/390 656/1180/390
f 646/1174/388 639/1181/388 644/1172/388
f 639/1181/388 641/1182/388 644/1172/388
f 641/1182/388 643/1183/388 644/1172/388
f 651/1175/389 648/1184/389 649/1185/389
f 649/1185/389 650/1176/389 651/1175/389
f 650/1176/389 642/1186/389 640/1177/389
f 656/1180/390 653/1187/390 620/1178/390
f 653/1187/390 654/1188/390 620/1178/390
f 654/1188/390 655/1189/390 652/1190/390
f 652/1190/390 620/1178/390 654/1188/390
usemtl Dirt
s off
f 637/1191/391 628/1192/391 621/1193/391
f 629/1194/392 622/1195/392 638/1196/392
f 624/1197/393 634/1198/393 635/1199/393
f 623/1200/394 633/1201/394 622/1195/394
f 622/1202/395 634/1203/395 624/1197/395
f 623/1204/396 631/1205/396 630/1206/396
f 623/1204/397 632/1207/397 636/1208/397
f 625/1209/398 637/1210/398 622/1202/398
f 625/1211/399 624/1212/399 627/1213/399
f 638/1214/400 622/1215/400 637/1216/400
f 624/1212/401 626/1217/401 627/1218/401
f 629/1219/391 638/1220/391 621/1193/391
f 638/1220/391 637/1191/391 621/1193/391
f 629/1194/392 631/1221/392 622/1195/392
f 623/1200/394 636/1222/394 633/1201/394
f 622/1202/395 633/1223/395 634/1203/395
f 623/1204/396 622/1202/396 631/1205/396
f 623/1204/402 630/1224/402 632/1207/402
f 625/1209/398 628/1225/398 637/1210/398
f 625/1211/399 622/1195/399 624/1212/399
f 624/1212/401 635/1226/401 626/1217/401
o Neue_Welt_(10)__2547_58_-1089_to_2595_255_-1061.001_cell.084_Neue_Welt_(10)__2547_58_-1089_to_2595_255_-1061.001_cell.097
v 0.024154 -0.104360 0.499965
v -0.019553 -0.107064 0.499965
v -0.129422 -0.229737 0.499965
v -0.121900 -0.175903 0.499965
v 0.217269 -0.461057 0.338564
v 0.208552 -0.296372 0.202712
v -0.148505 -0.368633 0.499965
v 0.217371 -0.457228 0.499965
v 0.200925 -0.093566 0.499965
v 0.181651 -0.077845 0.341416
v 0.199407 -0.078151 0.354459
v 0.200077 -0.083951 0.409262
v 0.013577 -0.075169 0.217800
v 0.009517 -0.077695 0.212932
v -0.063025 -0.123521 0.125619
v -0.064052 -0.151579 0.104605
v -0.112993 -0.342617 0.266159
v -0.128396 -0.377347 0.342771
v -0.122546 -0.379838 0.297764
v -0.036797 -0.106954 0.157071
v -0.121900 -0.175903 0.499965
v -0.129422 -0.229737 0.499965
v 0.024154 -0.104360 0.499965
v -0.019553 -0.107064 0.499965
v 0.200925 -0.093566 0.499965
v -0.148505 -0.368633 0.499965
v 0.217371 -0.457228 0.499965
vt 0.523663 0.395806
vt 0.370761 0.270918
vt 0.716026 0.044308
vt 0.699658 0.406558
vt 0.479407 0.392620
vt 0.378250 0.324542
vt 0.351762 0.132562
vt 0.823162 0.109584
vt 0.700833 0.226032
vt 0.609455 0.109584
vt 0.498442 0.109584
vt 0.890416 0.176838
vt 0.890416 0.390545
vt 0.831517 0.831517
vt 0.498442 0.498442
vt 0.859073 0.493757
vt 0.750402 0.380972
vt 0.838212 0.408024
vt 0.890416 0.476509
vt 0.476509 0.476509
vt 0.790445 0.495627
vt 0.790692 0.790692
vt 0.890416 0.819755
vt 0.831688 0.831688
vt 0.493848 0.493848
vt 0.890416 0.890416
vt 0.299290 0.109584
vt 0.890416 0.109584
vt 0.109584 0.109584
vt 0.890416 0.293080
vt 0.293080 0.293080
vt 0.890416 0.307340
vt 0.308014 0.295357
vt 0.890416 0.294008
vt 0.390249 0.109584
vt 0.890416 0.700710
vt 0.890416 0.439906
vt 0.390249 0.390249
vt 0.609994 0.391962
vt 0.856746 0.370616
vt 0.890416 0.371340
vt 0.890416 0.890416
vt 0.732313 0.723623
vt 0.294008 0.294008
vt 0.818646 0.345038
vt 0.627009 0.151257
vt 0.831517 0.109584
vt 0.890416 0.790692
vt 0.819755 0.819755
vt 0.289600 0.289600
vt 0.300528 0.243104
vt 0.722185 0.368332
vt 0.890416 0.289600
vt 0.278266 0.278266
vt 0.628660 0.109584
vt 0.439906 0.439906
vt 0.530117 0.370298
vt 0.538022 0.364289
vt 0.768024 0.256772
vt 0.890416 0.278266
vn 0.0000 0.0000 1.0000
vn -0.0606 0.9925 0.1058
vn -0.0614 0.9926 0.1050
vn -0.5530 0.8327 0.0292
vn -0.9813 0.1371 -0.1351
vn -0.9819 0.1349 -0.1331
vn -0.5579 0.8294 0.0284
vn -0.0600 -0.6371 -0.7685
vn 0.9989 0.0469 -0.0072
vn 0.9989 0.0464 -0.0044
vn 0.9990 0.0452 -0.0017
vn -0.0605 -0.6355 -0.7698
vn 0.5162 0.5013 -0.6945
vn 0.5172 0.5031 -0.6924
vn -0.2350 -0.9717 0.0232
vn -0.5580 0.8293 0.0283
vn -0.5579 0.8294 0.0283
vn -0.2353 -0.9716 0.0238
usemtl Stone
s 1
f 679/1227/403 678/1228/403 683/1229/403
f 683/1229/403 681/1230/403 679/1227/403
f 679/1227/403 680/1231/403 678/1228/403
f 680/1231/403 677/1232/403 678/1228/403
f 678/1228/403 682/1233/403 683/1229/403
usemtl Dirt
s off
f 657/1234/404 668/1235/404 666/1236/404
f 669/1237/405 657/1238/405 666/1239/405
f 658/1240/406 669/1241/406 670/1242/406
f 673/1243/407 675/1244/407 674/1245/407
f 674/1246/408 663/1247/408 659/1248/408
f 660/1249/409 658/1250/409 670/1251/409
f 661/1252/410 673/1253/410 662/1254/410
f 662/1255/411 668/1256/411 661/1252/411
f 661/1252/412 668/1257/412 665/1258/412
f 665/1259/413 664/1260/413 661/1252/413
f 672/1261/414 662/1254/414 673/1262/414
f 676/1263/415 672/1264/415 671/1265/415
f 666/1266/416 667/1267/416 662/1268/416
f 674/1269/417 661/1252/417 664/1270/417
f 665/1271/404 668/1235/404 657/1234/404
f 668/1235/404 667/1272/404 666/1236/404
f 669/1237/405 658/1273/405 657/1238/405
f 674/1245/407 659/1274/407 673/1243/407
f 659/1274/407 660/1275/407 673/1243/407
f 660/1275/407 671/1276/407 673/1243/407
f 671/1276/407 672/1277/407 673/1243/407
f 670/1251/418 676/1278/418 660/1249/418
f 676/1278/419 671/1279/419 660/1249/419
f 661/1252/410 675/1280/410 673/1253/410
f 662/1255/411 667/1281/411 668/1256/411
f 676/1263/415 662/1268/415 672/1264/415
f 676/1282/416 670/1283/416 662/1268/416
f 670/1283/416 669/1284/416 662/1268/416
f 669/1284/416 666/1266/416 662/1268/416
f 664/1270/420 663/1285/420 674/1269/420
f 674/1269/417 675/1286/417 661/1252/417
o Neue_Welt_(10)__2547_58_-1089_to_2595_255_-1061.001_cell.060_ce_Neue_Welt_(10)__2547_58_-1089_to_2595_255_-1061.001_cell.106
v -0.500103 -0.500000 0.499965
v -0.374837 -0.317113 0.499965
v -0.444267 -0.196155 0.499965
v -0.500103 -0.176615 0.499965
v -0.455776 -0.184297 0.499965
v -0.450638 -0.185222 0.499965
v -0.270320 -0.500000 0.499965
v -0.500103 -0.166758 0.419134
v -0.500103 -0.209422 0.307630
v -0.500103 -0.345119 0.345632
v -0.500103 -0.199646 0.324640
v -0.500103 -0.500000 0.389863
v -0.500103 -0.163195 0.388995
v -0.294626 -0.500000 0.424897
v -0.328211 -0.500000 0.390020
v -0.306089 -0.500000 0.390151
v -0.500103 -0.500000 0.499965
v -0.500103 -0.500000 0.499965
v -0.270320 -0.500000 0.499965
v -0.270320 -0.500000 0.499965
v -0.374837 -0.317113 0.499965
v -0.444267 -0.196155 0.499965
v -0.450638 -0.185222 0.499965
v -0.455776 -0.184297 0.499965
v -0.500103 -0.176615 0.499965
v -0.500103 -0.176615 0.499965
v -0.500103 -0.209422 0.307630
v -0.500103 -0.345119 0.345632
v -0.500103 -0.500000 0.389863
v -0.500103 -0.500000 0.389863
v -0.500103 -0.166758 0.419134
v -0.500103 -0.163195 0.388995
v -0.500103 -0.199646 0.324640
v -0.306089 -0.500000 0.390151
v -0.294626 -0.500000 0.424897
v -0.328211 -0.500000 0.390020
vt 0.057298 0.304369
vt 0.050954 0.315260
vt 0.045839 0.316181
vt 0.822762 0.300892
vt 0.843661 0.155985
vt 0.916841 0.333651
vt 0.076445 0.793136
vt 0.001706 0.997813
vt 0.111169 0.826591
vt 0.001706 0.323833
vt 0.001706 0.001707
vt 0.126423 0.183881
vt 0.230482 0.001707
vt 0.805826 0.291153
vt 0.887698 0.001707
vt 0.997317 0.001707
vt 0.997317 0.323833
vt 0.886834 0.337201
vt 0.111039 0.804554
vt 0.001706 0.768924
vt 0.111325 0.997813
vt 0.622078 0.109584
vt 0.621641 0.548248
vt 0.219673 0.109584
vt 0.407511 0.251268
vt 0.890416 0.251132
vt 0.890416 0.734323
vt 0.890416 0.778792
vt 0.251132 0.251132
vt 0.890416 0.130522
vt 0.130521 0.130521
vt 0.172276 0.109584
vt 0.890416 0.377922
vt 0.730915 0.730915
vt 0.890416 0.350399
vt 0.890416 0.722543
vt 0.722543 0.722543
vt 0.890416 0.429781
vt 0.890416 0.714248
vt 0.714763 0.429917
vt 0.714248 0.714248
vt 0.429781 0.429781
vt 0.734323 0.734323
vt 0.730915 0.109584
vt 0.890416 0.780327
vt 0.778792 0.778792
vt 0.172276 0.172276
vt 0.350399 0.350399
vn 0.0000 0.0000 1.0000
vn -1.0000 0.0000 0.0000
vn 0.0000 -1.0000 0.0000
vn 0.8358 0.4777 -0.2706
vn 0.0009 -0.2746 -0.9616
vn 0.0057 -0.2697 -0.9629
vn 0.8338 0.4786 -0.2751
vn 0.8309 0.4842 -0.2743
vn 0.1760 0.9776 0.1156
vn 0.1695 0.9783 0.1193
usemtl Stone
s 1
f 705/1287/421 706/1288/421 707/1289/421
f 716/1290/422 711/1291/422 714/1292/422
f 718/1293/423 684/1294/423 719/1295/423
f 708/1296/421 700/1297/421 704/1298/421
f 700/1297/421 702/1299/421 704/1298/421
f 708/1296/421 705/1287/421 707/1289/421
f 704/1298/421 705/1287/421 708/1296/421
f 716/1290/422 710/1300/422 711/1291/422
f 711/1291/422 712/1301/422 701/1302/422
f 701/1302/422 709/1303/422 711/1291/422
f 709/1303/422 714/1292/422 711/1291/422
f 714/1292/422 715/1304/422 716/1290/422
f 719/1295/423 717/1305/423 718/1293/423
f 718/1293/423 703/1306/423 684/1294/423
f 684/1294/423 713/1307/423 719/1295/423
usemtl Dirt
s off
f 685/1308/424 690/1309/424 697/1310/424
f 695/1311/425 693/1312/425 698/1313/425
f 699/1314/426 693/1315/426 692/1316/426
f 692/1317/427 694/1318/427 685/1319/427
f 686/1320/428 696/1321/428 689/1322/428
f 689/1323/429 691/1324/429 688/1325/429
f 687/1326/430 688/1327/430 691/1328/430
f 699/1314/426 698/1329/426 693/1315/426
f 694/1318/427 686/1330/427 685/1319/427
f 685/1319/427 697/1331/427 699/1332/427
f 699/1332/427 692/1317/427 685/1319/427
f 686/1320/428 694/1333/428 696/1321/428
f 689/1323/429 696/1334/429 691/1324/429
o Neue_Welt_(10)__2547_58_-1089_to_2595_255_-1061.001_cell.081_Neue_Welt_(10)__2547_58_-1089_to_2595_255_-1061.001_cell.107
v -0.500103 0.077128 0.499965
v -0.500104 0.089198 0.452923
v -0.447096 -0.144940 0.499965
v -0.354383 -0.031007 0.499965
v -0.500103 -0.135733 0.499965
v -0.500104 0.128425 0.299280
v -0.500104 -0.074859 0.318845
v -0.500104 -0.058492 0.297271
v -0.500104 -0.124901 0.409624
v -0.500104 -0.116821 0.374977
v -0.500104 -0.121460 0.381691
v -0.413857 0.067905 0.286473
v -0.383417 0.020461 0.383340
v -0.408215 0.063933 0.285635
v -0.500103 0.077128 0.499965
v -0.500103 0.077128 0.499965
v -0.500104 0.089198 0.452923
v -0.354383 -0.031007 0.499965
v -0.500103 -0.135733 0.499965
v -0.500103 -0.135733 0.499965
v -0.500104 -0.121460 0.381691
v -0.500104 -0.124901 0.409624
v -0.500104 0.128425 0.299280
v -0.500104 -0.058492 0.297271
v -0.500104 -0.074859 0.318845
v -0.500104 -0.116821 0.374977
v -0.447096 -0.144940 0.499965
vt 0.146788 0.468874
vt 0.001706 0.364556
vt 0.055336 0.356324
vt 0.816991 0.425192
vt 0.872877 0.383394
vt 0.950481 0.588611
vt 0.001706 0.576588
vt 0.879562 0.378773
vt 0.907373 0.375345
vt 0.997317 0.364556
vt 0.997317 0.576588
vt 0.797513 0.627685
vt 0.795513 0.441496
vt 0.432614 0.313358
vt 0.228972 0.109584
vt 0.433123 0.109584
vt 0.221245 0.171265
vt 0.519985 0.171209
vt 0.479618 0.314284
vt 0.632448 0.109584
vt 0.890416 0.199394
vt 0.890416 0.459267
vt 0.199394 0.199394
vt 0.467707 0.444805
vt 0.459267 0.459267
vt 0.658979 0.109584
vt 0.890416 0.164770
vt 0.890416 0.367552
vt 0.651859 0.109584
vt 0.658979 0.658979
vt 0.270546 0.109584
vt 0.890416 0.420744
vt 0.890416 0.723241
vt 0.586715 0.419698
vt 0.890416 0.348141
vt 0.723241 0.723241
vt 0.420744 0.420744
vt 0.444827 0.434149
vt 0.433123 0.433123
vt 0.228972 0.228972
vt 0.835230 0.109584
vt 0.596321 0.223697
vt 0.475729 0.319127
vt 0.266400 0.109584
vn 0.0000 0.0000 1.0000
vn -1.0000 0.0000 0.0000
vn 0.5825 0.7876 0.2011
vn 0.5837 0.7865 0.2018
vn 0.7017 -0.5676 -0.4306
vn -0.1396 0.0106 -0.9902
vn 0.7018 -0.5706 -0.4265
vn 0.6706 -0.6104 -0.4217
vn -0.1700 -0.9784 -0.1173
vn -0.1645 -0.9790 -0.1206
vn 0.7017 -0.5710 -0.4261
usemtl Stone
s 1
f 737/1335/431 738/1336/431 722/1337/431
f 744/1338/432 745/1339/432 736/1340/432
f 737/1335/431 735/1341/431 738/1336/431
f 745/1339/432 740/1342/432 741/1343/432
f 741/1343/432 739/1344/432 734/1345/432
f 734/1345/432 736/1340/432 741/1343/432
f 736/1340/432 742/1346/432 743/1347/432
f 741/1343/432 736/1340/432 745/1339/432
f 743/1347/432 744/1338/432 736/1340/432
usemtl Dirt
s off
f 725/1348/433 721/1349/433 731/1350/433
f 720/1351/434 723/1352/434 732/1353/434
f 732/1354/435 727/1355/435 733/1356/435
f 727/1357/436 731/1358/436 733/1359/436
f 729/1360/437 726/1361/437 732/1362/437
f 730/1363/438 729/1364/438 746/1365/438
f 728/1366/439 746/1367/439 724/1368/439
f 730/1369/440 746/1370/440 728/1371/440
f 733/1372/434 731/1373/434 732/1353/434
f 731/1373/434 721/1374/434 732/1353/434
f 721/1374/434 720/1351/434 732/1353/434
f 732/1354/435 726/1375/435 727/1355/435
f 727/1357/436 725/1376/436 731/1358/436
f 732/1362/437 723/1377/437 729/1360/437
f 723/1377/441 746/1378/441 729/1360/441
o Neue_Welt_(10)__2547_58_-1089_to_2595_255_-1061.001_cell.085_Neue_Welt_(10)__2547_58_-1089_to_2595_255_-1061.001_cell.108
v -0.220668 0.020208 -0.086370
v -0.500104 0.216609 -0.046119
v -0.500104 0.064410 -0.189988
v -0.500104 0.053352 -0.185551
v -0.494119 -0.137479 0.219438
v -0.500103 0.138673 0.259142
v -0.500103 -0.028745 0.257274
v -0.500103 -0.130687 0.226696
v -0.500103 -0.108504 0.236670
v -0.500103 -0.064057 0.256179
v -0.500103 -0.144606 0.200620
v -0.500103 -0.155647 0.170605
v -0.500104 -0.241080 -0.062251
v -0.130209 -0.087608 -0.015307
v -0.118671 -0.073693 -0.017344
v -0.411283 0.076374 0.245841
v -0.384042 0.060544 0.228931
v -0.400016 0.068579 0.243736
v -0.208451 -0.027979 0.066107
v -0.230517 -0.205193 0.003776
v -0.222667 -0.196123 0.002338
v -0.268961 -0.210551 -0.005540
v -0.500104 0.216609 -0.046119
v -0.500104 0.064410 -0.189988
v -0.500104 0.053352 -0.185551
v -0.500103 -0.108504 0.236670
v -0.500103 -0.064057 0.256179
v -0.500103 -0.028745 0.257274
v -0.500103 0.138673 0.259142
v -0.500104 -0.241080 -0.062251
v -0.500103 -0.155647 0.170605
v -0.500103 -0.144606 0.200620
v -0.500103 -0.130687 0.226696
vt 0.669402 0.344719
vt 0.453630 0.715526
vt 0.314810 0.552904
vt 0.725248 0.369582
vt 0.735177 0.391679
vt 0.699285 0.355718
vt 0.754601 0.435952
vt 0.755691 0.471127
vt 0.757551 0.637893
vt 0.310392 0.563919
vt 0.437569 0.259619
vt 0.890416 0.109584
vt 0.890416 0.772690
vt 0.228546 0.109584
vt 0.890416 0.807106
vt 0.109584 0.109584
vt 0.890416 0.185950
vt 0.890416 0.771454
vt 0.486486 0.156883
vt 0.503698 0.109584
vt 0.503698 0.503698
vt 0.890416 0.703367
vt 0.890416 0.890416
vt 0.890416 0.304532
vt 0.703367 0.703367
vt 0.441563 0.241471
vt 0.461248 0.245097
vt 0.518415 0.282552
vt 0.239746 0.109584
vt 0.471661 0.109584
vt 0.608946 0.478258
vt 0.239746 0.239746
vt 0.890416 0.468996
vt 0.471661 0.471661
vt 0.842954 0.346759
vt 0.874521 0.376999
vt 0.745351 0.406895
vt 0.152513 0.152513
vt 0.890416 0.109584
vt 0.592247 0.592247
vt 0.109584 0.109584
vt 0.492091 0.109584
vt 0.557454 0.557454
vt 0.192501 0.109584
vt 0.492091 0.492091
vt 0.193681 0.109584
vt 0.192501 0.192501
vt 0.890416 0.193277
vt 0.806319 0.109584
vt 0.772690 0.772690
vt 0.695468 0.109584
vt 0.485814 0.366592
vt 0.487125 0.130837
vt 0.797412 0.469579
vt 0.807106 0.807106
vt 0.185950 0.185950
vt 0.890416 0.186131
vt 0.492054 0.463847
vt 0.468996 0.468996
vt 0.186131 0.186131
vt 0.152513 0.109584
vt 0.592247 0.109584
vt 0.749106 0.109584
vt 0.890416 0.557454
vt 0.587943 0.152776
vn -1.0000 0.0000 0.0000
vn 0.3537 0.6425 -0.6797
vn 0.2743 -0.3581 -0.8925
vn 0.5825 0.7876 0.2011
vn 0.5837 0.7865 0.2018
vn 0.5864 0.7847 0.2010
vn 0.2672 -0.3722 -0.8888
vn 0.1405 -0.0110 0.9900
vn 0.1631 -0.0306 0.9861
vn 0.5429 -0.3375 0.7690
vn 0.5396 -0.3452 0.7679
vn 0.0457 -0.9358 0.3497
vn 0.0395 -0.9381 0.3442
vn 0.0320 -0.9380 0.3451
vn -0.3951 -0.8104 0.4326
usemtl Stone
s 1
f 777/1379/442 748/1380/442 771/1381/442
f 779/1382/442 772/1383/442 778/1384/442
f 772/1383/442 773/1385/442 774/1386/442
f 778/1384/442 772/1383/442 777/1379/442
f 774/1386/442 775/1387/442 748/1380/442
f 748/1380/442 749/1388/442 771/1381/442
f 774/1386/442 777/1379/442 772/1383/442
f 771/1381/442 776/1389/442 777/1379/442
f 774/1386/442 748/1380/442 777/1379/442
usemtl Dirt
s off
f 747/1390/443 770/1391/443 769/1392/443
f 750/1393/444 747/1394/444 760/1395/444
f 769/1396/445 762/1397/445 763/1398/445
f 763/1399/446 765/1400/446 747/1401/446
f 761/1402/447 747/1401/447 765/1403/447
f 767/1404/448 766/1405/448 768/1406/448
f 753/1407/449 762/1408/449 752/1409/449
f 753/1410/450 764/1411/450 762/1412/450
f 760/1413/451 761/1414/451 765/1415/451
f 755/1416/452 751/1417/452 767/1418/452
f 751/1419/453 768/1420/453 766/1421/453
f 758/1422/454 768/1423/454 751/1419/454
f 757/1424/455 758/1425/455 751/1419/455
f 751/1417/456 754/1426/456 757/1427/456
f 770/1428/444 747/1394/444 750/1393/444
f 747/1394/444 761/1429/444 760/1395/444
f 763/1398/445 747/1390/445 769/1396/445
f 769/1396/445 752/1430/445 762/1397/445
f 762/1397/445 764/1431/445 763/1398/445
f 768/1406/448 759/1432/448 750/1433/448
f 750/1433/448 760/1434/448 768/1406/448
f 760/1434/448 767/1404/448 768/1406/448
f 753/1410/450 756/1435/450 764/1411/450
f 763/1436/451 764/1437/451 756/1438/451
f 756/1438/451 755/1439/451 763/1436/451
f 755/1439/451 767/1440/451 765/1415/451
f 763/1436/451 755/1439/451 765/1415/451
f 767/1440/451 760/1413/451 765/1415/451
f 754/1441/452 751/1417/452 755/1416/452
f 751/1417/452 766/1442/452 767/1418/452
f 758/1422/454 759/1443/454 768/1423/454
o Neue_Welt_(10)__2547_58_-1089_to_2595_255_-1061.001_cell.086_Neue_Welt_(10)__2547_58_-1089_to_2595_255_-1061.001_cell.098
v -0.084733 -0.104938 0.005623
v -0.161844 -0.173946 0.499965
v -0.207666 -0.500000 0.499965
v -0.169515 -0.229226 0.499965
v -0.173691 -0.165093 0.499965
v -0.485480 -0.166808 0.281023
v -0.480076 -0.148044 0.257371
v -0.411359 -0.170742 0.499965
v -0.340009 -0.294942 0.499965
v -0.319122 -0.057173 0.499965
v -0.221521 -0.500000 0.499965
v -0.500103 -0.135045 0.292802
v -0.500103 -0.124927 0.293614
v -0.500103 -0.130402 0.300899
v -0.500103 -0.126840 0.281114
v -0.500103 -0.131378 0.284310
v -0.500103 -0.118907 0.284640
v -0.252045 -0.500000 0.409387
v -0.262036 -0.500000 0.379054
v -0.177826 -0.500000 0.284769
v -0.091446 -0.102379 0.002533
v -0.350161 -0.002390 0.376221
v -0.376028 0.043423 0.272482
v -0.309484 0.011012 0.206347
v -0.204983 -0.041660 0.109396
v -0.359723 0.036257 0.253252
v -0.133450 -0.363811 0.099274
v -0.159501 -0.444115 0.208394
v -0.168728 -0.472501 0.247100
v -0.193540 -0.222529 0.022146
v -0.190510 -0.230288 0.026300
v -0.207666 -0.500000 0.499965
v -0.207666 -0.500000 0.499965
v -0.169515 -0.229226 0.499965
v -0.161844 -0.173946 0.499965
v -0.173691 -0.165093 0.499965
v -0.221521 -0.500000 0.499965
v -0.221521 -0.500000 0.499965
v -0.319122 -0.057173 0.499965
v -0.411359 -0.170742 0.499965
v -0.340009 -0.294942 0.499965
v -0.500103 -0.135045 0.292802
v -0.500103 -0.130402 0.300899
v -0.500103 -0.124927 0.293614
v -0.500103 -0.118907 0.284640
v -0.500103 -0.126840 0.281114
v -0.500103 -0.131378 0.284310
v -0.252045 -0.500000 0.409387
v -0.262036 -0.500000 0.379054
v -0.177826 -0.500000 0.284769
vt 0.161098 0.205966
vt 0.326686 0.335310
vt 0.090061 0.329683
vt 0.782609 0.368893
vt 0.788884 0.377556
vt 0.779426 0.373414
vt 0.001706 0.706515
vt 0.091887 0.750721
vt 0.215958 0.676791
vt 0.279066 0.001707
vt 0.330844 0.271426
vt 0.292860 0.001707
vt 0.338481 0.326491
vt 0.181893 0.442810
vt 0.791063 0.365241
vt 0.799125 0.369866
vt 0.782937 0.381316
vt 0.001706 0.720316
vt 0.124359 0.761392
vt 0.548964 0.323004
vt 0.890416 0.171140
vt 0.660255 0.531373
vt 0.890416 0.109584
vt 0.890416 0.138379
vt 0.650263 0.650263
vt 0.211742 0.109584
vt 0.726544 0.109584
vt 0.769491 0.195003
vt 0.784886 0.649922
vt 0.211742 0.211742
vt 0.785377 0.212029
vt 0.109584 0.109584
vt 0.433810 0.191433
vt 0.428685 0.197632
vt 0.890416 0.620531
vt 0.325329 0.109584
vt 0.890416 0.109584
vt 0.890416 0.109584
vt 0.620531 0.620531
vt 0.109584 0.109584
vt 0.592060 0.330303
vt 0.791084 0.575243
vt 0.611944 0.611944
vt 0.716858 0.561337
vt 0.202010 0.109584
vt 0.890416 0.674671
vt 0.890416 0.890416
vt 0.287178 0.287178
vt 0.890416 0.254308
vt 0.254307 0.254307
vt 0.220819 0.109584
vt 0.193492 0.109584
vt 0.890416 0.287178
vt 0.118413 0.109584
vt 0.446000 0.109584
vt 0.890416 0.543496
vt 0.543496 0.543496
vt 0.890416 0.591128
vt 0.890416 0.890416
vt 0.890416 0.354265
vt 0.890416 0.794398
vt 0.377511 0.352263
vt 0.890416 0.121963
vt 0.890416 0.806508
vt 0.354265 0.354265
vt 0.261348 0.261348
vt 0.464361 0.261122
vt 0.890416 0.634014
vt 0.883259 0.883259
vt 0.634014 0.634014
vt 0.890416 0.550857
vt 0.554000 0.109584
vt 0.881587 0.109584
vt 0.879029 0.879029
vt 0.549558 0.473854
vt 0.512974 0.450271
vt 0.592271 0.171196
vt 0.890416 0.650263
vt 0.171140 0.171140
vt 0.181539 0.109584
vt 0.890416 0.436180
vt 0.890416 0.890416
vt 0.181539 0.181539
vt 0.726544 0.726544
vt 0.120858 0.120858
vt 0.563820 0.109584
vt 0.559682 0.388887
vt 0.890416 0.611944
vt 0.109584 0.109584
vt 0.408872 0.109584
vt 0.548075 0.450904
vt 0.220820 0.220820
vt 0.794398 0.794398
vt 0.261348 0.109584
vt 0.861311 0.109584
vt 0.890416 0.883259
vt 0.861310 0.861310
vn 0.0000 0.0000 1.0000
vn -1.0000 0.0000 0.0000
vn 0.0000 -1.0000 0.0000
vn 0.5837 0.7865 0.2018
vn 0.3942 0.9135 -0.1002
vn 0.9816 -0.1362 0.1341
vn 0.9810 -0.1382 0.1360
vn 0.2669 -0.3719 -0.8891
vn -0.6055 -0.5650 -0.5604
vn -0.6119 -0.5456 -0.5726
vn -0.5437 0.3365 -0.7689
vn -0.6208 -0.5543 -0.5545
vn -0.9179 -0.3643 -0.1573
vn -0.8448 -0.3081 -0.4374
vn -0.8352 -0.4824 0.2640
vn -0.6109 0.4165 -0.6732
vn -0.5454 0.3390 -0.7666
vn -0.8312 -0.4803 0.2801
vn -0.8338 -0.4790 0.2746
vn -0.7015 0.5697 0.4282
vn -0.7015 0.5706 0.4269
vn -0.7181 0.5779 0.3877
vn 0.5864 0.7847 0.2010
vn 0.2673 -0.3722 -0.8888
vn -0.6208 -0.5542 -0.5545
vn -0.6082 -0.5703 -0.5522
vn -0.5469 0.3401 -0.7650
usemtl Stone
s 1
f 820/1444/457 815/1445/457 819/1446/457
f 826/1447/458 823/1448/458 825/1449/458
f 812/1450/459 827/1451/459 829/1452/459
f 820/1444/457 816/1453/457 813/1454/457
f 816/1453/457 811/1455/457 813/1454/457
f 813/1454/457 814/1456/457 815/1445/457
f 820/1444/457 813/1454/457 815/1445/457
f 815/1445/457 818/1457/457 819/1446/457
f 826/1447/458 821/1458/458 823/1448/458
f 821/1458/458 822/1459/458 823/1448/458
f 823/1448/458 824/1460/458 825/1449/458
f 817/1461/459 827/1451/459 812/1450/459
f 827/1451/459 828/1462/459 829/1452/459
usemtl Dirt
s off
f 801/1463/460 784/1464/460 803/1465/460
f 780/1466/461 800/1467/461 804/1468/461
f 783/1469/462 808/1470/462 807/1471/462
f 799/1472/463 783/1473/463 782/1474/463
f 780/1475/464 810/1476/464 809/1477/464
f 810/1478/465 807/1479/465 785/1480/465
f 786/1481/466 810/1482/466 785/1483/466
f 804/1484/467 800/1485/467 809/1486/467
f 808/1487/468 798/1488/468 807/1489/468
f 785/1490/469 791/1491/469 795/1492/469
f 786/1481/470 795/1493/470 794/1494/470
f 785/1490/471 798/1495/471 791/1496/471
f 796/1497/472 802/1498/472 805/1499/472
f 805/1500/473 803/1501/473 786/1502/473
f 788/1503/474 797/1504/474 790/1505/474
f 791/1506/475 798/1507/475 788/1508/475
f 787/1509/476 789/1510/476 801/1511/476
f 792/1512/477 801/1513/477 802/1514/477
f 802/1515/478 796/1516/478 792/1517/478
f 803/1465/460 805/1518/460 801/1463/460
f 805/1518/460 802/1519/460 801/1463/460
f 801/1463/460 789/1520/460 784/1464/460
f 803/1465/460 784/1464/460 804/1521/460
f 804/1468/479 784/1522/479 781/1523/479
f 781/1523/479 780/1466/479 804/1468/479
f 807/1471/462 806/1524/462 783/1469/462
f 806/1524/462 780/1525/462 781/1526/462
f 783/1469/462 806/1524/462 781/1526/462
f 799/1472/463 808/1527/463 783/1473/463
f 809/1477/480 800/1528/480 780/1475/480
f 780/1475/464 806/1529/464 810/1476/464
f 810/1478/465 806/1530/465 807/1479/465
f 786/1481/466 809/1531/466 810/1482/466
f 809/1486/467 786/1532/467 804/1484/467
f 786/1532/467 803/1533/467 804/1484/467
f 799/1534/481 798/1488/481 808/1487/481
f 798/1488/482 785/1480/482 807/1489/482
f 786/1481/470 785/1490/470 795/1493/470
f 805/1499/483 786/1502/483 796/1497/483
f 786/1502/483 794/1535/483 796/1497/483
f 797/1536/475 788/1508/475 798/1507/475
f 788/1508/475 787/1537/475 791/1506/475
f 787/1537/475 793/1538/475 791/1506/475
f 792/1539/476 793/1540/476 801/1511/476
f 793/1540/476 787/1509/476 801/1511/476
o Neue_Welt_(10)__2547_58_-1089_to_2595_255_-1061.001_cell.088_Neue_Welt_(10)__2547_58_-1089_to_2595_255_-1061.001_cell.099
v -0.500104 -0.500000 0.046178
v -0.159079 -0.500000 0.148542
v -0.496027 -0.211141 0.265727
v -0.486753 -0.179024 0.222772
v -0.500103 -0.194776 0.181277
v -0.500104 -0.278165 -0.046721
v -0.500103 -0.500000 0.348441
v -0.500103 -0.236480 0.272992
v -0.500103 -0.220501 0.268398
v -0.166212 -0.500000 0.200753
v -0.302900 -0.500000 0.347967
v -0.153957 -0.462136 0.149509
v -0.149191 -0.447457 0.129534
v -0.236730 -0.243520 0.017958
v -0.276809 -0.248504 0.007995
v -0.229536 -0.259943 0.026989
v -0.500104 -0.500000 0.046178
v -0.500104 -0.500000 0.046178
v -0.159079 -0.500000 0.148542
v -0.500103 -0.194776 0.181277
v -0.500104 -0.278165 -0.046721
v -0.500103 -0.500000 0.348441
v -0.500103 -0.500000 0.348441
v -0.500103 -0.236480 0.272992
v -0.500103 -0.220501 0.268398
v -0.302900 -0.500000 0.347967
v -0.166212 -0.500000 0.200753
vt 0.545521 0.001707
vt 0.771340 0.264201
vt 0.680027 0.305743
vt 0.453502 0.997813
vt 0.351587 0.658117
vt 0.299605 0.665222
vt 0.766766 0.280118
vt 0.453031 0.222678
vt 0.846458 0.001707
vt 0.153038 0.801378
vt 0.152566 0.997813
vt 0.868267 0.245287
vt 0.890416 0.197213
vt 0.890416 0.289408
vt 0.788886 0.172761
vt 0.557927 0.265929
vt 0.710592 0.109584
vt 0.890416 0.167985
vt 0.225288 0.109584
vt 0.890416 0.109584
vt 0.168718 0.109584
vt 0.167985 0.167985
vt 0.109584 0.109584
vt 0.890416 0.774712
vt 0.311622 0.109584
vt 0.311623 0.311623
vt 0.890416 0.439183
vt 0.890416 0.890416
vt 0.890416 0.109584
vt 0.439183 0.439183
vt 0.458379 0.109584
vt 0.274309 0.109584
vt 0.890416 0.831282
vt 0.890416 0.890416
vt 0.458379 0.458379
vt 0.890416 0.528079
vt 0.471921 0.109584
vt 0.274309 0.274309
vt 0.109584 0.109584
vt 0.811563 0.131830
vt 0.506275 0.231123
vt 0.514749 0.216365
vt 0.802787 0.109584
vt 0.796191 0.427065
vt 0.772717 0.657540
vt 0.436412 0.321376
vt 0.359410 0.303519
vt 0.564180 0.528345
vn -1.0000 0.0000 0.0000
vn 0.0000 -1.0000 0.0000
vn 0.9816 -0.1362 0.1341
vn 0.2669 -0.3719 -0.8891
vn 0.0023 0.2753 0.9614
vn -0.0047 0.2763 0.9611
vn 0.6050 0.5644 0.5617
vn 0.6053 0.5656 0.5601
vn 0.6035 0.5707 0.5570
vn -0.8959 0.4261 0.1258
vn -0.0333 0.9410 -0.3369
vn -0.0405 0.9384 -0.3432
vn 0.2672 -0.3718 -0.8890
vn 0.2673 -0.3717 -0.8891
vn 0.2672 -0.3722 -0.8888
vn 0.6035 0.5706 0.5570
vn -0.8954 0.4270 0.1260
vn -0.0406 0.9384 -0.3432
usemtl Stone
s 1
f 847/1541/484 853/1542/484 849/1543/484
f 846/1544/485 848/1545/485 856/1546/485
f 854/1547/484 849/1543/484 853/1542/484
f 849/1543/484 850/1548/484 847/1541/484
f 847/1541/484 851/1549/484 853/1542/484
f 856/1546/485 855/1550/485 846/1544/485
f 855/1550/485 852/1551/485 846/1544/485
usemtl Dirt
s off
f 841/1552/486 831/1553/486 842/1554/486
f 830/1555/487 844/1556/487 842/1557/487
f 837/1558/488 840/1559/488 832/1560/488
f 838/1561/489 837/1562/489 832/1563/489
f 840/1564/490 841/1565/490 832/1560/490
f 841/1566/491 845/1567/491 832/1568/491
f 833/1569/492 845/1570/492 843/1571/492
f 832/1568/493 834/1572/493 838/1573/493
f 833/1574/494 843/1575/494 844/1576/494
f 844/1577/495 834/1578/495 833/1579/495
f 841/1552/486 839/1580/486 831/1553/486
f 844/1556/496 843/1581/496 845/1582/496
f 845/1582/497 842/1557/497 844/1556/497
f 842/1557/487 831/1583/487 830/1555/487
f 830/1555/498 835/1584/498 844/1556/498
f 837/1558/488 836/1585/488 840/1559/488
f 840/1564/490 839/1586/490 841/1565/490
f 841/1566/491 842/1587/491 845/1567/491
f 833/1569/499 832/1568/499 845/1570/499
f 832/1568/500 833/1579/500 834/1572/500
f 844/1577/501 835/1588/501 834/1578/501
