# Blender v2.80 (sub 75) OBJ File: 'physics_test.blend'
# www.blender.org
mtllib physics.mtl
o Neue_Welt_(10)__2547_58_-1089_to_2595_255_-1061.001_cell.007_ce_Neue_Welt_(10)__2547_58_-1089_to_2595_255_-1061.001_cell.00.004
v 0.441775 0.121797 -0.407155
v 0.109511 -0.177489 -0.500000
v 0.500000 0.150830 -0.500000
v 0.455625 0.141199 -0.500000
v 0.500000 0.147966 -0.483782
v 0.500000 0.137650 -0.425860
v 0.500000 0.108858 -0.393003
v 0.273208 -0.337875 -0.348345
v 0.132649 -0.179102 -0.205468
v 0.159533 -0.155089 -0.195357
v 0.235877 -0.086882 -0.166840
v 0.128319 -0.180241 -0.242103
v 0.274111 -0.082099 -0.172702
v 0.500000 -0.218238 -0.354198
v 0.500000 -0.222483 -0.323066
v 0.500000 -0.191901 -0.302012
v 0.500000 -0.054181 -0.207572
v 0.098477 -0.187669 -0.500000
v 0.244645 -0.332164 -0.500000
v 0.217872 -0.305921 -0.500000
v 0.302829 -0.301675 -0.500000
v 0.500000 -0.198169 -0.500000
v 0.455625 0.141199 -0.500000
v 0.109511 -0.177489 -0.500000
v 0.500000 0.150830 -0.500000
v 0.500000 0.150830 -0.500000
v 0.500000 0.147966 -0.483782
v 0.500000 0.137650 -0.425860
v 0.500000 0.108858 -0.393003
v 0.500000 -0.198169 -0.500000
v 0.500000 -0.198169 -0.500000
v 0.500000 -0.218238 -0.354198
v 0.500000 -0.222483 -0.323066
v 0.500000 -0.191901 -0.302012
v 0.500000 -0.054181 -0.207572
v 0.098477 -0.187669 -0.500000
v 0.217872 -0.305921 -0.500000
v 0.244645 -0.332164 -0.500000
v 0.302829 -0.301675 -0.500000
vt 0.156354 0.156354
vt 0.525298 0.156354
vt 0.524777 0.524777
vt 0.843646 0.771427
vt 0.843646 0.446720
vt 0.602323 0.156354
vt 0.604024 0.604024
vt 0.843646 0.524777
vt 0.397677 0.156354
vt 0.843646 0.156354
vt 0.539167 0.539167
vt 0.604024 0.156354
vt 0.642188 0.482000
vt 0.843646 0.735259
vt 0.156354 0.156354
vt 0.843646 0.304156
vt 0.843646 0.751119
vt 0.843646 0.273751
vt 0.273751 0.273751
vt 0.750687 0.414061
vt 0.751119 0.751119
vt 0.553280 0.156354
vt 0.452886 0.380778
vt 0.228573 0.156354
vt 0.238897 0.156354
vt 0.416272 0.303883
vt 0.357020 0.288474
vt 0.843646 0.156354
vt 0.843646 0.720364
vt 0.766785 0.766785
vt 0.695844 0.156354
vt 0.694927 0.585619
vt 0.264741 0.156354
vt 0.525298 0.525298
vt 0.539167 0.156354
vt 0.746714 0.505728
vt 0.618942 0.160355
vt 0.650521 0.527472
vt 0.622637 0.530544
vt 0.720364 0.720364
vt 0.673265 0.156354
vt 0.673265 0.673265
vt 0.735130 0.156354
vt 0.766785 0.156354
vt 0.766340 0.394323
vt 0.238897 0.238897
vt 0.264870 0.156354
vt 0.890789 0.608195
vt 0.800198 0.308606
vt 0.852155 0.282371
vt 0.198012 0.199259
vt 0.282596 0.195030
vt 0.390481 0.322962
vt 0.997317 0.302362
vt 0.997317 0.650003
vt 0.981170 0.647150
vt 0.923503 0.636874
vt 0.706173 0.445790
vt 0.821160 0.278143
vt 0.001706 0.650003
vt 0.001706 0.302362
vt 0.045886 0.640410
vt 0.255941 0.168890
vt 0.401467 0.312821
vn -0.2071 0.9632 0.1715
vn 0.0069 0.7521 0.6590
vn -0.6764 0.7346 0.0526
vn -0.2090 0.9630 0.1701
vn -0.6770 0.7338 0.0572
vn 0.4608 -0.8794 -0.1199
vn -0.6962 -0.7102 0.1044
vn -0.7001 -0.7068 0.1014
vn 0.0091 0.7510 0.6603
vn 0.1935 -0.5549 0.8091
vn 0.1930 -0.5564 0.8082
vn 0.4614 -0.8789 -0.1210
vn 1.0000 0.0000 0.0000
vn 0.0000 0.0000 -1.0000
usemtl Stone
s off
f 1/1/1 28/2/1 5/3/1
f 29/4/2 1/1/2 13/5/2
f 1/1/3 23/6/3 24/7/3
f 5/8/4 23/9/4 1/10/4
f 11/11/5 24/12/5 12/13/5
f 14/14/6 8/15/6 21/16/6
f 20/17/7 8/15/7 12/18/7
f 12/19/8 36/20/8 20/21/8
f 13/22/9 17/23/9 29/24/9
f 10/25/10 13/26/10 11/27/10
f 8/28/11 15/29/11 16/30/11
f 21/31/12 22/32/12 14/33/12
f 28/34/2 1/1/2 29/4/2
f 1/1/2 11/35/2 13/5/2
f 5/8/4 25/36/4 23/9/4
f 11/11/5 1/1/5 24/12/5
f 24/12/5 36/37/5 12/13/5
f 12/13/5 9/38/5 10/39/5
f 10/39/5 11/11/5 12/13/5
f 15/40/6 8/15/6 14/14/6
f 8/15/6 38/41/6 21/16/6
f 38/42/7 8/15/7 20/17/7
f 8/15/7 9/43/7 12/18/7
f 10/25/10 16/44/10 13/26/10
f 16/44/10 17/45/10 13/26/10
f 16/30/11 10/46/11 8/28/11
f 10/46/11 9/47/11 8/28/11
s 1
f 7/48/13 34/49/13 32/50/13
f 39/51/14 37/52/14 2/53/14
f 30/54/13 26/55/13 27/56/13
f 27/56/13 6/57/13 7/48/13
f 7/48/13 35/58/13 34/49/13
f 34/49/13 33/59/13 32/50/13
f 32/50/13 30/54/13 7/48/13
f 30/54/13 27/56/13 7/48/13
f 3/60/14 31/61/14 4/62/14
f 31/61/14 39/51/14 2/53/14
f 39/51/14 19/63/14 37/52/14
f 37/52/14 18/64/14 2/53/14
f 2/53/14 4/62/14 31/61/14
o Neue_Welt_(10)__2547_58_-1089_to_2595_255_-1061.001_cell.00.000_Neue_Welt_(10)__2547_58_-1089_to_2595_255_-1061.001_cell.00.005
v -0.061797 -0.373292 -0.018187
v -0.056816 -0.500000 -0.029801
v -0.045213 -0.500000 -0.027095
v -0.057078 -0.500000 -0.057128
v 0.017171 -0.396120 -0.002070
v 0.000166 -0.424717 -0.008920
v -0.018048 -0.455141 -0.016236
v -0.064787 -0.357012 -0.261199
v 0.031309 -0.289556 0.011354
v 0.057752 -0.258418 -0.074765
v 0.043323 -0.351950 0.008221
v 0.032997 -0.369400 0.004170
v -0.016049 -0.317823 -0.187438
v -0.057078 -0.500000 -0.057128
v -0.056816 -0.500000 -0.029801
v -0.045213 -0.500000 -0.027095
vt 0.156354 0.156354
vt 0.245053 0.156354
vt 0.262845 0.262845
vt 0.711648 0.643547
vt 0.843646 0.754947
vt 0.843646 0.843646
vt 0.808525 0.308044
vt 0.529408 0.529408
vt 0.843646 0.669217
vt 0.557473 0.468728
vt 0.843646 0.435580
vt 0.666818 0.156354
vt 0.542615 0.221654
vt 0.490422 0.156354
vt 0.802710 0.606587
vt 0.843646 0.529408
vt 0.843646 0.262845
vt 0.365776 0.156354
vt 0.843646 0.156354
vt 0.803603 0.549501
vt 0.742209 0.610649
vt 0.504609 0.504609
vt 0.843646 0.504609
vt 0.669217 0.669217
vt 0.435580 0.435580
vt 0.350249 0.350249
vt 0.571076 0.525027
vt 0.363460 0.350278
vt 0.843646 0.350249
vt 0.614365 0.529622
vt 0.843646 0.843646
vt 0.783282 0.723154
vt 0.741835 0.252161
vt 0.676153 0.676153
vt 0.843646 0.333182
vt 0.843646 0.509578
vt 0.843646 0.676153
vt 0.442684 0.556666
vt 0.454497 0.526749
vt 0.442945 0.529445
vn -0.2249 -0.0933 0.9699
vn -0.2261 -0.0977 0.9692
vn -0.9991 -0.0402 0.0096
vn 0.8403 -0.4285 -0.3320
vn 0.9256 0.1610 0.3424
vn -0.6770 0.7337 0.0575
vn -0.2250 -0.0920 0.9700
vn 0.8440 -0.4229 -0.3299
vn 0.8426 -0.4249 -0.3310
vn -0.6776 0.7332 0.0571
vn -0.6775 0.7333 0.0572
vn 0.8426 -0.4249 -0.3309
vn 0.0000 -1.0000 0.0000
usemtl Stone
s off
f 40/65/15 44/66/15 51/67/15
f 45/68/16 44/69/16 40/70/16
f 53/71/17 40/70/17 47/72/17
f 46/73/18 53/74/18 47/75/18
f 49/76/19 48/77/19 50/78/19
f 52/79/20 47/80/20 40/70/20
f 51/81/21 48/82/21 40/83/21
f 51/84/22 44/85/22 52/86/22
f 52/87/23 46/88/23 47/89/23
f 40/70/16 54/90/16 46/91/16
f 54/90/16 55/92/16 46/91/16
f 46/91/16 45/68/16 40/70/16
f 53/71/17 54/93/17 40/70/17
f 46/73/18 55/94/18 53/74/18
f 40/70/24 48/95/24 49/96/24
f 49/96/25 52/79/25 40/70/25
f 51/81/21 50/97/21 48/82/21
f 45/98/22 52/86/22 44/85/22
f 52/86/22 49/99/22 51/84/22
f 49/99/22 50/100/22 51/84/22
f 52/87/26 45/101/26 46/88/26
s 1
f 43/102/27 42/103/27 41/104/27
o Neue_Welt_(10)__2547_58_-1089_to_2595_255_-1061.001_cell.00.001_Neue_Welt_(10)__2547_58_-1089_to_2595_255_-1061.001_cell.00.000
v 0.500000 -0.500000 -0.500000
v 0.288516 -0.375273 -0.351371
v 0.250865 -0.500000 -0.493267
v 0.249583 -0.500000 -0.500000
v 0.291918 -0.500000 -0.279075
v 0.475545 -0.500000 -0.205112
v 0.500000 -0.500000 -0.195295
v 0.500000 -0.267681 -0.327864
v 0.260719 -0.369191 -0.500000
v 0.484384 -0.251626 -0.500000
v 0.500000 -0.243437 -0.500000
v 0.249583 -0.500000 -0.500000
v 0.249583 -0.500000 -0.500000
v 0.500000 -0.500000 -0.500000
v 0.500000 -0.500000 -0.500000
v 0.291918 -0.500000 -0.279075
v 0.250865 -0.500000 -0.493267
v 0.475545 -0.500000 -0.205112
v 0.500000 -0.500000 -0.195295
v 0.500000 -0.500000 -0.195295
v 0.500000 -0.267681 -0.327864
v 0.260719 -0.369191 -0.500000
v 0.484384 -0.251626 -0.500000
v 0.500000 -0.243437 -0.500000
v 0.500000 -0.243437 -0.500000
vt 0.713099 0.156354
vt 0.670577 0.670577
vt 0.156354 0.156354
vt 0.353628 0.353628
vt 0.843646 0.351797
vt 0.843646 0.843646
vt 0.843646 0.670577
vt 0.328873 0.156354
vt 0.843646 0.156354
vt 0.843646 0.671127
vt 0.352909 0.156354
vt 0.351797 0.351797
vt 0.843646 0.286901
vt 0.352909 0.352909
vt 0.843646 0.353628
vt 0.711672 0.675815
vt 0.351873 0.178636
vt 0.323967 0.287448
vt 0.017254 0.249113
vt 0.001706 0.257271
vt 0.001706 0.001707
vt 0.825937 0.233121
vt 0.997317 0.001707
vt 0.997317 0.257271
vt 0.749276 0.991107
vt 0.747999 0.997813
vt 0.997317 0.997813
vt 0.251024 0.001707
vt 0.239937 0.132007
vt 0.693949 0.001707
vt 0.997317 0.694294
vt 0.972969 0.704074
vt 0.790148 0.777749
vn -0.4608 0.8788 0.1238
vn -0.3305 0.4665 0.8204
vn -0.4618 0.8785 0.1223
vn -0.9789 0.0833 0.1865
vn -0.3292 0.4680 0.8201
vn -0.9788 0.0820 0.1876
vn 0.0000 0.0000 -1.0000
vn 1.0000 0.0000 0.0000
vn 0.0000 -1.0000 0.0000
usemtl Stone
s off
f 76/105/28 65/106/28 57/107/28
f 71/108/29 73/109/29 57/110/29
f 65/111/30 77/112/30 57/113/30
f 77/114/31 58/115/31 57/113/31
f 73/116/32 76/117/32 57/110/32
f 58/118/33 71/119/33 57/110/33
f 76/105/28 79/120/28 65/106/28
f 77/114/31 68/121/31 58/115/31
f 73/116/32 74/122/32 76/117/32
s 1
f 78/123/34 80/124/34 69/125/34
f 63/126/35 70/127/35 66/128/35
f 72/129/36 59/130/36 56/131/36
f 69/125/34 67/132/34 64/133/34
f 64/133/34 78/123/34 69/125/34
f 63/126/35 75/134/35 70/127/35
f 56/131/36 62/135/36 61/136/36
f 61/136/36 60/137/36 56/131/36
f 60/137/36 72/129/36 56/131/36
o Neue_Welt_(10)__2547_58_-1089_to_2595_255_-1061.001_cell.00.002_Neue_Welt_(10)__2547_58_-1089_to_2595_255_-1061.001_cell.00.001
v -0.061004 -0.500000 -0.500000
v -0.067726 -0.341015 -0.500000
v -0.067037 -0.358141 -0.500000
v 0.250564 -0.370501 -0.340926
v -0.058251 -0.500000 -0.181795
v -0.059689 -0.473774 -0.219060
v 0.208911 -0.500000 -0.500000
v 0.243416 -0.500000 -0.319870
v 0.253717 -0.500000 -0.265929
v 0.007295 -0.500000 -0.014848
v 0.003481 -0.500000 -0.024554
v 0.095545 -0.500000 0.005735
v 0.061894 -0.409049 0.007057
v -0.066468 -0.347864 -0.397764
v -0.063250 -0.407628 -0.312883
v 0.103212 -0.206002 -0.208758
v 0.104995 -0.205561 -0.193321
v 0.091037 -0.221056 -0.159728
v 0.069115 -0.214761 -0.500000
v 0.218344 -0.391843 -0.500000
v 0.195397 -0.338670 -0.500000
v 0.220767 -0.363746 -0.500000
v 0.069115 -0.214761 -0.500000
v -0.067726 -0.341015 -0.500000
v -0.061004 -0.500000 -0.500000
v -0.061004 -0.500000 -0.500000
v -0.067037 -0.358141 -0.500000
v -0.058251 -0.500000 -0.181795
v 0.003481 -0.500000 -0.024554
v 0.208911 -0.500000 -0.500000
v 0.208911 -0.500000 -0.500000
v 0.243416 -0.500000 -0.319870
v 0.253717 -0.500000 -0.265929
v 0.007295 -0.500000 -0.014848
v 0.095545 -0.500000 0.005735
v 0.218344 -0.391843 -0.500000
v 0.195397 -0.338670 -0.500000
v 0.220767 -0.363746 -0.500000
vt 0.222634 0.156354
vt 0.468946 0.259655
vt 0.352818 0.352818
vt 0.681318 0.222471
vt 0.597320 0.597320
vt 0.222634 0.222634
vt 0.843646 0.796087
vt 0.156354 0.156354
vt 0.843646 0.250657
vt 0.843646 0.733141
vt 0.843646 0.337839
vt 0.650820 0.397188
vt 0.843646 0.314675
vt 0.843646 0.605067
vt 0.843646 0.704839
vt 0.423247 0.350408
vt 0.523730 0.350628
vt 0.749343 0.156354
vt 0.749239 0.533090
vt 0.203913 0.156354
vt 0.662161 0.156354
vt 0.661529 0.550863
vt 0.266859 0.156354
vt 0.792240 0.156354
vt 0.737747 0.649853
vt 0.605067 0.605067
vt 0.682831 0.534144
vt 0.658640 0.171001
vt 0.843646 0.352818
vt 0.792240 0.792240
vt 0.429454 0.429226
vt 0.346848 0.156354
vt 0.220616 0.220616
vt 0.597320 0.156354
vt 0.682224 0.647008
vt 0.800211 0.800211
vt 0.678394 0.156354
vt 0.678394 0.678394
vt 0.653152 0.156354
vt 0.574482 0.314768
vt 0.314675 0.314675
vt 0.429490 0.156354
vt 0.309405 0.301013
vt 0.843646 0.220616
vt 0.714505 0.601652
vt 0.686534 0.553315
vt 0.406313 0.253298
vt 0.843646 0.156354
vt 0.843646 0.800211
vt 0.304972 0.162409
vt 0.279713 0.137430
vt 0.282126 0.109443
vt 0.441516 0.680847
vt 0.438776 0.997813
vt 0.741859 0.818384
vt 0.291518 0.001707
vt 0.560248 0.001707
vt 0.566255 0.143013
vt 0.566940 0.160072
vt 0.430701 0.285835
vt 0.707505 0.997813
vt 0.752115 0.764653
vt 0.594637 0.494047
vt 0.506775 0.514550
vt 0.502977 0.524219
vn -0.9991 -0.0402 0.0096
vn -0.9991 -0.0425 0.0086
vn 0.6994 0.7076 -0.1010
vn 0.9787 -0.0844 -0.1869
vn -0.8430 0.4241 0.3310
vn -0.2261 -0.0977 0.9692
vn 0.6966 0.7100 -0.1029
vn 0.9786 -0.0853 -0.1874
vn -0.8425 0.4249 0.3311
vn -0.6771 0.7337 0.0572
vn 0.8249 0.2982 0.4803
vn -0.8421 0.4257 0.3313
vn -0.8421 0.4258 0.3310
vn -0.8425 0.4247 0.3314
vn -0.6770 0.7337 0.0575
vn -0.6771 0.7337 0.0571
vn -0.6770 0.7338 0.0572
vn 0.0000 0.0000 -1.0000
vn 0.0000 -1.0000 0.0000
usemtl Stone
s off
f 107/138/37 95/139/37 94/140/37
f 105/141/38 86/142/38 107/143/38
f 96/144/39 84/145/39 101/146/39
f 100/147/40 84/145/40 88/148/40
f 86/149/41 91/150/41 95/151/41
f 93/152/42 114/153/42 92/154/42
f 101/155/43 99/156/43 96/157/43
f 88/158/44 87/159/44 100/160/44
f 98/161/45 94/162/45 95/163/45
f 96/164/46 99/165/46 94/166/46
f 98/167/47 93/168/47 113/169/47
f 94/140/37 82/170/37 107/138/37
f 107/138/37 86/171/37 95/139/37
f 105/141/38 108/172/38 86/142/38
f 97/173/39 84/145/39 96/144/39
f 84/145/39 102/174/39 101/146/39
f 102/175/40 84/145/40 100/147/40
f 84/145/40 113/176/40 88/148/40
f 86/149/41 108/177/41 91/150/41
f 95/163/48 91/178/48 93/179/48
f 91/178/49 114/180/49 93/179/49
f 93/179/50 98/161/50 95/163/50
f 82/181/51 94/166/51 99/165/51
f 94/166/52 98/182/52 96/164/52
f 98/182/53 97/183/53 96/164/53
f 92/184/47 113/169/47 93/168/47
f 113/169/47 84/185/47 98/167/47
f 84/185/47 97/186/47 98/167/47
s 1
f 117/187/54 118/188/54 116/189/54
f 85/190/55 81/191/55 112/192/55
f 111/193/54 106/194/54 116/189/54
f 106/194/54 83/195/54 117/187/54
f 116/189/54 106/194/54 117/187/54
f 83/195/54 104/196/54 103/197/54
f 103/197/54 117/187/54 83/195/54
f 81/191/55 110/198/55 112/192/55
f 112/192/55 89/199/55 85/190/55
f 89/199/55 115/200/55 85/190/55
f 115/200/55 90/201/55 109/202/55
f 109/202/55 85/190/55 115/200/55
o Neue_Welt_(10)__2547_58_-1089_to_2595_255_-1061.001_cell.00.003_Neue_Welt_(10)__2547_58_-1089_to_2595_255_-1061.001_cell.00.002
v 0.072112 -0.252860 0.024300
v 0.376511 -0.500000 0.071268
v 0.500000 -0.500000 0.099904
v 0.500000 -0.338201 0.115453
v 0.500000 -0.350227 0.114312
v 0.279453 -0.359159 -0.315530
v 0.260988 -0.500000 -0.197018
v 0.282679 -0.500000 -0.234129
v 0.500000 -0.500000 -0.147262
v 0.478862 -0.500000 -0.155781
v 0.137461 -0.500000 0.015512
v 0.108854 -0.422624 0.016641
v 0.065010 -0.259247 0.022047
v 0.082813 -0.351756 0.017399
v 0.088452 -0.367123 0.017249
v 0.104283 -0.213043 -0.105754
v 0.158035 -0.160020 -0.149834
v 0.127270 -0.187524 -0.161087
v 0.205905 -0.117259 -0.131858
v 0.121998 -0.193372 -0.148460
v 0.237113 -0.113375 -0.136619
v 0.500000 -0.081150 -0.176900
v 0.500000 -0.246347 -0.290220
v 0.408396 -0.092319 -0.162932
v 0.500000 -0.500000 0.099904
v 0.500000 -0.500000 0.099904
v 0.376511 -0.500000 0.071268
v 0.500000 -0.081150 -0.176900
v 0.500000 -0.338201 0.115453
v 0.500000 -0.350227 0.114312
v 0.500000 -0.500000 -0.147262
v 0.500000 -0.500000 -0.147262
v 0.137461 -0.500000 0.015512
v 0.260988 -0.500000 -0.197018
v 0.282679 -0.500000 -0.234129
v 0.478862 -0.500000 -0.155781
v 0.500000 -0.246347 -0.290220
vt 0.843646 0.325141
vt 0.843646 0.787470
vt 0.771729 0.771729
vt 0.606462 0.156354
vt 0.843646 0.771729
vt 0.530493 0.326680
vt 0.400596 0.156354
vt 0.453065 0.239356
vt 0.457840 0.277046
vt 0.156354 0.156354
vt 0.662476 0.156354
vt 0.662516 0.662516
vt 0.717330 0.156354
vt 0.662476 0.662476
vt 0.648674 0.156354
vt 0.787397 0.277829
vt 0.787470 0.787470
vt 0.479980 0.180129
vt 0.484278 0.156354
vt 0.757407 0.156354
vt 0.843646 0.651966
vt 0.571458 0.350732
vt 0.843646 0.351326
vt 0.843646 0.156354
vt 0.843646 0.662516
vt 0.752765 0.752765
vt 0.843646 0.515722
vt 0.750242 0.432707
vt 0.843646 0.242593
vt 0.843646 0.777495
vt 0.599404 0.156354
vt 0.843646 0.483726
vt 0.282670 0.156354
vt 0.843646 0.393538
vt 0.594892 0.156354
vt 0.843646 0.156354
vt 0.726860 0.665815
vt 0.843646 0.843646
vt 0.843646 0.843646
vt 0.156354 0.156354
vt 0.750366 0.298390
vt 0.192807 0.156354
vt 0.489990 0.417900
vt 0.483726 0.483726
vt 0.716194 0.685011
vt 0.325141 0.325141
vt 0.348034 0.156354
vt 0.843646 0.199858
vt 0.843646 0.752765
vt 0.443645 0.386455
vt 0.464582 0.266106
vt 0.199858 0.199858
vt 0.222505 0.156354
vt 0.552379 0.425568
vt 0.594892 0.594892
vt 0.645081 0.589439
vt 0.675355 0.586395
vt 0.686989 0.604534
vt 0.874370 0.428770
vt 0.759354 0.696011
vt 0.976272 0.654935
vt 0.384566 0.162876
vt 0.385702 0.150897
vt 0.646127 0.001707
vt 0.997317 0.646448
vt 0.997317 0.400245
vt 0.636370 0.484309
vt 0.780950 0.732978
vt 0.400046 0.001707
vt 0.788457 0.254372
vt 0.675635 0.418926
vn -0.2250 -0.0920 0.9700
vn 0.0091 0.7510 0.6603
vn -0.1926 0.5556 -0.8088
vn 0.3279 -0.4671 -0.8212
vn 0.3313 -0.4633 -0.8220
vn -0.2249 -0.0933 0.9699
vn -0.8253 -0.2981 -0.4797
vn -0.2261 -0.0977 0.9692
vn -0.8243 -0.2973 -0.4818
vn -0.9256 -0.1609 -0.3426
vn -0.1981 0.5527 -0.8095
vn -0.1911 0.5552 -0.8094
vn 0.0069 0.7521 0.6590
vn -0.6775 0.7333 0.0569
vn -0.6770 0.7338 0.0572
vn 0.0000 -1.0000 0.0000
vn 1.0000 0.0000 0.0000
usemtl Stone
s off
f 133/203/56 123/204/56 147/205/56
f 139/206/57 147/207/57 142/208/57
f 135/209/58 137/210/58 139/211/58
f 124/212/59 128/213/59 126/214/59
f 155/215/60 128/216/60 124/212/60
f 120/217/61 121/218/61 123/219/61
f 133/220/62 132/221/62 134/222/62
f 130/223/63 129/224/63 120/225/63
f 124/226/64 126/227/64 125/228/64
f 132/229/65 131/230/65 134/231/65
f 136/232/66 135/233/66 124/226/66
f 142/234/67 155/235/67 124/226/67
f 139/236/68 137/237/68 119/238/68
f 134/239/69 131/240/69 119/241/69
f 147/205/56 119/242/56 132/243/56
f 119/242/56 131/244/56 132/243/56
f 147/205/56 132/243/56 133/203/56
f 119/238/57 147/207/57 139/206/57
f 147/207/57 146/245/57 142/208/57
f 142/246/58 124/212/58 139/211/58
f 124/212/58 135/209/58 139/211/58
f 155/215/60 150/247/60 128/216/60
f 123/219/61 133/248/61 120/217/61
f 133/248/61 130/249/61 120/217/61
f 138/250/62 125/251/62 134/222/62
f 125/251/62 129/252/62 130/253/62
f 134/222/62 125/251/62 130/253/62
f 130/253/62 133/220/62 134/222/62
f 125/228/64 138/254/64 124/226/64
f 138/254/64 136/255/64 124/226/64
f 142/234/67 146/256/67 155/235/67
f 119/241/70 137/257/70 134/239/70
f 137/257/70 135/258/70 134/239/70
f 135/258/70 136/259/70 138/260/70
f 138/260/70 134/239/70 135/258/70
s 1
f 145/261/71 152/262/71 154/263/71
f 122/264/72 148/265/72 127/266/72
f 149/267/71 143/268/71 145/261/71
f 145/261/71 151/269/71 152/262/71
f 152/262/71 153/270/71 154/263/71
f 154/263/71 149/267/71 145/261/71
f 144/271/72 127/266/72 148/265/72
f 127/266/72 141/272/72 122/264/72
f 141/272/72 140/273/72 122/264/72
o Neue_Welt_(10)__2547_58_-1089_to_2595_255_-1061.001_cell.006_ce_Neue_Welt_(10)__2547_58_-1089_to_2595_255_-1061.001_cell.00.009
v -0.031545 0.468235 0.164401
v -0.008181 0.500000 0.178424
v 0.104583 0.500000 0.500000
v 0.017995 0.500000 0.253476
v 0.105864 0.217824 0.139972
v 0.167957 0.500000 0.500000
v 0.183437 0.447960 0.500000
v 0.071486 0.443345 0.500000
v -0.009297 0.370943 0.390420
v -0.032299 0.249880 0.167844
v -0.067165 0.253685 0.208140
v -0.108076 0.281629 0.255145
v -0.036263 0.346639 0.353628
v 0.099905 0.500000 0.333038
v 0.028552 0.500000 0.158236
v 0.027727 0.476597 0.138897
v 0.163030 0.500000 0.487853
v 0.026845 0.450125 0.117149
v 0.026061 0.427459 0.098544
v 0.065126 0.239180 0.055779
v 0.104583 0.500000 0.500000
v 0.104583 0.500000 0.500000
v 0.017995 0.500000 0.253476
v -0.008181 0.500000 0.178424
v 0.167957 0.500000 0.500000
v 0.167957 0.500000 0.500000
v 0.183437 0.447960 0.500000
v 0.071486 0.443345 0.500000
v 0.028552 0.500000 0.158236
v 0.099905 0.500000 0.333038
v 0.163030 0.500000 0.487853
vt 0.423528 0.156354
vt 0.226445 0.226445
vt 0.156354 0.156354
vt 0.156354 0.156354
vt 0.476210 0.187632
vt 0.274403 0.274403
vt 0.391092 0.391092
vt 0.843646 0.506662
vt 0.843646 0.843646
vt 0.687753 0.479747
vt 0.579320 0.579320
vt 0.621196 0.254755
vt 0.739527 0.739527
vt 0.470506 0.470506
vt 0.469274 0.226372
vt 0.321715 0.156354
vt 0.486632 0.156354
vt 0.843646 0.740177
vt 0.239898 0.156354
vt 0.843646 0.156354
vt 0.486632 0.486632
vt 0.529795 0.476657
vt 0.739527 0.156354
vt 0.843646 0.576472
vt 0.797720 0.188701
vt 0.843646 0.156354
vt 0.843646 0.226445
vt 0.843646 0.241597
vt 0.579320 0.156354
vt 0.514175 0.486262
vt 0.641023 0.568030
vt 0.548384 0.548384
vt 0.423363 0.204821
vt 0.548384 0.156354
vt 0.843646 0.391092
vt 0.739219 0.254598
vt 0.453843 0.288190
vt 0.747537 0.664380
vt 0.321715 0.321715
vt 0.259823 0.156354
vt 0.843646 0.274403
vt 0.506662 0.506662
vt 0.470506 0.156354
vt 0.758403 0.156354
vt 0.649675 0.300221
vt 0.760102 0.156354
vt 0.575922 0.452881
vt 0.759824 0.352639
vt 0.603635 0.997813
vt 0.682143 0.945976
vt 0.666731 0.997813
vt 0.517428 0.247271
vt 0.603635 0.001707
vt 0.598978 0.168019
vt 0.570684 0.941379
vt 0.666731 0.001707
vt 0.661826 0.013806
vt 0.527938 0.342140
vt 0.491367 0.322031
vn -0.3870 0.5954 -0.7041
vn -0.2479 -0.9608 -0.1238
vn -0.8289 0.4798 0.2877
vn -0.7566 -0.0077 -0.6539
vn -0.8263 0.4827 0.2902
vn 0.8916 0.2693 -0.3640
vn 0.8934 0.2657 -0.3624
vn 0.8922 0.2677 -0.3638
vn -0.8276 0.4813 0.2887
vn -0.3874 0.5929 -0.7060
vn -0.7550 -0.0077 -0.6557
vn 0.0347 -0.8455 0.5328
vn -0.3870 0.5955 -0.7041
vn 0.8934 0.2657 -0.3623
vn 0.0349 -0.8455 0.5329
vn 0.0000 0.0000 1.0000
vn 0.0000 1.0000 0.0000
usemtl Stone
s off
f 157/274/73 171/275/73 156/276/73
f 160/277/74 165/278/74 175/279/74
f 167/280/75 168/281/75 156/282/75
f 166/283/76 156/282/76 165/284/76
f 163/285/77 178/286/77 164/287/77
f 171/288/78 185/289/78 173/290/78
f 186/291/79 162/292/79 160/293/79
f 173/294/80 160/293/80 174/295/80
f 178/296/81 157/297/81 156/282/81
f 173/298/82 156/299/82 171/300/82
f 174/301/83 165/302/83 156/299/83
f 168/303/84 167/304/84 166/305/84
f 157/274/85 184/306/85 171/275/85
f 160/277/74 166/307/74 165/278/74
f 166/283/76 167/308/76 156/282/76
f 163/285/77 176/309/77 178/286/77
f 171/288/78 184/310/78 185/289/78
f 186/291/86 181/311/86 162/292/86
f 173/294/80 185/312/80 160/293/80
f 185/312/80 186/313/80 160/293/80
f 160/293/80 175/314/80 174/295/80
f 156/282/81 168/315/81 178/296/81
f 168/315/81 164/316/81 178/296/81
f 173/298/82 174/317/82 156/299/82
f 174/301/83 175/318/83 165/302/83
f 166/305/84 160/277/84 168/303/84
f 160/277/87 162/319/87 164/320/87
f 162/319/87 163/321/87 164/320/87
f 164/320/87 168/303/87 160/277/87
s 1
f 177/322/88 182/323/88 180/324/88
f 159/325/89 158/326/89 169/327/89
f 177/322/88 183/328/88 182/323/88
f 158/326/89 161/329/89 172/330/89
f 172/330/89 169/327/89 158/326/89
f 169/327/89 170/331/89 159/325/89
f 170/331/89 179/332/89 159/325/89
o Neue_Welt_(10)__2547_58_-1089_to_2595_255_-1061.001_cell.00.004_Neue_Welt_(10)__2547_58_-1089_to_2595_255_-1061.001_cell.00.010
v 0.500000 0.500000 0.500000
v 0.193623 0.500000 0.067513
v 0.149394 0.202440 0.126585
v 0.315984 0.076603 0.149997
v 0.500000 0.205147 0.500000
v 0.212218 0.500000 0.500000
v 0.219449 0.475359 0.500000
v 0.229730 0.441139 0.500000
v 0.064822 0.500000 0.138302
v 0.064529 0.492997 0.132540
v 0.064125 0.481731 0.123235
v 0.292756 0.500000 0.013113
v 0.500000 0.077770 0.345969
v 0.500000 0.063625 0.328802
v 0.500000 0.500000 0.210203
v 0.061432 0.402422 0.058107
v 0.165769 0.328568 -0.061173
v 0.091171 0.259304 0.025549
v 0.097320 0.229990 0.018814
v 0.152838 0.223722 -0.045044
v 0.147911 0.184169 -0.038905
v 0.500000 0.205147 0.500000
v 0.500000 0.205147 0.500000
v 0.500000 0.500000 0.500000
v 0.500000 0.500000 0.500000
v 0.500000 0.500000 0.210203
v 0.500000 0.500000 0.210203
v 0.212218 0.500000 0.500000
v 0.212218 0.500000 0.500000
v 0.292756 0.500000 0.013113
v 0.193623 0.500000 0.067513
v 0.064822 0.500000 0.138302
v 0.219449 0.475359 0.500000
v 0.229730 0.441139 0.500000
v 0.500000 0.077770 0.345969
v 0.500000 0.063625 0.328802
vt 0.156354 0.156354
vt 0.496271 0.156354
vt 0.384191 0.384191
vt 0.843646 0.446566
vt 0.815969 0.441185
vt 0.156354 0.156354
vt 0.843646 0.503729
vt 0.843646 0.843646
vt 0.843646 0.279270
vt 0.637057 0.156354
vt 0.843646 0.156354
vt 0.190987 0.190987
vt 0.507203 0.442561
vt 0.446566 0.446566
vt 0.439793 0.381140
vt 0.843646 0.156354
vt 0.726733 0.421815
vt 0.706063 0.156354
vt 0.843646 0.269486
vt 0.843646 0.422621
vt 0.241569 0.156354
vt 0.302328 0.302328
vt 0.364276 0.259087
vt 0.422621 0.422621
vt 0.269486 0.269486
vt 0.705982 0.429774
vt 0.654008 0.422704
vt 0.666096 0.347790
vt 0.243423 0.236912
vt 0.843646 0.843646
vt 0.241569 0.241569
vt 0.279270 0.279270
vt 0.621165 0.403052
vt 0.762781 0.156354
vt 0.843646 0.190987
vt 0.362943 0.156354
vt 0.409804 0.190993
vt 0.252258 0.181038
vt 0.302328 0.156354
vt 0.843646 0.384191
vt 0.819269 0.520367
vt 0.551671 0.156354
vt 0.423200 0.252677
vt 0.843646 0.293937
vt 0.843646 0.448329
vt 0.696240 0.338565
vt 0.843646 0.237219
vt 0.155061 0.577228
vt 0.172153 0.563138
vt 0.290231 0.997813
vt 0.997317 0.290376
vt 0.692285 0.432510
vt 0.710799 0.001707
vt 0.728233 0.939181
vt 0.997317 0.704109
vt 0.997317 0.997813
vt 0.001706 0.997813
vt 0.001706 0.704109
vt 0.997317 0.001707
vt 0.790982 0.486699
vt 0.564049 0.361997
vt 0.710799 0.997813
vt 0.717998 0.973268
vn 0.6752 -0.1945 -0.7115
vn -0.8923 -0.2681 0.3633
vn -0.6084 -0.7882 0.0925
vn -0.8921 -0.2703 0.3620
vn -0.8937 -0.2622 0.3642
vn 0.6762 -0.1928 -0.7110
vn -0.3874 0.5929 -0.7060
vn -0.5580 -0.6405 0.5277
vn -0.3870 0.5955 -0.7041
vn -0.7550 -0.0077 -0.6557
vn -0.5582 -0.6394 0.5288
vn -0.8936 -0.2622 0.3642
vn 0.6767 -0.1931 -0.7105
vn -0.3870 0.5954 -0.7041
vn -0.5582 -0.6393 0.5288
vn 1.0000 0.0000 0.0000
vn 0.0000 1.0000 0.0000
vn 0.0000 0.0000 1.0000
usemtl Stone
s off
f 190/333/90 207/334/90 206/335/90
f 196/336/91 197/337/91 189/338/91
f 189/338/92 207/339/92 190/340/92
f 204/341/93 205/342/93 189/343/93
f 219/344/94 195/345/94 196/346/94
f 198/347/95 190/348/95 203/349/95
f 202/350/96 197/351/96 188/352/96
f 221/353/97 190/340/97 200/354/97
f 196/355/98 188/356/98 197/357/98
f 206/358/99 207/359/99 205/360/99
f 191/361/100 189/362/100 221/363/100
f 204/364/91 189/338/91 202/365/91
f 189/338/91 220/366/91 196/336/91
f 202/365/91 189/338/91 197/337/91
f 220/366/91 219/367/91 196/336/91
f 189/338/92 205/368/92 207/339/92
f 219/344/101 215/369/101 195/345/101
f 198/347/95 201/370/95 190/348/95
f 201/370/102 200/371/102 190/348/102
f 190/348/95 206/372/95 203/349/95
f 188/352/96 198/373/96 203/374/96
f 203/374/96 202/350/96 188/352/96
f 221/353/97 189/343/97 190/340/97
f 196/355/103 195/375/103 188/356/103
f 202/376/99 203/377/99 204/378/99
f 203/377/99 206/358/99 204/378/99
f 204/378/99 206/358/99 205/360/99
f 191/361/104 220/379/104 189/362/104
s 1
f 199/380/105 222/381/105 212/382/105
f 213/383/106 217/384/106 214/385/106
f 194/386/107 209/387/107 187/388/107
f 210/389/105 208/390/105 212/382/105
f 208/390/105 199/380/105 212/382/105
f 211/391/106 213/383/106 214/385/106
f 213/383/106 216/392/106 217/384/106
f 214/385/106 217/384/106 218/393/106
f 187/388/107 192/394/107 193/395/107
f 193/395/107 194/386/107 187/388/107
o Neue_Welt_(10)__2547_58_-1089_to_2595_255_-1061.001_cell.00.005_Neue_Welt_(10)__2547_58_-1089_to_2595_255_-1061.001_cell.00.003
v 0.432921 0.139466 -0.366585
v 0.500000 0.500000 -0.100616
v 0.500000 0.157302 -0.388128
v 0.500000 0.129068 -0.356294
v 0.500000 0.375488 -0.205182
v 0.367812 0.030756 0.155379
v 0.500000 -0.229688 0.052322
v 0.279266 -0.053782 -0.145415
v 0.330070 0.500000 -0.007364
v 0.500000 0.021055 0.283407
v 0.500000 -0.130495 0.194758
v 0.500000 -0.114184 0.217839
v 0.500000 0.407195 0.179298
v 0.500000 0.500000 0.154211
v 0.190294 0.311208 -0.089210
v 0.171204 0.155963 -0.065395
v 0.194197 0.104789 -0.091269
v 0.226454 0.033675 -0.127576
v 0.258662 -0.037212 -0.163657
v 0.500000 0.157302 -0.388128
v 0.500000 0.129068 -0.356294
v 0.500000 -0.229688 0.052322
v 0.500000 0.375488 -0.205182
v 0.500000 0.500000 -0.100616
v 0.500000 0.500000 -0.100616
v 0.500000 -0.130495 0.194758
v 0.500000 -0.114184 0.217839
v 0.500000 0.021055 0.283407
v 0.500000 0.407195 0.179298
v 0.500000 0.500000 0.154211
v 0.500000 0.500000 0.154211
v 0.330070 0.500000 -0.007364
vt 0.810093 0.557160
vt 0.768307 0.724713
vt 0.551270 0.551270
vt 0.843646 0.551270
vt 0.450528 0.156354
vt 0.843646 0.156354
vt 0.843646 0.770688
vt 0.335267 0.262196
vt 0.843646 0.449858
vt 0.156354 0.156354
vt 0.655379 0.156354
vt 0.653805 0.653805
vt 0.843646 0.549472
vt 0.770688 0.770688
vt 0.506832 0.506832
vt 0.843646 0.539410
vt 0.843646 0.843646
vt 0.843646 0.653805
vt 0.345848 0.156354
vt 0.843646 0.156354
vt 0.491473 0.320024
vt 0.548926 0.204076
vt 0.789348 0.789348
vt 0.789348 0.156354
vt 0.843646 0.344621
vt 0.843646 0.843646
vt 0.597713 0.491432
vt 0.843646 0.484620
vt 0.345848 0.345848
vt 0.662732 0.317618
vt 0.156354 0.156354
vt 0.515380 0.156354
vt 0.449858 0.449858
vt 0.506832 0.156354
vt 0.456399 0.456399
vt 0.526493 0.184298
vt 0.789248 0.421903
vt 0.542826 0.542826
vt 0.456399 0.156354
vt 0.539410 0.539410
vt 0.639857 0.457230
vt 0.245553 0.204803
vt 0.670073 0.622018
vt 0.843646 0.542826
vt 0.997317 0.599984
vt 0.828133 0.507096
vt 0.997317 0.346150
vt 0.305608 0.369773
vt 0.854242 0.628326
vt 0.703793 0.873786
vt 0.599686 0.997813
vt 0.345978 0.997813
vt 0.321001 0.905370
vt 0.217349 0.520733
vt 0.282628 0.386021
vt 0.447419 0.270966
vt 0.885936 0.656450
vn -0.3874 0.5929 -0.7060
vn -0.3848 0.5930 -0.7073
vn -0.0078 -0.7514 -0.6598
vn -0.6704 -0.3237 0.6677
vn -0.0142 -0.7481 -0.6635
vn -0.7547 -0.0090 -0.6560
vn -0.6755 0.1920 0.7120
vn -0.7590 -0.5343 0.3721
vn -0.7597 -0.5311 0.3753
vn -0.7550 -0.0077 -0.6557
vn -0.6762 0.1923 0.7112
vn -0.6762 0.1922 0.7112
vn 0.0000 1.0000 0.0000
vn 1.0000 0.0000 0.0000
usemtl Stone
s off
f 231/396/108 246/397/108 245/398/108
f 245/399/109 242/400/109 223/401/109
f 243/402/110 244/403/110 230/404/110
f 228/405/111 249/406/111 250/407/111
f 223/401/112 242/408/112 243/409/112
f 241/410/113 240/411/113 223/412/113
f 250/413/114 251/414/114 228/415/114
f 240/416/115 230/417/115 233/418/115
f 233/419/116 249/420/116 228/421/116
f 239/422/117 237/423/117 223/412/117
f 228/421/118 251/424/118 237/425/118
f 245/398/108 223/426/108 237/427/108
f 237/427/108 231/396/108 245/398/108
f 243/409/112 230/428/112 223/401/112
f 230/428/112 241/429/112 223/401/112
f 233/418/115 239/430/115 240/416/115
f 240/416/115 241/431/115 230/417/115
f 230/417/115 244/432/115 233/418/115
f 228/421/116 238/433/116 239/434/116
f 239/434/116 233/419/116 228/421/116
f 223/412/117 240/435/117 239/422/117
f 239/422/117 238/436/117 237/423/117
f 236/437/119 231/438/119 251/424/119
f 231/438/118 237/425/118 251/424/118
f 237/425/118 238/439/118 228/421/118
s 1
f 247/440/120 254/441/120 253/442/120
f 248/443/121 226/444/121 227/445/121
f 224/446/121 252/447/121 235/448/121
f 235/448/121 232/449/121 227/445/121
f 232/449/121 234/450/121 248/443/121
f 227/445/121 232/449/121 248/443/121
f 248/443/121 229/451/121 226/444/121
f 226/444/121 225/452/121 227/445/121
f 227/445/121 224/446/121 235/448/121
o Neue_Welt_(10)__2547_58_-1089_to_2595_255_-1061.001_cell.00.006
v 0.077333 -0.221058 0.047503
v -0.033505 -0.099525 0.173353
v 0.500000 -0.304362 0.137375
v 0.120494 0.173816 0.125748
v 0.318601 0.023176 0.153735
v -0.032443 0.208128 0.168502
v -0.056090 0.210768 0.195831
v -0.105531 0.182543 0.253367
v -0.139020 0.163057 0.292344
v -0.036998 0.046255 0.345221
v -0.010231 0.015873 0.358838
v 0.038992 -0.006188 0.350938
v 0.500000 -0.212054 0.276235
v 0.500000 -0.271362 0.099788
v 0.253749 -0.074920 -0.121037
v 0.500000 -0.191164 0.215072
v 0.500000 -0.174500 0.239294
v 0.500000 -0.197580 0.262134
v 0.500000 -0.182090 0.246907
v 0.147920 0.132312 -0.038303
v 0.151984 0.123543 -0.042879
v 0.079133 0.195461 0.040165
v 0.199314 0.019769 -0.096159
v 0.187967 0.044784 -0.083388
v 0.235756 -0.060436 -0.136983
v 0.500000 -0.212054 0.276235
v 0.500000 -0.304362 0.137375
v 0.500000 -0.271362 0.099788
v 0.500000 -0.191164 0.215072
v 0.500000 -0.174500 0.239294
v 0.500000 -0.197580 0.262134
v 0.500000 -0.182090 0.246907
vt 0.156354 0.156354
vt 0.462559 0.156354
vt 0.412769 0.412769
vt 0.843646 0.499419
vt 0.462559 0.462559
vt 0.156354 0.156354
vt 0.608854 0.321120
vt 0.584278 0.429024
vt 0.715105 0.279767
vt 0.602392 0.461315
vt 0.528777 0.528777
vt 0.607872 0.561408
vt 0.843646 0.156354
vt 0.843646 0.770551
vt 0.446319 0.156354
vt 0.843646 0.843646
vt 0.156354 0.156354
vt 0.156354 0.156354
vt 0.487516 0.469504
vt 0.537774 0.537774
vt 0.843646 0.763695
vt 0.695235 0.695235
vt 0.276212 0.203128
vt 0.843646 0.412769
vt 0.843646 0.156354
vt 0.843646 0.537774
vt 0.758920 0.758920
vt 0.428900 0.428900
vt 0.843646 0.156354
vt 0.843646 0.843646
vt 0.843646 0.156354
vt 0.843646 0.695235
vt 0.796814 0.796814
vt 0.843646 0.384556
vt 0.553681 0.156354
vt 0.505483 0.505483
vt 0.843646 0.530308
vt 0.843646 0.843646
vt 0.530308 0.530308
vt 0.843646 0.208996
vt 0.565733 0.539639
vt 0.514888 0.246394
vt 0.796814 0.156354
vt 0.758920 0.156354
vt 0.830911 0.370685
vt 0.767914 0.381575
vt 0.499419 0.499419
vt 0.519928 0.482542
vt 0.528777 0.156354
vt 0.591393 0.422980
vt 0.787029 0.162826
vt 0.843646 0.202491
vt 0.843646 0.705954
vt 0.256539 0.156354
vt 0.229449 0.156354
vt 0.202279 0.202279
vt 0.236304 0.156354
vt 0.505483 0.156354
vt 0.504307 0.504307
vt 0.615444 0.156354
vt 0.504307 0.156354
vt 0.796539 0.595717
vt 0.548869 0.534825
vt 0.249266 0.242001
vt 0.825958 0.401890
vt 0.223228 0.189617
vt 0.202279 0.156354
vt 0.224489 0.288532
vt 0.362740 0.196583
vt 0.285384 0.309340
vt 0.400162 0.229455
vt 0.261269 0.325940
vt 0.253688 0.318379
vt 0.238529 0.302950
vn -0.0142 -0.7481 -0.6635
vn -0.7547 -0.0090 -0.6560
vn -0.7550 -0.0077 -0.6557
vn -0.7566 -0.0077 -0.6539
vn -0.2713 -0.8016 0.5328
vn 0.6111 0.7857 -0.0966
vn 0.2500 0.9603 0.1235
vn 0.4018 0.6485 0.6465
vn -0.0078 -0.7514 -0.6598
vn 0.3948 0.6441 0.6552
vn -0.2735 -0.8010 0.5326
vn 0.7588 0.5366 -0.3692
vn 0.7572 0.5415 -0.3652
vn -0.7685 -0.4956 0.4048
vn -0.7720 -0.4924 0.4019
vn 0.7593 0.5342 -0.3716
vn 0.3932 0.6416 0.6586
vn -0.2714 -0.8013 0.5331
vn 0.2497 0.9606 0.1223
vn 1.0000 0.0000 0.0000
usemtl Stone
s off
f 255/453/122 279/454/122 269/455/122
f 255/453/123 277/456/123 279/457/123
f 256/458/124 276/459/124 275/460/124
f 262/461/125 261/462/125 260/463/125
f 280/464/126 255/465/126 281/466/126
f 274/467/127 258/468/127 259/469/127
f 258/470/128 260/471/128 261/472/128
f 259/469/129 286/473/129 284/474/129
f 282/475/130 255/465/130 269/476/130
f 258/477/131 261/478/131 262/479/131
f 266/480/132 256/481/132 255/482/132
f 259/483/133 284/484/133 270/485/133
f 275/486/134 274/487/134 259/483/134
f 265/488/135 264/489/135 256/490/135
f 264/491/136 263/492/136 256/490/136
f 269/493/137 277/494/137 270/495/137
f 262/496/138 264/497/138 266/498/138
f 255/453/123 256/481/123 277/456/123
f 277/499/124 256/458/124 278/500/124
f 256/458/124 260/501/124 276/459/124
f 278/500/124 256/458/124 275/460/124
f 276/459/124 274/502/124 275/460/124
f 260/463/125 256/458/125 262/461/125
f 256/458/125 263/503/125 262/461/125
f 280/464/139 266/504/139 255/465/139
f 274/467/127 276/505/127 258/468/127
f 258/470/140 276/506/140 260/471/140
f 259/469/129 258/477/129 286/473/129
f 282/475/130 281/507/130 255/465/130
f 262/479/131 272/508/131 258/477/131
f 272/508/131 286/509/131 258/477/131
f 266/480/132 265/510/132 256/481/132
f 270/485/133 278/511/133 259/483/133
f 278/511/133 275/512/133 259/483/133
f 278/513/137 270/495/137 277/494/137
f 270/495/137 282/514/137 269/493/137
f 269/493/137 279/515/137 277/494/137
f 262/496/138 263/516/138 264/497/138
f 264/497/138 265/517/138 266/498/138
f 266/498/138 280/518/138 272/519/138
f 272/519/138 262/496/138 266/498/138
s 1
f 267/520/141 257/521/141 283/522/141
f 257/521/141 268/523/141 283/522/141
f 283/522/141 271/524/141 273/525/141
f 273/525/141 285/526/141 283/522/141
f 285/526/141 267/520/141 283/522/141
o Neue_Welt_(10)__2547_58_-1089_to_2595_255_-1061.001_cell.00.007
v -0.062795 0.213054 0.500000
v -0.039913 0.252582 0.500000
v 0.007481 0.103696 0.500000
v 0.020158 0.099367 0.500000
v 0.500000 -0.063305 0.500000
v -0.031136 0.267674 0.500000
v -0.040145 0.177539 0.500000
v 0.132433 0.187339 0.166087
v 0.356485 0.017653 0.197579
v 0.500000 0.142647 0.500000
v 0.204116 0.400930 0.500000
v 0.043069 0.394700 0.500000
v -0.137334 0.188303 0.326509
v -0.015336 0.342387 0.420721
v -0.123185 0.244788 0.273060
v -0.114860 0.239071 0.263495
v -0.128864 0.230942 0.279794
v -0.037192 0.322702 0.390880
v -0.048281 0.312667 0.375665
v -0.037670 0.074265 0.378244
v -0.005756 0.038062 0.394504
v 0.016680 0.027989 0.390876
v 0.034304 0.020087 0.388043
v 0.452152 -0.166602 0.320249
v 0.500000 -0.187874 0.312609
v 0.500000 -0.139193 0.265224
v 0.500000 0.007865 0.337794
v 0.500000 0.108573 0.458845
v -0.062795 0.213054 0.500000
v -0.039913 0.252582 0.500000
v 0.007481 0.103696 0.500000
v 0.020158 0.099367 0.500000
v 0.500000 -0.063305 0.500000
v 0.500000 -0.063305 0.500000
v 0.043069 0.394700 0.500000
v -0.031136 0.267674 0.500000
v -0.040145 0.177539 0.500000
v 0.500000 0.142647 0.500000
v 0.500000 0.142647 0.500000
v 0.204116 0.400930 0.500000
v 0.500000 -0.187874 0.312609
v 0.500000 -0.139193 0.265224
v 0.500000 0.007865 0.337794
v 0.500000 0.108573 0.458845
vt 0.255240 0.255240
vt 0.519860 0.254889
vt 0.410982 0.410982
vt 0.255240 0.156354
vt 0.440323 0.440323
vt 0.245997 0.245997
vt 0.248126 0.248126
vt 0.776350 0.156354
vt 0.470103 0.470103
vt 0.248125 0.248125
vt 0.843646 0.470103
vt 0.440459 0.440459
vt 0.405595 0.280598
vt 0.225156 0.225156
vt 0.440459 0.156354
vt 0.156354 0.156354
vt 0.667184 0.156354
vt 0.665740 0.665740
vt 0.666507 0.156354
vt 0.667184 0.667184
vt 0.586641 0.156354
vt 0.770809 0.156354
vt 0.328242 0.156354
vt 0.843646 0.245997
vt 0.843646 0.440323
vt 0.773763 0.422489
vt 0.843646 0.301747
vt 0.811884 0.319752
vt 0.843646 0.268166
vt 0.754547 0.156354
vt 0.828739 0.753590
vt 0.666507 0.666507
vt 0.555127 0.452653
vt 0.546111 0.506623
vt 0.227935 0.224385
vt 0.843646 0.665740
vt 0.503123 0.156354
vt 0.843646 0.156354
vt 0.843646 0.245453
vt 0.843646 0.843646
vt 0.506710 0.387282
vt 0.413359 0.156354
vt 0.379073 0.187339
vt 0.229191 0.156354
vt 0.328242 0.328242
vt 0.843646 0.467974
vt 0.410982 0.156354
vt 0.295787 0.156354
vt 0.843646 0.248126
vt 0.378183 0.378183
vt 0.248125 0.156354
vt 0.257006 0.218242
vt 0.843646 0.156354
vt 0.617954 0.196565
vt 0.843646 0.496877
vt 0.301747 0.301747
vt 0.268166 0.268166
vt 0.223650 0.156354
vt 0.704213 0.156354
vt 0.156354 0.156354
vt 0.843646 0.225156
vt 0.843646 0.208133
vt 0.635655 0.458338
vt 0.467974 0.467974
vt 0.480994 0.440726
vt 0.575595 0.245296
vt 0.423094 0.193036
vt 0.327997 0.310934
vt 0.163200 0.507595
vt 0.042681 0.607911
vt 0.001706 0.436702
vt 0.468512 0.766392
vt 0.459543 0.676608
vt 0.519581 0.598741
vt 0.001706 0.641852
vt 0.188275 0.312617
vt 0.235452 0.361109
vt 0.997317 0.436702
vt 0.997317 0.641852
vt 0.702731 0.899130
vt 0.542392 0.892924
vt 0.459774 0.751358
vt 0.436992 0.711985
vt 0.506960 0.603052
vn -0.8263 0.4827 0.2902
vn -0.8276 0.4813 0.2887
vn -0.7720 -0.4924 0.4019
vn -0.7685 -0.4956 0.4048
vn -0.2735 -0.8010 0.5326
vn 0.6715 0.3279 -0.6645
vn 0.5608 0.6365 -0.5295
vn -0.3936 -0.6422 -0.6578
vn -0.8289 0.4798 0.2877
vn -0.7566 -0.0077 -0.6539
vn 0.5580 0.6392 -0.5292
vn -0.2713 -0.8016 0.5328
vn -0.3908 -0.6420 -0.6596
vn -0.0327 0.8451 -0.5336
vn -0.3947 -0.6428 -0.6565
vn -0.0337 0.8447 -0.5342
vn -0.3925 -0.6428 -0.6579
vn -0.3935 -0.6422 -0.6579
vn -0.3938 -0.6420 -0.6579
vn -0.3937 -0.6423 -0.6577
vn -0.3936 -0.6421 -0.6579
vn 0.5583 0.6390 -0.5291
vn 0.5582 0.6394 -0.5288
vn -0.2716 -0.8013 0.5331
vn -0.2716 -0.8014 0.5329
vn 1.0000 0.0000 0.0000
vn 0.0000 0.0000 1.0000
usemtl Stone
s off
f 322/527/142 321/528/142 300/529/142
f 322/530/143 304/531/143 316/532/143
f 323/533/144 299/534/144 306/535/144
f 317/536/145 306/537/145 307/538/145
f 308/539/146 318/540/146 307/541/146
f 295/542/147 313/543/147 312/544/147
f 295/542/148 314/545/148 313/546/148
f 308/547/149 299/548/149 302/549/149
f 316/550/150 304/551/150 305/552/150
f 301/553/151 302/554/151 303/555/151
f 326/556/152 324/557/152 314/558/152
f 310/559/153 327/560/153 319/561/153
f 312/562/154 310/563/154 295/564/154
f 326/565/155 294/566/155 300/567/155
f 308/568/156 306/569/156 299/570/156
f 302/571/157 305/572/157 294/566/157
f 322/530/143 300/573/143 304/531/143
f 323/533/144 315/574/144 299/534/144
f 317/536/145 323/575/145 306/537/145
f 309/576/146 318/540/146 308/539/146
f 318/540/146 317/577/146 307/541/146
f 299/548/158 303/578/158 302/549/158
f 302/549/159 294/579/159 308/547/159
f 294/579/160 295/564/160 309/580/160
f 295/564/161 310/581/161 309/580/161
f 309/580/162 308/547/162 294/579/162
f 301/582/150 303/583/150 305/552/150
f 303/583/150 299/584/150 305/552/150
f 299/584/150 315/585/150 305/552/150
f 315/585/150 316/550/150 305/552/150
f 295/542/163 294/586/163 314/558/163
f 294/586/164 326/556/164 314/558/164
f 318/587/165 309/588/165 319/561/165
f 309/588/166 310/559/166 319/561/166
f 312/562/154 327/589/154 310/563/154
f 294/566/155 305/590/155 304/591/155
f 304/591/155 300/567/155 294/566/155
f 300/567/155 321/592/155 326/565/155
f 308/568/156 307/593/156 306/569/156
f 302/571/157 301/594/157 305/572/157
s 1
f 329/595/167 330/596/167 320/597/167
f 292/598/168 293/599/168 290/600/168
f 325/601/167 320/597/167 330/596/167
f 320/597/167 311/602/167 329/595/167
f 311/602/167 328/603/167 329/595/167
f 291/604/168 296/605/168 290/600/168
f 296/605/168 297/606/168 290/600/168
f 290/600/168 297/606/168 292/598/168
f 297/606/168 298/607/168 292/598/168
f 292/598/168 288/608/168 293/599/168
f 288/608/168 287/609/168 293/599/168
f 293/599/168 289/610/168 290/600/168
o Neue_Welt_(10)__2547_58_-1089_to_2595_255_-1061.001_cell.005_ce_Neue_Welt_(10)__2547_58_-1089_to_2595_255_-1061.001_cell.00.014
v 0.175301 0.500000 -0.500000
v 0.435286 0.500000 -0.248972
v 0.341071 0.500000 -0.500000
v 0.432308 0.500000 -0.287107
v 0.438191 0.500000 -0.273015
v 0.421137 0.500000 -0.134057
v 0.088003 0.500000 -0.236583
v 0.259179 0.319903 -0.175844
v 0.242368 0.303655 -0.180291
v 0.252318 0.306711 -0.219525
v 0.220818 0.330702 -0.188133
v 0.255073 0.308091 -0.231503
v 0.276716 0.344281 -0.392833
v 0.280729 0.321147 -0.343559
v 0.267124 0.395587 -0.500000
v 0.421137 0.500000 -0.134057
v 0.435286 0.500000 -0.248972
v 0.341071 0.500000 -0.500000
v 0.341071 0.500000 -0.500000
v 0.432308 0.500000 -0.287107
v 0.438191 0.500000 -0.273015
v 0.088003 0.500000 -0.236583
v 0.267124 0.395587 -0.500000
v 0.175301 0.500000 -0.500000
v 0.175301 0.500000 -0.500000
vt 0.710433 0.334338
vt 0.830341 0.402710
vt 0.843646 0.454019
vt 0.843646 0.434170
vt 0.545899 0.156354
vt 0.781444 0.369606
vt 0.587587 0.527671
vt 0.576191 0.573450
vt 0.545899 0.545899
vt 0.234293 0.234293
vt 0.574178 0.156354
vt 0.479349 0.479349
vt 0.843646 0.425822
vt 0.759649 0.759649
vt 0.434170 0.434170
vt 0.843646 0.479349
vt 0.351089 0.235189
vt 0.843646 0.234293
vt 0.411374 0.411374
vt 0.442283 0.156354
vt 0.454019 0.454019
vt 0.843646 0.411374
vt 0.557343 0.468903
vt 0.277997 0.189796
vt 0.635354 0.315811
vt 0.464139 0.258499
vt 0.843646 0.759649
vt 0.240557 0.156354
vt 0.586552 0.167656
vt 0.240557 0.240557
vt 0.656321 0.241117
vt 0.246963 0.156354
vt 0.843646 0.753037
vt 0.515107 0.399206
vt 0.587128 0.735422
vt 0.932887 0.747763
vt 0.929923 0.785749
vt 0.159938 0.997813
vt 0.233560 0.893807
vt 0.324980 0.997813
vt 0.839085 0.997813
vt 0.674044 0.997813
vt 0.918800 0.633295
vt 0.935779 0.771712
vn -0.7287 -0.6408 -0.2415
vn 0.7301 -0.6774 0.0899
vn -0.2939 0.0427 0.9549
vn 0.7700 -0.5511 -0.3215
vn 0.7301 -0.6776 0.0882
vn 0.7703 -0.5455 -0.3301
vn -0.7260 -0.6465 -0.2345
vn -0.7287 -0.6408 -0.2416
vn 0.6746 -0.7293 0.1143
vn 0.0000 1.0000 0.0000
vn 0.0000 0.0000 -1.0000
usemtl Stone
s off
f 344/611/169 342/612/169 341/613/169
f 342/614/170 338/615/170 340/616/170
f 341/617/171 339/618/171 338/619/171
f 334/620/172 344/621/172 343/622/172
f 344/623/173 332/624/173 342/625/173
f 343/626/174 333/627/174 334/628/174
f 340/629/175 339/630/175 341/631/175
f 340/632/169 341/613/169 342/612/169
f 341/613/169 337/633/169 344/611/169
f 337/633/169 354/634/169 343/635/169
f 354/634/176 353/636/176 343/635/176
f 343/635/169 344/611/169 337/633/169
f 342/614/170 332/637/170 338/615/170
f 332/637/170 336/638/170 338/615/170
f 338/615/177 339/639/177 340/616/177
f 338/619/171 336/640/171 341/617/171
f 336/640/171 337/641/171 341/617/171
f 334/620/172 335/642/172 344/621/172
f 344/623/173 335/643/173 332/624/173
f 343/626/174 353/644/174 333/627/174
s 1
f 352/645/178 347/646/178 350/647/178
f 349/648/179 345/649/179 331/650/179
f 348/651/178 355/652/178 350/647/178
f 355/652/178 352/645/178 350/647/178
f 352/645/178 346/653/178 347/646/178
f 347/646/178 351/654/178 350/647/178
o Neue_Welt_(10)__2547_58_-1089_to_2595_255_-1061.001_cell.00.008_Neue_Welt_(10)__2547_58_-1089_to_2595_255_-1061.001_cell.00.015
v -0.001469 0.500000 0.033393
v -0.034955 0.500000 0.137083
v 0.075374 0.500000 -0.198476
v 0.189539 0.354525 -0.156961
v 0.214164 0.323623 -0.148013
v 0.244627 0.353132 -0.139900
v 0.395608 0.500000 -0.099706
v 0.075374 0.500000 -0.198476
v -0.001469 0.500000 0.033393
v -0.034955 0.500000 0.137083
v 0.395608 0.500000 -0.099706
vt 0.843646 0.754960
vt 0.597755 0.509280
vt 0.843646 0.496367
vt 0.514513 0.514513
vt 0.772025 0.337569
vt 0.841977 0.841977
vt 0.482947 0.156354
vt 0.754960 0.754960
vt 0.496367 0.496367
vt 0.843646 0.517053
vt 0.515310 0.157082
vt 0.843646 0.157878
vt 0.431936 0.235121
vt 0.824950 0.234775
vt 0.624296 0.250728
vt 0.842122 0.156354
vt 0.608159 0.282464
vt 0.800452 0.463565
vt 0.893383 0.599078
vt 0.498049 0.466497
vt 0.464710 0.363211
vt 0.574555 0.697464
vn -0.7287 -0.6408 -0.2415
vn 0.3883 -0.5923 0.7060
vn -0.7260 -0.6465 -0.2345
vn 0.3871 -0.5936 0.7055
vn 0.2945 -0.0414 -0.9548
vn 0.2946 -0.0416 -0.9547
vn 0.2946 -0.0412 -0.9547
vn 0.0000 1.0000 0.0000
usemtl Stone
s off
f 364/655/180 363/656/180 359/657/180
f 361/658/181 366/659/181 365/660/181
f 360/661/182 364/662/182 359/663/182
f 360/664/183 361/665/183 365/666/183
f 363/667/184 366/668/184 361/669/184
f 360/661/182 365/670/182 364/662/182
f 360/671/185 359/672/185 361/669/185
f 359/672/186 363/667/186 361/669/186
s 1
f 362/673/187 356/674/187 357/675/187
f 362/673/187 358/676/187 356/674/187
o Neue_Welt_(10)__2547_58_-1089_to_2595_255_-1061.001_cell.00.009_Neue_Welt_(10)__2547_58_-1089_to_2595_255_-1061.001_cell.00.008
v 0.500000 0.500000 -0.500000
v 0.500000 0.500000 -0.322312
v 0.475035 0.500000 -0.307376
v 0.470217 0.500000 -0.318504
v 0.392942 0.500000 -0.500000
v 0.500000 0.308956 -0.500000
v 0.312851 0.302616 -0.391313
v 0.306055 0.307221 -0.383026
v 0.302224 0.327203 -0.424487
v 0.400753 0.243634 -0.500000
v 0.295641 0.363160 -0.500000
v 0.392942 0.500000 -0.500000
v 0.392942 0.500000 -0.500000
v 0.500000 0.500000 -0.500000
v 0.500000 0.500000 -0.500000
v 0.500000 0.308956 -0.500000
v 0.500000 0.308956 -0.500000
v 0.500000 0.500000 -0.322312
v 0.500000 0.500000 -0.322312
v 0.475035 0.500000 -0.307376
v 0.470217 0.500000 -0.318504
v 0.400753 0.243634 -0.500000
v 0.295641 0.363160 -0.500000
vt 0.843646 0.247480
vt 0.604349 0.604349
vt 0.292142 0.246928
vt 0.698490 0.310970
vt 0.698068 0.314063
vt 0.637203 0.306708
vt 0.712342 0.236758
vt 0.515133 0.515133
vt 0.237330 0.237330
vt 0.843646 0.604349
vt 0.348836 0.251000
vt 0.843646 0.250753
vt 0.403742 0.156354
vt 0.843646 0.237330
vt 0.843646 0.515133
vt 0.843646 0.596258
vt 0.521948 0.279835
vt 0.735033 0.358481
vt 0.712679 0.457018
vt 0.448944 0.438464
vt 0.752520 0.156354
vt 0.108295 0.997813
vt 0.001706 0.807513
vt 0.205169 0.861506
vt 0.822360 0.995684
vt 0.997317 0.807513
vt 0.997317 0.997813
vt 0.967665 0.817024
vt 0.997317 0.820817
vt 0.997317 0.997813
vt 0.001706 0.997813
vt 0.100517 0.742446
vt 0.890729 0.997813
vt 0.972462 0.805940
vn 0.4035 -0.6183 0.6744
vn -0.7287 -0.6408 -0.2415
vn -0.7699 0.5475 0.3278
vn 0.4091 -0.6215 0.6682
vn -0.7700 0.5441 0.3334
vn -0.7287 -0.6408 -0.2416
vn 0.4091 -0.6215 0.6681
vn 0.0000 0.0000 -1.0000
vn 1.0000 0.0000 0.0000
vn 0.0000 1.0000 0.0000
usemtl Stone
s off
f 386/677/188 373/678/188 384/679/188
f 373/680/189 374/681/189 375/682/189
f 379/683/190 375/684/190 370/685/190
f 373/686/191 383/687/191 384/688/191
f 374/689/192 370/690/192 375/691/192
f 386/677/188 374/692/188 373/678/188
f 389/693/193 388/694/193 375/682/193
f 388/694/193 373/680/193 375/682/193
f 379/683/190 389/695/190 375/684/190
f 373/686/194 388/696/194 383/687/194
f 374/689/192 386/697/192 370/690/192
s 1
f 378/698/195 382/699/195 377/700/195
f 385/701/196 372/702/196 381/703/196
f 387/704/197 368/705/197 367/706/197
f 380/707/195 382/699/195 378/698/195
f 382/699/195 376/708/195 377/700/195
f 367/706/197 371/709/197 387/704/197
f 387/704/197 369/710/197 368/705/197
o Neue_Welt_(10)__2547_58_-1089_to_2595_255_-1061.001_cell.00.010_Neue_Welt_(10)__2547_58_-1089_to_2595_255_-1061.001_cell.00.011
v 0.440686 0.163246 -0.407248
v 0.500000 0.500000 -0.157116
v 0.500000 0.192229 -0.500000
v 0.454331 0.182709 -0.500000
v 0.500000 0.179058 -0.426490
v 0.500000 0.218981 -0.392898
v 0.490794 0.500000 -0.256036
v 0.500000 0.500000 -0.262575
v 0.500000 0.405664 -0.350513
v 0.500000 0.495987 -0.266668
v 0.314506 0.316424 -0.209130
v 0.279825 0.277136 -0.223156
v 0.286709 0.280518 -0.253798
v 0.455814 0.476416 -0.152604
v 0.476683 0.500000 -0.144293
v 0.500000 0.244501 -0.500000
v 0.309394 0.288335 -0.342991
v 0.296609 0.285507 -0.296910
v 0.306325 0.290263 -0.338845
v 0.436589 0.202885 -0.500000
v 0.431216 0.206498 -0.493378
v 0.500000 0.192229 -0.500000
v 0.500000 0.192229 -0.500000
v 0.454331 0.182709 -0.500000
v 0.436589 0.202885 -0.500000
v 0.500000 0.179058 -0.426490
v 0.500000 0.500000 -0.157116
v 0.500000 0.500000 -0.157116
v 0.500000 0.218981 -0.392898
v 0.500000 0.500000 -0.262575
v 0.500000 0.500000 -0.262575
v 0.476683 0.500000 -0.144293
v 0.490794 0.500000 -0.256036
v 0.500000 0.244501 -0.500000
v 0.500000 0.244501 -0.500000
v 0.500000 0.405664 -0.350513
v 0.500000 0.495987 -0.266668
vt 0.156354 0.156354
vt 0.388280 0.156354
vt 0.364814 0.364814
vt 0.755064 0.215273
vt 0.758853 0.242589
vt 0.716953 0.267048
vt 0.433244 0.156883
vt 0.843646 0.611720
vt 0.843646 0.843646
vt 0.398568 0.398568
vt 0.843646 0.472130
vt 0.843646 0.156354
vt 0.798061 0.339826
vt 0.755203 0.318485
vt 0.843646 0.245214
vt 0.843646 0.618951
vt 0.627647 0.627647
vt 0.695686 0.476891
vt 0.590912 0.369868
vt 0.640368 0.353291
vt 0.506235 0.270186
vt 0.843646 0.284738
vt 0.843646 0.608357
vt 0.754786 0.156354
vt 0.754121 0.583058
vt 0.746713 0.746713
vt 0.843646 0.377269
vt 0.608357 0.608357
vt 0.284738 0.284738
vt 0.432666 0.432666
vt 0.215404 0.215404
vt 0.472130 0.472130
vt 0.215404 0.156354
vt 0.473223 0.172842
vt 0.843646 0.364814
vt 0.756074 0.321372
vt 0.802184 0.373800
vt 0.807678 0.385293
vt 0.843646 0.398568
vt 0.287809 0.287809
vt 0.292744 0.245779
vt 0.843646 0.287809
vt 0.843646 0.627647
vt 0.803512 0.269792
vt 0.377269 0.377269
vt 0.381049 0.156354
vt 0.843646 0.746713
vt 0.001706 0.691241
vt 0.064839 0.701855
vt 0.001706 0.743309
vt 0.848487 0.903844
vt 0.765009 0.993816
vt 0.655938 0.997813
vt 0.988152 0.754799
vt 0.997317 0.656265
vt 0.997317 0.761313
vt 0.047175 0.681758
vt 0.760934 0.997813
vt 0.890685 0.717889
vt 0.924129 0.678121
vt 0.997317 0.743309
vt 0.997317 0.691241
vt 0.974102 0.643491
vn -0.7260 -0.6465 -0.2345
vn 0.3883 -0.5923 0.7060
vn 0.3871 -0.5936 0.7055
vn 0.2010 -0.9642 -0.1728
vn -0.7287 -0.6408 -0.2415
vn -0.7294 0.6779 -0.0921
vn -0.7306 0.6769 -0.0894
vn -0.4076 0.6210 -0.6695
vn -0.4453 0.6393 -0.6269
vn -0.4086 0.6209 -0.6689
vn -0.7287 -0.6407 -0.2416
vn -0.7287 -0.6408 -0.2417
vn -0.4454 0.6392 -0.6269
vn 0.0000 0.0000 -1.0000
vn 1.0000 0.0000 0.0000
vn 0.0000 1.0000 0.0000
usemtl Stone
s off
f 390/711/198 401/712/198 402/713/198
f 416/714/199 421/715/199 403/716/199
f 400/717/200 401/718/200 390/719/200
f 413/720/201 415/721/201 390/719/201
f 390/722/202 407/723/202 406/724/202
f 422/725/203 408/726/203 407/727/203
f 402/728/204 401/729/204 400/730/204
f 405/731/205 410/732/205 398/733/205
f 422/734/206 397/735/206 399/736/206
f 406/737/207 398/738/207 410/739/207
f 400/740/199 418/741/199 403/716/199
f 418/741/199 416/714/199 403/716/199
f 390/719/200 415/742/200 418/743/200
f 418/743/200 400/717/200 390/719/200
f 413/720/201 392/744/201 415/721/201
f 390/722/202 402/745/202 407/723/202
f 407/723/202 408/746/202 406/724/202
f 406/724/208 410/747/208 390/722/208
f 410/747/209 409/748/209 413/749/209
f 390/722/209 410/747/209 413/749/209
f 407/727/203 403/750/203 422/725/203
f 403/750/203 421/751/203 422/725/203
f 403/752/204 407/753/204 400/730/204
f 407/753/204 402/728/204 400/730/204
f 405/731/205 409/754/205 410/732/205
f 399/736/210 406/755/210 408/756/210
f 408/756/210 422/734/210 399/736/210
f 406/737/207 399/757/207 398/738/207
s 1
f 411/758/211 414/759/211 424/760/211
f 425/761/212 426/762/212 417/763/212
f 396/764/213 391/765/213 420/766/213
f 411/758/211 393/767/211 414/759/211
f 419/768/212 417/763/212 426/762/212
f 417/763/212 395/769/212 425/761/212
f 395/769/212 394/770/212 423/771/212
f 394/770/212 412/772/212 423/771/212
f 423/771/212 425/761/212 395/769/212
f 396/764/213 404/773/213 391/765/213
o Neue_Welt_(10)__2547_58_-1089_to_2595_255_-1061.001_cell.004_ce_Neue_Welt_(10)__2547_58_-1089_to_2595_255_-1061.001_cell.00.018
v -0.500000 0.500000 -0.500000
v -0.500000 0.004492 -0.500000
v -0.079145 -0.297304 -0.500000
v -0.090493 -0.306266 -0.500000
v -0.500000 0.000050 -0.420746
v -0.500000 0.500000 -0.397812
v -0.091422 -0.317202 -0.291278
v -0.087558 -0.320135 -0.290050
v 0.108687 0.500000 -0.500000
v -0.027337 -0.267807 -0.266421
v 0.179837 -0.058529 -0.500000
v -0.122457 0.500000 -0.264715
v -0.500000 0.500000 -0.397812
v -0.500000 0.500000 -0.397812
v -0.500000 0.500000 -0.500000
v -0.500000 0.500000 -0.500000
v -0.500000 0.004492 -0.500000
v -0.500000 0.004492 -0.500000
v -0.079145 -0.297304 -0.500000
v -0.090493 -0.306266 -0.500000
v -0.500000 0.000050 -0.420746
v 0.179837 -0.058529 -0.500000
v 0.108687 0.500000 -0.500000
v 0.108687 0.500000 -0.500000
v -0.122457 0.500000 -0.264715
vt 0.215594 0.156354
vt 0.485779 0.485779
vt 0.219877 0.219877
vt 0.843646 0.784406
vt 0.498602 0.439503
vt 0.843646 0.508522
vt 0.843646 0.485779
vt 0.556959 0.193380
vt 0.843646 0.219877
vt 0.722123 0.601756
vt 0.192714 0.156354
vt 0.753223 0.156354
vt 0.783489 0.219802
vt 0.781031 0.781031
vt 0.520463 0.520463
vt 0.791274 0.697858
vt 0.793423 0.704433
vt 0.753223 0.753223
vt 0.491478 0.156354
vt 0.312550 0.192803
vt 0.786001 0.230653
vt 0.192714 0.192714
vt 0.640974 0.238453
vt 0.274986 0.238594
vt 0.001706 0.504234
vt 0.103446 0.997813
vt 0.001706 0.997813
vt 0.578309 0.203614
vt 0.589607 0.194687
vt 0.997317 0.504234
vt 0.377593 0.763445
vt 0.001706 0.997813
vt 0.001706 0.896023
vt 0.080613 0.499810
vt 0.997317 0.997813
vt 0.391302 0.997813
vt 0.320464 0.441459
vt 0.607722 0.997813
vn 0.6186 -0.7833 -0.0604
vn 0.6767 -0.7340 -0.0574
vn -0.5949 -0.8025 -0.0447
vn 0.7059 0.0859 0.7031
vn -0.6039 -0.7958 -0.0444
vn -0.3321 -0.0432 0.9422
vn 0.6670 -0.7431 -0.0541
vn 0.7104 0.0905 0.6979
vn -0.6039 -0.7958 -0.0446
vn -0.3322 -0.0432 0.9422
vn -1.0000 0.0000 0.0000
vn 0.0000 0.0000 -1.0000
vn 0.0000 1.0000 0.0000
usemtl Stone
s off
f 445/774/214 434/775/214 446/776/214
f 445/777/215 448/778/215 436/779/215
f 434/780/216 433/781/216 446/782/216
f 448/783/217 451/784/217 436/785/217
f 431/786/218 446/787/218 433/788/218
f 433/789/219 434/790/219 436/791/219
f 445/774/220 436/792/220 434/775/220
f 448/783/221 450/793/221 451/784/221
f 431/786/222 428/794/222 446/787/222
f 436/791/219 451/795/219 431/796/219
f 451/795/223 432/797/223 431/796/223
f 431/796/219 433/789/219 436/791/219
s 1
f 443/798/224 439/799/224 441/800/224
f 429/801/225 430/802/225 444/803/225
f 438/804/226 427/805/226 440/806/226
f 443/798/224 447/807/224 439/799/224
f 442/808/225 449/809/225 444/803/225
f 449/809/225 437/810/225 444/803/225
f 437/810/225 429/801/225 444/803/225
f 438/804/226 435/811/226 427/805/226
o Neue_Welt_(10)__2547_58_-1089_to_2595_255_-1061.001_cell.00.011_Neue_Welt_(10)__2547_58_-1089_to_2595_255_-1061.001_cell.00.019
v -0.061153 0.466731 0.137524
v 0.038798 -0.230153 0.031744
v -0.177834 0.182910 0.275492
v -0.051136 -0.132033 0.132713
v -0.081496 0.500000 0.111120
v -0.120940 0.500000 0.099258
v -0.202390 0.377323 0.149332
v -0.237010 0.220669 0.234414
v -0.223321 0.314507 0.181301
v -0.242225 0.184703 0.254780
v -0.160762 0.500000 0.087126
v -0.150851 0.500000 0.074724
v -0.075330 0.500000 0.092589
v -0.236077 0.161661 0.243276
v -0.200395 0.028583 0.176909
v -0.078102 -0.262021 0.046900
v -0.042747 -0.302533 0.005609
v -0.046766 -0.298149 0.010277
v -0.038592 -0.298322 0.000062
v 0.037671 -0.230795 0.026664
v -0.032018 0.449092 0.096380
v -0.025685 0.441628 0.096932
v 0.041883 -0.227018 0.028140
v -0.120940 0.500000 0.099258
v -0.081496 0.500000 0.111120
v -0.160762 0.500000 0.087126
v -0.150851 0.500000 0.074724
v -0.075330 0.500000 0.092589
vt 0.156354 0.156354
vt 0.608542 0.229157
vt 0.614215 0.614215
vt 0.156354 0.156354
vt 0.843646 0.156354
vt 0.843646 0.843646
vt 0.156354 0.156354
vt 0.843646 0.156354
vt 0.602046 0.156354
vt 0.156354 0.156354
vt 0.208982 0.156354
vt 0.197488 0.197488
vt 0.776348 0.655249
vt 0.843646 0.724820
vt 0.843646 0.843646
vt 0.249763 0.156354
vt 0.843646 0.843646
vt 0.568628 0.568628
vt 0.791018 0.156354
vt 0.837808 0.837808
vt 0.805574 0.530510
vt 0.461759 0.156354
vt 0.671088 0.156354
vt 0.843646 0.282875
vt 0.834900 0.581660
vt 0.843646 0.156354
vt 0.843646 0.614215
vt 0.843646 0.440861
vt 0.770272 0.423957
vt 0.843646 0.397653
vt 0.764367 0.284730
vt 0.274527 0.255000
vt 0.272133 0.250484
vt 0.843646 0.777315
vt 0.804948 0.780408
vt 0.777206 0.777206
vt 0.843646 0.162354
vt 0.839155 0.156354
vt 0.519627 0.170177
vt 0.843646 0.156354
vt 0.843646 0.197488
vt 0.397653 0.397653
vt 0.538241 0.156354
vt 0.440861 0.440861
vt 0.843646 0.392563
vt 0.249763 0.249763
vt 0.482612 0.373472
vt 0.251830 0.178709
vt 0.600762 0.473883
vt 0.724820 0.724820
vt 0.749610 0.703015
vt 0.843646 0.602046
vt 0.840908 0.773859
vt 0.731483 0.638647
vt 0.837646 0.156354
vt 0.222685 0.156354
vt 0.807074 0.156354
vt 0.807089 0.239248
vt 0.769830 0.278930
vt 0.282875 0.282875
vt 0.762854 0.192947
vt 0.843646 0.192926
vt 0.568628 0.156354
vt 0.328912 0.156354
vt 0.349323 0.425327
vt 0.339456 0.412973
vt 0.379102 0.400889
vt 0.418373 0.389073
vt 0.424512 0.407531
vn 0.2658 -0.5780 0.7715
vn 0.7547 0.0087 0.6560
vn 0.7458 -0.0020 0.6662
vn 0.2564 -0.5690 0.7813
vn 0.7305 0.6379 0.2438
vn -0.2517 0.5043 0.8261
vn -0.2487 0.5042 0.8270
vn 0.7557 0.0090 0.6548
vn -0.2797 -0.4875 0.8271
vn -0.7841 -0.0534 -0.6183
vn 0.6728 -0.7377 -0.0560
vn -0.9306 -0.0687 -0.3596
vn 0.2285 0.1225 -0.9658
vn -0.7802 -0.0514 -0.6235
vn 0.6775 -0.7332 -0.0577
vn 0.7298 0.6390 0.2429
vn -0.9298 -0.0690 -0.3615
vn 0.2565 -0.5693 0.7811
vn -0.2796 -0.4876 0.8271
vn -0.2800 -0.4878 0.8268
vn 0.6728 -0.7377 -0.0561
vn 0.0000 1.0000 0.0000
usemtl Stone
s off
f 453/812/227 469/813/227 468/814/227
f 452/815/228 454/816/228 453/817/228
f 454/818/229 455/819/229 453/817/229
f 467/820/230 453/817/230 455/821/230
f 452/815/231 473/822/231 472/823/231
f 459/824/232 461/825/232 454/826/232
f 475/827/233 452/828/233 476/829/233
f 473/830/234 453/817/234 474/831/234
f 454/826/235 466/832/235 455/819/235
f 466/833/236 460/834/236 458/835/236
f 470/836/237 453/837/237 468/838/237
f 465/839/238 461/840/238 459/841/238
f 473/842/239 474/843/239 471/844/239
f 470/845/240 468/846/240 469/847/240
f 471/848/241 474/849/241 453/837/241
f 464/850/242 452/851/242 472/852/242
f 459/853/243 466/854/243 465/855/243
f 467/820/244 469/856/244 453/817/244
f 454/826/232 475/857/232 458/858/232
f 475/857/232 477/859/232 458/858/232
f 454/826/232 458/858/232 460/860/232
f 460/860/232 459/824/232 454/826/232
f 475/827/233 454/816/233 452/828/233
f 473/830/234 452/851/234 453/817/234
f 454/826/245 461/861/245 465/862/245
f 465/862/235 466/832/235 454/826/235
f 466/832/246 467/863/246 455/819/246
f 458/835/236 469/864/236 466/833/236
f 469/864/236 467/865/236 466/833/236
f 470/836/247 471/866/247 453/837/247
f 470/867/239 463/868/239 471/844/239
f 463/868/239 464/869/239 472/870/239
f 471/844/239 463/868/239 473/842/239
f 472/870/239 473/842/239 463/868/239
f 469/847/240 458/871/240 470/845/240
f 458/871/240 477/872/240 463/873/240
f 470/845/240 458/871/240 463/873/240
f 464/850/242 476/874/242 452/851/242
f 459/853/243 460/875/243 466/854/243
s 1
f 478/876/248 462/877/248 457/878/248
f 456/879/248 479/880/248 457/878/248
f 479/880/248 478/876/248 457/878/248
o Neue_Welt_(10)__2547_58_-1089_to_2595_255_-1061.001_cell.00.012
v -0.083608 -0.338801 -0.007487
v -0.092720 -0.332485 0.000383
v -0.500000 -0.018300 -0.093294
v -0.500000 -0.002308 -0.378655
v -0.500000 0.500000 -0.051336
v -0.500000 0.500000 -0.356013
v -0.213139 0.467579 0.090961
v -0.247743 0.363633 0.143872
v -0.296502 0.399754 0.106968
v -0.202326 0.500000 0.074432
v -0.432130 0.500000 0.004171
v -0.341193 -0.145456 0.026182
v -0.293650 -0.101600 0.068588
v -0.412497 -0.070233 -0.350981
v -0.091611 -0.319422 -0.248917
v -0.086962 -0.322950 -0.247435
v -0.177976 0.500000 0.043490
v -0.216271 -0.028802 0.137720
v -0.091409 -0.326167 0.004554
v -0.088675 -0.329337 0.001348
v -0.059962 -0.313649 -0.054705
v -0.062613 -0.317731 -0.032809
v -0.039099 -0.281399 -0.228709
v -0.139961 0.500000 -0.218916
v -0.138514 0.500000 -0.229001
v -0.166480 0.500000 -0.238862
v -0.500000 -0.018300 -0.093294
v -0.500000 0.500000 -0.051336
v -0.500000 0.500000 -0.051336
v -0.500000 -0.002308 -0.378655
v -0.500000 0.500000 -0.356013
v -0.500000 0.500000 -0.356013
v -0.166480 0.500000 -0.238862
v -0.139961 0.500000 -0.218916
v -0.177976 0.500000 0.043490
v -0.202326 0.500000 0.074432
v -0.432130 0.500000 0.004171
v -0.138514 0.500000 -0.229001
vt 0.498775 0.188002
vt 0.843646 0.843646
vt 0.156354 0.156354
vt 0.737524 0.289053
vt 0.467580 0.467580
vt 0.529997 0.156354
vt 0.843646 0.177494
vt 0.821984 0.156354
vt 0.843646 0.156354
vt 0.843646 0.821984
vt 0.843646 0.541829
vt 0.843646 0.843646
vt 0.235099 0.156354
vt 0.843646 0.192987
vt 0.843646 0.788409
vt 0.439583 0.241533
vt 0.807019 0.807019
vt 0.389797 0.389797
vt 0.314968 0.314968
vt 0.658896 0.252967
vt 0.445693 0.445693
vt 0.211591 0.156354
vt 0.806810 0.806810
vt 0.208588 0.208588
vt 0.843646 0.389797
vt 0.843646 0.807019
vt 0.807007 0.807007
vt 0.773973 0.637354
vt 0.802894 0.682763
vt 0.541829 0.541829
vt 0.843646 0.470003
vt 0.783161 0.403028
vt 0.707203 0.707203
vt 0.843646 0.806810
vt 0.832867 0.832867
vt 0.822506 0.156354
vt 0.445693 0.156354
vt 0.510478 0.322571
vt 0.314968 0.156354
vt 0.843646 0.420079
vt 0.843646 0.707203
vt 0.691759 0.275612
vt 0.843646 0.539752
vt 0.773113 0.174970
vt 0.782155 0.214039
vt 0.810532 0.493595
vt 0.807007 0.156354
vt 0.807269 0.241778
vt 0.298069 0.252535
vt 0.807013 0.156354
vt 0.235099 0.235099
vt 0.274319 0.204710
vt 0.282404 0.207294
vt 0.539752 0.539752
vt 0.544224 0.277903
vt 0.420079 0.420079
vt 0.690805 0.202437
vt 0.843646 0.208588
vt 0.702464 0.200116
vt 0.732495 0.194436
vt 0.806852 0.307976
vt 0.756686 0.733566
vt 0.474414 0.437841
vt 0.311791 0.275274
vt 0.589037 0.334536
vt 0.685854 0.366697
vt 0.069278 0.495606
vt 0.322317 0.456440
vt 0.333763 0.737692
vt 0.145061 0.997813
vt 0.406627 0.481531
vt 0.448401 0.997813
vt 0.001706 0.854387
vt 0.001706 0.550896
vt 0.298074 0.425618
vt 0.360165 0.717824
vt 0.361606 0.727869
vt 0.122518 0.497461
vn -0.5949 -0.8025 -0.0447
vn -0.6039 -0.7958 -0.0446
vn 0.2564 -0.5690 0.7813
vn -0.2799 -0.4878 0.8269
vn 0.9821 0.1250 0.1409
vn 0.3311 0.0425 -0.9426
vn -0.2524 0.5050 0.8254
vn 0.9819 0.1252 0.1422
vn 0.3323 0.0419 -0.9423
vn 0.6728 -0.7377 -0.0561
vn -0.2833 -0.4900 0.8244
vn 0.7848 0.0531 0.6175
vn 0.2657 -0.5780 0.7716
vn -0.2517 0.5043 0.8261
vn -0.6315 -0.0628 0.7728
vn -0.6037 -0.7960 -0.0444
vn -0.6037 -0.7959 -0.0446
vn -0.2798 -0.4878 0.8269
vn 0.6705 -0.7396 -0.0582
vn 0.6672 -0.7426 -0.0576
vn 0.7846 0.0532 0.6177
vn 0.7851 0.0533 0.6171
vn 0.8078 -0.1085 0.5794
vn 0.7850 0.0531 0.6173
vn 0.7851 0.0532 0.6171
vn -0.6318 -0.0626 0.7726
vn -0.6318 -0.0625 0.7726
vn -0.6315 -0.0626 0.7728
vn 0.0000 1.0000 0.0000
vn -1.0000 0.0000 0.0000
usemtl Stone
s off
f 494/881/249 480/882/249 481/883/249
f 493/884/250 494/885/250 491/886/250
f 499/887/251 498/888/251 481/889/251
f 498/890/252 492/891/252 481/892/252
f 502/893/253 503/894/253 500/895/253
f 509/896/254 512/897/254 493/898/254
f 486/899/255 516/900/255 488/901/255
f 500/902/256 496/903/256 501/904/256
f 493/905/257 512/906/257 517/907/257
f 500/908/258 501/909/258 480/882/258
f 492/910/259 491/911/259 481/892/259
f 486/912/260 487/913/260 496/914/260
f 480/915/261 499/916/261 481/889/261
f 488/917/262 487/918/262 486/919/262
f 497/920/263 487/921/263 482/922/263
f 494/881/249 495/923/249 480/882/249
f 481/883/264 491/886/264 494/885/264
f 491/886/265 482/924/265 493/884/265
f 482/924/265 509/925/265 493/884/265
f 498/890/266 497/926/266 492/891/266
f 502/893/253 517/927/253 503/894/253
f 509/896/254 510/928/254 512/897/254
f 486/899/255 515/929/255 516/900/255
f 500/902/256 503/930/256 496/903/256
f 517/907/257 502/931/257 493/905/257
f 502/931/257 495/932/257 494/933/257
f 493/905/257 502/931/257 494/933/257
f 480/882/267 495/934/267 500/908/267
f 495/934/268 502/935/268 500/908/268
f 487/913/269 497/936/269 496/914/269
f 497/936/270 498/937/270 501/938/270
f 499/939/271 480/940/271 501/938/271
f 497/936/272 501/938/272 496/914/272
f 498/937/273 499/939/273 501/938/273
f 515/941/260 486/912/260 496/914/260
f 487/921/263 488/942/263 482/922/263
f 488/942/274 516/943/274 482/922/274
f 516/943/275 484/944/275 482/922/275
f 482/922/276 491/945/276 492/946/276
f 492/946/276 497/920/276 482/922/276
s 1
f 490/947/277 514/948/277 505/949/277
f 485/950/278 506/951/278 507/952/278
f 511/953/277 508/954/277 505/949/277
f 508/954/277 490/947/277 505/949/277
f 490/947/277 489/955/277 514/948/277
f 514/948/277 513/956/277 505/949/277
f 513/956/277 504/957/277 505/949/277
f 485/950/278 483/958/278 506/951/278
o Neue_Welt_(10)__2547_58_-1089_to_2595_255_-1061.001_cell.00.013
v -0.500000 0.135514 0.138632
v -0.500000 -0.025920 0.042671
v -0.500000 0.191883 0.171868
v -0.500000 0.234186 0.146044
v -0.500000 -0.021194 -0.041661
v -0.500000 0.474638 -0.001063
v -0.338354 0.356522 0.120610
v -0.263573 0.301151 0.177192
v -0.344288 0.360875 0.116144
v -0.280256 0.185762 0.242548
v -0.278132 0.177838 0.238594
v -0.278423 0.198334 0.235432
v -0.401188 -0.100297 0.032411
v -0.342110 -0.045914 0.085037
v -0.455457 -0.056845 -0.008387
v -0.243330 0.046891 0.173182
v -0.500000 -0.025920 0.042671
v -0.500000 0.135514 0.138632
v -0.500000 -0.021194 -0.041661
v -0.500000 0.191883 0.171868
v -0.500000 0.474638 -0.001063
v -0.500000 0.234186 0.146044
vt 0.768804 0.156354
vt 0.715353 0.173666
vt 0.620214 0.156354
vt 0.843646 0.231196
vt 0.469037 0.469037
vt 0.231871 0.231871
vt 0.781942 0.531885
vt 0.666590 0.649083
vt 0.843646 0.231871
vt 0.764809 0.156354
vt 0.843646 0.249129
vt 0.820121 0.630339
vt 0.475187 0.156354
vt 0.843646 0.414108
vt 0.843646 0.429113
vt 0.414108 0.414108
vt 0.448008 0.423292
vt 0.429113 0.429113
vt 0.425653 0.284658
vt 0.705018 0.686523
vt 0.701822 0.701822
vt 0.399493 0.156354
vt 0.701822 0.156354
vt 0.629679 0.378652
vt 0.520629 0.520629
vt 0.765399 0.301919
vt 0.764809 0.764809
vt 0.771476 0.167900
vt 0.843646 0.379786
vt 0.654639 0.654639
vt 0.249129 0.249129
vt 0.843646 0.469037
vt 0.843646 0.654639
vt 0.627740 0.431351
vt 0.528434 0.176490
vt 0.520629 0.156354
vt 0.661238 0.156354
vt 0.399493 0.399493
vt 0.788516 0.285075
vt 0.843646 0.338762
vt 0.843646 0.524813
vt 0.501892 0.290598
vt 0.458034 0.478649
vt 0.637535 0.634746
vt 0.644914 0.733035
vt 0.498453 0.972550
vt 0.541995 0.473941
vt 0.670625 0.690896
vn -0.6037 -0.7959 -0.0446
vn -0.2833 -0.4900 0.8244
vn -0.2797 -0.4875 0.8271
vn -0.2517 0.5043 0.8261
vn 0.9311 0.0685 0.3583
vn 0.9299 0.0689 0.3614
vn 0.6293 0.0634 -0.7745
vn 0.6312 0.0624 -0.7731
vn -0.2524 0.5050 0.8254
vn -0.2796 -0.4876 0.8271
vn -0.2797 -0.4877 0.8270
vn -1.0000 0.0000 0.0000
usemtl Stone
s off
f 534/959/279 532/960/279 530/961/279
f 534/962/280 531/963/280 535/964/280
f 533/965/281 528/966/281 535/967/281
f 521/968/282 537/969/282 529/970/282
f 533/971/283 529/972/283 528/973/283
f 529/974/284 527/975/284 528/976/284
f 536/977/285 526/978/285 524/979/285
f 532/980/286 524/981/286 531/982/286
f 526/983/287 523/984/287 521/985/287
f 534/959/279 536/986/279 532/960/279
f 534/962/280 530/987/280 531/963/280
f 527/988/288 537/989/288 528/966/288
f 537/989/288 535/967/288 528/966/288
f 535/967/289 531/990/289 533/965/289
f 537/969/282 527/991/282 529/970/282
f 529/970/282 525/992/282 521/968/282
f 525/992/282 524/993/282 521/968/282
f 524/993/282 526/994/282 521/968/282
f 533/971/283 525/995/283 529/972/283
f 524/979/285 532/996/285 536/977/285
f 536/977/285 523/997/285 526/978/285
f 525/998/286 533/999/286 524/981/286
f 533/999/286 531/982/286 524/981/286
f 531/982/286 530/1000/286 532/980/286
s 1
f 522/1001/290 518/1002/290 539/1003/290
f 539/1003/290 538/1004/290 522/1001/290
f 522/1001/290 519/1005/290 518/1002/290
f 518/1002/290 520/1006/290 539/1003/290
o Neue_Welt_(10)__2547_58_-1089_to_2595_255_-1061.001_cell.00.014_Neue_Welt_(10)__2547_58_-1089_to_2595_255_-1061.001_cell.00.016
v 0.402048 0.138899 -0.392573
v 0.392449 0.137494 -0.500000
v 0.418162 0.161504 -0.500000
v 0.390300 0.193409 -0.500000
v 0.382463 0.202360 -0.500000
v -0.041030 0.500000 -0.010486
v -0.136184 0.500000 0.036590
v -0.062505 0.500000 0.054049
v 0.027874 -0.236372 -0.017503
v -0.025845 -0.283939 -0.036238
v -0.022072 -0.278092 -0.067898
v -0.008447 -0.257052 -0.181259
v 0.230564 -0.011760 -0.500000
v 0.063305 -0.204676 -0.005105
v 0.057153 -0.187182 -0.301287
v -0.002234 -0.247268 -0.233120
v -0.005609 0.433102 0.059085
v 0.177694 0.402638 -0.500000
v 0.172834 0.440964 -0.500000
v 0.098441 0.500000 -0.431933
v -0.099215 0.500000 -0.222408
v -0.097792 0.500000 -0.232300
v 0.006457 0.418879 0.060149
v 0.068715 -0.199758 -0.003203
v 0.098441 0.500000 -0.431933
v -0.041030 0.500000 -0.010486
v 0.230564 -0.011760 -0.500000
v 0.392449 0.137494 -0.500000
v 0.418162 0.161504 -0.500000
v 0.390300 0.193409 -0.500000
v 0.382463 0.202360 -0.500000
v 0.172834 0.440964 -0.500000
v -0.062505 0.500000 0.054049
v -0.136184 0.500000 0.036590
v 0.177694 0.402638 -0.500000
v -0.099215 0.500000 -0.222408
v -0.097792 0.500000 -0.232300
vt 0.156354 0.156354
vt 0.743326 0.156354
vt 0.787040 0.787040
vt 0.843646 0.234775
vt 0.843646 0.793738
vt 0.788439 0.788439
vt 0.843646 0.156354
vt 0.843646 0.787040
vt 0.800104 0.800104
vt 0.843646 0.788439
vt 0.376974 0.246652
vt 0.843646 0.247068
vt 0.843646 0.625598
vt 0.793738 0.793738
vt 0.807087 0.588564
vt 0.763762 0.735789
vt 0.735698 0.735698
vt 0.843646 0.806761
vt 0.762702 0.156354
vt 0.843646 0.232944
vt 0.843646 0.735698
vt 0.540252 0.432314
vt 0.843646 0.304080
vt 0.785479 0.156354
vt 0.741757 0.390650
vt 0.592065 0.156354
vt 0.193239 0.156354
vt 0.800096 0.224276
vt 0.400006 0.303883
vt 0.747084 0.346682
vt 0.192651 0.192651
vt 0.739822 0.156354
vt 0.431019 0.371947
vt 0.215338 0.156354
vt 0.800104 0.156354
vt 0.247068 0.247068
vt 0.417716 0.198927
vt 0.215338 0.215338
vt 0.374402 0.156354
vt 0.409117 0.354061
vt 0.234775 0.234775
vt 0.256674 0.156354
vt 0.304080 0.304080
vt 0.807367 0.156354
vt 0.260178 0.156354
vt 0.192651 0.156354
vt 0.783550 0.455921
vt 0.767056 0.156354
vt 0.821702 0.269125
vt 0.824956 0.275985
vt 0.378291 0.292569
vt 0.275995 0.239188
vt 0.762702 0.762702
vt 0.192633 0.156354
vt 0.843646 0.214521
vt 0.843646 0.407935
vt 0.820043 0.445597
vt 0.720777 0.426884
vt 0.363926 0.463313
vt 0.437281 0.445922
vt 0.458661 0.510205
vt 0.110925 0.692417
vt 0.083186 0.660635
vt 0.108785 0.636719
vt 0.597521 0.930012
vt 0.400732 0.721302
vt 0.402149 0.731156
vt 0.269960 0.488046
vt 0.118728 0.701332
vt 0.322598 0.900831
vt 0.327436 0.939007
vn 0.7557 0.0090 0.6548
vn 0.7298 0.6390 0.2429
vn 0.6816 -0.7299 -0.0514
vn 0.7291 0.6405 0.2413
vn 0.7305 0.6379 0.2438
vn -0.7103 -0.0901 -0.6982
vn -0.9822 -0.1252 -0.1402
vn -0.7094 -0.0905 -0.6990
vn 0.6728 -0.7377 -0.0561
vn -0.2289 -0.1219 0.9658
vn -0.9820 -0.1254 -0.1413
vn 0.6767 -0.7340 -0.0574
vn 0.0000 1.0000 0.0000
vn 0.0000 0.0000 -1.0000
usemtl Stone
s off
f 540/1007/291 562/1008/291 563/1009/291
f 556/1010/292 569/1011/292 570/1012/292
f 540/1013/293 563/1014/293 553/1015/293
f 570/1016/294 564/1017/294 565/1018/294
f 540/1013/295 568/1019/295 569/1020/295
f 564/1021/296 571/1022/296 574/1023/296
f 546/1024/297 550/1025/297 549/1026/297
f 574/1027/298 552/1028/298 554/1029/298
f 548/1030/299 550/1031/299 551/1032/299
f 546/1033/300 548/1034/300 562/1035/300
f 551/1036/301 575/1037/301 555/1038/301
f 552/1039/302 541/1040/302 553/1041/302
f 570/1012/292 565/1042/292 556/1010/292
f 565/1042/292 572/1043/292 556/1010/292
f 553/1015/293 541/1044/293 540/1013/293
f 541/1044/293 568/1045/293 540/1013/293
f 570/1016/294 571/1046/294 564/1017/294
f 569/1020/295 556/1047/295 562/1048/295
f 562/1048/295 540/1013/295 569/1020/295
f 574/1023/296 554/1049/296 576/1050/296
f 554/1049/296 555/1051/296 576/1050/296
f 576/1050/296 564/1021/296 574/1023/296
f 546/1024/297 575/1052/297 550/1025/297
f 548/1030/299 549/1053/299 550/1031/299
f 546/1033/300 549/1054/300 548/1034/300
f 548/1034/300 553/1055/300 562/1035/300
f 553/1055/300 563/1056/300 562/1035/300
f 562/1035/300 556/1057/300 546/1033/300
f 556/1057/300 572/1058/300 546/1033/300
f 550/1059/301 575/1037/301 551/1036/301
f 575/1037/301 576/1060/301 555/1038/301
f 548/1061/302 551/1062/302 553/1041/302
f 551/1062/302 555/1063/302 554/1064/302
f 553/1041/302 551/1062/302 554/1064/302
f 554/1064/302 552/1039/302 553/1041/302
s 1
f 573/1065/303 547/1066/303 545/1067/303
f 543/1068/304 542/1069/304 567/1070/304
f 545/1067/303 559/1071/303 560/1072/303
f 559/1071/303 561/1073/303 560/1072/303
f 560/1072/303 573/1065/303 545/1067/303
f 567/1070/304 566/1074/304 544/1075/304
f 566/1074/304 557/1076/304 544/1075/304
f 557/1076/304 558/1077/304 544/1075/304
f 544/1075/304 543/1068/304 567/1070/304
o Neue_Welt_(10)__2547_58_-1089_to_2595_255_-1061.001_cell.003_ce_Neue_Welt_(10)__2547_58_-1089_to_2595_255_-1061.001_cell.00.023
v -0.500000 0.267520 0.500000
v -0.472854 0.265159 0.500000
v -0.500000 0.214731 0.206277
v -0.315011 0.331610 0.191229
v -0.277203 0.318315 0.210980
v -0.361004 0.305734 0.193016
v -0.209792 0.294083 0.246517
v -0.245184 0.306858 0.227827
v -0.500000 0.226788 0.198875
v -0.500000 0.245022 0.226836
v -0.229641 0.206967 0.293913
v -0.500000 0.422850 0.500000
v -0.239729 0.217453 0.347375
v -0.268510 0.247539 0.500000
v -0.325154 0.500000 0.458299
v -0.317155 0.500000 0.467127
v -0.334905 0.500000 0.467080
v -0.356394 0.500000 0.486702
v -0.287768 0.500000 0.500000
v -0.370882 0.500000 0.500000
v -0.243349 0.469966 0.500000
v -0.249264 0.473987 0.500000
v -0.500000 0.267520 0.500000
v -0.500000 0.267520 0.500000
v -0.472854 0.265159 0.500000
v -0.268510 0.247539 0.500000
v -0.500000 0.214731 0.206277
v -0.500000 0.226788 0.198875
v -0.500000 0.245022 0.226836
v -0.500000 0.422850 0.500000
v -0.500000 0.422850 0.500000
v -0.370882 0.500000 0.500000
v -0.370882 0.500000 0.500000
v -0.325154 0.500000 0.458299
v -0.317155 0.500000 0.467127
v -0.334905 0.500000 0.467080
v -0.356394 0.500000 0.486702
v -0.287768 0.500000 0.500000
v -0.287768 0.500000 0.500000
v -0.243349 0.469966 0.500000
v -0.249264 0.473987 0.500000
vt 0.625544 0.382878
vt 0.843646 0.245675
vt 0.655265 0.532634
vt 0.555192 0.278578
vt 0.607545 0.257905
vt 0.843646 0.428996
vt 0.843646 0.311775
vt 0.843646 0.756291
vt 0.756270 0.756270
vt 0.843646 0.417512
vt 0.745419 0.745419
vt 0.415316 0.415316
vt 0.225116 0.156354
vt 0.546445 0.546445
vt 0.217295 0.217295
vt 0.439468 0.439468
vt 0.843646 0.745419
vt 0.756274 0.756274
vt 0.765301 0.311867
vt 0.756291 0.756291
vt 0.311775 0.311775
vt 0.699947 0.156354
vt 0.750613 0.190232
vt 0.750124 0.750124
vt 0.546445 0.156354
vt 0.843646 0.756274
vt 0.217295 0.156354
vt 0.843646 0.735409
vt 0.545738 0.299255
vt 0.843646 0.300053
vt 0.843646 0.750124
vt 0.819735 0.755437
vt 0.601332 0.458802
vt 0.646441 0.318493
vt 0.669758 0.247276
vt 0.843646 0.774884
vt 0.406029 0.337892
vt 0.417512 0.417512
vt 0.801889 0.279976
vt 0.843646 0.756270
vt 0.571004 0.156354
vt 0.843646 0.415316
vt 0.777051 0.711458
vt 0.245675 0.245675
vt 0.264591 0.156354
vt 0.843646 0.439468
vt 0.547583 0.494144
vt 0.130258 0.997813
vt 0.001706 0.920964
vt 0.028734 0.763887
vt 0.725352 0.743828
vt 0.704883 0.713655
vt 0.997317 0.766239
vt 0.166077 0.034499
vt 0.144682 0.014953
vt 0.183749 0.034452
vt 0.001706 0.766239
vt 0.232180 0.746336
vt 0.257231 0.967896
vt 0.251341 0.971902
vt 0.213007 0.997813
vt 0.997317 0.920964
vt 0.697514 0.725665
vt 0.130258 0.001707
vt 0.213007 0.001707
vt 0.175784 0.043246
vn 0.2527 -0.5062 -0.8246
vn 0.9725 -0.1100 0.2051
vn -0.4463 0.7496 -0.4888
vn -0.4417 0.7512 -0.4904
vn 0.5030 0.7399 -0.4468
vn 0.4961 0.7429 -0.4495
vn -0.4478 0.7494 -0.4878
vn -0.0853 -0.9806 0.1762
vn 0.5006 0.7410 -0.4475
vn -0.0845 -0.9805 0.1773
vn 0.0000 0.0000 1.0000
vn -1.0000 0.0000 0.0000
vn 0.0000 1.0000 0.0000
usemtl Stone
s off
f 581/1078/305 587/1079/305 582/1080/305
f 589/1081/306 587/1082/306 583/1083/306
f 586/1084/307 613/1085/307 612/1086/307
f 582/1087/308 591/1088/308 580/1089/308
f 597/1090/309 584/1091/309 598/1092/309
f 581/1093/310 591/1094/310 592/1095/310
f 588/1096/311 613/1097/311 586/1098/311
f 578/1099/312 577/1100/312 579/1101/312
f 584/1102/313 592/1103/313 598/1104/313
f 589/1105/314 590/1106/314 578/1107/314
f 579/1108/305 604/1109/305 582/1080/305
f 582/1080/305 580/1110/305 581/1078/305
f 581/1078/305 584/1111/305 587/1079/305
f 584/1111/305 583/1112/305 587/1079/305
f 587/1079/305 579/1108/305 582/1080/305
f 583/1083/306 597/1113/306 589/1081/306
f 597/1113/306 590/1114/306 589/1081/306
f 612/1086/307 582/1115/307 586/1084/307
f 582/1115/307 604/1116/307 586/1084/307
f 582/1087/308 612/1117/308 591/1088/308
f 597/1090/309 583/1118/309 584/1091/309
f 581/1093/310 580/1119/310 591/1094/310
f 588/1096/311 596/1120/311 613/1097/311
f 579/1101/312 587/1121/312 589/1122/312
f 589/1122/312 578/1099/312 579/1101/312
f 581/1123/313 592/1103/313 584/1102/313
f 592/1103/313 595/1124/313 598/1104/313
s 1
f 608/1125/315 607/1126/315 601/1127/315
f 605/1128/316 603/1129/316 600/1130/316
f 593/1131/317 594/1132/317 611/1133/317
f 607/1126/315 599/1134/315 601/1127/315
f 601/1127/315 602/1135/315 608/1125/315
f 602/1135/315 616/1136/315 617/1137/315
f 608/1125/315 602/1135/315 617/1137/315
f 617/1137/315 615/1138/315 608/1125/315
f 600/1130/316 606/1139/316 605/1128/316
f 605/1128/316 585/1140/316 603/1129/316
f 609/1141/317 614/1142/317 594/1132/317
f 614/1142/317 611/1133/317 594/1132/317
f 611/1133/317 610/1143/317 593/1131/317
o Neue_Welt_(10)__2547_58_-1089_to_2595_255_-1061.001_cell.00.015_Neue_Welt_(10)__2547_58_-1089_to_2595_255_-1061.001_cell.00.024
v -0.181770 0.205592 0.309430
v -0.069475 0.283666 0.500000
v -0.098986 0.232922 0.500000
v -0.191497 0.205872 0.306277
v -0.193551 0.208003 0.317143
v -0.174393 0.281301 0.265215
v -0.161123 0.292430 0.262450
v -0.172123 0.291162 0.259857
v -0.228087 0.244054 0.500000
v -0.145277 0.294364 0.266339
v -0.052510 0.377231 0.393304
v -0.031604 0.395968 0.422007
v -0.054019 0.321533 0.481383
v -0.061176 0.297972 0.500000
v -0.207489 0.428076 0.500000
v -0.154736 0.455254 0.500000
v -0.204107 0.457551 0.500000
v -0.108574 0.377868 0.500000
v -0.061176 0.297972 0.500000
v -0.069475 0.283666 0.500000
v -0.098986 0.232922 0.500000
v -0.228087 0.244054 0.500000
v -0.207489 0.428076 0.500000
v -0.154736 0.455254 0.500000
v -0.204107 0.457551 0.500000
v -0.108574 0.377868 0.500000
vt 0.156354 0.156354
vt 0.178355 0.156354
vt 0.174504 0.174504
vt 0.298594 0.298594
vt 0.843646 0.821645
vt 0.843646 0.843646
vt 0.369820 0.156354
vt 0.460180 0.460180
vt 0.843646 0.772665
vt 0.558027 0.156354
vt 0.843646 0.440163
vt 0.693091 0.176042
vt 0.670265 0.156354
vt 0.843646 0.156354
vt 0.550913 0.223437
vt 0.586512 0.520466
vt 0.569780 0.542739
vt 0.336814 0.204090
vt 0.284632 0.188057
vt 0.252947 0.156354
vt 0.625196 0.156354
vt 0.603719 0.303687
vt 0.506118 0.156354
vt 0.643137 0.571856
vt 0.559837 0.156354
vt 0.725264 0.395148
vt 0.457227 0.156354
vt 0.843646 0.374804
vt 0.843646 0.493882
vt 0.843646 0.329735
vt 0.630180 0.156354
vt 0.486806 0.299098
vt 0.252947 0.252947
vt 0.298594 0.156354
vt 0.206368 0.156354
vt 0.843646 0.174504
vt 0.673407 0.176179
vt 0.558027 0.558027
vt 0.206368 0.206368
vt 0.274035 0.156354
vt 0.542773 0.156354
vt 0.460180 0.156354
vt 0.501674 0.253655
vt 0.227335 0.156354
vt 0.730120 0.384624
vt 0.725965 0.156354
vt 0.430342 0.782322
vt 0.391414 0.876157
vt 0.272426 0.742864
vt 0.438604 0.796572
vt 0.345455 0.953242
vt 0.292933 0.926170
vt 0.296300 0.955530
vt 0.400960 0.731775
vn -0.0853 -0.9806 0.1762
vn -0.0845 -0.9805 0.1773
vn 0.8272 -0.4810 -0.2904
vn -0.9720 0.1115 -0.2067
vn 0.2527 -0.5062 -0.8246
vn 0.0383 0.8238 -0.5657
vn 0.8280 -0.4803 -0.2895
vn 0.6154 0.3651 0.6986
vn -0.9727 0.1089 -0.2052
vn 0.6175 0.3684 0.6949
vn 0.2633 -0.5067 -0.8209
vn 0.8272 -0.4811 -0.2903
vn 0.0000 0.0000 1.0000
usemtl Stone
s off
f 618/1144/318 622/1145/318 621/1146/318
f 638/1147/319 622/1148/319 618/1149/319
f 618/1144/320 627/1150/320 628/1151/320
f 632/1152/321 625/1153/321 623/1154/321
f 623/1155/322 624/1156/322 618/1157/322
f 628/1158/323 627/1159/323 624/1160/323
f 630/1161/324 631/1162/324 619/1163/324
f 635/1164/325 631/1165/325 630/1166/325
f 639/1167/326 623/1168/326 622/1169/326
f 629/1170/327 635/1171/327 630/1172/327
f 624/1173/328 627/1174/328 618/1157/328
f 638/1147/319 639/1175/319 622/1148/319
f 628/1151/329 619/1176/329 638/1177/329
f 638/1177/329 618/1144/329 628/1151/329
f 632/1152/321 642/1178/321 625/1153/321
f 618/1157/322 621/1179/322 623/1155/322
f 623/1155/322 625/1180/322 624/1156/322
f 625/1181/323 642/1182/323 624/1160/323
f 642/1182/323 641/1183/323 628/1158/323
f 624/1160/323 642/1182/323 628/1158/323
f 641/1183/323 629/1184/323 628/1158/323
f 619/1163/324 628/1185/324 630/1161/324
f 628/1185/324 629/1186/324 630/1161/324
f 632/1187/326 623/1168/326 639/1167/326
f 623/1168/326 621/1188/326 622/1169/326
f 629/1170/327 641/1189/327 635/1171/327
s 1
f 637/1190/330 643/1191/330 626/1192/330
f 637/1190/330 636/1193/330 643/1191/330
f 643/1191/330 633/1194/330 640/1195/330
f 633/1194/330 634/1196/330 640/1195/330
f 640/1195/330 626/1192/330 643/1191/330
f 626/1192/330 620/1197/330 637/1190/330
o Neue_Welt_(10)__2547_58_-1089_to_2595_255_-1061.001_cell.00.016_Neue_Welt_(10)__2547_58_-1089_to_2595_255_-1061.001_cell.00.017
v 0.056010 0.500000 0.500000
v 0.040678 0.500000 0.456152
v 0.006109 0.445344 0.447957
v -0.008368 0.422379 0.444648
v -0.029520 0.352547 0.500000
v -0.062730 0.498968 0.500000
v -0.095969 0.464493 0.500000
v -0.062730 0.498968 0.500000
v -0.062730 0.498968 0.500000
v -0.095969 0.464493 0.500000
v -0.029520 0.352547 0.500000
v 0.056010 0.500000 0.500000
v 0.056010 0.500000 0.500000
v 0.040678 0.500000 0.456152
vt 0.843646 0.349332
vt 0.563812 0.563812
vt 0.350306 0.350306
vt 0.843646 0.563812
vt 0.621457 0.349392
vt 0.843646 0.350306
vt 0.611022 0.413499
vt 0.732069 0.550544
vt 0.732064 0.635753
vt 0.352297 0.345461
vt 0.651601 0.345426
vt 0.550471 0.550471
vt 0.843646 0.550471
vt 0.405498 0.308995
vt 0.560163 0.356180
vt 0.437057 0.996786
vt 0.470121 0.850934
vt 0.555276 0.997813
vt 0.540011 0.045384
vt 0.438067 0.001707
vt 0.555276 0.001707
vt 0.403964 0.962445
vn -0.3703 0.3570 -0.8576
vn -0.6165 -0.3659 -0.6972
vn 0.8280 -0.4803 -0.2895
vn -0.3671 0.3608 -0.8574
vn 0.0000 0.0000 1.0000
vn -0.0087 0.9999 0.0030
usemtl Stone
s off
f 652/1198/331 647/1199/331 650/1200/331
f 647/1201/332 654/1202/332 650/1203/332
f 646/1204/333 657/1205/333 644/1206/333
f 652/1207/334 657/1208/334 646/1209/334
f 652/1198/331 646/1210/331 647/1199/331
f 644/1206/333 654/1211/333 646/1204/333
f 654/1211/333 647/1212/333 646/1204/333
s 1
f 651/1213/335 648/1214/335 656/1215/335
f 645/1216/336 649/1217/336 655/1218/336
f 651/1213/335 653/1219/335 648/1214/335
o Neue_Welt_(10)__2547_58_-1089_to_2595_255_-1061.001_cell.00.017_Neue_Welt_(10)__2547_58_-1089_to_2595_255_-1061.001_cell.00.020
v -0.064276 0.491407 0.170693
v -0.030249 0.500000 0.253305
v -0.057985 0.500000 0.174362
v -0.069520 0.500000 0.163706
v -0.167150 0.500000 0.133179
v -0.111771 0.500000 0.150154
v -0.294724 0.405452 0.152117
v -0.294571 0.363634 0.177835
v -0.268516 0.354234 0.191592
v -0.187320 0.325355 0.234208
v -0.182400 0.323900 0.236610
v -0.295077 0.500000 0.094277
v -0.152832 0.327304 0.243584
v -0.302882 0.500000 0.393891
v -0.130624 0.330009 0.249037
v -0.047600 0.404310 0.362424
v -0.016213 0.432496 0.405431
v 0.026629 0.500000 0.415974
v -0.244820 0.500000 0.459170
v -0.225828 0.500000 0.480315
v -0.216431 0.500000 0.489413
v -0.156289 0.500000 0.493566
v -0.140186 0.500000 0.487734
v 0.026629 0.500000 0.415974
v -0.030249 0.500000 0.253305
v -0.069520 0.500000 0.163706
v -0.057985 0.500000 0.174362
v -0.295077 0.500000 0.094277
v -0.167150 0.500000 0.133179
v -0.111771 0.500000 0.150154
v -0.302882 0.500000 0.393891
v -0.244820 0.500000 0.459170
v -0.225828 0.500000 0.480315
v -0.216431 0.500000 0.489413
v -0.156289 0.500000 0.493566
v -0.140186 0.500000 0.487734
vt 0.156354 0.156354
vt 0.257458 0.156354
vt 0.256525 0.256525
vt 0.544464 0.156354
vt 0.843646 0.399364
vt 0.843646 0.744171
vt 0.732094 0.156354
vt 0.582573 0.302388
vt 0.520155 0.156354
vt 0.553818 0.382606
vt 0.536662 0.435033
vt 0.453742 0.453742
vt 0.453742 0.156354
vt 0.454155 0.351213
vt 0.258982 0.156354
vt 0.843646 0.650204
vt 0.294907 0.156354
vt 0.843646 0.397956
vt 0.843646 0.156354
vt 0.843646 0.256525
vt 0.732094 0.732094
vt 0.464189 0.156354
vt 0.757262 0.757262
vt 0.452974 0.452974
vt 0.409651 0.156354
vt 0.731985 0.731985
vt 0.429817 0.429817
vt 0.397956 0.397956
vt 0.648547 0.315347
vt 0.650204 0.650204
vt 0.843646 0.731985
vt 0.714682 0.393854
vt 0.843646 0.429817
vt 0.843646 0.452974
vt 0.733496 0.733496
vt 0.409651 0.409651
vt 0.843646 0.214641
vt 0.774012 0.500309
vt 0.497299 0.243457
vt 0.257458 0.257458
vt 0.732074 0.472466
vt 0.258982 0.258982
vt 0.255829 0.156354
vt 0.600636 0.156354
vt 0.606464 0.219410
vt 0.609070 0.209651
vt 0.520155 0.520155
vt 0.455536 0.156354
vt 0.785359 0.156354
vt 0.733496 0.156354
vt 0.423536 0.312974
vt 0.843646 0.757262
vt 0.843646 0.535811
vt 0.721646 0.473346
vt 0.412443 0.156354
vt 0.705093 0.156354
vt 0.197959 0.107402
vt 0.469395 0.247442
vt 0.388231 0.350191
vt 0.333095 0.367099
vt 0.205730 0.405851
vt 0.255766 0.042378
vt 0.274674 0.021315
vt 0.343909 0.008116
vt 0.284031 0.012253
vt 0.359940 0.013925
vt 0.526024 0.085406
vt 0.441781 0.326077
vt 0.430297 0.336691
vn 0.6675 -0.1801 -0.7225
vn 0.2633 -0.5067 -0.8209
vn 0.8280 -0.4803 -0.2895
vn 0.2527 -0.5062 -0.8246
vn 0.2512 -0.5044 -0.8261
vn 0.3020 -0.4620 0.8339
vn 0.8270 -0.4813 -0.2906
vn -0.4529 -0.7590 0.4678
vn -0.5030 -0.7395 0.4474
vn 0.3676 -0.3668 0.8546
vn -0.9995 -0.0197 -0.0260
vn -0.4990 -0.7417 0.4482
vn -0.0392 -0.8224 0.5676
vn 0.8272 -0.4811 -0.2904
vn 0.8271 -0.4811 -0.2906
vn 0.0000 1.0000 0.0000
usemtl Dirt
s off
f 658/1220/337 683/1221/337 684/1222/337
f 672/1223/338 670/1224/338 687/1225/338
f 682/1226/339 674/1227/339 673/1228/339
f 666/1229/340 665/1230/340 664/1231/340
f 664/1232/341 685/1233/341 686/1234/341
f 693/1235/342 679/1236/342 674/1237/342
f 658/1238/343 684/1239/343 682/1240/343
f 668/1241/344 677/1242/344 667/1243/344
f 666/1244/345 688/1245/345 665/1246/345
f 674/1247/346 681/1248/346 693/1249/346
f 688/1250/347 664/1251/347 665/1252/347
f 667/1253/348 689/1254/348 666/1255/348
f 691/1256/349 670/1257/349 673/1258/349
f 683/1259/338 658/1220/338 687/1225/338
f 658/1220/338 672/1223/338 687/1225/338
f 682/1226/339 681/1260/339 674/1227/339
f 664/1231/340 686/1261/340 666/1229/340
f 686/1261/340 687/1262/340 670/1263/340
f 667/1264/340 670/1263/340 668/1265/340
f 686/1261/340 670/1263/340 667/1264/340
f 667/1264/340 666/1229/340 686/1261/340
f 682/1240/350 673/1266/350 672/1267/350
f 672/1267/351 658/1238/351 682/1240/351
f 668/1241/344 691/1268/344 677/1242/344
f 666/1244/345 689/1269/345 688/1245/345
f 688/1250/347 685/1270/347 664/1251/347
f 667/1253/348 677/1271/348 689/1254/348
f 691/1256/349 668/1272/349 670/1257/349
f 670/1257/349 672/1273/349 673/1258/349
f 673/1258/349 674/1274/349 679/1275/349
f 679/1275/349 691/1256/349 673/1258/349
s 1
f 671/1276/352 659/1277/352 663/1278/352
f 662/1279/352 669/1280/352 671/1276/352
f 671/1276/352 676/1281/352 659/1277/352
f 676/1281/352 690/1282/352 692/1283/352
f 690/1282/352 678/1284/352 692/1283/352
f 692/1283/352 680/1285/352 676/1281/352
f 680/1285/352 675/1286/352 659/1277/352
f 659/1277/352 660/1287/352 663/1278/352
f 660/1287/352 661/1288/352 663/1278/352
f 663/1278/352 662/1279/352 671/1276/352
f 659/1277/352 676/1281/352 680/1285/352
o Neue_Welt_(10)__2547_58_-1089_to_2595_255_-1061.001_cell.00.018_Neue_Welt_(10)__2547_58_-1089_to_2595_255_-1061.001_cell.00.021
v -0.500000 0.500000 0.500000
v -0.500000 0.500000 0.031959
v -0.500000 0.321636 0.263768
v -0.500000 0.264169 0.175963
v -0.334076 0.376287 0.157959
v -0.334013 0.358363 0.168982
v -0.437638 0.299535 0.173332
v -0.500000 0.476542 0.500000
v -0.334522 0.500000 0.082282
v -0.491203 0.269141 0.175602
v -0.342511 0.500000 0.393655
v -0.371424 0.500000 0.420008
v -0.460018 0.500000 0.500000
v -0.446050 0.500000 0.487503
v -0.500000 0.476542 0.500000
v -0.500000 0.476542 0.500000
v -0.500000 0.500000 0.500000
v -0.500000 0.500000 0.500000
v -0.500000 0.500000 0.031959
v -0.500000 0.500000 0.031959
v -0.500000 0.264169 0.175963
v -0.500000 0.321636 0.263768
v -0.460018 0.500000 0.500000
v -0.460018 0.500000 0.500000
v -0.342511 0.500000 0.393655
v -0.334522 0.500000 0.082282
v -0.371424 0.500000 0.420008
v -0.446050 0.500000 0.487503
vt 0.513819 0.513819
vt 0.549361 0.505804
vt 0.671921 0.671921
vt 0.242916 0.242916
vt 0.553371 0.225366
vt 0.553583 0.553583
vt 0.553583 0.156354
vt 0.793595 0.296185
vt 0.843646 0.354857
vt 0.243300 0.156354
vt 0.645143 0.156354
vt 0.623694 0.301466
vt 0.766798 0.663353
vt 0.514335 0.411296
vt 0.513819 0.156354
vt 0.597557 0.211546
vt 0.267365 0.156354
vt 0.582141 0.156354
vt 0.323282 0.225505
vt 0.843646 0.756700
vt 0.242916 0.156354
vt 0.582141 0.582141
vt 0.267365 0.267365
vt 0.671921 0.156354
vt 0.753684 0.175476
vt 0.767112 0.178658
vt 0.703392 0.591907
vt 0.158504 0.107638
vt 0.166458 0.417799
vt 0.001706 0.467925
vt 0.762122 0.820143
vt 0.997317 0.974447
vt 0.997317 0.997813
vt 0.001706 0.974447
vt 0.041513 0.997813
vt 0.001706 0.997813
vt 0.001706 0.001707
vt 0.129718 0.081387
vt 0.041513 0.001707
vt 0.055419 0.014155
vt 0.531331 0.997814
vt 0.674702 0.762901
vn 0.2527 -0.5062 -0.8246
vn 0.4405 -0.7508 0.4923
vn 0.4438 -0.7498 0.4907
vn 0.4460 -0.7494 0.4893
vn 0.2512 -0.5044 -0.8261
vn 0.9995 0.0193 0.0256
vn 0.0000 1.0000 0.0000
vn -1.0000 0.0000 0.0000
vn 0.0000 0.0000 1.0000
usemtl Stone
s off
f 698/1289/353 699/1290/353 700/1291/353
f 707/1292/354 709/1293/354 696/1294/354
f 696/1295/355 697/1296/355 703/1297/355
f 705/1298/356 703/1299/356 700/1300/356
f 695/1301/357 702/1302/357 698/1303/357
f 698/1304/358 704/1305/358 699/1306/358
f 707/1292/354 716/1307/354 709/1293/354
f 703/1297/355 705/1308/355 696/1295/355
f 705/1308/355 707/1309/355 696/1295/355
f 699/1310/356 704/1311/356 700/1300/356
f 704/1311/356 705/1298/356 700/1300/356
f 698/1303/357 700/1312/357 695/1301/357
f 700/1312/357 703/1313/357 695/1301/357
f 703/1313/357 697/1314/357 695/1301/357
f 698/1304/358 702/1315/358 704/1305/358
s 1
f 718/1316/359 719/1317/359 712/1318/359
f 715/1319/360 708/1320/360 710/1321/360
f 701/1322/361 706/1323/361 694/1324/361
f 712/1318/359 711/1325/359 720/1326/359
f 711/1325/359 717/1327/359 721/1328/359
f 720/1326/359 711/1325/359 721/1328/359
f 720/1326/359 718/1316/359 712/1318/359
f 710/1321/360 713/1329/360 715/1319/360
f 713/1329/360 714/1330/360 715/1319/360
o Neue_Welt_(10)__2547_58_-1089_to_2595_255_-1061.001_cell.002_ce_Neue_Welt_(10)__2547_58_-1089_to_2595_255_-1061.001_cell.00.028
v 0.500000 -0.500000 0.500000
v 0.500000 -0.500000 0.140856
v 0.500000 -0.367967 0.153875
v 0.500000 -0.342015 0.156460
v 0.500000 -0.335336 0.166447
v 0.207837 -0.357068 0.383578
v 0.189374 -0.280493 0.090513
v 0.254980 -0.202593 0.240912
v 0.203565 -0.211170 0.201672
v 0.500000 -0.162509 0.426724
v 0.175140 -0.215968 0.179893
v 0.177950 -0.228710 0.162143
v 0.238958 -0.500000 0.080207
v 0.228672 -0.454485 0.082305
v 0.237753 -0.494688 0.080450
v 0.500000 -0.222786 0.500000
v 0.446694 -0.264759 0.500000
v 0.278780 -0.397267 0.500000
v 0.295680 -0.500000 0.500000
v 0.294268 -0.491778 0.500000
v 0.240378 -0.500000 0.398265
v 0.295680 -0.500000 0.500000
v 0.295680 -0.500000 0.500000
v 0.500000 -0.500000 0.500000
v 0.500000 -0.500000 0.500000
v 0.500000 -0.500000 0.140856
v 0.500000 -0.500000 0.140856
v 0.500000 -0.367967 0.153875
v 0.500000 -0.342015 0.156460
v 0.500000 -0.335336 0.166447
v 0.238958 -0.500000 0.080207
v 0.240378 -0.500000 0.398265
v 0.500000 -0.222786 0.500000
v 0.500000 -0.222786 0.500000
v 0.446694 -0.264759 0.500000
v 0.278780 -0.397267 0.500000
v 0.294268 -0.491778 0.500000
v 0.500000 -0.162509 0.426724
vt 0.215442 0.215442
vt 0.653684 0.156354
vt 0.594459 0.594459
vt 0.671162 0.212228
vt 0.652627 0.502820
vt 0.512817 0.512817
vt 0.156354 0.156354
vt 0.638227 0.156354
vt 0.636227 0.636227
vt 0.843646 0.512817
vt 0.774447 0.156354
vt 0.843646 0.212015
vt 0.363168 0.363168
vt 0.843646 0.361773
vt 0.843646 0.843646
vt 0.613126 0.613126
vt 0.843646 0.549731
vt 0.353700 0.353700
vt 0.843646 0.333154
vt 0.348457 0.313167
vt 0.758490 0.327021
vt 0.333154 0.333154
vt 0.843646 0.363168
vt 0.549731 0.549731
vt 0.843646 0.338325
vt 0.521177 0.224436
vt 0.289181 0.206274
vt 0.215442 0.156354
vt 0.843646 0.636227
vt 0.798919 0.698561
vt 0.672780 0.572329
vt 0.225553 0.156354
vt 0.212015 0.212015
vt 0.671100 0.501492
vt 0.346316 0.156354
vt 0.352481 0.334732
vt 0.338325 0.338325
vt 0.390130 0.211914
vt 0.843646 0.353700
vt 0.810316 0.333795
vt 0.594459 0.156354
vt 0.601512 0.174555
vt 0.572713 0.194770
vt 0.613126 0.156354
vt 0.843646 0.156354
vt 0.333795 0.165730
vt 0.074661 0.337884
vt 0.001706 0.277842
vt 0.738835 0.103046
vt 0.997317 0.359452
vt 0.997317 0.001707
vt 0.792488 0.009897
vt 0.793894 0.001707
vt 0.997317 0.001707
vt 0.001706 0.001707
vt 0.359274 0.001707
vt 0.346312 0.133225
vt 0.343739 0.159077
vt 0.793894 0.001707
vt 0.737421 0.419866
vt 0.997317 0.277842
vt 0.944245 0.236032
vt 0.777068 0.104040
vn 0.2720 0.7999 -0.5349
vn 0.2253 0.0956 -0.9696
vn -0.5197 0.6586 0.5441
vn 0.2250 0.0966 -0.9696
vn -0.8663 -0.1420 0.4789
vn -0.5227 0.6590 0.5408
vn -0.9751 -0.2216 0.0044
vn -0.9754 -0.2205 0.0038
vn -0.8687 -0.1493 0.4722
vn -0.5248 0.6579 0.5400
vn 0.2725 0.8015 -0.5322
vn -0.5196 0.6599 0.5428
vn 0.2250 0.0965 -0.9696
vn -0.9751 -0.2215 0.0044
vn 1.0000 0.0000 0.0000
vn 0.0000 -1.0000 0.0000
vn 0.0000 0.0000 1.0000
usemtl Stone
s off
f 726/1331/362 728/1332/362 733/1333/362
f 748/1334/363 736/1335/363 735/1336/363
f 727/1337/364 757/1338/364 738/1339/364
f 735/1340/365 725/1341/365 724/1342/365
f 758/1343/366 757/1344/366 727/1345/366
f 729/1346/367 730/1347/367 727/1345/367
f 736/1348/368 753/1349/368 727/1345/368
f 733/1350/369 735/1351/369 727/1345/369
f 753/1352/370 758/1353/370 727/1345/370
f 730/1354/371 732/1355/371 727/1345/371
f 729/1356/372 759/1357/372 726/1358/372
f 738/1359/373 737/1360/373 759/1361/373
f 726/1331/362 725/1362/362 728/1332/362
f 735/1336/363 724/1363/363 748/1334/363
f 748/1334/363 734/1364/363 736/1335/363
f 735/1340/374 728/1365/374 725/1341/374
f 736/1348/375 734/1366/375 753/1349/375
f 727/1345/369 732/1367/369 733/1350/369
f 733/1350/369 728/1368/369 735/1351/369
f 735/1351/369 736/1369/369 727/1345/369
f 753/1352/370 740/1370/370 758/1353/370
f 726/1358/372 733/1371/372 729/1356/372
f 733/1371/372 732/1372/372 730/1373/372
f 729/1356/372 733/1371/372 730/1373/372
f 759/1361/373 729/1374/373 738/1359/373
f 729/1374/373 727/1375/373 738/1359/373
s 1
f 751/1376/376 731/1377/376 755/1378/376
f 742/1379/377 723/1380/377 745/1381/377
f 741/1382/378 744/1383/378 722/1384/378
f 755/1378/376 746/1385/376 751/1376/376
f 746/1385/376 747/1386/376 749/1387/376
f 751/1376/376 749/1387/376 750/1388/376
f 746/1385/376 749/1387/376 751/1376/376
f 745/1381/377 743/1389/377 742/1379/377
f 742/1379/377 752/1390/377 723/1380/377
f 722/1384/378 754/1391/378 756/1392/378
f 756/1392/378 739/1393/378 722/1384/378
f 739/1393/378 741/1382/378 722/1384/378
o Neue_Welt_(10)__2547_58_-1089_to_2595_255_-1061.001_cell.00.019_Neue_Welt_(10)__2547_58_-1089_to_2595_255_-1061.001_cell.00.029
v -0.107017 -0.500000 0.083519
v 0.085931 -0.500000 0.044653
v 0.165172 -0.349019 0.358019
v -0.106859 -0.500000 0.069202
v -0.060435 -0.282724 0.134302
v -0.039406 -0.184294 0.163980
v -0.052084 -0.238455 0.248440
v -0.057541 -0.262349 0.273278
v -0.055939 -0.254943 0.273744
v -0.108426 -0.500000 0.258465
v 0.038614 -0.500000 0.033674
v 0.123433 -0.210660 0.161415
v 0.133865 -0.214114 0.161554
v 0.145063 -0.265396 0.090557
v 0.022554 -0.184822 0.148758
v 0.197781 -0.500000 0.070639
v 0.190296 -0.466722 0.072182
v 0.150534 -0.289924 0.080562
v 0.079858 -0.422121 0.050999
v 0.199296 -0.500000 0.373474
v -0.108426 -0.500000 0.258465
v -0.107017 -0.500000 0.083519
v -0.106859 -0.500000 0.069202
v 0.197781 -0.500000 0.070639
v 0.085931 -0.500000 0.044653
v 0.038614 -0.500000 0.033674
v 0.199296 -0.500000 0.373474
vt 0.843646 0.789203
vt 0.606176 0.551800
vt 0.843646 0.531956
vt 0.843646 0.406446
vt 0.843646 0.554400
vt 0.614795 0.614795
vt 0.843646 0.156354
vt 0.843646 0.671799
vt 0.421820 0.264613
vt 0.156354 0.156354
vt 0.614795 0.156354
vt 0.622972 0.622972
vt 0.630833 0.506619
vt 0.843646 0.555362
vt 0.843646 0.671064
vt 0.705189 0.212269
vt 0.658620 0.658620
vt 0.646342 0.646342
vt 0.395995 0.395995
vt 0.744147 0.249826
vt 0.657242 0.657242
vt 0.555362 0.555362
vt 0.671090 0.547122
vt 0.671064 0.671064
vt 0.818372 0.389836
vt 0.820047 0.770047
vt 0.789203 0.789203
vt 0.352972 0.156354
vt 0.843646 0.395995
vt 0.843646 0.657242
vt 0.622972 0.156354
vt 0.661164 0.186899
vt 0.738313 0.179423
vt 0.727598 0.156354
vt 0.379489 0.285049
vt 0.647028 0.156354
vt 0.693307 0.156354
vt 0.272402 0.156354
vt 0.803416 0.691162
vt 0.338443 0.193080
vt 0.788792 0.710444
vt 0.473004 0.249944
vt 0.531956 0.531956
vt 0.535677 0.516651
vt 0.600706 0.447335
vt 0.817209 0.217843
vt 0.554400 0.554400
vt 0.406446 0.406446
vt 0.306693 0.156354
vt 0.747098 0.645687
vt 0.671799 0.671799
vt 0.537956 0.466217
vt 0.585066 0.455281
vt 0.391562 0.242301
vt 0.696424 0.429396
vt 0.697933 0.127740
vt 0.392965 0.416566
vt 0.393121 0.430828
vn -0.9777 0.2098 -0.0079
vn 0.1420 0.8234 0.5494
vn 0.9755 0.2200 -0.0048
vn 0.1373 0.8202 0.5554
vn 0.2250 0.0965 -0.9696
vn 0.2720 0.7999 -0.5349
vn -0.2245 0.3234 -0.9192
vn 0.2253 0.0956 -0.9696
vn -0.9772 0.2120 -0.0107
vn -0.2230 0.3248 -0.9191
vn -0.3498 0.0168 0.9367
vn 0.2627 0.8144 0.5174
vn 0.9756 0.2196 -0.0049
vn 0.9756 0.2196 -0.0047
vn 0.9756 0.2195 -0.0047
vn -0.3499 0.0165 0.9366
vn -0.3500 0.0168 0.9366
vn 0.0000 -1.0000 0.0000
usemtl Stone
s off
f 781/1394/379 780/1395/379 767/1396/379
f 774/1397/380 765/1398/380 766/1399/380
f 762/1400/381 786/1401/381 776/1402/381
f 762/1403/382 766/1404/382 768/1405/382
f 778/1406/383 776/1407/383 761/1408/383
f 773/1409/384 771/1410/384 772/1411/384
f 778/1412/385 763/1413/385 764/1414/385
f 776/1415/386 775/1416/386 761/1417/386
f 764/1418/387 763/1419/387 781/1420/387
f 777/1421/388 778/1422/388 764/1423/388
f 762/1403/389 768/1424/389 767/1425/389
f 766/1399/380 762/1403/380 771/1426/380
f 762/1403/390 772/1427/390 771/1426/390
f 771/1426/380 774/1397/380 766/1399/380
f 786/1401/391 775/1428/391 776/1402/391
f 776/1402/392 777/1429/392 762/1400/392
f 777/1429/392 773/1430/392 772/1431/392
f 762/1400/393 777/1429/393 772/1431/393
f 761/1408/383 770/1432/383 778/1406/383
f 778/1406/383 777/1433/383 776/1407/383
f 773/1409/384 774/1434/384 771/1410/384
f 778/1412/385 770/1435/385 763/1413/385
f 781/1420/387 767/1436/387 764/1418/387
f 767/1436/387 768/1437/387 766/1438/387
f 764/1418/387 767/1436/387 766/1438/387
f 766/1438/387 765/1439/387 764/1418/387
f 765/1440/388 774/1441/388 764/1423/388
f 774/1441/388 773/1442/388 764/1423/388
f 773/1442/388 777/1421/388 764/1423/388
f 767/1425/394 780/1443/394 762/1403/394
f 780/1443/395 786/1444/395 762/1403/395
s 1
f 785/1445/396 784/1446/396 769/1447/396
f 784/1446/396 783/1448/396 779/1449/396
f 779/1449/396 769/1447/396 784/1446/396
f 769/1447/396 760/1450/396 785/1445/396
f 760/1450/396 782/1451/396 785/1445/396
o Neue_Welt_(10)__2547_58_-1089_to_2595_255_-1061.001_cell.00.020_Neue_Welt_(10)__2547_58_-1089_to_2595_255_-1061.001_cell.00.022
v 0.051549 -0.253195 0.061252
v -0.077415 -0.369150 0.020070
v -0.071851 -0.500000 0.008122
v -0.064061 -0.302922 0.084849
v -0.053584 -0.253878 0.099539
v -0.051681 -0.244972 0.102196
v -0.100458 -0.473312 0.033462
v -0.087085 -0.500000 0.020822
v -0.052599 -0.500000 0.012521
v 0.026626 -0.225569 0.089893
v -0.039297 -0.475231 0.018063
v 0.000618 -0.400775 0.034739
v 0.035650 -0.334704 0.049446
v 0.076051 -0.258048 0.066454
v -0.052599 -0.500000 0.012521
v -0.071851 -0.500000 0.008122
v -0.087085 -0.500000 0.020822
vt 0.654625 0.156354
vt 0.551560 0.551560
vt 0.156354 0.156354
vt 0.156354 0.156354
vt 0.843646 0.561721
vt 0.357092 0.357092
vt 0.671135 0.156354
vt 0.843646 0.345375
vt 0.843646 0.843646
vt 0.506547 0.494497
vt 0.360165 0.337916
vt 0.843646 0.357092
vt 0.809875 0.156354
vt 0.843646 0.156354
vt 0.712652 0.476432
vt 0.582100 0.582100
vt 0.709627 0.314675
vt 0.453992 0.171886
vt 0.438279 0.156354
vt 0.843646 0.156354
vt 0.574033 0.299258
vt 0.815257 0.342078
vt 0.843646 0.361126
vt 0.411163 0.156354
vt 0.532066 0.532066
vt 0.361126 0.361126
vt 0.653826 0.375500
vt 0.744822 0.183062
vt 0.671135 0.671135
vt 0.190125 0.156354
vt 0.411163 0.411163
vt 0.756270 0.350009
vt 0.756082 0.441217
vt 0.843646 0.551560
vt 0.540758 0.257118
vt 0.843646 0.532066
vt 0.541218 0.367706
vt 0.582100 0.156354
vt 0.447144 0.487287
vt 0.412809 0.479019
vt 0.427976 0.491669
vn -0.6397 0.0429 -0.7674
vn -0.2635 0.5695 -0.7786
vn 0.2217 0.0980 -0.9702
vn 0.2250 0.0965 -0.9696
vn 0.2720 0.7999 -0.5349
vn 0.2213 -0.3246 0.9196
vn -0.9767 0.2138 -0.0173
vn 0.2244 -0.3223 0.9197
vn 0.2235 -0.3232 0.9196
vn 0.0000 -1.0000 0.0000
usemtl Stone
s off
f 802/1452/397 793/1453/397 788/1454/397
f 787/1455/398 792/1456/398 796/1457/398
f 797/1458/399 802/1459/399 788/1460/399
f 798/1461/400 787/1455/400 799/1462/400
f 796/1463/401 800/1464/401 787/1465/401
f 797/1466/402 798/1467/402 793/1468/402
f 791/1469/403 792/1470/403 788/1471/403
f 796/1472/404 792/1473/404 791/1474/404
f 790/1475/405 799/1476/405 791/1477/405
f 802/1452/397 803/1478/397 793/1453/397
f 787/1455/398 788/1471/398 792/1456/398
f 788/1460/399 787/1455/399 797/1458/399
f 797/1458/399 801/1479/399 802/1459/399
f 797/1480/400 787/1455/400 798/1461/400
f 787/1455/400 800/1481/400 799/1462/400
f 798/1467/402 790/1482/402 793/1468/402
f 793/1468/402 803/1483/402 797/1466/402
f 803/1483/402 801/1484/402 797/1466/402
f 788/1471/403 793/1485/403 790/1486/403
f 790/1486/403 791/1469/403 788/1471/403
f 791/1474/404 799/1487/404 796/1472/404
f 799/1487/404 800/1488/404 796/1472/404
f 790/1475/405 798/1489/405 799/1476/405
s 1
f 795/1490/406 794/1491/406 789/1492/406
o Neue_Welt_(10)__2547_58_-1089_to_2595_255_-1061.001_cell.00.021_Neue_Welt_(10)__2547_58_-1089_to_2595_255_-1061.001_cell.00.025
v -0.110371 -0.500000 0.500000
v 0.175487 -0.367727 0.405446
v -0.064433 -0.285954 0.500000
v -0.059100 -0.268025 0.315570
v -0.108767 -0.500000 0.300873
v 0.249704 -0.500000 0.500000
v 0.247543 -0.487158 0.500000
v 0.232584 -0.400537 0.500000
v -0.043684 -0.293912 0.500000
v 0.205147 -0.500000 0.418925
v -0.108767 -0.500000 0.300873
v 0.205147 -0.500000 0.418925
v 0.249704 -0.500000 0.500000
v 0.249704 -0.500000 0.500000
v 0.247543 -0.487158 0.500000
v 0.232584 -0.400537 0.500000
v -0.043684 -0.293912 0.500000
v -0.064433 -0.285954 0.500000
v -0.110371 -0.500000 0.500000
v -0.110371 -0.500000 0.500000
vt 0.393812 0.393812
vt 0.843646 0.392861
vt 0.843646 0.843646
vt 0.843646 0.635779
vt 0.395516 0.156354
vt 0.843646 0.156354
vt 0.395516 0.395516
vt 0.843646 0.393812
vt 0.510312 0.224269
vt 0.548613 0.494253
vt 0.278321 0.224037
vt 0.392861 0.392861
vt 0.843646 0.344297
vt 0.796369 0.690991
vt 0.156354 0.156354
vt 0.655703 0.156354
vt 0.375561 0.178813
vt 0.780087 0.474560
vt 0.400022 0.344379
vt 0.364221 0.156354
vt 0.389625 0.001707
vt 0.703758 0.082466
vt 0.748119 0.001707
vt 0.456019 0.206993
vt 0.435362 0.214919
vt 0.389625 0.001707
vt 0.391222 0.200059
vt 0.748119 0.001707
vt 0.745968 0.014499
vt 0.731075 0.100782
vn 0.8685 0.1500 -0.4724
vn 0.3563 0.9290 0.1006
vn 0.3580 0.9277 0.1057
vn -0.9777 0.2098 -0.0079
vn 0.8670 0.1459 -0.4765
vn 0.3520 -0.0164 -0.9359
vn 0.3518 -0.0160 -0.9359
vn 0.0000 -1.0000 0.0000
vn 0.0000 0.0000 1.0000
usemtl Stone
s off
f 819/1493/407 810/1494/407 805/1495/407
f 807/1496/408 820/1497/408 805/1498/408
f 820/1499/409 819/1500/409 805/1495/409
f 821/1501/410 814/1502/410 822/1503/410
f 810/1504/411 815/1505/411 805/1495/411
f 814/1506/412 805/1507/412 815/1508/412
f 807/1496/408 821/1509/408 820/1497/408
f 821/1501/410 807/1510/410 814/1502/410
f 810/1504/411 809/1511/411 815/1505/411
f 814/1506/413 807/1512/413 805/1507/413
s 1
f 823/1513/414 813/1514/414 817/1515/414
f 812/1516/415 806/1517/415 804/1518/415
f 823/1513/414 808/1519/414 813/1514/414
f 804/1518/415 816/1520/415 818/1521/415
f 818/1521/415 811/1522/415 804/1518/415
f 811/1522/415 812/1516/415 804/1518/415
o Neue_Welt_(10)__2547_58_-1089_to_2595_255_-1061.001_cell.00.022_Neue_Welt_(10)__2547_58_-1089_to_2595_255_-1061.001_cell.00.026
v 0.500000 -0.113853 0.500000
v 0.008457 0.053326 0.500000
v 0.001572 0.021594 0.500000
v 0.179434 -0.324534 0.390330
v -0.031455 -0.146931 0.178084
v -0.035175 -0.162839 0.202573
v -0.055895 -0.246174 0.500000
v -0.051062 -0.229913 0.333160
v -0.050141 -0.226771 0.302599
v 0.166174 -0.190488 0.213675
v 0.386579 -0.154268 0.381065
v 0.500000 -0.135585 0.467272
v 0.149110 -0.193276 0.200740
v 0.007712 -0.157089 0.182844
v 0.500000 -0.162473 0.500000
v 0.259575 -0.351440 0.500000
v 0.200209 -0.345012 0.500000
v 0.245622 -0.362367 0.500000
v 0.008457 0.053326 0.500000
v 0.500000 -0.113853 0.500000
v 0.500000 -0.113853 0.500000
v -0.055895 -0.246174 0.500000
v 0.001572 0.021594 0.500000
v 0.500000 -0.135585 0.467272
v 0.500000 -0.162473 0.500000
v 0.500000 -0.162473 0.500000
v 0.259575 -0.351440 0.500000
v 0.200209 -0.345012 0.500000
v 0.245622 -0.362367 0.500000
vt 0.747748 0.223335
vt 0.224602 0.224602
vt 0.810653 0.156354
vt 0.618976 0.211846
vt 0.798863 0.188854
vt 0.843646 0.755160
vt 0.621545 0.158105
vt 0.843646 0.545526
vt 0.644663 0.644663
vt 0.843646 0.671043
vt 0.156354 0.156354
vt 0.843646 0.275612
vt 0.843646 0.156354
vt 0.843646 0.644663
vt 0.698418 0.698418
vt 0.428366 0.156354
vt 0.304818 0.221448
vt 0.239830 0.156354
vt 0.275612 0.275612
vt 0.678939 0.275719
vt 0.671043 0.671043
vt 0.446444 0.446444
vt 0.701080 0.454877
vt 0.545526 0.545526
vt 0.797518 0.450732
vt 0.843646 0.224602
vt 0.842406 0.492206
vt 0.843646 0.237375
vt 0.428366 0.428366
vt 0.241458 0.236622
vt 0.493027 0.493027
vt 0.244840 0.156354
vt 0.309941 0.220328
vt 0.404304 0.264730
vt 0.300668 0.214051
vt 0.636355 0.199169
vt 0.843646 0.189347
vt 0.843646 0.446444
vt 0.620191 0.620191
vt 0.627487 0.156354
vt 0.237375 0.237375
vt 0.372513 0.156354
vt 0.553428 0.224312
vt 0.843646 0.698418
vt 0.698842 0.156091
vt 0.757947 0.149689
vt 0.997317 0.386351
vt 0.003691 0.339545
vt 0.034291 0.364704
vt 0.001706 0.386351
vt 0.997317 0.337920
vt 0.507931 0.552878
vt 0.501077 0.521270
vt 0.443862 0.254544
vt 0.744055 0.138804
vn -0.9772 0.2120 -0.0107
vn 0.2725 0.8015 -0.5324
vn -0.1416 -0.8244 -0.5481
vn -0.3550 -0.9288 -0.1062
vn 0.5184 -0.6620 -0.5413
vn 0.5206 -0.6597 -0.5420
vn -0.3582 -0.9282 -0.1008
vn -0.1452 -0.8195 -0.5544
vn -0.9777 0.2098 -0.0079
vn 0.5196 -0.6611 -0.5412
vn 0.2726 0.8015 -0.5323
vn 0.2725 0.8015 -0.5322
vn 0.2726 0.8014 -0.5324
vn 0.0000 0.0000 1.0000
vn 1.0000 0.0000 0.0000
usemtl Stone
s off
f 829/1523/416 826/1524/416 828/1525/416
f 833/1526/417 837/1527/417 825/1528/417
f 832/1529/418 837/1530/418 836/1531/418
f 831/1532/419 827/1533/419 840/1534/419
f 827/1535/420 836/1536/420 833/1537/420
f 834/1538/421 847/1539/421 849/1540/421
f 840/1541/422 830/1542/422 831/1543/422
f 829/1544/423 828/1545/423 837/1546/423
f 831/1547/424 826/1548/424 832/1549/424
f 839/1550/425 834/1551/425 849/1552/425
f 832/1553/416 826/1524/416 829/1523/416
f 826/1524/416 825/1554/416 828/1525/416
f 825/1528/426 844/1555/426 834/1556/426
f 844/1555/427 847/1557/427 834/1556/427
f 834/1556/426 833/1526/426 825/1528/426
f 833/1526/427 836/1558/427 837/1527/427
f 837/1527/428 828/1559/428 825/1528/428
f 836/1531/418 827/1533/418 832/1529/418
f 832/1529/418 829/1560/418 837/1530/418
f 832/1561/419 827/1533/419 831/1532/419
f 827/1533/419 852/1562/419 840/1534/419
f 833/1537/420 839/1563/420 827/1535/420
f 839/1563/420 852/1564/420 827/1535/420
f 831/1547/424 830/1565/424 826/1548/424
f 839/1550/425 833/1566/425 834/1551/425
s 1
f 851/1567/429 850/1568/429 843/1569/429
f 838/1570/430 835/1571/430 824/1572/430
f 848/1573/429 843/1569/429 850/1568/429
f 843/1569/429 842/1574/429 846/1575/429
f 851/1567/429 843/1569/429 846/1575/429
f 846/1575/429 845/1576/429 851/1567/429
f 851/1567/429 841/1577/429 850/1568/429
o Neue_Welt_(10)__2547_58_-1089_to_2595_255_-1061.001_cell.001_ce_Neue_Welt_(10)__2547_58_-1089_to_2595_255_-1061.001_cell.00.033
v -0.054433 0.120089 0.500000
v -0.026983 0.077253 0.500000
v -0.029671 0.064407 0.500000
v -0.353686 -0.132770 0.448060
v -0.084202 -0.189651 0.500000
v -0.099580 -0.040991 0.218453
v -0.076688 -0.098007 0.192563
v -0.125954 -0.087355 0.182086
v -0.078308 0.128524 0.464950
v -0.096092 -0.012662 0.259522
v -0.064252 -0.104601 0.208143
v -0.069061 -0.126611 0.283454
v -0.075428 0.152472 0.500000
v -0.264770 -0.019586 0.500000
v -0.344190 -0.150011 0.500000
v -0.366313 -0.146579 0.500000
v -0.326326 -0.075903 0.500000
v -0.075428 0.152472 0.500000
v -0.054433 0.120089 0.500000
v -0.026983 0.077253 0.500000
v -0.029671 0.064407 0.500000
v -0.084202 -0.189651 0.500000
v -0.264770 -0.019586 0.500000
v -0.344190 -0.150011 0.500000
v -0.366313 -0.146579 0.500000
v -0.326326 -0.075903 0.500000
vt 0.843646 0.777661
vt 0.578297 0.512158
vt 0.843646 0.489547
vt 0.156354 0.156354
vt 0.507508 0.156354
vt 0.506132 0.506132
vt 0.843646 0.598667
vt 0.843646 0.700109
vt 0.750859 0.750859
vt 0.598667 0.598667
vt 0.699680 0.456336
vt 0.700109 0.700109
vt 0.843646 0.768751
vt 0.499050 0.371953
vt 0.843646 0.409397
vt 0.409397 0.409397
vt 0.843646 0.156354
vt 0.768751 0.768751
vt 0.248553 0.248553
vt 0.837919 0.837919
vt 0.210976 0.210976
vt 0.277365 0.206012
vt 0.347973 0.347973
vt 0.843646 0.204815
vt 0.777661 0.777661
vt 0.489547 0.489547
vt 0.843646 0.837919
vt 0.633498 0.624596
vt 0.601516 0.566165
vt 0.204815 0.204815
vt 0.430744 0.229945
vt 0.210976 0.156354
vt 0.347973 0.156354
vt 0.440585 0.365892
vt 0.561921 0.296775
vt 0.164009 0.156354
vt 0.843646 0.506132
vt 0.492492 0.156354
vt 0.843646 0.750859
vt 0.776481 0.588051
vt 0.397904 0.248461
vt 0.843646 0.248553
vt 0.235904 0.480251
vt 0.469971 0.563916
vt 0.445318 0.619382
vt 0.424415 0.651639
vt 0.174618 0.424153
vt 0.415680 0.310848
vt 0.134807 0.353752
vt 0.156833 0.350333
vt 0.472647 0.576712
vn 0.9777 -0.2099 0.0073
vn -0.8675 0.4908 -0.0804
vn 0.7696 0.4932 -0.4056
vn 0.7678 0.4978 -0.4032
vn -0.6132 0.6748 -0.4107
vn -0.6150 0.6723 -0.4121
vn -0.1468 -0.9465 -0.2873
vn 0.2812 0.4881 -0.8262
vn 0.9788 -0.2048 0.0026
vn -0.1440 -0.9473 -0.2860
vn -0.6147 0.6727 -0.4118
vn -0.6149 0.6726 -0.4117
vn -0.1440 -0.9473 -0.2861
vn -0.1444 -0.9473 -0.2859
vn -0.1444 -0.9473 -0.2858
vn 0.0000 0.0000 1.0000
usemtl Stone
s off
f 855/1578/431 874/1579/431 864/1580/431
f 856/1581/432 877/1582/432 878/1583/432
f 861/1584/433 871/1585/433 872/1586/433
f 861/1587/434 870/1588/434 871/1589/434
f 875/1590/435 861/1591/435 862/1592/435
f 862/1593/436 856/1594/436 875/1595/436
f 876/1596/437 856/1594/437 860/1597/437
f 859/1598/438 860/1599/438 858/1600/438
f 863/1601/439 855/1602/439 864/1603/439
f 860/1604/440 859/1605/440 863/1606/440
f 872/1586/433 863/1607/433 862/1608/433
f 863/1607/433 859/1609/433 858/1610/433
f 862/1608/433 863/1607/433 858/1610/433
f 862/1608/433 861/1584/433 872/1586/433
f 875/1590/435 870/1611/435 861/1591/435
f 862/1593/441 858/1612/441 860/1613/441
f 860/1613/442 856/1594/442 862/1593/442
f 856/1594/436 878/1614/436 875/1595/436
f 876/1596/437 877/1615/437 856/1594/437
f 863/1601/439 872/1616/439 855/1602/439
f 863/1606/443 864/1617/443 860/1604/443
f 864/1617/444 874/1618/444 876/1619/444
f 860/1604/445 864/1617/445 876/1619/445
s 1
f 866/1620/446 873/1621/446 853/1622/446
f 853/1622/446 865/1623/446 866/1620/446
f 866/1620/446 869/1624/446 857/1625/446
f 869/1624/446 868/1626/446 867/1627/446
f 867/1627/446 857/1625/446 869/1624/446
f 857/1625/446 873/1621/446 866/1620/446
f 873/1621/446 854/1628/446 853/1622/446
o Neue_Welt_(10)__2547_58_-1089_to_2595_255_-1061.001_cell.00.023_Neue_Welt_(10)__2547_58_-1089_to_2595_255_-1061.001_cell.00.034
v -0.500000 0.227133 0.500000
v -0.500000 0.178657 0.231437
v -0.500000 0.174696 0.209671
v -0.396226 -0.129135 0.432956
v -0.500000 0.140439 0.189416
v -0.486681 0.174302 0.213967
v -0.348143 0.213894 0.500000
v -0.465585 0.180364 0.257520
v -0.500000 -0.142226 0.221405
v -0.500000 -0.185947 0.500000
v -0.353349 0.102588 0.500000
v -0.360913 -0.056287 0.500000
v -0.412270 -0.146807 0.500000
v -0.500000 0.227133 0.500000
v -0.500000 0.227133 0.500000
v -0.500000 0.178657 0.231437
v -0.500000 0.174696 0.209671
v -0.500000 0.140439 0.189416
v -0.348143 0.213894 0.500000
v -0.500000 -0.185947 0.500000
v -0.500000 -0.185947 0.500000
v -0.500000 -0.142226 0.221405
v -0.353349 0.102588 0.500000
v -0.360913 -0.056287 0.500000
v -0.412270 -0.146807 0.500000
vt 0.747856 0.229122
vt 0.279710 0.279710
vt 0.229421 0.229421
vt 0.229421 0.156354
vt 0.274746 0.274746
vt 0.249844 0.249844
vt 0.843646 0.249844
vt 0.843646 0.274746
vt 0.831703 0.234198
vt 0.679678 0.300147
vt 0.736760 0.690634
vt 0.548461 0.548461
vt 0.843646 0.548461
vt 0.450164 0.156354
vt 0.843646 0.156354
vt 0.843646 0.549836
vt 0.448359 0.156354
vt 0.824331 0.601423
vt 0.156354 0.156354
vt 0.551641 0.156354
vt 0.747584 0.451154
vt 0.279710 0.156354
vt 0.621177 0.156354
vt 0.619289 0.612327
vt 0.669358 0.229959
vt 0.379222 0.156354
vt 0.147714 0.601948
vt 0.152897 0.712821
vt 0.001706 0.726009
vt 0.997317 0.314537
vt 0.997317 0.726009
vt 0.729932 0.677721
vt 0.001706 0.314537
vt 0.140183 0.443693
vt 0.089052 0.353525
vt 0.708262 0.673776
vt 0.688097 0.639652
vt 0.719944 0.358088
vn 0.0855 0.9805 -0.1770
vn 0.0865 0.9802 -0.1783
vn 0.2810 0.4884 -0.8261
vn 0.9015 -0.0422 -0.4308
vn 0.9024 -0.0430 -0.4287
vn 0.8671 -0.4920 0.0778
vn 0.4033 -0.9040 -0.1418
vn 0.8980 -0.0468 -0.4376
vn 0.9026 -0.0484 -0.4277
vn 0.4033 -0.9040 -0.1419
vn 0.0000 0.0000 1.0000
vn -1.0000 0.0000 0.0000
usemtl Stone
s off
f 892/1629/447 886/1630/447 894/1631/447
f 894/1632/448 884/1633/448 895/1634/448
f 895/1635/449 884/1636/449 896/1637/449
f 886/1638/450 897/1639/450 901/1640/450
f 901/1641/451 902/1642/451 882/1643/451
f 902/1644/452 891/1645/452 882/1643/452
f 888/1646/453 882/1647/453 891/1648/453
f 892/1629/447 897/1649/447 886/1630/447
f 894/1632/448 886/1650/448 884/1633/448
f 901/1640/450 882/1647/450 886/1638/450
f 882/1647/454 900/1651/454 886/1638/454
f 900/1651/455 896/1652/455 886/1638/455
f 896/1652/450 884/1653/450 886/1638/450
f 888/1646/456 900/1654/456 882/1647/456
s 1
f 889/1655/457 885/1656/457 893/1657/457
f 899/1658/458 879/1659/458 880/1660/458
f 893/1657/457 898/1661/457 890/1662/457
f 898/1661/457 903/1663/457 890/1662/457
f 890/1662/457 889/1655/457 893/1657/457
f 881/1664/458 883/1665/458 880/1660/458
f 883/1665/458 887/1666/458 880/1660/458
f 887/1666/458 899/1658/458 880/1660/458
o Neue_Welt_(10)__2547_58_-1089_to_2595_255_-1061.001_cell.00.024_Neue_Welt_(10)__2547_58_-1089_to_2595_255_-1061.001_cell.00.027
v -0.500000 -0.500000 0.500000
v -0.150814 -0.500000 0.500000
v -0.150241 -0.500000 0.422981
v -0.177679 -0.122332 0.183795
v -0.376776 -0.161789 0.416137
v -0.149074 -0.500000 0.250076
v -0.133602 -0.428786 0.240864
v -0.476091 -0.500000 0.198067
v -0.500000 -0.500000 0.194279
v -0.092873 -0.230050 0.500000
v -0.500000 -0.179532 0.178685
v -0.500000 -0.492089 0.192990
v -0.500000 -0.186011 0.143446
v -0.500000 -0.176187 0.141990
v -0.500000 -0.176622 0.160162
v -0.082399 -0.191295 0.210125
v -0.072563 -0.144368 0.204036
v -0.075391 -0.157306 0.248657
v -0.093556 -0.243045 0.216790
v -0.500000 -0.230172 0.500000
v -0.376882 -0.186800 0.500000
v -0.396637 -0.183835 0.500000
v -0.420907 -0.194676 0.500000
v -0.500000 -0.500000 0.194279
v -0.500000 -0.500000 0.194279
v -0.500000 -0.500000 0.500000
v -0.500000 -0.500000 0.500000
v -0.150814 -0.500000 0.500000
v -0.150814 -0.500000 0.500000
v -0.150241 -0.500000 0.422981
v -0.149074 -0.500000 0.250076
v -0.476091 -0.500000 0.198067
v -0.500000 -0.230172 0.500000
v -0.500000 -0.230172 0.500000
v -0.500000 -0.179532 0.178685
v -0.500000 -0.492089 0.192990
v -0.500000 -0.186011 0.143446
v -0.500000 -0.176187 0.141990
v -0.500000 -0.176622 0.160162
v -0.376882 -0.186800 0.500000
v -0.092873 -0.230050 0.500000
v -0.396637 -0.183835 0.500000
v -0.420907 -0.194676 0.500000
vt 0.843646 0.674886
vt 0.602758 0.433455
vt 0.843646 0.432721
vt 0.843646 0.156354
vt 0.795267 0.795267
vt 0.156354 0.156354
vt 0.156354 0.156354
vt 0.751318 0.156354
vt 0.824310 0.824310
vt 0.843646 0.156354
vt 0.749401 0.749401
vt 0.843646 0.759301
vt 0.843646 0.219978
vt 0.843646 0.754621
vt 0.781361 0.761433
vt 0.750682 0.750682
vt 0.219978 0.219978
vt 0.759382 0.375084
vt 0.759301 0.759301
vt 0.627849 0.344095
vt 0.754621 0.754621
vt 0.296438 0.296438
vt 0.567279 0.156354
vt 0.783455 0.340625
vt 0.536102 0.469939
vt 0.843646 0.750682
vt 0.248682 0.156354
vt 0.391982 0.391982
vt 0.652521 0.274764
vt 0.443249 0.443249
vt 0.407289 0.231897
vt 0.843646 0.749401
vt 0.843646 0.824310
vt 0.843646 0.586127
vt 0.586127 0.586127
vt 0.795267 0.156354
vt 0.515644 0.156354
vt 0.672014 0.222931
vt 0.843646 0.296438
vt 0.754912 0.362508
vt 0.843646 0.391982
vt 0.843646 0.443249
vt 0.254155 0.187828
vt 0.325114 0.156354
vt 0.445508 0.340706
vt 0.484356 0.156354
vt 0.642328 0.314474
vt 0.691655 0.009587
vt 0.677413 0.320927
vt 0.124284 0.313688
vt 0.104616 0.316641
vt 0.080452 0.305842
vt 0.025511 0.302465
vt 0.351092 0.250658
vt 0.349930 0.078426
vt 0.692938 0.001707
vt 0.997317 0.001707
vt 0.997317 0.270484
vt 0.658971 0.323825
vt 0.640879 0.324260
vt 0.001706 0.270484
vt 0.001706 0.001707
vt 0.349360 0.001707
vt 0.407047 0.270606
vt 0.349360 0.001707
vt 0.001706 0.001707
vt 0.001706 0.306237
vn 0.9774 -0.2115 0.0066
vn -0.1677 0.9855 0.0236
vn 0.1510 -0.1449 -0.9778
vn 0.1423 0.9485 0.2830
vn -0.4037 0.9038 0.1420
vn 0.1545 -0.1589 -0.9751
vn -0.4053 0.9030 0.1423
vn 0.1550 -0.1598 -0.9749
vn 0.9777 -0.2099 0.0073
vn 0.1533 -0.1579 -0.9755
vn 0.9788 -0.2048 0.0026
vn 0.1440 0.9479 0.2840
vn 0.1443 0.9478 0.2843
vn -1.0000 0.0000 0.0000
vn 0.0000 0.0000 1.0000
vn 0.0000 -1.0000 0.0000
usemtl Stone
s off
f 906/1667/459 909/1668/459 910/1669/459
f 907/1670/460 942/1671/460 908/1672/460
f 907/1673/461 916/1674/461 917/1675/461
f 908/1676/462 924/1677/462 907/1673/462
f 926/1678/463 908/1672/463 914/1679/463
f 911/1680/464 912/1681/464 915/1682/464
f 914/1683/465 923/1684/465 926/1685/465
f 910/1686/466 911/1687/466 922/1688/466
f 910/1689/467 922/1690/467 944/1691/467
f 915/1692/468 916/1693/468 907/1670/468
f 919/1694/469 920/1695/469 921/1696/469
f 921/1697/470 907/1670/470 924/1698/470
f 907/1670/460 917/1699/460 942/1671/460
f 908/1676/462 925/1700/462 924/1677/462
f 925/1701/463 908/1672/463 926/1678/463
f 908/1672/463 942/1702/463 914/1679/463
f 915/1682/464 907/1673/464 911/1680/464
f 907/1673/464 920/1703/464 919/1704/464
f 919/1704/464 922/1705/464 907/1673/464
f 922/1705/464 911/1680/464 907/1673/464
f 910/1686/466 909/1706/466 911/1687/466
f 919/1707/467 921/1708/467 922/1690/467
f 921/1708/467 944/1691/467 922/1690/467
f 944/1691/467 905/1709/467 906/1710/467
f 906/1710/467 910/1689/467 944/1691/467
f 924/1698/471 944/1711/471 921/1697/471
f 921/1697/470 920/1712/470 907/1670/470
s 1
f 940/1713/472 939/1714/472 938/1715/472
f 943/1716/473 945/1717/473 946/1718/473
f 935/1719/474 934/1720/474 933/1721/474
f 927/1722/472 929/1723/472 939/1714/472
f 929/1723/472 936/1724/472 939/1714/472
f 936/1724/472 938/1715/472 939/1714/472
f 938/1715/472 918/1725/472 940/1713/472
f 918/1725/472 941/1726/472 940/1713/472
f 937/1727/473 930/1728/473 946/1718/473
f 930/1728/473 932/1729/473 943/1716/473
f 946/1718/473 930/1728/473 943/1716/473
f 932/1729/473 913/1730/473 943/1716/473
f 931/1731/474 904/1732/474 933/1721/474
f 904/1732/474 928/1733/474 935/1719/474
f 933/1721/474 904/1732/474 935/1719/474
o Neue_Welt_(10)__2547_58_-1089_to_2595_255_-1061.001_cell.00.025_Neue_Welt_(10)__2547_58_-1089_to_2595_255_-1061.001_cell.00.030
v -0.114613 -0.347515 0.033028
v -0.500000 -0.500000 0.111858
v -0.195566 -0.500000 0.059629
v -0.147734 -0.500000 0.051626
v -0.456864 -0.145859 0.073021
v -0.129680 -0.411998 0.197931
v -0.148799 -0.500000 0.209263
v -0.500000 -0.160394 0.081712
v -0.500000 -0.500000 0.153744
v -0.405239 -0.128608 0.062907
v -0.198461 -0.118650 0.139001
v -0.359009 -0.126365 0.079929
v -0.500000 -0.172706 0.100385
v -0.500000 -0.166518 0.093805
v -0.073778 -0.150689 0.164093
v -0.089048 -0.223536 0.173576
v -0.195566 -0.500000 0.059629
v -0.147734 -0.500000 0.051626
v -0.500000 -0.500000 0.111858
v -0.500000 -0.500000 0.111858
v -0.500000 -0.500000 0.153744
v -0.500000 -0.500000 0.153744
v -0.148799 -0.500000 0.209263
v -0.500000 -0.160394 0.081712
v -0.500000 -0.166518 0.093805
v -0.500000 -0.172706 0.100385
vt 0.156354 0.156354
vt 0.747893 0.161293
vt 0.343353 0.343353
vt 0.221229 0.156354
vt 0.843646 0.384979
vt 0.843646 0.843646
vt 0.755202 0.221243
vt 0.679959 0.679959
vt 0.221229 0.221229
vt 0.843646 0.375631
vt 0.326281 0.156354
vt 0.843646 0.156354
vt 0.664387 0.230052
vt 0.843646 0.241166
vt 0.813628 0.702365
vt 0.249429 0.156354
vt 0.843646 0.189551
vt 0.752258 0.653853
vt 0.807357 0.735402
vt 0.810435 0.810435
vt 0.843646 0.343353
vt 0.624369 0.156354
vt 0.843646 0.634039
vt 0.795569 0.795569
vt 0.249429 0.249429
vt 0.786676 0.595907
vt 0.419025 0.278919
vt 0.810449 0.156354
vt 0.326281 0.326281
vt 0.679959 0.156354
vt 0.755602 0.661134
vt 0.545898 0.376467
vt 0.384979 0.384979
vt 0.447441 0.350293
vt 0.634039 0.634039
vt 0.686387 0.558033
vt 0.843646 0.810435
vt 0.277423 0.156354
vt 0.752943 0.213047
vt 0.752669 0.634138
vt 0.001706 0.346615
vt 0.001706 0.388338
vt 0.304804 0.440364
vt 0.598936 0.330828
vt 0.580865 0.339990
vt 0.610879 0.001707
vt 0.352426 0.448335
vt 0.351366 0.291312
vt 0.652581 0.001707
vt 0.592905 0.333891
vn 0.9788 -0.2048 0.0026
vn -0.1644 -0.0842 -0.9828
vn -0.1684 -0.0872 -0.9818
vn 0.9774 -0.2115 0.0066
vn 0.2910 0.4877 -0.8231
vn -0.1541 0.1635 0.9744
vn -0.2052 0.8732 0.4421
vn 0.9777 -0.2099 0.0073
vn -0.2137 0.8571 0.4688
vn -0.1540 0.1592 0.9752
vn 0.2811 0.4861 -0.8275
vn 0.2811 0.4861 -0.8274
vn -0.1387 0.7214 0.6785
vn -0.1541 0.1590 0.9752
vn -0.1542 0.1591 0.9752
vn 0.0000 -1.0000 0.0000
vn -1.0000 0.0000 0.0000
usemtl Stone
s off
f 947/1734/475 961/1735/475 962/1736/475
f 963/1737/476 956/1738/476 947/1739/476
f 965/1740/477 951/1741/477 963/1742/477
f 952/1743/478 964/1744/478 947/1745/478
f 957/1746/479 961/1747/479 947/1739/479
f 961/1748/480 957/1749/480 959/1750/480
f 951/1751/481 970/1752/481 971/1753/481
f 962/1754/482 952/1755/482 947/1745/482
f 958/1756/483 959/1757/483 957/1758/483
f 952/1759/484 962/1760/484 959/1761/484
f 947/1739/476 964/1762/476 963/1737/476
f 963/1737/476 951/1763/476 956/1738/476
f 965/1740/477 970/1764/477 951/1741/477
f 952/1743/478 969/1765/478 964/1744/478
f 947/1739/485 956/1766/485 958/1767/485
f 958/1767/486 957/1746/486 947/1739/486
f 971/1753/481 958/1768/481 951/1751/481
f 958/1768/481 956/1769/481 951/1751/481
f 958/1756/487 971/1770/487 959/1757/487
f 961/1771/484 959/1761/484 962/1760/484
f 959/1761/488 955/1772/488 952/1759/488
f 955/1772/489 969/1773/489 952/1759/489
s 1
f 967/1774/490 966/1775/490 949/1776/490
f 972/1777/491 954/1778/491 948/1779/491
f 950/1780/490 953/1781/490 949/1776/490
f 953/1781/490 967/1774/490 949/1776/490
f 948/1779/491 968/1782/491 972/1777/491
f 972/1777/491 960/1783/491 954/1778/491
o Neue_Welt_(10)__2547_58_-1089_to_2595_255_-1061.001_cell.00.026_Neue_Welt_(10)__2547_58_-1089_to_2595_255_-1061.001_cell.00.031
v -0.182410 0.165302 0.312126
v -0.500000 -0.030005 0.088644
v -0.500000 -0.087397 0.075232
v -0.500000 -0.057231 0.072649
v -0.145651 0.196241 0.500000
v -0.369603 -0.119298 0.395717
v -0.485452 -0.107114 0.074486
v -0.500000 -0.111915 0.077408
v -0.236031 -0.085391 0.145777
v -0.500000 -0.134184 0.125650
v -0.449426 -0.095325 0.067449
v -0.434593 0.172761 0.230771
v -0.500000 0.007686 0.110928
v -0.121293 0.013087 0.243009
v -0.168136 -0.068930 0.178612
v -0.175233 -0.081338 0.168867
v -0.186318 -0.083093 0.164057
v -0.105742 0.138216 0.424676
v -0.113458 0.075991 0.334369
v -0.145759 0.147899 0.500000
v -0.304162 0.210060 0.500000
v -0.099639 0.189815 0.500000
v -0.396139 0.183810 0.310153
v -0.314855 0.207016 0.477971
v -0.314430 -0.005181 0.500000
v -0.312960 0.027856 0.500000
v -0.500000 -0.087397 0.075232
v -0.500000 -0.057231 0.072649
v -0.500000 -0.030005 0.088644
v -0.500000 -0.111915 0.077408
v -0.099639 0.189815 0.500000
v -0.145759 0.147899 0.500000
v -0.312960 0.027856 0.500000
v -0.304162 0.210060 0.500000
v -0.314430 -0.005181 0.500000
v -0.500000 0.007686 0.110928
v -0.145651 0.196241 0.500000
v -0.500000 -0.134184 0.125650
vt 0.156354 0.156354
vt 0.699185 0.175226
vt 0.482102 0.482102
vt 0.227715 0.156354
vt 0.315242 0.315242
vt 0.235425 0.235425
vt 0.784277 0.583497
vt 0.733936 0.688026
vt 0.619783 0.619783
vt 0.156354 0.156354
vt 0.843646 0.236841
vt 0.837862 0.837862
vt 0.704999 0.499849
vt 0.747220 0.747220
vt 0.381189 0.381189
vt 0.661789 0.320201
vt 0.843646 0.156354
vt 0.843646 0.482102
vt 0.843646 0.315242
vt 0.755688 0.156354
vt 0.843646 0.235425
vt 0.687653 0.478031
vt 0.279950 0.217269
vt 0.841330 0.156354
vt 0.730147 0.730147
vt 0.755659 0.723929
vt 0.755688 0.755688
vt 0.843646 0.619783
vt 0.378933 0.156354
vt 0.843646 0.156354
vt 0.236841 0.236841
vt 0.843646 0.272779
vt 0.840077 0.840077
vt 0.179211 0.179211
vt 0.386093 0.315960
vt 0.457588 0.457588
vt 0.747220 0.156354
vt 0.843646 0.300848
vt 0.843646 0.843646
vt 0.396311 0.156354
vt 0.352495 0.225757
vt 0.346477 0.183877
vt 0.688288 0.330442
vt 0.394411 0.350698
vt 0.159746 0.156354
vt 0.185003 0.185003
vt 0.841330 0.841330
vt 0.603689 0.156354
vt 0.843646 0.457588
vt 0.834548 0.156354
vt 0.843646 0.179211
vt 0.621067 0.156354
vt 0.747504 0.515459
vt 0.477909 0.156354
vt 0.730147 0.156354
vt 0.185003 0.156354
vt 0.806064 0.393394
vt 0.771957 0.418035
vt 0.788494 0.237257
vt 0.372136 0.372136
vt 0.381189 0.156354
vt 0.772285 0.156354
vt 0.785424 0.173568
vt 0.843646 0.372136
vt 0.477909 0.477909
vt 0.337918 0.193364
vt 0.727221 0.156354
vt 0.669750 0.412699
vt 0.165451 0.156354
vt 0.354392 0.647083
vt 0.398692 0.691334
vt 0.354500 0.695237
vt 0.624502 0.367169
vt 0.587766 0.469872
vt 0.574413 0.412704
vt 0.196685 0.709002
vt 0.187925 0.527507
vt 0.186462 0.494599
vt 0.576580 0.388281
vt 0.609953 0.507416
vt 0.571842 0.442752
vn 0.7678 0.4978 -0.4032
vn 0.2811 0.4861 -0.8274
vn 0.6128 -0.6742 0.4122
vn -0.9007 0.0401 0.4327
vn 0.0855 0.9805 -0.1770
vn 0.7696 0.4932 -0.4056
vn -0.1644 -0.0842 -0.9828
vn 0.1958 -0.8856 -0.4211
vn -0.1684 -0.0872 -0.9818
vn 0.6118 -0.6741 0.4140
vn -0.9011 0.0435 0.4314
vn 0.6142 -0.6736 0.4111
vn 0.1359 0.9730 -0.1868
vn 0.2812 0.4881 -0.8262
vn -0.9015 0.0447 0.4305
vn 0.1636 -0.9862 -0.0247
vn 0.1958 -0.8856 -0.4212
vn 0.2106 -0.8876 -0.4097
vn 0.2104 -0.8876 -0.4098
vn 0.0865 0.9802 -0.1783
vn 0.2813 0.4884 -0.8261
vn 0.2812 0.4883 -0.8261
vn 0.2810 0.4882 -0.8263
vn 0.1659 -0.9859 -0.0228
vn 0.0000 0.0000 1.0000
vn -1.0000 0.0000 0.0000
usemtl Stone
s off
f 973/1784/492 1003/1785/492 990/1786/492
f 1001/1787/493 983/1788/493 1000/1789/493
f 990/1790/494 1003/1791/494 1004/1792/494
f 978/1793/495 1005/1794/495 1010/1795/495
f 996/1796/496 1009/1797/496 995/1798/496
f 991/1799/497 973/1800/497 990/1801/497
f 983/1802/498 999/1803/498 1000/1804/498
f 983/1805/499 981/1806/499 1010/1807/499
f 979/1808/500 1002/1809/500 999/1810/500
f 1004/1811/501 1007/1812/501 978/1813/501
f 1005/1814/502 996/1815/502 1010/1816/502
f 987/1817/503 986/1818/503 991/1819/503
f 1009/1820/504 1003/1821/504 973/1822/504
f 981/1823/505 987/1824/505 989/1825/505
f 995/1826/506 1008/1827/506 1010/1828/506
f 989/1829/507 978/1813/507 1010/1830/507
f 1001/1787/493 981/1831/493 983/1788/493
f 1004/1792/494 978/1793/494 991/1832/494
f 978/1793/494 988/1833/494 987/1834/494
f 991/1832/494 978/1793/494 987/1834/494
f 991/1832/494 990/1790/494 1004/1792/494
f 978/1793/495 1007/1835/495 1005/1794/495
f 996/1796/496 1006/1836/496 1009/1797/496
f 991/1799/497 986/1837/497 973/1800/497
f 983/1802/498 979/1838/498 999/1803/498
f 989/1839/508 1010/1807/508 981/1806/508
f 1010/1807/509 1002/1840/509 979/1841/509
f 983/1805/510 1010/1807/510 979/1841/510
f 1005/1814/502 1006/1842/502 996/1815/502
f 973/1822/511 984/1843/511 995/1844/511
f 995/1844/511 1009/1820/511 973/1822/511
f 1001/1845/512 1008/1846/512 981/1823/512
f 1008/1846/513 984/1847/513 981/1823/513
f 984/1847/514 973/1822/514 981/1823/514
f 973/1822/505 986/1848/505 981/1823/505
f 986/1848/505 987/1824/505 981/1823/505
f 987/1824/505 988/1849/505 989/1825/505
f 1010/1828/506 996/1850/506 995/1826/506
f 995/1826/506 984/1851/506 1008/1827/506
f 989/1829/515 988/1852/515 978/1813/515
s 1
f 992/1853/516 994/1854/516 977/1855/516
f 982/1856/517 974/1857/517 975/1858/517
f 977/1855/516 993/1859/516 992/1853/516
f 993/1859/516 998/1860/516 992/1853/516
f 998/1860/516 997/1861/516 992/1853/516
f 975/1858/517 980/1862/517 982/1856/517
f 982/1856/517 985/1863/517 974/1857/517
f 974/1857/517 976/1864/517 975/1858/517
o Neue_Welt_(10)__2547_58_-1089_to_2595_255_-1061.001_cell_cell_Neue_Welt_(10)__2547_58_-1089_to_2595_255_-1061.001_cell_ce.004
v -0.098142 -0.500000 -0.021494
v -0.135294 -0.500000 0.008378
v -0.098717 -0.500000 -0.119085
v -0.103697 -0.422459 -0.013056
v -0.123189 -0.444257 0.001500
v -0.100675 -0.419279 -0.015558
v -0.160807 -0.500000 0.012758
v -0.098142 -0.500000 -0.021494
v -0.135294 -0.500000 0.008378
v -0.160807 -0.500000 0.012758
v -0.098717 -0.500000 -0.119085
vt 0.353066 0.156354
vt 0.670194 0.156354
vt 0.648763 0.570619
vt 0.843646 0.348912
vt 0.563952 0.563952
vt 0.350090 0.350090
vt 0.673678 0.189670
vt 0.329806 0.156354
vt 0.646934 0.156354
vt 0.843646 0.563952
vt 0.800238 0.349928
vt 0.843646 0.350090
vt 0.618008 0.419944
vt 0.439998 0.259583
vt 0.642460 0.374879
vt 0.843646 0.647113
vt 0.613806 0.426519
vt 0.661387 0.259627
vt 0.339411 0.487051
vt 0.401800 0.521170
vt 0.364812 0.491415
vt 0.401228 0.618381
vn 0.6587 -0.0346 0.7516
vn 0.6261 -0.0399 0.7787
vn 0.9995 0.0318 -0.0059
vn 0.1686 0.0846 0.9820
vn -0.8012 0.4645 -0.3773
vn 0.0000 -1.0000 0.0000
usemtl Stone
s off
f 1018/1865/518 1016/1866/518 1014/1867/518
f 1018/1868/519 1015/1869/519 1019/1870/519
f 1013/1871/520 1016/1872/520 1018/1873/520
f 1015/1874/521 1020/1875/521 1019/1876/521
f 1014/1877/522 1013/1878/522 1015/1879/522
f 1018/1868/519 1014/1880/519 1015/1869/519
f 1016/1881/522 1013/1878/522 1014/1877/522
f 1013/1878/522 1020/1882/522 1015/1879/522
s 1
f 1017/1883/523 1011/1884/523 1012/1885/523
f 1017/1883/523 1021/1886/523 1011/1884/523
o Neue_Welt_(10)__2547_58_-1089_to_2595_255_-1061.001_cell_ce.000_Neue_Welt_(10)__2547_58_-1089_to_2595_255_-1061.001_cell_ce.005
v -0.500000 -0.500000 0.070950
v -0.426468 -0.500000 0.058369
v -0.462364 -0.252064 -0.174445
v -0.257210 -0.241336 -0.293776
v -0.107431 -0.369162 -0.045095
v -0.203427 -0.280699 -0.319507
v -0.102656 -0.372037 -0.058715
v -0.106589 -0.351589 -0.365652
v -0.283454 -0.238805 0.011028
v -0.136036 -0.382916 -0.001576
v -0.121154 -0.360971 -0.006044
v -0.215377 -0.500000 0.022127
v -0.500000 -0.493466 0.070378
v -0.099330 -0.500000 -0.222987
v -0.100076 -0.500000 -0.349589
v -0.217405 -0.500000 -0.282218
v -0.348494 -0.181378 -0.130447
v -0.363560 -0.168063 -0.163436
v -0.500000 -0.312504 -0.144855
v -0.500000 -0.376926 -0.136373
v -0.500000 -0.409362 -0.132046
v -0.500000 -0.500000 -0.119206
v -0.500000 -0.500000 0.070950
v -0.500000 -0.500000 0.070950
v -0.426468 -0.500000 0.058369
v -0.215377 -0.500000 0.022127
v -0.500000 -0.500000 -0.119206
v -0.500000 -0.500000 -0.119206
v -0.100076 -0.500000 -0.349589
v -0.217405 -0.500000 -0.282218
v -0.500000 -0.493466 0.070378
v -0.500000 -0.312504 -0.144855
v -0.500000 -0.376926 -0.136373
v -0.500000 -0.409362 -0.132046
v -0.099330 -0.500000 -0.222987
vt 0.348245 0.348245
vt 0.707393 0.349582
vt 0.799125 0.799125
vt 0.156354 0.156354
vt 0.381297 0.156354
vt 0.497025 0.497025
vt 0.348245 0.156354
vt 0.799125 0.156354
vt 0.843646 0.429734
vt 0.204010 0.204010
vt 0.837645 0.215748
vt 0.609417 0.609417
vt 0.843646 0.624066
vt 0.444851 0.226616
vt 0.843646 0.226992
vt 0.191218 0.156354
vt 0.159085 0.156354
vt 0.204010 0.156354
vt 0.843646 0.497025
vt 0.225210 0.225210
vt 0.843646 0.156354
vt 0.843646 0.345330
vt 0.618703 0.156354
vt 0.604222 0.430755
vt 0.377904 0.238125
vt 0.702999 0.448749
vt 0.608207 0.608207
vt 0.702151 0.225140
vt 0.736845 0.268360
vt 0.769668 0.379164
vt 0.786858 0.706971
vt 0.624066 0.624066
vt 0.772477 0.521608
vt 0.345330 0.345330
vt 0.450604 0.156354
vt 0.843646 0.177770
vt 0.282682 0.204945
vt 0.273906 0.196169
vt 0.609417 0.156354
vt 0.564065 0.247495
vt 0.539631 0.292921
vt 0.409444 0.294322
vt 0.369637 0.261509
vt 0.631413 0.631413
vt 0.549396 0.156354
vt 0.724809 0.238552
vt 0.688457 0.453453
vt 0.646676 0.466860
vt 0.215695 0.215695
vt 0.226992 0.226992
vt 0.225210 0.156354
vt 0.631413 0.156354
vt 0.839367 0.225137
vt 0.368046 0.091992
vt 0.380829 0.001707
vt 0.569581 0.008215
vt 0.400618 0.721879
vt 0.285080 0.477719
vt 0.283061 0.780879
vt 0.570150 0.001707
vt 0.355292 0.188473
vt 0.363737 0.124302
vt 0.001706 0.429086
vt 0.001706 0.618502
vt 0.074915 0.441618
vt 0.399875 0.847988
vn 0.1686 0.0846 0.9820
vn -0.4279 0.5927 -0.6823
vn 0.1680 0.0860 0.9820
vn 0.6065 0.7938 0.0451
vn -0.4959 -0.1218 -0.8598
vn 0.6038 0.7958 0.0452
vn -0.4951 -0.1134 -0.8614
vn -0.5865 0.6219 0.5189
vn 0.8000 -0.4654 0.3787
vn 0.9990 0.0432 -0.0059
vn -0.4947 -0.1149 -0.8615
vn -0.5863 0.6201 0.5213
vn 0.6040 0.7957 0.0452
vn 0.6039 0.7958 0.0454
vn 0.6038 0.7958 0.0454
vn 0.9992 0.0391 -0.0102
vn -0.5863 0.6202 0.5211
vn -1.0000 0.0000 0.0000
vn 0.0000 -1.0000 0.0000
usemtl Stone
s off
f 1046/1887/524 1047/1888/524 1031/1889/524
f 1024/1890/525 1039/1891/525 1025/1892/525
f 1046/1893/526 1031/1894/526 1030/1895/526
f 1026/1896/527 1028/1897/527 1029/1898/527
f 1051/1899/528 1049/1900/528 1042/1901/528
f 1030/1902/529 1032/1903/529 1026/1904/529
f 1025/1905/530 1041/1906/530 1024/1907/530
f 1038/1908/531 1039/1909/531 1024/1907/531
f 1031/1910/532 1047/1911/532 1028/1912/532
f 1029/1913/533 1056/1914/533 1050/1915/533
f 1029/1916/534 1050/1917/534 1051/1918/534
f 1030/1919/535 1038/1920/535 1053/1921/535
f 1032/1922/526 1030/1895/526 1031/1894/526
f 1030/1895/526 1052/1923/526 1046/1893/526
f 1052/1923/526 1044/1924/526 1046/1893/526
f 1026/1904/536 1029/1925/536 1027/1926/536
f 1027/1926/536 1025/1927/536 1026/1904/536
f 1025/1927/537 1039/1928/537 1038/1929/537
f 1026/1904/537 1025/1927/537 1038/1929/537
f 1038/1929/538 1030/1902/538 1026/1904/538
f 1027/1930/530 1041/1906/530 1025/1905/530
f 1041/1906/530 1053/1931/530 1024/1907/530
f 1047/1911/532 1056/1932/532 1028/1912/532
f 1028/1912/532 1026/1933/532 1031/1910/532
f 1026/1933/532 1032/1934/532 1031/1910/532
f 1029/1913/539 1028/1935/539 1056/1914/539
f 1051/1918/534 1042/1936/534 1041/1937/534
f 1041/1937/534 1027/1938/534 1051/1918/534
f 1027/1938/534 1029/1916/534 1051/1918/534
f 1024/1890/540 1053/1921/540 1038/1920/540
f 1053/1921/535 1052/1939/535 1030/1919/535
s 1
f 1055/1940/541 1048/1941/541 1034/1942/541
f 1035/1943/542 1033/1944/542 1037/1945/542
f 1048/1941/541 1045/1946/541 1034/1942/541
f 1034/1942/541 1040/1947/541 1054/1948/541
f 1054/1948/541 1055/1940/541 1034/1942/541
f 1022/1949/542 1043/1950/542 1023/1951/542
f 1043/1950/542 1037/1945/542 1033/1944/542
f 1023/1951/542 1043/1950/542 1033/1944/542
f 1037/1945/542 1036/1952/542 1035/1943/542
o Neue_Welt_(10)__2547_58_-1089_to_2595_255_-1061.001_cell_ce.001_Neue_Welt_(10)__2547_58_-1089_to_2595_255_-1061.001_cell_ce.000
v -0.500000 -0.075808 0.033806
v -0.500000 -0.066213 -0.134192
v -0.393270 -0.146590 -0.144727
v -0.384078 -0.154642 -0.125849
v -0.335416 -0.197558 -0.020880
v -0.319014 -0.212038 0.014769
v -0.500000 -0.424674 0.064354
v -0.500000 -0.237323 -0.156547
v -0.500000 -0.264113 -0.126392
v -0.500000 -0.284677 -0.102155
v -0.500000 -0.424674 0.064354
v -0.500000 -0.075808 0.033806
v -0.500000 -0.066213 -0.134192
v -0.500000 -0.237323 -0.156547
v -0.500000 -0.264113 -0.126392
v -0.500000 -0.284677 -0.102155
vt 0.843646 0.765911
vt 0.375077 0.297341
vt 0.843646 0.484939
vt 0.372993 0.273766
vt 0.395500 0.294714
vt 0.406127 0.348246
vt 0.767281 0.472265
vt 0.843646 0.224255
vt 0.843646 0.449791
vt 0.843646 0.179219
vt 0.497003 0.497003
vt 0.258360 0.258360
vt 0.820781 0.156354
vt 0.763896 0.568669
vt 0.571351 0.156354
vt 0.224255 0.224255
vt 0.497003 0.156354
vt 0.449791 0.449791
vt 0.234089 0.156354
vt 0.198258 0.156354
vt 0.243644 0.180854
vt 0.382081 0.224239
vt 0.843646 0.428649
vt 0.258360 0.156354
vt 0.397805 0.216192
vt 0.563584 0.076739
vt 0.533170 0.424248
vt 0.365909 0.433805
vt 0.373675 0.236676
vt 0.343652 0.263361
vn 0.1680 0.0860 0.9820
vn 0.6038 0.7958 0.0454
vn 0.5859 -0.6203 -0.5215
vn 0.5784 -0.6098 -0.5418
vn -0.0003 0.1295 -0.9916
vn 0.5860 -0.6179 -0.5243
vn 0.6038 0.7958 0.0455
vn -1.0000 0.0000 0.0000
usemtl Stone
s off
f 1068/1953/543 1067/1954/543 1062/1955/543
f 1060/1956/544 1059/1957/544 1069/1958/544
f 1062/1959/545 1066/1960/545 1061/1961/545
f 1064/1962/546 1060/1963/546 1071/1964/546
f 1064/1965/547 1069/1966/547 1059/1967/547
f 1066/1968/548 1060/1969/548 1061/1970/548
f 1069/1958/549 1068/1971/549 1060/1956/549
f 1068/1971/549 1062/1972/549 1061/1973/549
f 1060/1956/549 1068/1971/549 1061/1973/549
f 1062/1959/545 1067/1974/545 1066/1960/545
f 1064/1962/546 1059/1975/546 1060/1963/546
f 1066/1968/548 1071/1976/548 1060/1969/548
s 1
f 1072/1977/550 1063/1978/550 1057/1979/550
f 1057/1979/550 1058/1980/550 1065/1981/550
f 1058/1980/550 1070/1982/550 1065/1981/550
f 1065/1981/550 1072/1977/550 1057/1979/550
o Neue_Welt_(10)__2547_58_-1089_to_2595_255_-1061.001_cell_ce.002_Neue_Welt_(10)__2547_58_-1089_to_2595_255_-1061.001_cell_ce.001
v -0.500000 -0.045322 -0.500000
v -0.489017 -0.229260 -0.196094
v -0.285404 -0.218749 -0.314641
v -0.281282 -0.220789 -0.333799
v -0.246493 -0.237750 -0.500000
v -0.248243 -0.236899 -0.491583
v -0.365341 -0.163668 -0.216721
v -0.391199 -0.145846 -0.185272
v -0.500000 -0.063919 -0.174356
v -0.406865 -0.134058 -0.183548
v -0.500000 -0.230704 -0.196220
v -0.500000 -0.234192 -0.222166
v -0.500000 -0.269946 -0.500000
v -0.500000 -0.201327 -0.192181
v -0.291821 -0.243515 -0.500000
v -0.500000 -0.269946 -0.500000
v -0.500000 -0.269946 -0.500000
v -0.500000 -0.045322 -0.500000
v -0.500000 -0.045322 -0.500000
v -0.500000 -0.230704 -0.196220
v -0.500000 -0.234192 -0.222166
v -0.500000 -0.063919 -0.174356
v -0.500000 -0.201327 -0.192181
v -0.246493 -0.237750 -0.500000
v -0.291821 -0.243515 -0.500000
vt 0.400915 0.156354
vt 0.843646 0.551090
vt 0.843646 0.741825
vt 0.551090 0.551090
vt 0.741863 0.351834
vt 0.741825 0.741825
vt 0.475961 0.156354
vt 0.774820 0.696534
vt 0.489949 0.489949
vt 0.843646 0.473630
vt 0.650780 0.156354
vt 0.843646 0.156354
vt 0.843646 0.489949
vt 0.781570 0.427944
vt 0.843646 0.430339
vt 0.588984 0.336784
vt 0.780732 0.766081
vt 0.468233 0.338097
vt 0.843646 0.280707
vt 0.775545 0.775545
vt 0.650780 0.650780
vt 0.843646 0.599085
vt 0.843646 0.843646
vt 0.280707 0.280707
vt 0.156354 0.156354
vt 0.430339 0.430339
vt 0.775545 0.156354
vt 0.447258 0.394123
vt 0.439942 0.338190
vt 0.438793 0.329457
vt 0.567223 0.331405
vt 0.770903 0.369786
vt 0.780631 0.371457
vt 0.475961 0.475961
vt 0.526370 0.156354
vt 0.325921 0.436090
vt 0.001706 0.454615
vt 0.278321 0.266480
vt 0.789812 0.257010
vt 0.997317 0.454615
vt 0.744606 0.262694
vt 0.001706 0.230865
vt 0.304153 0.269955
vt 0.308174 0.299217
vt 0.997317 0.230865
vn 0.0065 -0.1362 0.9907
vn 0.0010 -0.1286 0.9917
vn 0.1249 -0.9840 0.1266
vn 0.4280 -0.5923 0.6826
vn 0.1252 -0.9842 0.1255
vn 0.6039 0.7958 0.0454
vn 0.1277 -0.9830 0.1321
vn 0.4271 -0.5898 0.6854
vn 0.1249 -0.9841 0.1266
vn 0.6038 0.7958 0.0455
vn 0.6037 0.7959 0.0451
vn 0.6040 0.7957 0.0452
vn -1.0000 0.0000 0.0000
vn 0.0000 0.0000 -1.0000
usemtl Stone
s off
f 1080/1983/551 1082/1984/551 1095/1985/551
f 1082/1986/552 1094/1987/552 1095/1988/552
f 1076/1989/553 1089/1990/553 1097/1991/553
f 1075/1992/554 1079/1993/554 1074/1994/554
f 1097/1995/555 1096/1996/555 1078/1997/555
f 1076/1998/556 1091/1999/556 1079/2000/556
f 1074/1994/557 1083/2001/557 1084/2002/557
f 1079/2003/558 1080/2004/558 1074/2005/558
f 1083/2006/551 1074/2007/551 1095/1985/551
f 1074/2007/551 1080/1983/551 1095/1985/551
f 1097/1991/559 1078/2008/559 1076/1989/559
f 1076/1989/559 1084/2009/559 1089/1990/559
f 1091/1999/560 1094/2010/560 1082/2011/560
f 1082/2011/560 1080/2012/560 1079/2000/560
f 1079/2000/561 1075/2013/561 1076/1998/561
f 1076/1998/562 1078/2014/562 1091/1999/562
f 1078/2014/562 1096/2015/562 1091/1999/562
f 1091/1999/560 1082/2011/560 1079/2000/560
f 1084/2002/557 1076/2016/557 1075/2017/557
f 1075/2017/557 1074/1994/557 1084/2002/557
s 1
f 1081/2018/563 1090/2019/563 1093/2020/563
f 1087/2021/564 1073/2022/564 1077/2023/564
f 1090/2019/563 1088/2024/563 1093/2020/563
f 1093/2020/563 1092/2025/563 1086/2026/563
f 1086/2026/563 1081/2018/563 1093/2020/563
f 1087/2021/564 1085/2027/564 1073/2022/564
o Neue_Welt_(10)__2547_58_-1089_to_2595_255_-1061.001_cell_ce.003_Neue_Welt_(10)__2547_58_-1089_to_2595_255_-1061.001_cell_ce.002
v -0.500000 -0.500000 -0.500000
v -0.100962 -0.500000 -0.500000
v -0.108310 -0.342639 -0.500000
v -0.231625 -0.257403 -0.352772
v -0.218456 -0.263741 -0.417138
v -0.215825 -0.265023 -0.429729
v -0.200998 -0.272283 -0.500000
v -0.107187 -0.348480 -0.412322
v -0.100348 -0.500000 -0.395773
v -0.130942 -0.500000 -0.378103
v -0.500000 -0.274905 -0.226499
v -0.500000 -0.310547 -0.500000
v -0.500000 -0.271262 -0.198092
v -0.500000 -0.278270 -0.194945
v -0.500000 -0.500000 -0.165568
v -0.100962 -0.500000 -0.500000
v -0.100962 -0.500000 -0.500000
v -0.108310 -0.342639 -0.500000
v -0.100348 -0.500000 -0.395773
v -0.200998 -0.272283 -0.500000
v -0.500000 -0.500000 -0.500000
v -0.500000 -0.500000 -0.500000
v -0.130942 -0.500000 -0.378103
v -0.500000 -0.310547 -0.500000
v -0.500000 -0.310547 -0.500000
v -0.500000 -0.274905 -0.226499
v -0.500000 -0.271262 -0.198092
v -0.500000 -0.500000 -0.165568
v -0.500000 -0.500000 -0.165568
v -0.500000 -0.278270 -0.194945
vt 0.778063 0.319708
vt 0.667888 0.667888
vt 0.749501 0.284126
vt 0.843646 0.774606
vt 0.590802 0.156354
vt 0.843646 0.385820
vt 0.827063 0.156354
vt 0.784621 0.660644
vt 0.279081 0.156354
vt 0.172934 0.156354
vt 0.571347 0.156354
vt 0.590802 0.590802
vt 0.682954 0.293458
vt 0.606941 0.287983
vt 0.668871 0.156354
vt 0.614180 0.156354
vt 0.747546 0.679306
vt 0.225394 0.156354
vt 0.843646 0.428653
vt 0.843646 0.827066
vt 0.827063 0.827063
vt 0.780011 0.780011
vt 0.780576 0.156354
vt 0.780613 0.300638
vt 0.697856 0.294289
vt 0.748378 0.270442
vt 0.279081 0.279081
vt 0.275548 0.233661
vt 0.623405 0.245293
vt 0.699254 0.228252
vt 0.606857 0.158081
vt 0.600031 0.001707
vt 0.369144 0.876391
vt 0.001706 0.664683
vt 0.001706 0.997813
vt 0.274007 0.225926
vt 0.001706 0.190422
vt 0.001706 0.001707
vt 0.997317 0.001707
vt 0.997317 0.190422
vt 0.398992 0.997813
vt 0.399604 0.893992
vt 0.334671 0.001707
vt 0.305422 0.222574
vt 0.302289 0.229555
vn 0.9990 0.0444 -0.0059
vn -0.1245 0.9842 -0.1262
vn 0.4958 0.1141 0.8609
vn -0.1210 0.9852 -0.1218
vn 0.6040 0.7957 0.0452
vn -0.1259 0.9837 -0.1282
vn 0.4505 0.3657 0.8144
vn 0.9989 0.0466 -0.0097
vn 0.6040 0.7957 0.0453
vn 0.4967 0.1164 0.8601
vn 0.0000 0.0000 -1.0000
vn 0.0000 -1.0000 0.0000
vn -1.0000 0.0000 0.0000
usemtl Stone
s off
f 1114/2028/565 1105/2029/565 1116/2030/565
f 1123/2031/566 1102/2032/566 1103/2033/566
f 1127/2034/567 1125/2035/567 1107/2036/567
f 1124/2037/568 1101/2038/568 1102/2039/568
f 1102/2040/569 1101/2041/569 1105/2042/569
f 1103/2043/570 1121/2044/570 1123/2045/570
f 1101/2046/571 1124/2047/571 1127/2048/571
f 1114/2028/572 1100/2049/572 1105/2029/572
f 1123/2031/566 1124/2037/566 1102/2032/566
f 1100/2050/573 1104/2051/573 1105/2042/573
f 1104/2051/569 1103/2052/569 1105/2042/569
f 1103/2052/569 1102/2040/569 1105/2042/569
f 1103/2043/570 1104/2053/570 1121/2044/570
f 1127/2048/574 1107/2054/574 1101/2046/574
f 1107/2054/574 1116/2055/574 1105/2056/574
f 1101/2046/574 1107/2054/574 1105/2056/574
s 1
f 1117/2057/575 1115/2058/575 1113/2059/575
f 1120/2060/576 1126/2061/576 1119/2062/576
f 1108/2063/577 1109/2064/577 1098/2065/577
f 1113/2059/575 1118/2066/575 1117/2057/575
f 1118/2066/575 1122/2067/575 1117/2057/575
f 1119/2062/576 1099/2068/576 1120/2060/576
f 1099/2068/576 1106/2069/576 1120/2060/576
f 1098/2065/577 1112/2070/577 1108/2063/577
f 1112/2070/577 1111/2071/577 1108/2063/577
f 1111/2071/577 1110/2072/577 1108/2063/577
