# Blender v2.91.0 OBJ File: 'physics_test.blend'
# www.blender.org
mtllib physics_shattered_lots_8.mtl
o Neue_Welt_(10)__2547_58_-1089_to_2595_255_-1061.001_cell.032_Neue_Welt_(10)__2547_58_-1089_to_2595_255_-1061.001_cell.036
v 0.500018 0.500000 -0.500000
v -0.111395 0.100500 -0.266236
v 0.005224 -0.013752 -0.193737
v 0.247831 0.148230 -0.087706
v 0.500018 -0.126632 -0.500000
v 0.500018 0.181604 -0.136946
v 0.500018 0.500000 -0.161919
v 0.265961 0.500000 -0.118802
v -0.021925 0.500000 -0.265960
v 0.021275 0.500000 -0.243836
v -0.056265 0.500000 -0.500000
v 0.082241 -0.213928 -0.500000
v 0.107079 -0.243699 -0.500000
v 0.137185 -0.234774 -0.500000
v -0.152302 0.067598 -0.500000
v -0.062875 0.470473 -0.500000
v 0.500018 0.181604 -0.136946
v 0.500018 -0.126632 -0.500000
v 0.500018 -0.126632 -0.500000
v 0.500018 0.500000 -0.500000
v 0.500018 0.500000 -0.500000
v 0.500018 0.500000 -0.161919
v 0.500018 0.500000 -0.161919
v -0.021925 0.500000 -0.265960
v 0.021275 0.500000 -0.243836
v 0.265961 0.500000 -0.118802
v -0.056265 0.500000 -0.500000
v -0.056265 0.500000 -0.500000
v 0.137185 -0.234774 -0.500000
v 0.107079 -0.243699 -0.500000
v 0.082241 -0.213928 -0.500000
v -0.152302 0.067598 -0.500000
v -0.062875 0.470473 -0.500000
vt 0.635856 0.680657
vt 0.997317 0.997813
vt 0.660719 0.997813
vt 0.001706 0.001707
vt 0.555548 0.001707
vt 0.478348 0.256873
vt 0.651163 0.567095
vt 0.001706 0.997813
vt 0.001706 0.373621
vt 0.997317 0.373621
vt 0.521358 0.234835
vt 0.234736 0.381420
vt 0.001706 0.338472
vt 0.362946 0.265900
vt 0.417649 0.286666
vt 0.392920 0.257010
vt 0.562128 0.968401
vt 0.555548 0.997813
vt 0.110303 0.110303
vt 0.889697 0.110303
vt 0.889697 0.889697
vt 0.889697 0.110303
vt 0.889697 0.751628
vt 0.247858 0.110303
vt 0.751939 0.110303
vt 0.751628 0.751628
vt 0.110303 0.110303
vt 0.889697 0.207775
vt 0.889697 0.760453
vt 0.241276 0.206545
vt 0.889697 0.110303
vt 0.805253 0.805253
vt 0.110303 0.110303
vt 0.889697 0.752142
vt 0.780127 0.780127
vt 0.793094 0.110303
vt 0.889697 0.196643
vt 0.196643 0.196643
vt 0.889697 0.248061
vt 0.889697 0.889697
vt 0.207775 0.207775
vt 0.889697 0.206906
vt 0.792544 0.701541
vt 0.239547 0.110303
vt 0.889697 0.780127
vt 0.838529 0.196837
vt 0.889697 0.805253
vn 1.0000 0.0000 0.0000
vn 0.0000 1.0000 0.0000
vn 0.0000 0.0000 -1.0000
vn -0.4534 0.0993 0.8858
vn -0.7496 -0.6245 0.2191
vn -0.9668 0.2146 0.1390
vn 0.1806 0.0769 0.9805
vn 0.2204 -0.7434 0.6315
vn -0.7490 -0.6249 0.2201
vn -0.4535 0.1010 0.8855
vn -0.9660 0.2162 0.1417
vn -0.4527 0.1016 0.8859
vn 0.2216 -0.7434 0.6311
vn 0.1812 0.0773 0.9804
usemtl Stone
s 1
f 17/1/1 20/2/1 22/3/1
f 21/4/2 27/5/2 25/6/2
f 32/7/3 1/8/3 19/9/3
f 17/1/1 18/10/1 20/2/1
f 27/5/2 24/11/2 25/6/2
f 25/6/2 26/12/2 21/4/2
f 26/12/2 23/13/2 21/4/2
f 19/9/3 29/14/3 31/15/3
f 29/14/3 30/16/3 31/15/3
f 31/15/3 32/7/3 19/9/3
f 32/7/3 33/17/3 1/8/3
f 33/17/3 28/18/3 1/8/3
usemtl Dirt
s off
f 3/19/4 4/20/4 2/21/4
f 2/22/5 15/23/5 12/24/5
f 16/25/6 15/26/6 2/27/6
f 8/28/7 6/29/7 7/30/7
f 3/31/8 14/32/8 4/33/8
f 3/19/9 12/34/9 13/35/9
f 2/21/10 10/36/10 9/37/10
f 9/38/11 16/39/11 2/21/11
f 4/40/12 8/41/12 10/42/12
f 4/20/13 5/43/13 6/44/13
f 8/28/14 4/20/14 6/29/14
f 3/31/8 13/45/8 14/32/8
f 3/19/9 2/22/9 12/34/9
f 2/21/10 4/33/10 10/36/10
f 9/38/11 11/46/11 16/39/11
f 4/20/13 14/47/13 5/43/13
o Neue_Welt_(10)__2547_58_-1089_to_2595_255_-1061.001_cell.033_Neue_Welt_(10)__2547_58_-1089_to_2595_255_-1061.001_cell.039
v 0.500018 0.500000 0.500000
v 0.260687 0.154499 -0.049897
v 0.147050 -0.022292 0.336652
v 0.500018 0.185666 -0.096387
v 0.500018 0.481891 -0.119895
v 0.500018 0.500000 -0.121316
v 0.500018 0.098623 0.098975
v 0.500018 -0.079622 0.500000
v 0.401928 -0.084336 0.500000
v 0.102284 0.018033 0.500000
v 0.332990 -0.087254 0.500000
v 0.379009 -0.085337 0.500000
v 0.115574 0.500000 0.500000
v 0.278863 0.500000 -0.080374
v 0.500018 0.481891 -0.119895
v 0.500018 0.500000 -0.121316
v 0.500018 0.500000 -0.121316
v 0.500018 0.500000 0.500000
v 0.500018 0.500000 0.500000
v 0.500018 -0.079622 0.500000
v 0.500018 -0.079622 0.500000
v 0.500018 0.098623 0.098975
v 0.500018 0.185666 -0.096387
v 0.379009 -0.085337 0.500000
v 0.401928 -0.084336 0.500000
v 0.115574 0.500000 0.500000
v 0.115574 0.500000 0.500000
v 0.102284 0.018033 0.500000
v 0.332990 -0.087254 0.500000
v 0.278863 0.500000 -0.080374
vt 0.001706 0.997813
vt 0.001706 0.420449
vt 0.400971 0.598000
vt 0.601329 0.517723
vt 0.831023 0.412846
vt 0.997317 0.997813
vt 0.001706 0.997813
vt 0.221891 0.419699
vt 0.384463 0.997813
vt 0.595476 0.684703
vt 0.618880 0.979775
vt 0.620295 0.997813
vt 0.876839 0.414755
vt 0.899657 0.415752
vt 0.997317 0.420449
vt 0.614561 0.997813
vt 0.001706 0.378917
vt 0.889697 0.755107
vt 0.245368 0.110303
vt 0.889697 0.110303
vt 0.755107 0.755107
vt 0.791034 0.110303
vt 0.790787 0.752341
vt 0.889697 0.169531
vt 0.889697 0.646003
vt 0.413414 0.169690
vt 0.646003 0.646003
vt 0.169531 0.169531
vt 0.175085 0.110303
vt 0.110303 0.110303
vt 0.821496 0.148637
vt 0.889697 0.889697
vt 0.889697 0.110303
vt 0.175085 0.175085
vt 0.292540 0.110303
vt 0.889697 0.707459
vt 0.293381 0.110303
vt 0.110303 0.110303
vt 0.889697 0.754632
vt 0.706618 0.110303
vt 0.889697 0.208966
vn 1.0000 0.0000 0.0000
vn 0.0000 0.0000 1.0000
vn 0.0000 1.0000 0.0000
vn -0.1803 -0.0778 -0.9805
vn -0.1815 -0.0769 -0.9804
vn 0.0439 -0.9129 -0.4058
vn 0.0399 -0.9127 -0.4067
vn -0.9623 0.0267 -0.2707
vn 0.0380 -0.9129 -0.4064
vn -0.4127 -0.9042 0.1101
vn -0.9624 0.0265 -0.2703
usemtl Stone
s 1
f 51/48/15 53/49/15 55/50/15
f 61/51/16 62/52/16 52/53/16
f 34/54/17 63/55/17 60/56/17
f 56/57/15 48/58/15 55/50/15
f 48/58/15 49/59/15 51/48/15
f 55/50/15 48/58/15 51/48/15
f 62/52/16 57/60/16 52/53/16
f 57/60/16 58/61/16 52/53/16
f 58/61/16 54/62/16 52/53/16
f 52/53/16 59/63/16 61/51/16
f 34/54/17 50/64/17 63/55/17
usemtl Dirt
s off
f 38/65/18 37/66/18 35/67/18
f 38/68/19 47/69/19 39/70/19
f 42/71/20 40/72/20 41/73/20
f 40/74/21 42/75/21 45/76/21
f 36/77/22 46/78/22 35/79/22
f 36/80/23 45/81/23 44/82/23
f 36/80/24 44/83/24 43/84/24
f 38/68/19 35/85/19 47/69/19
f 45/76/21 35/67/21 40/74/21
f 35/67/21 37/86/21 40/74/21
f 43/87/25 46/78/25 36/77/25
f 46/78/22 47/88/22 35/79/22
f 36/80/23 35/79/23 45/81/23
o Neue_Welt_(10)__2547_58_-1089_to_2595_255_-1061.001_cell.035_Neue_Welt_(10)__2547_58_-1089_to_2595_255_-1061.001_cell.041
v -0.499982 0.500000 -0.500000
v -0.149292 0.117112 -0.267703
v -0.499982 0.135978 -0.500000
v -0.499982 0.495921 -0.158438
v -0.499982 0.191734 -0.175579
v -0.063729 0.500000 -0.267992
v -0.097291 0.500000 -0.500000
v -0.067999 0.500000 -0.297829
v -0.189817 0.084529 -0.500000
v -0.172519 0.161897 -0.500000
v -0.479049 0.132469 -0.500000
v -0.499982 0.500000 -0.500000
v -0.499982 0.500000 -0.500000
v -0.499982 0.135978 -0.500000
v -0.499982 0.135978 -0.500000
v -0.499982 0.191734 -0.175579
v -0.499982 0.495921 -0.158438
v -0.499982 0.495921 -0.158438
v -0.063729 0.500000 -0.267992
v -0.067999 0.500000 -0.297829
v -0.097291 0.500000 -0.500000
v -0.097291 0.500000 -0.500000
v -0.172519 0.161897 -0.500000
v -0.189817 0.084529 -0.500000
v -0.479049 0.132469 -0.500000
vt 0.001706 0.997813
vt 0.324703 0.690748
vt 0.341995 0.997813
vt 0.997317 0.342165
vt 0.562979 0.232812
vt 0.567229 0.203091
vt 0.997317 0.997813
vt 0.671291 0.661027
vt 0.976476 0.631713
vt 0.001706 0.635209
vt 0.596393 0.001707
vt 0.997317 0.001707
vt 0.997317 0.635209
vt 0.596393 0.997813
vt 0.688513 0.583960
vt 0.110303 0.110303
vt 0.751312 0.110303
vt 0.750522 0.750522
vt 0.889697 0.192526
vt 0.889697 0.750361
vt 0.331773 0.192779
vt 0.192526 0.192526
vt 0.889697 0.110303
vt 0.750361 0.750361
vt 0.889697 0.207437
vt 0.889697 0.889697
vt 0.200063 0.200063
vt 0.207437 0.207437
vt 0.889697 0.207742
vt 0.207742 0.207742
vt 0.889697 0.248688
vt 0.200063 0.110303
vt 0.889697 0.750522
vt 0.860047 0.207986
vn -1.0000 0.0000 0.0000
vn -0.0057 0.9999 0.0114
vn -0.0090 0.9999 0.0013
vn -0.0053 1.0000 0.0034
vn 0.0000 0.0000 -1.0000
vn 0.0000 1.0000 0.0000
vn -0.0040 0.9999 0.0086
vn -0.1613 -0.9731 0.1646
vn 0.9665 -0.2150 -0.1400
vn 0.9665 -0.2161 -0.1383
vn 0.2437 -0.0537 0.9684
vn 0.2428 -0.0546 0.9685
vn -0.1630 -0.9724 0.1671
usemtl Stone
s 1
f 75/89/26 79/90/26 80/91/26
f 67/92/27 82/93/28 83/94/29
f 64/95/30 86/96/30 88/97/30
f 75/89/26 77/98/26 79/90/26
f 84/99/31 76/100/32 83/94/29
f 76/100/32 67/92/27 83/94/29
f 88/97/30 78/101/30 64/95/30
f 64/95/30 85/102/30 86/96/30
f 86/96/30 87/103/30 88/97/30
usemtl Dirt
s off
f 65/104/33 74/105/33 72/106/33
f 71/107/34 73/108/34 70/109/34
f 71/110/35 65/111/35 73/112/35
f 81/113/36 65/114/36 69/115/36
f 65/114/37 81/116/37 68/117/37
f 68/118/38 74/119/38 65/114/38
f 69/120/35 65/111/35 71/110/35
f 65/111/35 72/121/35 73/112/35
f 68/118/38 66/122/38 74/119/38
o Neue_Welt_(10)__2547_58_-1089_to_2595_255_-1061.001_cell.036_ce_Neue_Welt_(10)__2547_58_-1089_to_2595_255_-1061.001_cell.051
v 0.054857 -0.247699 0.452239
v 0.059257 -0.500000 0.500000
v 0.047454 -0.395255 0.500000
v 0.036365 -0.298992 0.500000
v -0.120046 -0.234648 0.500000
v -0.031758 -0.270700 0.500000
v -0.131670 -0.235532 0.500000
v -0.139638 -0.236158 0.500000
v -0.196980 -0.500000 0.500000
v -0.199803 -0.500000 0.032701
v -0.404686 -0.500000 0.148413
v 0.166653 -0.500000 0.286540
v -0.390221 -0.447842 0.153710
v 0.147237 -0.368645 0.295713
v 0.140825 -0.325924 0.298603
v -0.111342 -0.499526 0.021071
v 0.113590 -0.344513 0.268662
v 0.047454 -0.395255 0.500000
v 0.036365 -0.298992 0.500000
v -0.031758 -0.270700 0.500000
v -0.120046 -0.234648 0.500000
v -0.131670 -0.235532 0.500000
v -0.139638 -0.236158 0.500000
v -0.196980 -0.500000 0.500000
v -0.196980 -0.500000 0.500000
v 0.059257 -0.500000 0.500000
v 0.059257 -0.500000 0.500000
v 0.166653 -0.500000 0.286540
v -0.404686 -0.500000 0.148413
v -0.199803 -0.500000 0.032701
v -0.111342 -0.499526 0.021071
vt 0.368403 0.265146
vt 0.360469 0.264522
vt 0.467876 0.230114
vt 0.695644 0.997813
vt 0.902439 0.647595
vt 0.698455 0.532334
vt 0.558491 0.001707
vt 0.546740 0.106044
vt 0.303379 0.001707
vt 0.535700 0.201932
vt 0.379975 0.266026
vt 0.610631 0.520412
vt 0.333608 0.785185
vt 0.440533 0.997813
vt 0.792122 0.193004
vt 0.748011 0.249408
vt 0.784843 0.129818
vt 0.555898 0.477112
vt 0.189016 0.110303
vt 0.376837 0.273423
vt 0.889697 0.489489
vt 0.508785 0.110303
vt 0.889697 0.110303
vt 0.110303 0.110303
vt 0.490590 0.110303
vt 0.489489 0.489489
vt 0.835668 0.707511
vt 0.495496 0.366914
vt 0.577870 0.110303
vt 0.889697 0.448563
vt 0.889697 0.889697
vt 0.577870 0.577870
vt 0.448563 0.448563
vt 0.321884 0.110303
vt 0.176967 0.176967
vt 0.889697 0.509410
vt 0.767214 0.707746
vt 0.638408 0.110303
vt 0.766936 0.221076
vt 0.882971 0.110303
vt 0.889697 0.678116
vt 0.650800 0.343509
vt 0.406696 0.286636
vt 0.446419 0.330598
vt 0.889697 0.491215
vt 0.878940 0.110303
vt 0.889697 0.176967
vt 0.117029 0.110303
vt 0.361592 0.110303
vt 0.889697 0.121060
vt 0.425079 0.339882
vn 0.0000 0.0000 1.0000
vn 0.0002 -1.0000 -0.0004
vn 0.0000 -1.0000 0.0000
vn 0.0033 -1.0000 0.0000
vn 0.0027 -1.0000 -0.0005
vn -0.0004 -1.0000 -0.0008
vn -0.4798 0.2193 -0.8495
vn 0.6829 0.1509 -0.7148
vn 0.8859 0.1020 0.4526
vn 0.2529 0.6089 0.7518
vn 0.8888 0.1002 0.4472
vn 0.8895 0.1034 0.4451
vn -0.0664 0.8736 -0.4820
vn 0.2504 0.6131 0.7493
vn -0.8463 0.1839 0.5000
vn -0.0686 0.8725 -0.4838
vn -0.0664 0.8737 -0.4820
vn -0.0685 0.8725 -0.4838
vn -0.0686 0.8725 -0.4837
vn -0.0683 0.8723 -0.4841
usemtl Stone
s 1
f 110/123/39 111/124/39 108/125/39
f 113/126/40 117/127/41 118/128/42
f 114/129/39 106/130/39 112/131/39
f 106/130/39 107/132/39 108/125/39
f 112/131/39 108/125/39 111/124/39
f 108/125/39 109/133/39 110/123/39
f 106/130/39 108/125/39 112/131/39
f 118/128/42 119/134/43 113/126/40
f 119/134/43 116/135/44 113/126/40
f 116/135/44 115/136/41 113/126/40
usemtl Dirt
s off
f 99/137/45 101/138/45 98/139/45
f 100/140/46 104/141/46 105/142/46
f 92/143/47 91/144/47 89/145/47
f 89/146/48 94/147/48 92/148/48
f 90/149/49 100/150/49 102/151/49
f 103/152/50 89/153/50 102/154/50
f 89/153/51 103/155/51 105/156/51
f 89/153/52 93/157/52 94/158/52
f 97/159/53 101/160/53 99/161/53
f 96/162/54 105/163/54 98/164/54
f 105/142/46 103/165/46 102/166/46
f 102/166/46 100/140/46 105/142/46
f 89/145/49 91/167/49 102/151/49
f 91/167/49 90/149/49 102/151/49
f 105/156/55 95/168/55 93/169/55
f 93/169/55 89/153/55 105/156/55
f 97/159/53 96/170/53 101/160/53
f 98/164/56 101/171/56 96/162/56
f 96/162/57 95/172/57 105/163/57
f 105/163/58 104/173/58 98/164/58
o Neue_Welt_(10)__2547_58_-1089_to_2595_255_-1061.001_cell.03_Neue_Welt_(10)__2547_58_-1089_to_2595_255_-1061.001_cell.052
v 0.390101 -0.500000 0.500000
v 0.098982 -0.233254 0.450012
v 0.079913 -0.287044 0.500000
v 0.103790 -0.500000 0.500000
v 0.218842 -0.194942 0.500000
v 0.305313 -0.137712 0.500000
v 0.196759 -0.500000 0.315301
v 0.126668 -0.500000 0.454470
v 0.204574 -0.124094 0.402148
v 0.298924 -0.133988 0.490309
v 0.166422 -0.294991 0.329584
v 0.186283 -0.429684 0.320132
v 0.218842 -0.194942 0.500000
v 0.079913 -0.287044 0.500000
v 0.390101 -0.500000 0.500000
v 0.390101 -0.500000 0.500000
v 0.305313 -0.137712 0.500000
v 0.103790 -0.500000 0.500000
v 0.103790 -0.500000 0.500000
v 0.126668 -0.500000 0.454470
v 0.196759 -0.500000 0.315301
vt 0.887883 0.001707
vt 0.717375 0.305577
vt 0.602829 0.001707
vt 0.111141 0.997813
vt 0.373417 0.952461
vt 0.303634 0.813833
vt 0.803467 0.362585
vt 0.579056 0.213834
vt 0.396194 0.997813
vt 0.541726 0.433614
vt 0.429257 0.283701
vt 0.850461 0.771682
vt 0.320698 0.110303
vt 0.615069 0.110303
vt 0.540757 0.330413
vt 0.478084 0.478084
vt 0.110303 0.110303
vt 0.726813 0.110303
vt 0.500983 0.110303
vt 0.889697 0.352224
vt 0.889697 0.399360
vt 0.889697 0.499017
vt 0.889697 0.889697
vt 0.500794 0.500794
vt 0.500794 0.110303
vt 0.889697 0.478084
vt 0.320698 0.320698
vt 0.401674 0.146812
vt 0.683651 0.135610
vt 0.711173 0.143082
vt 0.595586 0.516801
vt 0.726814 0.726814
vt 0.271333 0.201087
vt 0.889697 0.110303
vt 0.615069 0.615069
vn 0.0000 0.0000 1.0000
vn 0.0000 -1.0000 0.0000
vn 0.6829 0.1509 -0.7148
vn -0.8885 -0.1016 -0.4475
vn -0.6916 0.4076 -0.5963
vn -0.4555 0.6882 0.5647
vn -0.4556 0.6873 0.5657
vn -0.8891 -0.0997 -0.4467
vn 0.6833 0.1508 -0.7144
vn 0.8135 -0.0970 -0.5735
vn 0.6872 0.1608 -0.7085
vn -0.8891 -0.0997 -0.4468
vn -0.8891 -0.0999 -0.4467
usemtl Stone
s 1
f 134/174/59 132/175/59 137/176/59
f 135/177/60 139/178/60 140/179/60
f 136/180/59 132/175/59 134/174/59
f 132/175/59 133/181/59 137/176/59
f 135/177/60 138/182/60 139/178/60
usemtl Dirt
s off
f 131/183/61 130/184/61 120/185/61
f 127/186/62 131/187/62 126/188/62
f 130/189/63 121/190/63 128/191/63
f 124/192/64 125/193/64 129/194/64
f 124/195/65 121/196/65 122/197/65
f 122/198/66 130/199/66 127/200/66
f 130/184/67 128/201/67 129/202/67
f 129/202/68 125/203/68 130/184/68
f 125/203/69 120/185/69 130/184/69
f 120/185/61 126/204/61 131/183/61
f 129/194/64 128/205/64 124/192/64
f 128/205/64 121/190/64 124/192/64
f 123/206/70 122/198/70 127/200/70
f 122/198/71 121/207/71 130/199/71
f 127/200/70 130/199/70 131/208/70
o Neue_Welt_(10)__2547_58_-1089_to_2595_255_-1061.001_cell.037_Neue_Welt_(10)__2547_58_-1089_to_2595_255_-1061.001_cell.053
v 0.123624 -0.054565 0.339437
v -0.126951 -0.185527 0.072753
v -0.148389 -0.195641 0.491345
v 0.070187 -0.212390 0.430740
v -0.178230 -0.154963 0.492940
v 0.108923 -0.041663 0.393123
v 0.010950 -0.052746 0.423067
v -0.208159 -0.077701 0.489459
v -0.201673 -0.076882 0.487766
v -0.238424 -0.094710 0.452828
v -0.384958 -0.395424 0.164268
v -0.387481 -0.387882 0.167634
v -0.412991 -0.295360 0.205863
v -0.393715 -0.365668 0.176874
v -0.418638 -0.196723 0.234459
v -0.319678 -0.413417 0.122758
v -0.135420 -0.463801 0.005686
v 0.173616 -0.083701 0.381089
v 0.169808 -0.070845 0.380170
v 0.178557 -0.100548 0.382247
v 0.139243 -0.275012 0.307836
v -0.068032 -0.417510 0.079754
vt 0.889697 0.529245
vt 0.693815 0.223929
vt 0.889697 0.110303
vt 0.687813 0.493455
vt 0.110303 0.110303
vt 0.690355 0.244355
vt 0.309947 0.131406
vt 0.365977 0.243545
vt 0.110303 0.110303
vt 0.309186 0.110303
vt 0.260891 0.260891
vt 0.889697 0.110303
vt 0.318844 0.318844
vt 0.294793 0.110303
vt 0.529245 0.529245
vt 0.889697 0.110303
vt 0.606634 0.606634
vt 0.110303 0.110303
vt 0.110303 0.110303
vt 0.573848 0.110303
vt 0.578710 0.578710
vt 0.889697 0.561578
vt 0.573848 0.573848
vt 0.110303 0.110303
vt 0.601948 0.110303
vt 0.561578 0.561578
vt 0.889697 0.110303
vt 0.889697 0.503109
vt 0.266336 0.110303
vt 0.180890 0.110303
vt 0.889697 0.889697
vt 0.266336 0.266336
vt 0.889697 0.404724
vt 0.889697 0.889697
vt 0.180890 0.180890
vt 0.404724 0.404724
vt 0.889697 0.486788
vt 0.889697 0.110303
vt 0.486788 0.486788
vt 0.571175 0.110303
vt 0.428825 0.110303
vt 0.495145 0.172967
vt 0.889697 0.606634
vt 0.372762 0.181900
vt 0.752103 0.320810
vt 0.702857 0.478242
vt 0.701486 0.470619
vt 0.690814 0.110303
vt 0.709978 0.314262
vt 0.706932 0.326657
vt 0.699011 0.363771
vt 0.648255 0.648255
vt 0.705207 0.110303
vt 0.174507 0.110303
vt 0.260891 0.110303
vt 0.282160 0.119455
vt 0.889697 0.889697
vt 0.889697 0.648255
vt 0.889697 0.578709
vt 0.246110 0.167520
vt 0.581940 0.224308
vt 0.888050 0.546583
vt 0.601948 0.601948
vt 0.496891 0.110303
vn -0.1916 0.9411 -0.2786
vn -0.4796 0.2191 -0.8497
vn 0.6831 0.1508 -0.7146
vn 0.4116 0.9053 -0.1049
vn 0.6821 0.1517 -0.7154
vn -0.1923 0.9402 -0.2811
vn 0.0674 -0.8724 0.4841
vn -0.5389 -0.4870 0.6873
vn -0.5721 -0.4467 0.6878
vn -0.5766 -0.4415 0.6875
vn 0.6900 -0.4099 0.5966
vn 0.2747 0.1459 0.9504
vn 0.2736 0.1490 0.9502
vn 0.2721 0.1507 0.9504
vn 0.2344 0.1342 0.9628
vn -0.6919 -0.2373 0.6819
vn 0.0684 -0.8728 0.4833
vn -0.4800 0.2187 -0.8496
vn -0.4799 0.2187 -0.8496
vn -0.4795 0.2189 -0.8498
vn -0.4798 0.2193 -0.8495
vn 0.6829 0.1509 -0.7148
vn 0.6833 0.1513 -0.7143
vn -0.1919 0.9403 -0.2810
vn 0.0684 -0.8729 0.4832
vn 0.0684 -0.8728 0.4832
usemtl Dirt
s off
f 150/209/72 147/210/72 141/211/72
f 153/212/73 142/213/73 156/214/73
f 160/215/74 161/216/74 141/217/74
f 141/217/75 146/218/75 159/219/75
f 142/220/76 162/221/76 157/222/76
f 142/220/77 150/223/77 141/217/77
f 143/224/78 156/225/78 144/226/78
f 143/227/79 152/228/79 151/229/79
f 143/227/80 154/230/80 152/231/80
f 145/232/81 153/233/81 154/234/81
f 144/235/82 161/236/82 160/237/82
f 158/238/83 144/239/83 160/240/83
f 147/241/84 143/242/84 158/243/84
f 143/242/85 147/244/85 149/245/85
f 145/246/86 149/247/86 148/248/86
f 145/232/87 148/249/87 150/250/87
f 156/251/88 157/252/88 162/253/88
f 150/209/72 148/254/72 149/255/72
f 149/255/72 147/210/72 150/209/72
f 147/210/72 146/256/72 141/211/72
f 156/214/89 151/257/89 152/258/89
f 152/258/90 154/259/90 156/214/90
f 154/259/90 153/212/90 156/214/90
f 153/212/91 155/260/91 142/213/91
f 142/213/92 157/261/92 156/214/92
f 162/262/93 141/217/93 161/216/93
f 141/217/94 159/263/94 158/264/94
f 160/215/94 141/217/94 158/264/94
f 142/220/76 141/265/76 162/221/76
f 142/220/95 155/266/95 150/223/95
f 143/224/78 151/267/78 156/225/78
f 143/227/80 145/246/80 154/230/80
f 158/238/83 143/224/83 144/239/83
f 158/243/84 159/268/84 146/269/84
f 146/269/84 147/241/84 158/243/84
f 145/246/86 143/242/86 149/247/86
f 150/250/87 155/270/87 145/232/87
f 155/270/87 153/271/87 145/232/87
f 161/272/96 144/235/96 162/253/96
f 144/235/97 156/251/97 162/253/97
o Neue_Welt_(10)__2547_58_-1089_to_2595_255_-1061.001_cell.038_Neue_Welt_(10)__2547_58_-1089_to_2595_255_-1061.001_cell.043
v -0.499982 -0.500000 0.500000
v -0.499982 -0.500000 0.202233
v -0.499982 -0.425336 0.500000
v -0.197681 -0.286345 0.500000
v -0.244451 -0.500000 0.500000
v -0.184363 -0.225222 0.500000
v -0.203019 -0.200731 0.500000
v -0.238724 -0.222977 0.500000
v -0.499982 -0.386506 0.231470
v -0.440125 -0.500000 0.168427
v -0.418810 -0.423243 0.176203
v -0.422101 -0.411159 0.181173
v -0.450289 -0.345489 0.213996
v -0.442009 -0.338778 0.211053
v -0.422613 -0.437058 0.174789
v -0.499982 -0.500000 0.202233
v -0.499982 -0.500000 0.202233
v -0.499982 -0.500000 0.500000
v -0.499982 -0.500000 0.500000
v -0.244451 -0.500000 0.500000
v -0.244451 -0.500000 0.500000
v -0.197681 -0.286345 0.500000
v -0.184363 -0.225222 0.500000
v -0.203019 -0.200731 0.500000
v -0.238724 -0.222977 0.500000
v -0.499982 -0.425336 0.500000
v -0.499982 -0.425336 0.500000
v -0.499982 -0.386506 0.231470
v -0.440125 -0.500000 0.168427
vt 0.261818 0.277651
vt 0.001706 0.076081
vt 0.302681 0.214530
vt 0.729966 0.114759
vt 0.997317 0.001707
vt 0.997317 0.076081
vt 0.997317 0.997813
vt 0.937722 0.667532
vt 0.742908 0.997813
vt 0.001706 0.001707
vt 0.256116 0.001707
vt 0.315940 0.275415
vt 0.294969 0.302935
vt 0.700857 0.001707
vt 0.997317 0.701206
vt 0.745325 0.459178
vt 0.735375 0.460855
vt 0.740455 0.321592
vt 0.381442 0.110303
vt 0.889697 0.135715
vt 0.889697 0.626748
vt 0.388077 0.110303
vt 0.864585 0.864585
vt 0.381442 0.381442
vt 0.862471 0.862471
vt 0.388077 0.388077
vt 0.889697 0.344880
vt 0.807358 0.110303
vt 0.344880 0.344880
vt 0.334082 0.110303
vt 0.807376 0.221944
vt 0.334082 0.334082
vt 0.363003 0.222684
vt 0.316202 0.244855
vt 0.373252 0.110303
vt 0.889697 0.818326
vt 0.743998 0.300748
vt 0.752206 0.282711
vt 0.793380 0.203933
vt 0.795507 0.222393
vt 0.796554 0.440146
vt 0.862471 0.110303
vt 0.857251 0.857251
vt 0.807358 0.807358
vt 0.786389 0.244900
vt 0.864285 0.110303
vn 0.0000 0.0000 1.0000
vn -1.0000 0.0000 0.0000
vn 0.0000 -1.0000 0.0000
vn -0.4795 0.2189 -0.8498
vn 0.8459 -0.1815 -0.5015
vn 0.5777 0.4401 -0.6874
vn 0.5759 0.4422 -0.6876
vn -0.6028 0.7907 0.1072
vn -0.6084 0.7855 0.1136
vn 0.8463 -0.1853 -0.4995
vn -0.4794 0.2190 -0.8498
vn -0.4798 0.2193 -0.8495
vn -0.4795 0.2190 -0.8498
vn -0.5286 0.8483 0.0319
vn 0.8464 -0.1850 -0.4995
vn 0.8463 -0.1844 -0.4999
usemtl Stone
s 1
f 187/273/98 188/274/98 184/275/98
f 190/276/99 180/277/99 189/278/99
f 163/279/100 191/280/100 183/281/100
f 188/274/98 181/282/98 182/283/98
f 182/283/98 184/275/98 188/274/98
f 184/275/98 185/284/98 187/273/98
f 185/284/98 186/285/98 187/273/98
f 190/276/99 178/286/99 180/277/99
f 163/279/100 179/287/100 191/280/100
usemtl Dirt
s off
f 175/288/101 176/289/101 174/290/101
f 173/291/102 168/292/102 177/293/102
f 174/294/103 168/295/103 173/296/103
f 169/297/104 174/298/104 176/299/104
f 170/300/105 176/301/105 175/302/105
f 165/303/106 175/304/106 171/305/106
f 167/306/107 177/307/107 166/308/107
f 173/309/108 177/310/108 174/290/108
f 177/310/109 172/311/109 164/312/109
f 164/312/101 171/313/101 177/310/101
f 177/310/110 171/313/110 174/290/110
f 171/313/101 175/288/101 174/290/101
f 174/294/103 169/314/103 168/295/103
f 170/300/111 169/315/111 176/301/111
f 165/303/106 170/316/106 175/304/106
f 172/317/112 177/307/112 167/306/112
f 177/307/113 168/318/113 166/308/113
o Neue_Welt_(10)__2547_58_-1089_to_2595_255_-1061.001_cell.039_Neue_Welt_(10)__2547_58_-1089_to_2595_255_-1061.001_cell.046
v 0.079657 -0.015977 0.500000
v 0.070147 -0.214392 0.472876
v 0.148235 -0.184338 0.500000
v -0.028665 -0.207050 0.500000
v 0.059722 -0.243319 0.500000
v 0.239261 -0.088541 0.500000
v 0.259383 -0.110008 0.500000
v -0.069081 -0.133099 0.500000
v -0.111706 -0.054941 0.500000
v 0.097033 -0.031228 0.436544
v 0.199644 -0.080390 0.414876
v 0.218986 -0.086486 0.438162
v 0.239261 -0.088541 0.500000
v 0.079657 -0.015977 0.500000
v -0.111706 -0.054941 0.500000
v -0.069081 -0.133099 0.500000
v -0.028665 -0.207050 0.500000
v 0.059722 -0.243319 0.500000
v 0.148235 -0.184338 0.500000
v 0.259383 -0.110008 0.500000
vt 0.578801 0.483845
vt 0.470955 0.293516
vt 0.647078 0.316140
vt 0.757739 0.390181
vt 0.737705 0.411564
vt 0.388279 0.445033
vt 0.430717 0.367179
vt 0.558954 0.257388
vt 0.537736 0.352509
vt 0.294880 0.110303
vt 0.529958 0.110303
vt 0.475382 0.431757
vt 0.470042 0.110303
vt 0.704265 0.529477
vt 0.110303 0.110303
vt 0.384623 0.110303
vt 0.383812 0.383812
vt 0.889697 0.110303
vt 0.889697 0.383812
vt 0.517154 0.110303
vt 0.889697 0.615377
vt 0.129065 0.129065
vt 0.251440 0.110303
vt 0.446104 0.221535
vt 0.889697 0.889697
vt 0.889697 0.669242
vt 0.604538 0.604538
vt 0.251440 0.251440
vt 0.737233 0.592384
vt 0.389253 0.364212
vt 0.705120 0.110303
vt 0.604538 0.110303
vt 0.612218 0.408097
vt 0.889697 0.129065
vt 0.517154 0.517154
vn 0.0000 0.0000 1.0000
vn -0.1916 0.9411 -0.2786
vn 0.4116 0.9053 -0.1049
vn 0.4597 -0.6899 -0.5591
vn -0.2513 -0.6123 -0.7496
vn 0.4598 -0.6876 -0.5619
vn -0.2720 -0.1487 -0.9507
vn 0.7131 0.6684 -0.2116
vn -0.2722 -0.1484 -0.9507
usemtl Stone
s 1
f 205/319/114 208/320/114 210/321/114
f 211/322/114 204/323/114 210/321/114
f 204/323/114 205/319/114 210/321/114
f 205/319/114 206/324/114 207/325/114
f 207/325/114 208/320/114 205/319/114
f 208/320/114 209/326/114 210/321/114
usemtl Dirt
s off
f 200/327/115 192/328/115 201/329/115
f 203/330/116 201/331/116 197/332/116
f 193/333/117 194/334/117 196/335/117
f 193/336/118 196/337/118 195/338/118
f 194/339/119 202/340/119 203/341/119
f 201/342/120 193/343/120 199/344/120
f 198/345/121 203/346/121 197/347/121
f 202/348/116 201/331/116 203/330/116
f 201/331/116 192/349/116 197/332/116
f 203/341/119 198/350/119 194/339/119
f 194/339/119 193/343/119 202/340/119
f 200/351/122 201/342/122 199/344/122
f 201/342/120 202/352/120 193/343/120
f 199/344/120 193/343/120 195/353/120
o Neue_Welt_(10)__2547_58_-1089_to_2595_255_-1061.001_cell.042_Neue_Welt_(10)__2547_58_-1089_to_2595_255_-1061.001_cell.047
v -0.389041 -0.111410 0.500000
v -0.499982 -0.134074 0.500000
v -0.499982 -0.199845 0.279555
v -0.499982 -0.374825 0.500000
v -0.225928 -0.162830 0.500000
v -0.252776 -0.083665 0.500000
v -0.258013 -0.188086 0.500000
v -0.499982 -0.337691 0.244045
v -0.280775 -0.099406 0.466092
v -0.449723 -0.296187 0.226377
v -0.454154 -0.215957 0.249545
v -0.455171 -0.198125 0.254713
v -0.457633 -0.302843 0.229126
v -0.433577 -0.185924 0.280834
v -0.389041 -0.111410 0.500000
v -0.499982 -0.134074 0.500000
v -0.499982 -0.134074 0.500000
v -0.499982 -0.199845 0.279555
v -0.252776 -0.083665 0.500000
v -0.499982 -0.374825 0.500000
v -0.499982 -0.374825 0.500000
v -0.258013 -0.188086 0.500000
v -0.225928 -0.162830 0.500000
v -0.499982 -0.337691 0.244045
vt 0.001706 0.126394
vt 0.242613 0.312407
vt 0.112161 0.388784
vt 0.997317 0.126394
vt 0.777839 0.300693
vt 0.742486 0.163384
vt 0.274558 0.337564
vt 0.247828 0.416421
vt 0.001706 0.366208
vt 0.997317 0.366208
vt 0.716766 0.531061
vt 0.889697 0.578251
vt 0.889697 0.703530
vt 0.798277 0.798277
vt 0.722479 0.687377
vt 0.746981 0.544154
vt 0.889697 0.798277
vt 0.831967 0.720631
vt 0.857075 0.688475
vt 0.889697 0.549961
vt 0.889697 0.609953
vt 0.851086 0.574325
vt 0.889697 0.659275
vt 0.609953 0.609953
vt 0.549961 0.549961
vt 0.659275 0.659275
vt 0.889697 0.198049
vt 0.889697 0.670727
vt 0.771996 0.197448
vt 0.670727 0.670727
vt 0.198049 0.198049
vt 0.797005 0.533804
vt 0.715633 0.715633
vt 0.735921 0.544840
vt 0.578251 0.578251
vt 0.703530 0.703530
vt 0.889697 0.715633
vt 0.565269 0.202478
vt 0.889697 0.145578
vt 0.568455 0.138886
vt 0.145578 0.145578
vt 0.771224 0.644560
vn 0.0000 0.0000 1.0000
vn -1.0000 0.0000 0.0000
vn -0.1916 0.9411 -0.2786
vn -0.4795 0.2189 -0.8498
vn -0.1918 0.9405 -0.2806
vn 0.6914 0.2372 -0.6824
vn 0.6931 0.2351 -0.6814
vn 0.6139 -0.7799 -0.1220
vn 0.6070 -0.7865 -0.1141
vn -0.1922 0.9404 -0.2807
vn -0.1918 0.9404 -0.2808
vn -0.1921 0.9404 -0.2807
usemtl Stone
s 1
f 231/354/123 233/355/123 226/356/123
f 232/357/124 229/358/124 235/359/124
f 234/360/123 230/361/123 233/355/123
f 230/361/123 226/356/123 233/355/123
f 226/356/123 227/362/123 231/354/123
f 232/357/124 228/363/124 229/358/124
usemtl Dirt
s off
f 217/364/125 220/365/125 212/366/125
f 214/367/126 222/368/126 224/369/126
f 214/370/127 213/371/127 225/372/127
f 225/373/128 222/374/128 223/375/128
f 221/376/129 222/377/129 225/378/129
f 221/379/130 218/380/130 224/381/130
f 215/382/131 224/383/131 218/384/131
f 224/369/126 219/385/126 214/367/126
f 214/367/126 223/386/126 222/368/126
f 222/368/126 221/387/126 224/369/126
f 220/388/132 225/372/132 212/389/132
f 225/372/133 223/390/133 214/370/133
f 212/389/134 225/372/134 213/371/134
f 225/378/129 220/391/129 216/392/129
f 220/391/129 217/393/129 216/392/129
f 216/392/129 221/376/129 225/378/129
f 221/379/130 216/394/130 218/380/130
f 215/382/131 219/395/131 224/383/131
o Neue_Welt_(10)__2547_58_-1089_to_2595_255_-1061.001_cell.034_ce_Neue_Welt_(10)__2547_58_-1089_to_2595_255_-1061.001_cell.057
v -0.499982 0.500000 0.500000
v -0.499982 -0.091906 0.500000
v -0.499983 -0.161833 0.266353
v -0.380803 -0.144192 0.229532
v -0.208939 0.191123 0.500000
v -0.216165 0.175926 0.500000
v -0.327593 -0.056711 0.500000
v -0.194961 0.222326 0.500000
v -0.302358 0.500000 0.500000
v -0.278781 0.454144 0.500000
v -0.253448 0.404011 0.500000
v -0.214819 0.284205 0.500000
v -0.499983 0.049876 0.178966
v -0.499983 -0.128209 0.227362
v -0.499983 0.344980 0.263224
v -0.499982 0.500000 0.307563
v -0.301926 0.500000 0.484353
v -0.486555 0.500000 0.319530
v -0.366999 -0.122618 0.306676
v -0.443050 -0.159641 0.234866
v -0.399537 -0.151647 0.231900
v -0.499982 0.500000 0.500000
v -0.499982 0.500000 0.500000
v -0.499982 -0.091906 0.500000
v -0.499982 -0.091906 0.500000
v -0.499983 -0.161833 0.266353
v -0.302358 0.500000 0.500000
v -0.302358 0.500000 0.500000
v -0.327593 -0.056711 0.500000
v -0.216165 0.175926 0.500000
v -0.208939 0.191123 0.500000
v -0.194961 0.222326 0.500000
v -0.214819 0.284205 0.500000
v -0.253448 0.404011 0.500000
v -0.278781 0.454144 0.500000
v -0.499983 0.049876 0.178966
v -0.499983 -0.128209 0.227362
v -0.499982 0.500000 0.307563
v -0.499982 0.500000 0.307563
v -0.499983 0.344980 0.263224
v -0.301926 0.500000 0.484353
v -0.486555 0.500000 0.319530
vt 0.247158 0.902198
vt 0.221937 0.952136
vt 0.001706 0.997813
vt 0.997317 0.997813
vt 0.805724 0.997813
vt 0.761580 0.843397
vt 0.997317 0.997813
vt 0.800130 0.982227
vt 0.983949 0.818046
vt 0.198463 0.997813
vt 0.001706 0.408212
vt 0.284278 0.675001
vt 0.173339 0.443270
vt 0.285619 0.782859
vt 0.291473 0.690139
vt 0.305389 0.721220
vt 0.677692 0.549442
vt 0.997317 0.408212
vt 0.725875 0.372051
vt 0.764696 0.338557
vt 0.997317 0.806125
vt 0.800560 0.997813
vt 0.306149 0.110303
vt 0.384016 0.128999
vt 0.441354 0.205726
vt 0.819243 0.729480
vt 0.889697 0.693851
vt 0.889697 0.798048
vt 0.660154 0.254214
vt 0.658378 0.658378
vt 0.110303 0.110303
vt 0.889697 0.110303
vt 0.889697 0.658378
vt 0.340809 0.110303
vt 0.889697 0.174453
vt 0.889697 0.889697
vt 0.340809 0.340809
vt 0.174453 0.174453
vt 0.889697 0.231719
vt 0.239443 0.110303
vt 0.739671 0.110303
vt 0.889697 0.756611
vt 0.496481 0.110303
vt 0.889697 0.186884
vt 0.739671 0.739671
vt 0.239443 0.239443
vt 0.629283 0.239184
vt 0.241862 0.110303
vt 0.362134 0.110303
vt 0.496481 0.496481
vt 0.241862 0.241862
vt 0.362308 0.241722
vt 0.362134 0.362134
vt 0.413334 0.136752
vt 0.510105 0.381892
vt 0.326820 0.175194
vt 0.201952 0.110303
vt 0.196835 0.110303
vt 0.397724 0.131460
vt 0.223319 0.125137
vt 0.243389 0.110303
vt 0.813116 0.110303
vt 0.231719 0.231719
vt 0.242843 0.110303
vn 0.0000 0.0000 1.0000
vn -1.0000 0.0000 0.0000
vn 0.0000 1.0000 0.0000
vn 0.1919 -0.9402 0.2815
vn -0.3151 -0.7187 -0.6198
vn -0.0176 -0.2622 -0.9649
vn 0.6499 0.2087 -0.7308
vn 0.6507 0.2088 -0.7301
vn 0.9102 -0.4077 -0.0729
vn 0.9023 -0.4290 -0.0415
vn 0.6511 0.2099 -0.7294
vn 0.9013 -0.4317 -0.0365
vn 0.8925 0.4510 0.0015
vn 0.8891 0.4571 0.0245
vn 0.3834 -0.9050 0.1845
vn 0.1920 -0.9402 0.2814
vn 0.1919 -0.9402 0.2814
usemtl Stone
s 1
f 269/396/135 270/397/135 257/398/135
f 258/399/136 273/400/136 275/401/136
f 236/402/137 276/403/137 277/404/137
f 270/397/135 262/405/135 257/398/135
f 257/398/135 259/406/135 265/407/135
f 259/406/135 264/408/135 265/407/135
f 257/398/135 265/407/135 268/409/135
f 265/407/135 266/410/135 268/409/135
f 266/410/135 267/411/135 268/409/135
f 268/409/135 269/396/135 257/398/135
f 275/401/136 271/412/136 260/413/136
f 271/412/136 272/414/136 260/413/136
f 272/414/136 261/415/136 260/413/136
f 260/413/136 258/399/136 275/401/136
f 277/404/137 274/416/137 236/402/137
f 236/402/137 263/417/137 276/403/137
usemtl Dirt
s off
f 255/418/138 256/419/138 254/420/138
f 249/421/139 255/422/139 238/423/139
f 249/424/140 248/425/140 239/426/140
f 239/427/141 248/428/141 250/429/141
f 243/430/142 239/431/142 250/432/142
f 239/431/143 243/433/143 240/434/143
f 239/431/144 241/435/144 254/436/144
f 253/437/145 246/438/145 247/439/145
f 254/440/146 241/441/146 242/442/146
f 252/443/147 245/444/147 246/445/147
f 252/446/148 244/447/148 245/448/148
f 256/419/149 239/449/149 254/420/149
f 254/420/150 242/450/150 237/451/150
f 237/451/151 238/452/151 254/420/151
f 238/452/138 255/418/138 254/420/138
f 239/426/140 256/453/140 249/424/140
f 256/453/140 255/454/140 249/424/140
f 251/455/142 253/456/142 250/432/142
f 253/456/142 247/457/142 250/432/142
f 247/457/142 243/430/142 250/432/142
f 239/431/144 240/458/144 241/435/144
f 253/437/145 252/459/145 246/438/145
o Neue_Welt_(10)__2547_58_-1089_to_2595_255_-1061.001_cell.040_Neue_Welt_(10)__2547_58_-1089_to_2595_255_-1061.001_cell.058
v -0.499982 0.175425 -0.124732
v -0.499982 0.229031 -0.132155
v -0.499982 0.184060 -0.134651
v -0.499982 0.070684 0.120698
v -0.499982 0.010581 0.148321
v -0.499982 -0.081467 0.173160
v -0.499982 0.044047 0.139120
v -0.499982 0.271800 -0.019414
v -0.499982 0.417722 -0.121280
v -0.332629 -0.116707 0.128942
v -0.349863 -0.130371 0.153548
v -0.447331 -0.110692 0.180281
v -0.384334 -0.145027 0.188069
v -0.320742 0.106938 -0.136512
v -0.324010 0.043290 -0.060989
v -0.354413 0.328945 -0.163260
v -0.382314 0.346270 -0.155196
v -0.458489 0.392702 -0.133230
v -0.305049 0.298110 -0.177400
v -0.308930 0.254103 -0.178865
v -0.318721 0.145999 -0.182399
v -0.499982 0.229031 -0.132155
v -0.499982 0.184060 -0.134651
v -0.499982 0.175425 -0.124732
v -0.499982 -0.081467 0.173160
v -0.499982 0.010581 0.148321
v -0.499982 0.044047 0.139120
v -0.499982 0.070684 0.120698
v -0.499982 0.271800 -0.019414
v -0.499982 0.417722 -0.121280
vt 0.375327 0.674502
vt 0.647181 0.510300
vt 0.619680 0.570169
vt 0.378764 0.915856
vt 0.367937 0.727899
vt 0.480183 0.770502
vt 0.365452 0.683103
vt 0.671912 0.418610
vt 0.638021 0.543636
vt 0.821361 0.484654
vt 0.857792 0.566892
vt 0.775070 0.612599
vt 0.814103 0.110303
vt 0.814272 0.523889
vt 0.751705 0.406626
vt 0.594769 0.594769
vt 0.629178 0.494931
vt 0.704521 0.484515
vt 0.889697 0.816966
vt 0.459382 0.459382
vt 0.889697 0.557130
vt 0.378290 0.110303
vt 0.600373 0.110303
vt 0.646391 0.377923
vt 0.378290 0.378290
vt 0.889697 0.110303
vt 0.889697 0.650450
vt 0.110303 0.110303
vt 0.665637 0.455427
vt 0.650450 0.650450
vt 0.889697 0.416305
vt 0.692265 0.692265
vt 0.129503 0.110303
vt 0.669158 0.669158
vt 0.578004 0.398339
vt 0.676252 0.388402
vt 0.889697 0.343463
vt 0.889697 0.623444
vt 0.676676 0.410807
vt 0.623444 0.623444
vt 0.889697 0.140801
vt 0.889697 0.663426
vt 0.663426 0.663426
vt 0.140801 0.140801
vt 0.588252 0.110303
vt 0.721304 0.634163
vt 0.784713 0.435490
vt 0.183034 0.110303
vt 0.337725 0.200288
vt 0.156291 0.110303
vt 0.636841 0.190252
vt 0.594769 0.110303
vt 0.889697 0.459382
vt 0.889697 0.796411
vt 0.814103 0.814103
vt 0.796411 0.796411
vt 0.600373 0.600373
vt 0.289581 0.110303
vt 0.692265 0.110303
vt 0.889697 0.669158
vt 0.416305 0.416305
vt 0.343463 0.343463
vt 0.889697 0.710419
vn -1.0000 0.0000 0.0000
vn -0.3151 -0.7187 -0.6198
vn -0.2451 0.0558 -0.9679
vn -0.2438 0.0537 -0.9683
vn -0.3145 -0.7160 -0.6233
vn 0.5026 0.4949 0.7089
vn 0.5080 0.4895 0.7087
vn 0.5086 0.4894 0.7084
vn 0.9958 -0.0869 -0.0280
vn 0.9955 -0.0891 -0.0320
vn 0.0140 0.2605 0.9654
vn 0.0253 0.2650 0.9639
vn 0.5029 0.4916 0.7109
vn -0.3152 -0.7187 -0.6198
vn -0.3154 -0.7189 -0.6195
vn 0.5050 0.4934 0.7082
vn 0.5143 0.4902 0.7037
vn 0.5382 0.5182 0.6647
vn 0.5122 0.4885 0.7064
usemtl Stone
s 1
f 301/460/152 303/461/152 305/462/152
f 307/463/152 299/464/152 306/465/152
f 299/464/152 300/466/152 301/460/152
f 306/465/152 299/464/152 301/460/152
f 301/460/152 302/467/152 303/461/152
f 303/461/152 304/468/152 305/462/152
f 301/460/152 305/462/152 306/465/152
usemtl Dirt
s off
f 288/469/153 290/470/153 289/471/153
f 279/472/154 286/473/154 295/474/154
f 293/475/155 296/476/155 297/477/155
f 278/478/156 298/479/156 291/480/156
f 285/481/157 295/482/157 286/483/157
f 285/484/158 287/485/158 294/486/158
f 287/487/159 293/488/159 294/489/159
f 292/490/160 296/491/160 287/492/160
f 297/493/161 291/494/161 298/495/161
f 289/496/162 282/497/162 283/498/162
f 282/499/163 290/500/163 284/501/163
f 284/502/164 290/503/164 288/504/164
f 289/471/153 283/505/153 287/506/153
f 283/505/165 278/507/165 292/508/165
f 278/507/166 291/509/166 292/508/166
f 292/508/153 287/506/153 283/505/153
f 287/506/153 288/469/153 289/471/153
f 295/474/154 294/510/154 279/472/154
f 294/510/154 293/511/154 279/472/154
f 297/477/155 298/512/155 280/513/155
f 280/513/155 279/514/155 297/477/155
f 279/514/155 293/475/155 297/477/155
f 278/478/156 280/515/156 298/479/156
f 294/486/167 295/516/167 285/484/167
f 285/484/168 281/517/168 287/485/168
f 287/487/159 296/518/159 293/488/159
f 292/490/160 297/519/160 296/491/160
f 297/493/161 292/520/161 291/494/161
f 282/499/163 289/521/163 290/500/163
f 288/504/169 287/485/169 284/502/169
f 287/485/170 281/522/170 284/502/170
o Neue_Welt_(10)__2547_58_-1089_to_2595_255_-1061.001_cell.041_Neue_Welt_(10)__2547_58_-1089_to_2595_255_-1061.001_cell.059
v 0.074391 0.500000 0.500000
v -0.061580 0.422755 0.108107
v 0.103405 0.321351 0.193824
v -0.045520 0.306251 0.234907
v 0.068524 0.295333 0.500000
v -0.111986 0.280416 0.500000
v -0.129428 0.279003 0.500000
v -0.256991 0.500000 0.500000
v -0.204382 0.396111 0.500000
v -0.140388 0.283267 0.500000
v -0.137528 0.278355 0.500000
v -0.143019 0.287866 0.500000
v 0.167253 0.500000 0.168611
v -0.119034 0.500000 0.140876
v -0.092893 0.500000 0.076288
v -0.256453 0.500000 0.483012
v 0.105903 0.308192 0.368003
v 0.150634 0.323941 0.209931
v -0.137528 0.278355 0.500000
v -0.129428 0.279003 0.500000
v -0.111986 0.280416 0.500000
v 0.068524 0.295333 0.500000
v 0.074391 0.500000 0.500000
v 0.074391 0.500000 0.500000
v -0.256991 0.500000 0.500000
v -0.256991 0.500000 0.500000
v -0.204382 0.396111 0.500000
v -0.143019 0.287866 0.500000
v -0.140388 0.283267 0.500000
v -0.092893 0.500000 0.076288
v -0.119034 0.500000 0.140876
v -0.256453 0.500000 0.483012
v 0.167253 0.500000 0.168611
vt 0.357102 0.786506
vt 0.359722 0.781924
vt 0.370634 0.777677
vt 0.425465 0.997813
vt 0.333010 0.667715
vt 0.618040 0.640088
vt 0.362570 0.777031
vt 0.388000 0.779084
vt 0.567717 0.793943
vt 0.573558 0.997813
vt 0.243632 0.997813
vt 0.296009 0.894329
vt 0.592014 0.575751
vt 0.754857 0.980891
vt 0.755392 0.997813
vt 0.110303 0.110303
vt 0.889697 0.110303
vt 0.889697 0.889697
vt 0.854460 0.177720
vt 0.799183 0.412580
vt 0.763166 0.364367
vt 0.253109 0.110303
vt 0.548739 0.110303
vt 0.428223 0.285319
vt 0.889697 0.581878
vt 0.437589 0.267145
vt 0.110303 0.110303
vt 0.889697 0.143208
vt 0.889697 0.746342
vt 0.746342 0.746342
vt 0.451261 0.110303
vt 0.746891 0.110303
vt 0.889697 0.110303
vt 0.852586 0.852586
vt 0.889697 0.842822
vt 0.836057 0.836057
vt 0.110303 0.110303
vt 0.308681 0.110303
vt 0.889697 0.439583
vt 0.831520 0.831520
vt 0.439583 0.439583
vt 0.797492 0.506915
vt 0.693776 0.288188
vt 0.820098 0.139674
vt 0.691319 0.110303
vt 0.581878 0.581878
vt 0.852586 0.110303
vt 0.143208 0.143208
vt 0.889697 0.836057
vt 0.889697 0.110303
vt 0.889697 0.831520
vt 0.842822 0.842822
vn 0.0000 0.0000 1.0000
vn 0.0000 1.0000 0.0000
vn -0.1086 -0.7388 -0.6651
vn 0.9625 -0.0276 0.2699
vn -0.8918 -0.4516 -0.0282
vn 0.3243 -0.2449 -0.9137
vn -0.8189 -0.4685 -0.3314
vn -0.8212 -0.4656 -0.3299
vn -0.8149 -0.4745 -0.3328
vn 0.0795 -0.9939 -0.0770
vn 0.0805 -0.9938 -0.0762
vn 0.0821 -0.9939 -0.0736
vn 0.9626 -0.0276 0.2696
vn 0.9625 -0.0275 0.2697
vn 0.3250 -0.2451 -0.9134
vn 0.3242 -0.2448 -0.9137
usemtl Stone
s 1
f 335/523/171 336/524/171 327/525/171
f 331/526/172 340/527/172 338/528/172
f 336/524/171 326/529/171 327/525/171
f 327/525/171 328/530/171 335/523/171
f 328/530/171 329/531/171 330/532/171
f 330/532/171 332/533/171 334/534/171
f 334/534/171 335/523/171 328/530/171
f 330/532/171 334/534/171 328/530/171
f 340/527/172 337/535/172 338/528/172
f 338/528/172 339/536/172 331/526/172
f 339/536/172 333/537/172 331/526/172
usemtl Dirt
s off
f 311/538/173 309/539/173 310/540/173
f 308/541/174 312/542/174 324/543/174
f 323/544/175 316/545/175 315/546/175
f 309/539/176 322/547/176 320/548/176
f 309/549/177 319/550/177 321/551/177
f 321/552/178 316/553/178 323/554/178
f 311/555/179 317/556/179 309/549/179
f 311/538/180 314/557/180 318/558/180
f 310/559/181 325/560/181 324/561/181
f 313/562/182 324/563/182 312/564/182
f 325/565/183 320/566/183 324/543/183
f 320/566/184 308/541/184 324/543/184
f 325/567/185 310/559/185 320/548/185
f 310/559/186 309/539/186 320/548/186
f 321/551/177 322/568/177 309/549/177
f 309/549/177 317/569/177 319/550/177
f 321/552/178 319/570/178 316/553/178
f 311/555/179 318/571/179 317/556/179
f 311/538/180 310/572/180 314/557/180
f 324/561/181 313/573/181 310/559/181
f 313/573/181 314/574/181 310/559/181
o Neue_Welt_(10)__2547_58_-1089_to_2595_255_-1061.001_cell.043_Neue_Welt_(10)__2547_58_-1089_to_2595_255_-1061.001_cell.048
v 0.220019 0.144565 -0.056004
v 0.091199 0.295157 0.163387
v -0.064080 0.391448 0.082833
v -0.289937 -0.091380 0.116395
v -0.048995 0.281191 0.201927
v -0.074234 -0.104983 0.041897
v 0.190012 0.097863 0.046363
v -0.106084 -0.129385 0.041380
v 0.066170 0.041748 -0.122675
v 0.043423 0.051213 -0.135512
v -0.097414 0.110210 -0.215039
v -0.205806 -0.125630 0.074812
v -0.292588 -0.115226 0.106867
v -0.125992 -0.135113 0.045221
v -0.134608 -0.071254 -0.024496
v -0.287302 -0.003393 -0.025505
v -0.282389 0.092284 -0.139033
v -0.150343 0.041831 -0.147712
v 0.187474 0.122447 0.057923
v 0.177719 0.217732 0.102438
v 0.174498 0.249446 0.117160
v 0.189862 0.244128 0.061784
v 0.224648 0.231518 -0.063642
v 0.133810 0.287964 -0.116786
v -0.120026 0.119612 -0.227733
v 0.059915 0.333767 -0.160004
v -0.127417 0.122665 -0.231859
v -0.063713 0.410373 -0.231931
v -0.157934 0.463801 -0.205244
v -0.185723 0.479554 -0.197299
v -0.210838 0.427490 -0.193939
v -0.266944 0.279794 -0.188010
v -0.263469 0.315872 -0.186883
v -0.158899 0.112440 -0.224501
v -0.280030 0.137875 -0.192592
vt 0.110303 0.110303
vt 0.889697 0.110303
vt 0.889697 0.889697
vt 0.110303 0.110303
vt 0.889697 0.110303
vt 0.889697 0.327413
vt 0.223444 0.110303
vt 0.889697 0.110303
vt 0.889697 0.776556
vt 0.374024 0.110303
vt 0.889697 0.889697
vt 0.445402 0.347606
vt 0.889697 0.184834
vt 0.546041 0.146385
vt 0.807775 0.237081
vt 0.439622 0.230155
vt 0.110303 0.110303
vt 0.277456 0.110303
vt 0.475256 0.236245
vt 0.509625 0.110303
vt 0.680108 0.384807
vt 0.184834 0.184834
vt 0.644717 0.110303
vt 0.133214 0.133214
vt 0.138602 0.110303
vt 0.340630 0.186637
vt 0.298729 0.110303
vt 0.375889 0.115618
vt 0.861398 0.110303
vt 0.889697 0.162215
vt 0.646516 0.420022
vt 0.162215 0.162215
vt 0.889697 0.501532
vt 0.387441 0.387441
vt 0.889697 0.764657
vt 0.659075 0.659075
vt 0.649368 0.590640
vt 0.703559 0.110303
vt 0.889697 0.313358
vt 0.889697 0.664292
vt 0.692970 0.419185
vt 0.313358 0.313358
vt 0.705284 0.303552
vt 0.889697 0.427126
vt 0.889697 0.666660
vt 0.592886 0.400612
vt 0.889697 0.632746
vt 0.889697 0.659075
vt 0.666660 0.666660
vt 0.453255 0.110303
vt 0.889697 0.670694
vt 0.597786 0.455377
vt 0.889697 0.110303
vt 0.670694 0.670694
vt 0.889697 0.632928
vt 0.438351 0.438351
vt 0.889697 0.296441
vt 0.889697 0.889697
vt 0.708999 0.110303
vt 0.701985 0.701985
vt 0.422445 0.320492
vt 0.714684 0.462196
vt 0.764657 0.764657
vt 0.244675 0.244675
vt 0.110303 0.110303
vt 0.841067 0.815819
vt 0.374024 0.374024
vt 0.831586 0.118954
vt 0.778854 0.367985
vt 0.150569 0.110303
vt 0.130867 0.110303
vt 0.554047 0.286264
vt 0.506468 0.294778
vt 0.360265 0.318045
vt 0.327414 0.327414
vt 0.889697 0.722544
vt 0.133214 0.110303
vt 0.509625 0.509625
vt 0.889697 0.387441
vt 0.584643 0.428042
vt 0.355283 0.110303
vt 0.378440 0.378440
vt 0.298729 0.298729
vt 0.889697 0.310112
vt 0.632746 0.632746
vt 0.788760 0.241295
vt 0.889697 0.244675
vt 0.308216 0.308216
vt 0.110303 0.110303
vt 0.664292 0.664292
vt 0.409652 0.234811
vt 0.516307 0.255294
vt 0.437034 0.218951
vt 0.456524 0.227867
vt 0.427126 0.427126
vt 0.480952 0.397963
vt 0.889697 0.438352
vt 0.889697 0.110303
vt 0.707842 0.116101
vt 0.320853 0.158213
vt 0.291001 0.110303
vt 0.889697 0.546745
vt 0.367072 0.110303
vt 0.889697 0.308216
vn 0.1102 0.7363 0.6677
vn -0.7863 0.4005 0.4704
vn 0.6010 -0.7789 -0.1792
vn 0.5998 -0.7790 -0.1828
vn 0.4546 -0.1068 -0.8843
vn -0.3153 -0.7188 -0.6196
vn 0.9625 -0.0276 0.2697
vn 0.4544 -0.1019 -0.8850
vn 0.4531 -0.1005 -0.8858
vn -0.2451 0.0558 -0.9679
vn -0.2438 0.0537 -0.9683
vn -0.3145 -0.7160 -0.6233
vn 0.2804 -0.3846 0.8795
vn -0.9947 0.0946 0.0402
vn -0.9953 0.0907 0.0334
vn 0.0781 -0.7295 -0.6795
vn 0.0791 -0.7302 -0.6786
vn 0.5044 0.8618 0.0532
vn 0.5045 0.8615 0.0572
vn 0.2802 -0.3806 0.8813
vn -0.7868 0.4007 0.4694
vn -0.7835 0.4082 0.4686
vn 0.5038 0.8622 0.0524
vn 0.2793 -0.3828 0.8806
vn -0.3151 -0.7189 -0.6196
vn -0.3151 -0.7187 -0.6198
vn -0.3154 -0.7189 -0.6195
vn 0.9626 -0.0275 0.2697
vn 0.9626 -0.0274 0.2696
vn 0.9626 -0.0275 0.2696
vn -0.9947 0.0945 0.0402
vn 0.2794 -0.3828 0.8806
vn 0.2793 -0.3829 0.8805
usemtl Dirt
s off
f 342/575/187 343/576/187 345/577/187
f 343/578/188 344/579/188 345/577/188
f 347/580/189 346/581/189 341/582/189
f 346/583/190 349/584/190 341/582/190
f 341/585/191 350/586/191 351/587/191
f 355/588/192 352/589/192 356/590/192
f 341/591/193 363/592/193 362/593/193
f 366/594/194 364/595/194 351/596/194
f 368/597/195 365/598/195 367/599/195
f 370/600/196 369/601/196 371/602/196
f 367/603/197 374/604/197 372/605/197
f 374/606/198 357/607/198 375/608/198
f 352/609/199 354/610/199 346/611/199
f 373/612/200 372/613/200 356/614/200
f 357/615/201 372/616/201 375/617/201
f 350/618/202 355/619/202 358/620/202
f 348/621/203 354/622/203 355/623/203
f 364/624/204 362/625/204 363/626/204
f 342/627/205 362/628/205 343/578/205
f 342/575/206 360/629/206 361/630/206
f 343/578/207 373/631/207 344/632/207
f 370/633/208 371/634/208 343/578/208
f 368/635/209 343/576/209 366/636/209
f 352/637/210 359/638/210 345/639/210
f 346/583/190 348/640/190 349/584/190
f 341/585/191 349/641/191 350/586/191
f 355/588/211 354/642/211 352/589/211
f 352/589/212 353/643/212 356/590/212
f 356/590/213 357/644/213 358/645/213
f 358/645/213 355/588/213 356/590/213
f 362/593/214 361/646/214 360/647/214
f 360/647/214 359/648/214 362/593/214
f 359/648/215 347/649/215 341/591/215
f 362/593/216 359/648/216 341/591/216
f 363/650/194 341/585/194 364/595/194
f 341/585/194 351/596/194 364/595/194
f 351/596/194 365/651/194 366/594/194
f 368/597/195 366/652/195 365/598/195
f 374/604/197 375/653/197 372/605/197
f 372/605/197 373/654/197 368/655/197
f 373/654/197 371/656/197 368/655/197
f 371/656/197 369/657/197 368/655/197
f 368/655/197 367/603/197 372/605/197
f 374/606/198 358/658/198 357/607/198
f 354/610/199 348/659/199 346/611/199
f 346/611/199 347/660/199 359/661/199
f 359/661/199 352/609/199 346/611/199
f 356/614/217 353/662/217 344/663/217
f 344/663/217 373/612/217 356/614/217
f 357/615/201 356/664/201 372/616/201
f 358/620/202 374/665/202 351/666/202
f 374/665/202 367/667/202 365/668/202
f 351/666/202 374/665/202 365/668/202
f 351/666/202 350/618/202 358/620/202
f 350/669/203 349/670/203 355/623/203
f 349/670/203 348/621/203 355/623/203
f 364/624/204 343/576/204 362/625/204
f 342/627/205 361/671/205 362/628/205
f 342/575/206 345/672/206 360/629/206
f 343/578/207 371/673/207 373/631/207
f 368/635/209 369/674/209 343/576/209
f 369/674/209 370/675/209 343/576/209
f 343/576/209 364/676/209 366/636/209
f 360/677/210 345/639/210 359/638/210
f 345/639/218 344/579/218 352/637/218
f 344/579/219 353/678/219 352/637/219
o Neue_Welt_(10)__2547_58_-1089_to_2595_255_-1061.001_cell.044_Neue_Welt_(10)__2547_58_-1089_to_2595_255_-1061.001_cell.049
v -0.012511 -0.010834 -0.156771
v -0.043409 -0.048602 -0.097213
v 0.009408 0.003815 -0.147272
v -0.053858 0.030144 -0.182976
v -0.050670 0.003747 -0.154263
vt 0.325910 0.325910
vt 0.110303 0.110303
vt 0.183771 0.110303
vt 0.382322 0.110303
vt 0.183771 0.183771
vt 0.320123 0.110752
vt 0.115996 0.110303
vt 0.889697 0.165620
vt 0.617678 0.110303
vt 0.889697 0.110303
vt 0.570776 0.157884
vt 0.587252 0.255547
vt 0.549521 0.115451
vt 0.655344 0.329922
vn 0.5998 -0.7790 -0.1828
vn 0.4546 -0.1068 -0.8843
vn -0.3154 -0.7189 -0.6195
vn -0.3145 -0.7160 -0.6233
vn -0.0799 0.7294 0.6794
usemtl Dirt
s off
f 377/679/220 376/680/220 378/681/220
f 376/680/221 379/682/221 378/683/221
f 377/684/222 380/685/222 376/680/222
f 380/686/223 379/687/223 376/688/223
f 378/689/224 380/690/224 377/691/224
f 378/689/224 379/692/224 380/690/224
o Neue_Welt_(10)__2547_58_-1089_to_2595_255_-1061.001_cell.045_Neue_Welt_(10)__2547_58_-1089_to_2595_255_-1061.001_cell.050
v 0.238944 0.500000 -0.087224
v 0.199590 0.500000 -0.107431
v -0.105194 0.500000 -0.216513
v -0.043868 0.500000 -0.231954
v 0.142083 0.312236 0.166611
v -0.066421 0.440394 0.058341
v 0.178401 0.500000 0.128828
v -0.058230 0.500000 0.045256
v -0.090880 0.500000 0.033685
v -0.148423 0.500000 -0.130668
v -0.140286 0.500000 -0.207627
v 0.187057 0.291356 0.076623
v 0.227059 0.276792 -0.067619
v 0.160712 0.313362 0.172884
v 0.165804 0.299187 0.153266
v 0.085657 0.364404 -0.150315
v 0.126514 0.339048 -0.126415
v -0.054621 0.451435 -0.231942
v -0.121066 0.489106 -0.213122
v 0.238944 0.500000 -0.087224
v 0.199590 0.500000 -0.107431
v -0.043868 0.500000 -0.231954
v -0.105194 0.500000 -0.216513
v -0.090880 0.500000 0.033685
v -0.058230 0.500000 0.045256
v 0.178401 0.500000 0.128828
v -0.140286 0.500000 -0.207627
v -0.148423 0.500000 -0.130668
vt 0.647300 0.369601
vt 0.557504 0.544840
vt 0.543204 0.268710
vt 0.590010 0.533314
vt 0.321911 0.628086
vt 0.300815 0.392747
vt 0.261634 0.412876
vt 0.604261 0.284090
vt 0.639199 0.292942
vt 0.815973 0.135107
vt 0.661344 0.278136
vt 0.552741 0.227843
vt 0.889697 0.206429
vt 0.657739 0.262142
vt 0.801806 0.110303
vt 0.802382 0.110303
vt 0.563475 0.563475
vt 0.716950 0.110303
vt 0.219264 0.110303
vt 0.243179 0.110303
vt 0.272160 0.163096
vt 0.219264 0.219264
vt 0.283050 0.110303
vt 0.243179 0.243179
vt 0.209294 0.209294
vt 0.110303 0.110303
vt 0.236164 0.110303
vt 0.889697 0.666186
vt 0.236164 0.236164
vt 0.666186 0.666186
vt 0.533270 0.110303
vt 0.753805 0.440577
vt 0.889697 0.110303
vt 0.889697 0.535187
vt 0.456481 0.110303
vt 0.110303 0.110303
vt 0.889697 0.726488
vt 0.535187 0.535187
vt 0.365384 0.267609
vt 0.437942 0.224611
vt 0.456481 0.456481
vt 0.889697 0.110303
vt 0.494819 0.279465
vt 0.273512 0.110303
vt 0.634408 0.277444
vt 0.364489 0.110303
vt 0.793571 0.110303
vt 0.889697 0.635511
vt 0.563475 0.110303
vt 0.801806 0.801806
vt 0.197618 0.110303
vt 0.787642 0.411896
vt 0.889697 0.466730
vt 0.889697 0.889697
vt 0.344478 0.280164
vt 0.889697 0.209294
vn 0.0000 1.0000 0.0000
vn 0.9625 -0.0276 0.2697
vn 0.4544 -0.1019 -0.8850
vn 0.4531 -0.1005 -0.8858
vn -0.2451 0.0558 -0.9679
vn -0.2438 0.0537 -0.9683
vn -0.1378 -0.8195 0.5563
vn -0.5034 -0.8625 -0.0515
vn -0.5033 -0.8625 -0.0525
vn -0.9155 -0.2431 0.3205
vn -0.3239 0.2451 0.9138
vn -0.5039 -0.8621 -0.0533
vn -0.3228 0.2463 0.9139
vn -0.3226 0.2463 0.9139
usemtl Stone
s 1
f 408/693/225 405/694/225 402/695/225
f 408/693/225 404/696/225 405/694/225
f 405/694/225 406/697/225 401/698/225
f 406/697/225 400/699/225 401/698/225
f 401/698/225 402/695/225 405/694/225
f 402/695/225 403/700/225 408/693/225
f 403/700/225 407/701/225 408/693/225
usemtl Dirt
s off
f 387/702/226 394/703/226 392/704/226
f 381/705/227 397/706/227 382/707/227
f 384/708/228 396/709/228 398/710/228
f 383/711/229 399/712/229 391/713/229
f 383/714/230 398/715/230 399/716/230
f 394/717/231 385/718/231 395/719/231
f 385/718/232 392/720/232 395/721/232
f 392/722/233 397/723/233 393/724/233
f 386/725/234 389/726/234 390/727/234
f 386/728/235 388/729/235 389/730/235
f 399/731/236 398/732/236 390/733/236
f 385/734/237 387/735/237 388/736/237
f 394/703/226 395/737/226 392/704/226
f 392/704/226 393/738/226 381/739/226
f 381/739/226 387/702/226 392/704/226
f 393/740/227 397/706/227 381/705/227
f 397/706/227 396/741/227 382/707/227
f 384/708/228 382/742/228 396/709/228
f 383/714/230 384/743/230 398/715/230
f 385/718/232 386/725/232 392/720/232
f 392/722/233 386/728/233 397/723/233
f 386/728/235 385/734/235 388/729/235
f 398/732/236 396/744/236 390/733/236
f 396/744/236 397/745/236 386/746/236
f 390/733/236 396/744/236 386/746/236
f 390/733/236 391/747/236 399/731/236
f 385/734/238 394/748/238 387/735/238
o Neue_Welt_(10)__2547_58_-1089_to_2595_255_-1061.001_cell.046_Neue_Welt_(10)__2547_58_-1089_to_2595_255_-1061.001_cell.054
v 0.112298 -0.023089 0.311478
v 0.029431 0.016179 0.500000
v 0.060705 0.022617 0.500000
v 0.129806 0.283034 0.192174
v -0.048624 0.265319 0.240541
v -0.298411 -0.121378 0.151826
v -0.101691 -0.135531 0.082602
v 0.177956 0.079100 0.087490
v -0.279012 -0.046793 0.500000
v 0.067367 0.255001 0.500000
v -0.138321 0.238430 0.500000
v -0.152918 0.216911 0.500000
v -0.227268 -0.151330 0.115524
v -0.159205 -0.142794 0.097634
v -0.114649 -0.137189 0.085979
v -0.332165 -0.136292 0.237260
v -0.329107 -0.148794 0.193416
v -0.322436 -0.119188 0.287751
v -0.322379 -0.152039 0.177992
v -0.316047 -0.154749 0.164625
v -0.300632 -0.142928 0.143080
v 0.174859 0.109340 0.101620
v 0.163348 0.221300 0.154099
v 0.158502 0.267184 0.176066
v 0.101845 0.267002 0.378298
v 0.140010 0.280145 0.243395
v 0.152353 0.284283 0.199754
v 0.029431 0.016179 0.500000
v 0.060705 0.022617 0.500000
v -0.152918 0.216911 0.500000
v -0.279012 -0.046793 0.500000
v 0.067367 0.255001 0.500000
v -0.138321 0.238430 0.500000
vt 0.361780 0.737262
vt 0.528797 0.515876
vt 0.566566 0.753769
vt 0.347248 0.715827
vt 0.221707 0.453149
vt 0.559933 0.522289
vt 0.184493 0.184493
vt 0.889697 0.414639
vt 0.889697 0.889697
vt 0.524916 0.120279
vt 0.705767 0.111146
vt 0.498711 0.171717
vt 0.889697 0.298929
vt 0.889697 0.461412
vt 0.858105 0.417923
vt 0.889697 0.110303
vt 0.809971 0.809971
vt 0.153816 0.153816
vt 0.692293 0.346935
vt 0.579211 0.342780
vt 0.889697 0.457212
vt 0.454061 0.110303
vt 0.889697 0.110303
vt 0.457212 0.457212
vt 0.853179 0.110303
vt 0.803845 0.470514
vt 0.306164 0.197010
vt 0.725012 0.110303
vt 0.324889 0.222138
vt 0.889697 0.220789
vt 0.748947 0.110303
vt 0.889697 0.110303
vt 0.110303 0.110303
vt 0.889697 0.545939
vt 0.220789 0.220789
vt 0.889697 0.399943
vt 0.889697 0.889697
vt 0.758221 0.110303
vt 0.274988 0.110303
vt 0.889697 0.110303
vt 0.243295 0.208559
vt 0.704651 0.110303
vt 0.889697 0.271350
vt 0.856119 0.856119
vt 0.164411 0.164411
vt 0.801964 0.396845
vt 0.854646 0.854646
vt 0.271350 0.271350
vt 0.709749 0.217222
vt 0.889697 0.295349
vt 0.889697 0.889697
vt 0.625953 0.625953
vt 0.889697 0.390092
vt 0.110303 0.110303
vt 0.609908 0.110303
vt 0.889697 0.164411
vt 0.538588 0.110303
vt 0.817952 0.133737
vt 0.510231 0.222799
vt 0.889697 0.153816
vt 0.889697 0.809971
vt 0.561757 0.440142
vt 0.510454 0.131797
vt 0.184493 0.110303
vt 0.889697 0.725528
vt 0.788290 0.458862
vt 0.725528 0.725528
vt 0.757221 0.415616
vt 0.414639 0.414639
vt 0.447291 0.397740
vt 0.631181 0.318785
vt 0.662153 0.318575
vt 0.110303 0.110303
vt 0.241779 0.110303
vt 0.729414 0.211100
vt 0.251053 0.110303
vt 0.889697 0.209045
vt 0.399943 0.399943
vt 0.625953 0.110303
vt 0.889697 0.856119
vt 0.889697 0.146821
vn 0.0000 0.0000 1.0000
vn 0.6010 -0.7789 -0.1792
vn 0.1919 -0.9402 0.2815
vn -0.3151 -0.7187 -0.6198
vn 0.1935 -0.9400 0.2809
vn 0.9626 -0.0274 0.2696
vn -0.0793 0.9941 0.0744
vn -0.0801 0.9939 0.0753
vn -0.2786 0.3830 -0.8807
vn 0.1412 0.8197 -0.5551
vn -0.0792 0.9943 0.0719
vn -0.2768 0.3910 -0.8778
vn -0.2792 0.3839 -0.8802
vn -0.2854 0.3855 -0.8774
vn -0.8988 0.4376 0.0250
vn -0.9015 0.4311 0.0374
vn -0.8470 0.2725 -0.4565
vn -0.8513 0.2955 -0.4335
vn -0.7969 0.5640 -0.2164
vn 0.1919 -0.9402 0.2814
vn 0.9625 -0.0276 0.2699
vn 0.9624 -0.0275 0.2701
vn -0.2795 0.3839 -0.8801
vn -0.2854 0.3856 -0.8774
vn -0.7970 0.5644 -0.2150
vn -0.8069 0.5473 -0.2222
vn -0.7967 0.5643 -0.2163
usemtl Stone
s 1
f 441/749/239 436/750/239 440/751/239
f 441/749/239 438/752/239 436/750/239
f 438/752/239 439/753/239 436/750/239
f 436/750/239 437/754/239 440/751/239
usemtl Dirt
s off
f 415/755/240 416/756/240 409/757/240
f 427/758/241 421/759/241 424/760/241
f 421/761/242 428/762/242 429/763/242
f 409/764/243 410/765/243 423/766/243
f 434/767/244 409/757/244 431/768/244
f 433/769/245 434/770/245 413/771/245
f 433/772/246 419/773/246 418/774/246
f 423/775/247 430/776/247 415/777/247
f 435/778/248 432/779/248 412/780/248
f 412/781/249 434/782/249 435/783/249
f 412/781/250 431/784/250 413/785/250
f 422/786/251 413/785/251 430/787/251
f 414/788/252 421/789/252 429/790/252
f 426/791/253 420/792/253 424/793/253
f 417/794/254 420/795/254 426/796/254
f 428/797/255 414/788/255 429/798/255
f 414/799/256 427/800/256 425/801/256
f 414/802/257 425/803/257 424/804/257
f 427/758/241 428/805/241 421/759/241
f 421/759/241 422/806/241 426/807/241
f 422/806/241 423/808/241 410/809/241
f 426/807/241 422/806/241 410/809/241
f 410/809/258 417/810/258 426/807/258
f 426/807/241 424/760/241 421/759/241
f 424/760/241 425/811/241 427/758/241
f 423/766/243 415/812/243 409/764/243
f 409/764/243 411/813/243 410/765/243
f 418/814/259 411/815/259 433/816/259
f 411/815/260 409/757/260 433/816/260
f 409/757/244 416/817/244 430/818/244
f 430/818/244 431/768/244 409/757/244
f 431/768/244 432/819/244 434/767/244
f 432/819/244 435/820/244 434/767/244
f 434/767/244 433/816/244 409/757/244
f 433/772/246 413/821/246 419/773/246
f 422/822/247 430/776/247 423/775/247
f 430/776/247 416/823/247 415/777/247
f 412/781/249 413/771/249 434/782/249
f 412/781/250 432/824/250 431/784/250
f 421/825/261 413/785/261 422/786/261
f 413/785/251 431/826/251 430/787/251
f 414/788/262 413/785/262 421/789/262
f 428/797/255 427/827/255 414/788/255
f 424/804/263 420/828/263 413/785/263
f 420/828/264 419/829/264 413/785/264
f 413/785/265 414/802/265 424/804/265
o Neue_Welt_(10)__2547_58_-1089_to_2595_255_-1061.001_cell.047_Neue_Welt_(10)__2547_58_-1089_to_2595_255_-1061.001_cell.055
v -0.499982 0.500000 -0.116539
v -0.358201 -0.113728 0.204118
v -0.167722 0.260272 0.480222
v -0.314294 -0.074990 0.145801
v -0.081253 0.285841 0.229259
v -0.100144 0.427376 0.075788
v -0.499982 0.118510 0.144245
v -0.499982 0.492872 -0.116949
v -0.499982 0.377447 -0.036505
v -0.499982 0.500000 0.253621
v -0.129523 0.500000 0.046043
v -0.136787 0.500000 0.064127
v -0.200485 0.500000 -0.154800
v -0.219934 0.500000 -0.187457
v -0.152860 0.500000 0.104050
v -0.289359 0.500000 0.441193
v -0.317793 0.500000 0.415994
v -0.275383 0.383188 -0.180147
v -0.269646 0.394759 -0.180933
v -0.294811 0.366691 -0.176171
v -0.286168 0.361399 -0.178641
v -0.499982 0.118510 0.144245
v -0.499982 0.500000 0.253621
v -0.499982 0.500000 0.253621
v -0.499982 0.500000 -0.116539
v -0.499982 0.500000 -0.116539
v -0.499982 0.492872 -0.116949
v -0.499982 0.377447 -0.036505
v -0.289359 0.500000 0.441193
v -0.152860 0.500000 0.104050
v -0.136787 0.500000 0.064127
v -0.129523 0.500000 0.046043
v -0.200485 0.500000 -0.154800
v -0.219934 0.500000 -0.187457
v -0.317793 0.500000 0.415994
vt 0.383485 0.997813
vt 0.383076 0.990713
vt 0.463167 0.875737
vt 0.635716 0.563637
vt 0.699134 0.345563
vt 0.997317 0.383675
vt 0.643123 0.617809
vt 0.752019 0.997813
vt 0.815927 0.914135
vt 0.787619 0.939236
vt 0.651718 0.603405
vt 0.628483 0.545624
vt 0.718498 0.313033
vt 0.997317 0.752394
vt 0.110303 0.110303
vt 0.889697 0.110303
vt 0.889697 0.889697
vt 0.110303 0.110303
vt 0.889697 0.110303
vt 0.110303 0.110303
vt 0.889697 0.110303
vt 0.814346 0.704231
vt 0.392217 0.282920
vt 0.467056 0.127034
vt 0.508617 0.508617
vt 0.475692 0.475692
vt 0.516125 0.486284
vt 0.110303 0.110303
vt 0.889697 0.720606
vt 0.702035 0.702035
vt 0.686840 0.110303
vt 0.720606 0.720606
vt 0.110303 0.110303
vt 0.501140 0.315803
vt 0.889697 0.110303
vt 0.889697 0.702035
vt 0.686840 0.686840
vt 0.685668 0.110303
vt 0.889697 0.755141
vt 0.243917 0.110303
vt 0.755141 0.755141
vt 0.889697 0.742118
vt 0.742118 0.742118
vt 0.889697 0.110303
vt 0.889697 0.571811
vt 0.612611 0.110303
vt 0.571811 0.571811
vt 0.889697 0.705570
vt 0.889697 0.168582
vt 0.889697 0.889697
vt 0.168582 0.168582
vt 0.889697 0.314332
vt 0.475692 0.110303
vt 0.508617 0.110303
vt 0.814339 0.688607
vt 0.829975 0.210935
vt 0.294430 0.110303
vt 0.703706 0.687016
vt 0.612611 0.612611
vt 0.756083 0.110303
vt 0.771740 0.168716
vn -1.0000 0.0000 0.0000
vn 0.0000 1.0000 0.0000
vn 0.7964 -0.5645 0.2169
vn 0.7935 -0.5671 0.2207
vn 0.7882 -0.4010 -0.4669
vn -0.2451 0.0558 -0.9679
vn -0.2438 0.0537 -0.9683
vn -0.5047 -0.4939 -0.7081
vn -0.5072 -0.4928 -0.7071
vn 0.7673 -0.4137 -0.4899
vn -0.5090 -0.4927 -0.7058
vn 0.8185 0.4693 0.3314
vn 0.8201 0.4673 0.3302
vn 0.8206 0.4669 0.3296
vn 0.9158 0.2379 -0.3236
vn 0.7871 -0.4009 -0.4688
vn -0.6485 -0.2099 0.7317
vn -0.6508 -0.2091 0.7299
vn -0.2456 0.0561 -0.9677
vn -0.2452 0.0556 -0.9679
vn -0.6506 -0.2093 0.7300
usemtl Stone
s 1
f 466/830/266 449/831/266 469/832/266
f 472/833/267 474/834/267 467/835/267
f 469/832/266 463/836/266 464/837/266
f 464/837/266 466/830/266 469/832/266
f 476/838/267 470/839/267 471/840/267
f 471/840/267 472/833/267 467/835/267
f 472/833/267 473/841/267 474/834/267
f 474/834/267 475/842/267 467/835/267
f 467/835/267 465/843/267 471/840/267
f 465/843/267 476/838/267 471/840/267
usemtl Dirt
s off
f 446/844/268 444/845/268 445/846/268
f 444/847/269 443/848/269 445/846/269
f 447/849/270 446/850/270 445/846/270
f 442/851/271 455/852/271 460/853/271
f 461/854/272 459/855/272 462/856/272
f 445/857/273 461/858/273 462/859/273
f 450/860/274 461/861/274 443/862/274
f 459/863/275 445/864/275 462/865/275
f 450/866/276 443/862/276 448/867/276
f 444/845/277 456/868/277 457/869/277
f 456/870/278 446/850/278 453/871/278
f 453/872/279 447/873/279 452/874/279
f 447/849/280 454/875/280 452/876/280
f 447/849/281 445/864/281 460/877/281
f 444/847/282 458/878/282 443/879/282
f 458/880/283 448/881/283 443/879/283
f 459/882/284 461/883/284 460/853/284
f 461/883/285 468/884/285 460/853/285
f 468/884/271 442/851/271 460/853/271
f 445/857/273 443/848/273 461/858/273
f 450/860/274 468/885/274 461/861/274
f 459/863/275 460/886/275 445/864/275
f 456/870/278 444/847/278 446/850/278
f 453/872/279 446/844/279 447/873/279
f 460/877/281 455/887/281 454/888/281
f 454/888/281 447/849/281 460/877/281
f 444/847/282 457/889/282 458/878/282
f 458/880/286 451/890/286 448/881/286
o Neue_Welt_(10)__2547_58_-1089_to_2595_255_-1061.001_cell.031_ce_Neue_Welt_(10)__2547_58_-1089_to_2595_255_-1061.001_cell.065
v -0.206516 -0.500000 -0.010397
v -0.233069 -0.500000 -0.025353
v -0.286409 -0.500000 0.034571
v -0.173425 -0.500000 -0.049193
v -0.152616 -0.500000 -0.040800
v -0.178522 -0.500000 -0.049772
v -0.208036 -0.500000 -0.052705
v -0.261925 -0.450392 0.033769
v -0.151102 -0.492928 -0.039813
v -0.253514 -0.433469 0.033429
v -0.241829 -0.411986 0.032428
v -0.173425 -0.500000 -0.049193
v -0.152616 -0.500000 -0.040800
v -0.206516 -0.500000 -0.010397
v -0.286409 -0.500000 0.034571
v -0.233069 -0.500000 -0.025353
v -0.208036 -0.500000 -0.052705
v -0.178522 -0.500000 -0.049772
vt 0.706653 0.447260
vt 0.677268 0.450182
vt 0.705139 0.489404
vt 0.672193 0.450758
vt 0.651475 0.459119
vt 0.784681 0.534196
vt 0.731576 0.474506
vt 0.327771 0.110303
vt 0.375494 0.266382
vt 0.219528 0.110303
vt 0.406469 0.291797
vt 0.362483 0.312764
vt 0.219528 0.219528
vt 0.785873 0.110303
vt 0.683258 0.143820
vt 0.648259 0.110303
vt 0.889697 0.214127
vt 0.336879 0.336879
vt 0.132953 0.132953
vt 0.829826 0.110303
vt 0.889697 0.336879
vt 0.771896 0.110303
vt 0.233757 0.110303
vt 0.377880 0.252288
vt 0.181938 0.110303
vt 0.766243 0.110303
vt 0.818062 0.110303
vt 0.889697 0.170174
vt 0.327771 0.327771
vt 0.215163 0.117045
vt 0.235026 0.119460
vt 0.785859 0.241647
vt 0.889697 0.351741
vt 0.889697 0.132953
vn 0.0000 -1.0000 0.0000
vn 0.4782 -0.2223 0.8496
vn 0.4791 -0.2211 0.8494
vn -0.7033 0.3370 -0.6260
vn -0.6919 0.3469 -0.6332
vn 0.0725 0.7081 -0.7024
vn 0.3736 0.0493 -0.9263
vn 0.0813 0.6932 -0.7161
vn 0.0699 0.7073 -0.7035
usemtl Stone
s 1
f 493/891/287 494/892/287 490/893/287
f 494/892/287 488/894/287 490/893/287
f 488/894/287 489/895/287 490/893/287
f 490/893/287 491/896/287 492/897/287
f 493/891/287 490/893/287 492/897/287
usemtl Dirt
s off
f 484/898/288 479/899/288 477/900/288
f 487/901/289 486/902/289 477/903/289
f 478/904/290 484/905/290 486/906/290
f 478/907/291 487/908/291 483/909/291
f 482/910/292 487/911/292 485/912/292
f 485/913/293 481/914/293 480/915/293
f 485/916/294 480/917/294 482/918/294
f 486/902/289 484/919/289 477/903/289
f 477/903/289 481/920/289 485/921/289
f 485/921/289 487/901/289 477/903/289
f 478/904/290 479/922/290 484/905/290
f 478/907/291 486/923/291 487/908/291
f 482/910/295 483/924/295 487/911/295
o Neue_Welt_(10)__2547_58_-1089_to_2595_255_-1061.001_cell.048_Neue_Welt_(10)__2547_58_-1089_to_2595_255_-1061.001_cell.066
v 0.072652 -0.337527 -0.500000
v 0.081025 -0.276250 -0.500000
v -0.185886 0.042533 -0.500000
v -0.098019 -0.500000 -0.159785
v -0.368322 -0.375099 -0.240007
v -0.289774 0.079501 -0.360323
v 0.016286 -0.500000 -0.500000
v -0.274771 -0.500000 -0.500000
v 0.064640 -0.394349 -0.500000
v -0.236903 0.051087 -0.500000
v -0.377480 -0.500000 -0.238278
v 0.023384 -0.500000 -0.439309
v -0.134392 -0.500000 -0.076435
v -0.177962 -0.500000 -0.094153
v -0.208875 -0.500000 -0.110601
v -0.031301 -0.035768 -0.182309
v -0.026963 -0.040707 -0.178805
v -0.179057 0.048021 -0.461404
v -0.156377 0.035414 -0.420394
v -0.030017 -0.035172 -0.192896
v -0.024661 -0.038176 -0.183288
v -0.280670 0.078416 -0.383704
v -0.029010 -0.047091 -0.176113
v -0.132923 -0.485656 -0.075308
v 0.081025 -0.276250 -0.500000
v 0.072652 -0.337527 -0.500000
v -0.185886 0.042533 -0.500000
v -0.236903 0.051087 -0.500000
v 0.064640 -0.394349 -0.500000
v 0.016286 -0.500000 -0.500000
v 0.016286 -0.500000 -0.500000
v -0.274771 -0.500000 -0.500000
v -0.274771 -0.500000 -0.500000
v -0.377480 -0.500000 -0.238278
v 0.023384 -0.500000 -0.439309
v -0.098019 -0.500000 -0.159785
v -0.134392 -0.500000 -0.076435
v -0.177962 -0.500000 -0.094153
v -0.208875 -0.500000 -0.110601
vt 0.435172 0.106947
vt 0.483314 0.001707
vt 0.773094 0.001707
vt 0.707487 0.389590
vt 0.597118 0.340597
vt 0.676710 0.405973
vt 0.735392 0.550649
vt 0.684599 0.542127
vt 0.418860 0.224585
vt 0.427195 0.163547
vt 0.875352 0.262410
vt 0.773093 0.001707
vt 0.483314 0.001707
vt 0.476248 0.062162
vt 0.633331 0.423623
vt 0.130512 0.130512
vt 0.124414 0.110303
vt 0.155685 0.116500
vt 0.884279 0.110303
vt 0.889276 0.110303
vt 0.889072 0.119424
vt 0.860415 0.228855
vt 0.880927 0.840011
vt 0.216226 0.216226
vt 0.346523 0.346523
vt 0.333365 0.226837
vt 0.614598 0.483270
vt 0.450627 0.284759
vt 0.889697 0.188809
vt 0.889697 0.724613
vt 0.275387 0.110303
vt 0.889697 0.216226
vt 0.857104 0.851193
vt 0.206177 0.206177
vt 0.357482 0.110303
vt 0.525340 0.364999
vt 0.151661 0.151661
vt 0.163596 0.110303
vt 0.272808 0.110303
vt 0.889697 0.151661
vt 0.889697 0.889697
vt 0.333298 0.333298
vt 0.852546 0.706561
vt 0.263506 0.137190
vt 0.110303 0.110303
vt 0.889697 0.889697
vt 0.130512 0.110303
vt 0.889697 0.642518
vt 0.889697 0.861616
vt 0.889697 0.889697
vt 0.863234 0.863234
vt 0.801904 0.711644
vt 0.889697 0.727192
vt 0.889697 0.836404
vt 0.732511 0.234464
vt 0.818996 0.234454
vt 0.819040 0.496422
vt 0.889212 0.889212
vt 0.889697 0.243986
vt 0.889697 0.222758
vt 0.243986 0.243986
vt 0.702801 0.188965
vt 0.888886 0.888886
vt 0.863604 0.860776
vt 0.644220 0.118449
vt 0.638569 0.110303
vt 0.811191 0.110303
vt 0.110303 0.110303
vt 0.889697 0.863234
vt 0.110303 0.110303
vt 0.889697 0.110303
vt 0.889697 0.333299
vt 0.889697 0.206177
vn 0.0000 0.0000 -1.0000
vn 0.0000 -1.0000 0.0000
vn 0.3518 0.9312 0.0951
vn 0.3507 0.7269 0.5904
vn 0.7478 0.6261 -0.2211
vn 0.1631 0.9724 -0.1671
vn 0.9096 -0.1283 0.3951
vn 0.9094 -0.1243 0.3969
vn 0.3500 0.9321 0.0930
vn -0.4480 0.3005 0.8420
vn -0.6028 0.0552 0.7960
vn -0.9289 0.0638 -0.3649
vn 0.3505 0.9318 0.0944
vn -0.2098 0.4363 0.8750
vn -0.3765 -0.0342 0.9258
vn 0.9042 -0.4138 -0.1057
vn 0.7477 0.6261 -0.2212
vn 0.7480 0.6257 -0.2213
vn 0.9094 -0.1243 0.3968
vn 0.9094 -0.1242 0.3969
vn -0.4484 0.2998 0.8421
vn -0.4073 0.3736 0.8334
vn -0.4488 0.3003 0.8417
vn -0.9290 0.0631 -0.3646
vn -0.9289 0.0640 -0.3646
vn 0.3502 0.9319 0.0949
usemtl Stone
s 1
f 523/925/296 524/926/296 526/927/296
f 533/928/297 498/929/297 532/930/297
f 526/927/296 522/931/296 521/932/296
f 521/932/296 519/933/296 526/927/296
f 519/933/296 520/934/296 526/927/296
f 520/934/296 523/925/296 526/927/296
f 533/928/297 528/935/297 498/929/297
f 528/935/297 527/936/297 498/929/297
f 527/936/297 525/937/297 529/938/297
f 529/938/297 498/929/297 527/936/297
f 498/929/297 531/939/297 532/930/297
usemtl Dirt
s off
f 514/940/298 510/941/298 515/942/298
f 511/943/299 515/944/299 510/945/299
f 513/946/300 514/947/300 496/948/300
f 512/949/301 504/950/301 516/951/301
f 506/952/302 495/953/302 530/954/302
f 530/955/303 496/956/303 517/957/303
f 516/958/304 513/959/304 512/960/304
f 509/961/305 508/962/305 518/963/305
f 509/964/306 499/965/306 505/966/306
f 504/967/307 502/968/307 499/969/307
f 500/970/308 514/971/308 513/972/308
f 511/973/309 510/974/309 517/975/309
f 507/976/310 518/977/310 508/978/310
f 506/979/311 501/980/311 503/981/311
f 514/947/300 515/982/300 496/948/300
f 496/948/312 497/983/312 513/946/312
f 497/983/313 512/984/313 513/946/313
f 512/949/301 497/985/301 504/950/301
f 506/952/302 503/986/302 495/953/302
f 515/987/314 511/988/314 517/957/314
f 517/957/303 518/989/303 530/955/303
f 518/989/303 507/990/303 530/955/303
f 530/955/303 495/991/303 496/956/303
f 517/957/315 496/956/315 515/987/315
f 516/958/304 500/992/304 513/959/304
f 518/963/316 517/993/316 499/965/316
f 517/993/317 510/994/317 500/995/317
f 499/965/318 517/993/318 500/995/318
f 499/965/305 509/961/305 518/963/305
f 505/996/319 499/969/319 502/968/319
f 499/969/320 500/995/320 516/997/320
f 504/967/320 499/969/320 516/997/320
f 500/970/321 510/994/321 514/971/321
o Neue_Welt_(10)__2547_58_-1089_to_2595_255_-1061.001_cell.049_Neue_Welt_(10)__2547_58_-1089_to_2595_255_-1061.001_cell.067
v -0.142881 0.077098 -0.256945
v -0.103696 0.038922 -0.232439
v -0.112107 0.042043 -0.231772
v -0.173205 0.083556 -0.248933
v -0.154812 0.067508 -0.324378
v -0.120252 0.048150 -0.262304
v -0.187480 0.077290 -0.299337
v -0.197960 0.080453 -0.291158
vt 0.642723 0.123071
vt 0.889697 0.110303
vt 0.889697 0.168410
vt 0.874849 0.250746
vt 0.889697 0.147392
vt 0.889697 0.889697
vt 0.710551 0.710551
vt 0.772583 0.749321
vt 0.571697 0.110303
vt 0.889697 0.309751
vt 0.889697 0.432180
vt 0.432180 0.432180
vt 0.309751 0.309751
vt 0.488642 0.343759
vt 0.496682 0.361067
vt 0.571697 0.571697
vt 0.296039 0.296039
vt 0.631195 0.110303
vt 0.889697 0.368805
vt 0.787567 0.760960
vt 0.881621 0.881621
vt 0.416861 0.194147
vt 0.296039 0.110303
vn 0.3164 0.7207 0.6168
vn 0.7480 0.6257 -0.2213
vn 0.1631 0.9724 -0.1671
vn -0.3529 -0.9311 -0.0921
vn -0.3515 -0.9314 -0.0947
vn -0.5895 -0.7034 0.3973
vn 0.1631 0.9724 -0.1670
vn 0.1629 0.9724 -0.1670
usemtl Dirt
s off
f 536/998/322 534/999/322 537/1000/322
f 534/999/323 539/1001/323 538/1002/323
f 534/1003/324 538/1004/324 540/1005/324
f 541/1006/325 540/1007/325 539/1008/325
f 539/1009/326 540/1010/326 538/1011/326
f 537/1012/327 541/1013/327 536/1014/327
f 536/998/322 535/1015/322 534/999/322
f 534/999/323 535/1016/323 539/1001/323
f 541/1017/328 537/1018/328 540/1005/328
f 537/1018/329 534/1003/329 540/1005/329
f 535/1019/325 536/1020/325 539/1008/325
f 536/1020/325 541/1006/325 539/1008/325
o Neue_Welt_(10)__2547_58_-1089_to_2595_255_-1061.001_cell.050_Neue_Welt_(10)__2547_58_-1089_to_2595_255_-1061.001_cell.056
v -0.139172 -0.176967 0.035689
v -0.499982 0.153142 -0.162596
v -0.499982 0.144637 -0.152658
v -0.208686 -0.465310 -0.075100
v -0.386194 -0.327651 -0.219108
v -0.499982 -0.036340 0.056734
v -0.499982 0.139679 -0.240998
v -0.499982 -0.169888 -0.186873
v -0.499982 0.012049 -0.218777
v -0.499982 -0.049790 0.032245
v -0.096511 -0.010421 -0.178468
v -0.073356 -0.040608 -0.155318
v -0.070896 -0.051623 -0.143825
v -0.383413 -0.143831 0.121812
v -0.108479 0.004999 -0.190346
v -0.102005 -0.003330 -0.183935
v -0.153404 0.035625 -0.203084
v -0.246764 0.099220 -0.229499
v -0.063288 -0.084818 -0.109367
v -0.146626 -0.420231 -0.023418
v -0.337577 -0.187490 0.144864
v -0.267518 -0.312457 0.072822
v -0.303035 0.092280 -0.324829
v -0.251802 0.098566 -0.238220
v -0.449326 0.126966 -0.265596
v -0.410874 0.117337 -0.284149
v -0.313653 0.093044 -0.330741
v -0.052216 -0.075098 -0.131700
v -0.139856 -0.443588 -0.046247
v -0.499982 0.144637 -0.152658
v -0.499982 0.153142 -0.162596
v -0.499982 0.139679 -0.240998
v -0.499982 0.012049 -0.218777
v -0.499982 -0.169888 -0.186873
v -0.499982 -0.049790 0.032245
v -0.499982 -0.036340 0.056734
vt 0.281695 0.511762
vt 0.313459 0.330533
vt 0.531615 0.450164
vt 0.555997 0.463561
vt 0.347524 0.643834
vt 0.337629 0.652306
vt 0.259572 0.638896
vt 0.357056 0.110303
vt 0.821151 0.110303
vt 0.889697 0.216879
vt 0.268187 0.212504
vt 0.328416 0.207415
vt 0.510898 0.240495
vt 0.110303 0.110303
vt 0.889697 0.178849
vt 0.889697 0.642944
vt 0.889697 0.110303
vt 0.616714 0.346440
vt 0.381515 0.110303
vt 0.769005 0.616882
vt 0.780616 0.627770
vt 0.794585 0.794585
vt 0.627133 0.627133
vt 0.618485 0.110303
vt 0.657523 0.121779
vt 0.889697 0.889697
vt 0.723227 0.665671
vt 0.889697 0.502690
vt 0.889697 0.110303
vt 0.502690 0.502690
vt 0.247759 0.110303
vt 0.238875 0.228641
vt 0.273542 0.273542
vt 0.199131 0.199131
vt 0.732273 0.582958
vt 0.347131 0.110303
vt 0.889697 0.889697
vt 0.236578 0.236578
vt 0.889697 0.117120
vt 0.117120 0.117120
vt 0.146572 0.110303
vt 0.889697 0.347494
vt 0.347132 0.347132
vt 0.399581 0.110303
vt 0.889697 0.236578
vt 0.347494 0.347494
vt 0.146572 0.146572
vt 0.889697 0.754959
vt 0.853762 0.853762
vt 0.513071 0.513071
vt 0.586008 0.510402
vt 0.754959 0.754959
vt 0.399581 0.399581
vt 0.726704 0.398934
vt 0.693969 0.693969
vt 0.889697 0.199131
vt 0.889697 0.273542
vt 0.110303 0.110303
vt 0.843163 0.135966
vt 0.889697 0.815994
vt 0.494096 0.420424
vt 0.889697 0.309364
vt 0.815994 0.815994
vt 0.889697 0.794585
vt 0.216879 0.216879
vt 0.490037 0.490037
vt 0.627133 0.110303
vt 0.883754 0.486928
vt 0.794512 0.642110
vt 0.862029 0.862029
vt 0.848207 0.838394
vt 0.717201 0.604192
vt 0.711634 0.583809
vt 0.700356 0.694904
vt 0.727881 0.727881
vt 0.357928 0.317316
vt 0.883206 0.749756
vt 0.335088 0.143653
vt 0.853762 0.110303
vt 0.889697 0.119550
vt 0.693969 0.110303
vt 0.889697 0.513071
vt 0.889697 0.727881
vt 0.880450 0.110303
vt 0.882280 0.127264
vn -1.0000 0.0000 0.0000
vn 0.3156 0.7179 0.6205
vn 0.3164 0.7207 0.6168
vn 0.3163 0.7171 0.6210
vn 0.4791 -0.2211 0.8494
vn 0.1630 0.9724 -0.1670
vn 0.9094 -0.1243 0.3968
vn -0.0713 -0.7077 0.7029
vn -0.7306 -0.5988 0.3282
vn 0.4987 0.6766 0.5417
vn -0.7328 -0.5964 0.3275
vn -0.4580 -0.1534 -0.8756
vn 0.4473 -0.3006 -0.8423
vn -0.7337 -0.5959 0.3266
vn -0.4603 -0.1533 -0.8744
vn 0.5909 0.7003 -0.4004
vn 0.5910 0.7039 -0.3941
vn -0.4624 -0.1521 -0.8736
vn 0.4482 -0.3015 -0.8415
vn 0.3233 0.6844 0.6535
vn 0.4474 -0.3006 -0.8423
vn 0.4474 -0.3007 -0.8423
vn 0.4481 -0.3023 -0.8413
vn 0.4484 -0.3018 -0.8414
usemtl Stone
s 1
f 574/1021/330 575/1022/330 576/1023/330
f 577/1024/330 571/1025/330 576/1023/330
f 571/1025/330 572/1026/330 573/1027/330
f 576/1023/330 571/1025/330 574/1021/330
f 573/1027/330 574/1021/330 571/1025/330
usemtl Dirt
s off
f 555/1028/331 554/1029/331 552/1030/331
f 557/1031/332 556/1032/332 558/1033/332
f 542/1034/333 554/1035/333 555/1036/333
f 542/1037/334 563/1038/334 561/1039/334
f 567/1040/335 566/1041/335 543/1042/335
f 560/1043/336 561/1044/336 570/1045/336
f 545/1046/337 561/1047/337 563/1048/337
f 546/1049/338 563/1050/338 562/1051/338
f 554/1052/339 569/1053/339 553/1054/339
f 555/1055/340 551/1056/340 546/1049/340
f 546/1057/341 567/1058/341 568/1059/341
f 546/1057/342 568/1060/342 564/1061/342
f 549/1062/343 546/1057/343 551/1063/343
f 550/1064/344 567/1065/344 549/1066/344
f 564/1067/345 558/1068/345 556/1069/345
f 565/1070/346 559/1071/346 558/1072/346
f 550/1073/347 548/1074/347 566/1075/347
f 553/1076/348 569/1077/348 546/1078/348
f 554/1029/331 553/1079/331 552/1030/331
f 552/1030/331 544/1080/331 547/1081/331
f 547/1081/331 555/1028/331 552/1030/331
f 558/1033/332 559/1082/332 544/1083/332
f 559/1082/332 543/1084/332 544/1083/332
f 544/1083/332 552/1085/332 558/1033/332
f 552/1085/332 557/1031/332 558/1033/332
f 555/1036/349 562/1086/349 542/1034/349
f 542/1034/333 560/1087/333 554/1035/333
f 542/1037/334 562/1088/334 563/1038/334
f 566/1041/335 548/1089/335 543/1042/335
f 543/1042/335 559/1090/335 567/1040/335
f 559/1090/335 565/1091/335 567/1040/335
f 565/1091/335 564/1092/335 567/1040/335
f 564/1092/335 568/1093/335 567/1040/335
f 570/1045/336 569/1094/336 560/1043/336
f 560/1043/336 542/1034/336 561/1044/336
f 545/1046/337 570/1095/337 561/1047/337
f 546/1049/338 545/1046/338 563/1050/338
f 554/1052/339 560/1096/339 569/1053/339
f 546/1049/340 562/1097/340 555/1055/340
f 555/1055/340 547/1098/340 551/1056/340
f 564/1061/350 556/1099/350 546/1057/350
f 556/1099/351 557/1100/351 546/1057/351
f 566/1101/344 567/1065/344 550/1064/344
f 567/1065/344 546/1057/344 549/1066/344
f 564/1067/345 565/1102/345 558/1068/345
f 545/1046/352 546/1078/352 570/1103/352
f 546/1078/348 557/1104/348 552/1105/348
f 570/1103/353 546/1078/353 569/1077/353
f 552/1105/348 553/1076/348 546/1078/348
o Neue_Welt_(10)__2547_58_-1089_to_2595_255_-1061.001_cell.052_Neue_Welt_(10)__2547_58_-1089_to_2595_255_-1061.001_cell.060
v -0.499982 -0.237257 0.223518
v -0.499982 -0.500000 0.154779
v -0.499982 -0.190936 0.235574
v -0.499982 -0.178224 0.220894
v -0.396966 -0.377140 -0.210940
v -0.499982 -0.077548 0.104412
v -0.499983 -0.500000 -0.182589
v -0.499983 -0.302772 -0.181884
v -0.499983 -0.234509 -0.181589
v -0.499983 -0.219145 -0.153950
v -0.400925 -0.500000 0.099026
v -0.428422 -0.500000 -0.202697
v -0.406278 -0.500000 -0.208874
v -0.238932 -0.500000 -0.083360
v -0.417117 -0.153775 0.150460
v -0.340719 -0.379847 0.096573
v -0.381737 -0.186358 0.170068
v -0.308863 -0.316673 0.095046
v -0.499982 -0.500000 0.154779
v -0.499982 -0.500000 0.154779
v -0.499982 -0.237257 0.223518
v -0.499982 -0.190936 0.235574
v -0.499982 -0.178224 0.220894
v -0.499983 -0.234509 -0.181589
v -0.499983 -0.302772 -0.181884
v -0.499983 -0.500000 -0.182589
v -0.499983 -0.500000 -0.182589
v -0.499982 -0.077548 0.104412
v -0.499983 -0.219145 -0.153950
v -0.238932 -0.500000 -0.083360
v -0.400925 -0.500000 0.099026
v -0.428422 -0.500000 -0.202697
v -0.406278 -0.500000 -0.208874
vt 0.603465 0.422514
vt 0.346237 0.281468
vt 0.722049 0.263426
vt 0.997317 0.317882
vt 0.926071 0.297852
vt 0.898695 0.598400
vt 0.318720 0.266165
vt 0.318426 0.198167
vt 0.317724 0.001707
vt 0.653612 0.001707
vt 0.734052 0.309567
vt 0.719436 0.322230
vt 0.904024 0.291700
vt 0.737146 0.417320
vt 0.997317 0.653937
vt 0.404019 0.330355
vt 0.183949 0.110303
vt 0.307005 0.110303
vt 0.792430 0.683621
vt 0.481695 0.110303
vt 0.792817 0.110303
vt 0.889697 0.816051
vt 0.570957 0.570957
vt 0.889697 0.692995
vt 0.792817 0.792817
vt 0.481695 0.481695
vt 0.889697 0.570957
vt 0.889697 0.889697
vt 0.234921 0.110303
vt 0.889697 0.113393
vt 0.889697 0.337292
vt 0.113393 0.113393
vt 0.337292 0.337292
vt 0.212534 0.110303
vt 0.888618 0.888618
vt 0.638487 0.491714
vt 0.498136 0.217207
vt 0.212534 0.212534
vt 0.611183 0.212165
vt 0.611922 0.611922
vt 0.889697 0.765079
vt 0.556665 0.295061
vt 0.889697 0.483876
vt 0.599052 0.490102
vt 0.795516 0.795516
vt 0.611243 0.424805
vt 0.889697 0.795516
vt 0.364190 0.364190
vt 0.611922 0.110303
vt 0.889697 0.364190
vt 0.483876 0.483876
vt 0.889697 0.111441
vt 0.333891 0.208183
vt 0.722921 0.281718
vn -1.0000 0.0000 0.0000
vn 0.0000 -1.0000 0.0000
vn 0.3156 0.7179 0.6205
vn 0.4782 -0.2223 0.8496
vn 0.3163 0.7171 0.6210
vn 0.4791 -0.2211 0.8494
vn 0.7312 0.5963 -0.3315
vn 0.5990 -0.0588 -0.7986
vn -0.2687 0.0042 -0.9632
vn 0.7032 -0.3396 0.6246
vn -0.2705 0.0034 -0.9627
vn 0.7317 0.5977 -0.3275
vn 0.7311 0.5963 -0.3315
vn 0.7033 -0.3395 0.6246
vn 0.7317 0.5978 -0.3275
vn 0.7318 0.5977 -0.3275
vn 0.7319 0.5977 -0.3273
usemtl Stone
s 1
f 605/1106/354 606/1107/354 598/1108/354
f 604/1109/355 609/1110/355 608/1111/355
f 606/1107/354 601/1112/354 602/1113/354
f 602/1113/354 603/1114/354 596/1115/354
f 596/1115/354 598/1108/354 606/1107/354
f 598/1108/354 599/1116/354 600/1117/354
f 596/1115/354 606/1107/354 602/1113/354
f 600/1117/354 605/1106/354 598/1108/354
f 610/1118/355 607/1119/355 609/1110/355
f 607/1119/355 608/1111/355 609/1110/355
f 608/1111/355 597/1120/355 604/1109/355
usemtl Dirt
s off
f 583/1121/356 581/1122/356 592/1123/356
f 579/1124/357 593/1125/357 578/1126/357
f 581/1127/358 594/1128/358 592/1129/358
f 578/1130/359 593/1131/359 594/1132/359
f 582/1133/360 587/1134/360 591/1135/360
f 590/1136/361 582/1133/361 591/1137/361
f 582/1133/362 590/1138/362 589/1139/362
f 591/1140/363 593/1141/363 588/1142/363
f 589/1143/364 584/1144/364 585/1145/364
f 587/1146/365 592/1147/365 595/1148/365
f 579/1124/357 588/1149/357 593/1125/357
f 581/1127/358 580/1150/358 594/1128/358
f 595/1151/359 594/1132/359 593/1131/359
f 594/1132/359 580/1152/359 578/1130/359
f 582/1133/366 586/1153/366 587/1134/366
f 589/1139/362 585/1154/362 582/1133/362
f 585/1154/362 586/1155/362 582/1133/362
f 591/1140/367 595/1156/367 593/1141/367
f 595/1148/368 591/1157/368 587/1146/368
f 587/1146/369 583/1158/369 592/1147/369
f 592/1147/370 594/1159/370 595/1148/370
o Neue_Welt_(10)__2547_58_-1089_to_2595_255_-1061.001_cell.054_Neue_Welt_(10)__2547_58_-1089_to_2595_255_-1061.001_cell.061
v -0.499982 -0.500000 -0.500000
v -0.499982 0.095203 -0.500000
v -0.406296 -0.353566 -0.250089
v -0.499982 0.132062 -0.285356
v -0.499982 0.009621 -0.263962
v -0.499982 -0.500000 -0.224418
v -0.499982 -0.481746 -0.224292
v -0.499982 -0.224784 -0.223088
v -0.317491 -0.500000 -0.500000
v -0.279818 0.058284 -0.500000
v -0.417147 -0.500000 -0.248010
v -0.328130 -0.500000 -0.473064
v -0.329787 0.089354 -0.367974
v -0.499982 0.095203 -0.500000
v -0.499982 0.095203 -0.500000
v -0.499982 -0.500000 -0.500000
v -0.499982 -0.500000 -0.500000
v -0.499982 0.132062 -0.285356
v -0.499982 -0.500000 -0.224418
v -0.499982 -0.500000 -0.224418
v -0.499982 -0.481746 -0.224292
v -0.499982 -0.224784 -0.223088
v -0.499982 0.009621 -0.263962
v -0.317491 -0.500000 -0.500000
v -0.317491 -0.500000 -0.500000
v -0.279818 0.058284 -0.500000
v -0.417147 -0.500000 -0.248010
v -0.328130 -0.500000 -0.473064
vt 0.277403 0.275851
vt 0.236708 0.509344
vt 0.001706 0.594593
vt 0.997317 0.001707
vt 0.778119 0.557817
vt 0.815627 0.001707
vt 0.997317 0.001707
vt 0.815627 0.001707
vt 0.826219 0.028538
vt 0.215408 0.631308
vt 0.001706 0.001707
vt 0.276079 0.001707
vt 0.276204 0.019890
vt 0.997317 0.594593
vt 0.914845 0.252716
vt 0.997317 0.276216
vt 0.794271 0.138401
vt 0.671765 0.490995
vt 0.408552 0.212410
vt 0.381179 0.110303
vt 0.889697 0.869245
vt 0.312421 0.235960
vt 0.690364 0.690364
vt 0.110303 0.110303
vt 0.690715 0.110303
vt 0.889697 0.110303
vt 0.889697 0.618821
vt 0.383080 0.110303
vt 0.889697 0.616920
vt 0.381247 0.110303
vt 0.381247 0.381247
vt 0.889697 0.309285
vt 0.889697 0.889697
vt 0.690364 0.110303
vt 0.775814 0.136104
vt 0.670510 0.625612
vt 0.794471 0.555842
vt 0.389416 0.308902
vt 0.869245 0.869245
vn -1.0000 0.0000 0.0000
vn 0.0000 0.0000 -1.0000
vn 0.0000 -1.0000 0.0000
vn 0.1631 0.9724 -0.1671
vn 0.4623 0.1526 0.8735
vn 0.9280 -0.0636 0.3671
vn 0.4614 0.1524 0.8740
vn 0.2712 -0.0045 0.9625
vn 0.2739 -0.0066 0.9617
vn 0.9283 -0.0626 0.3666
vn 0.1630 0.9724 -0.1670
vn 0.9284 -0.0629 0.3662
usemtl Stone
s 1
f 632/1160/371 633/1161/371 624/1162/371
f 627/1163/372 636/1164/372 634/1165/372
f 611/1166/373 635/1167/373 638/1168/373
f 633/1161/371 628/1169/371 624/1162/371
f 624/1162/371 626/1170/371 632/1160/371
f 626/1170/371 629/1171/371 631/1172/371
f 632/1160/371 626/1170/371 631/1172/371
f 627/1163/372 625/1173/372 636/1164/372
f 638/1168/373 637/1174/373 611/1166/373
f 637/1174/373 630/1175/373 611/1166/373
usemtl Dirt
s off
f 612/1176/374 623/1177/374 620/1178/374
f 615/1179/375 623/1180/375 614/1181/375
f 622/1182/376 613/1183/376 621/1184/376
f 613/1185/377 615/1186/377 618/1187/377
f 613/1185/378 618/1188/378 617/1189/378
f 617/1190/379 621/1191/379 613/1192/379
f 622/1193/380 619/1194/380 620/1195/380
f 612/1176/381 614/1196/381 623/1177/381
f 615/1179/375 613/1185/375 623/1180/375
f 617/1190/379 616/1197/379 621/1191/379
f 620/1195/382 623/1198/382 613/1183/382
f 613/1183/380 622/1193/380 620/1195/380
o Neue_Welt_(10)__2547_58_-1089_to_2595_255_-1061.001_cell.030_ce_Neue_Welt_(10)__2547_58_-1089_to_2595_255_-1061.001_cell.071
v 0.370905 -0.298783 0.247048
v 0.492211 -0.401960 0.156206
v 0.500018 0.045176 0.121345
v 0.500018 -0.213793 0.500000
v 0.500018 -0.115008 0.480929
v 0.500018 -0.296750 0.500000
v 0.500018 -0.320413 0.150042
v 0.500018 -0.397626 0.184972
v 0.500018 -0.406540 0.156856
v 0.492752 -0.292307 0.500000
v 0.351164 0.029615 0.142289
v 0.369754 0.041293 0.117821
v 0.386386 0.041842 0.118153
v 0.500018 -0.406540 0.156856
v 0.500018 -0.320413 0.150042
v 0.500018 0.045176 0.121345
v 0.500018 -0.115008 0.480929
v 0.500018 -0.213793 0.500000
v 0.500018 -0.213793 0.500000
v 0.500018 -0.296750 0.500000
v 0.500018 -0.296750 0.500000
v 0.500018 -0.397626 0.184972
v 0.492752 -0.292307 0.500000
vt 0.001706 0.204165
vt 0.315352 0.103682
vt 0.350128 0.180595
vt 0.997317 0.286799
vt 0.990083 0.208592
vt 0.997317 0.204165
vt 0.343344 0.094803
vt 0.378699 0.544760
vt 0.020694 0.385199
vt 0.001706 0.286799
vt 0.560383 0.501490
vt 0.498563 0.448028
vt 0.722774 0.584138
vt 0.889697 0.685629
vt 0.784009 0.110303
vt 0.889697 0.110303
vt 0.685629 0.685629
vt 0.110303 0.110303
vt 0.759066 0.110303
vt 0.682793 0.288654
vt 0.889697 0.889697
vt 0.413557 0.239499
vt 0.889697 0.215991
vt 0.784159 0.110303
vt 0.327386 0.110303
vt 0.889697 0.889697
vt 0.784159 0.784159
vt 0.110303 0.110303
vt 0.889697 0.240934
vt 0.864005 0.206414
vt 0.889697 0.239399
vt 0.533935 0.488918
vt 0.587561 0.189267
vt 0.445920 0.246068
vt 0.293527 0.110303
vt 0.239398 0.239398
vt 0.889697 0.110303
vt 0.706473 0.110303
vt 0.327386 0.327386
vn 1.0000 0.0000 0.0000
vn 0.0000 0.0000 1.0000
vn -0.0382 0.9128 0.4066
vn 0.0303 -0.0782 -0.9965
vn 0.0225 -0.0801 -0.9965
vn -0.8986 0.0832 0.4307
vn 0.0367 -0.0788 -0.9962
vn -0.5046 -0.8230 0.2609
vn -0.7085 -0.2528 -0.6589
vn -0.5033 -0.8229 0.2635
vn -0.8987 0.0833 0.4306
usemtl Stone
s 1
f 658/1199/383 660/1200/383 653/1201/383
f 657/1202/384 661/1203/384 659/1204/384
f 660/1200/383 652/1205/383 653/1201/383
f 653/1201/383 654/1206/383 655/1207/383
f 655/1207/383 656/1208/383 653/1201/383
f 656/1208/383 658/1199/383 653/1201/383
usemtl Dirt
s off
f 651/1209/385 649/1210/385 641/1211/385
f 651/1212/386 645/1213/386 640/1214/386
f 651/1215/387 640/1216/387 650/1217/387
f 643/1218/388 639/1219/388 642/1220/388
f 645/1221/389 647/1222/389 640/1214/389
f 646/1223/390 640/1224/390 647/1225/390
f 639/1226/391 650/1227/391 640/1224/391
f 639/1219/392 644/1228/392 648/1229/392
f 650/1230/385 649/1210/385 651/1209/385
f 649/1210/385 643/1231/385 641/1211/385
f 651/1212/386 641/1232/386 645/1213/386
f 649/1233/393 639/1219/393 643/1218/393
f 639/1219/388 648/1234/388 642/1220/388
f 646/1223/390 639/1235/390 640/1224/390
f 639/1226/391 649/1236/391 650/1227/391
f 639/1219/392 646/1237/392 644/1228/392
o Neue_Welt_(10)__2547_58_-1089_to_2595_255_-1061.001_cell.051_Neue_Welt_(10)__2547_58_-1089_to_2595_255_-1061.001_cell.072
v 0.140897 -0.050228 0.301763
v 0.367027 -0.129080 0.500000
v 0.336957 -0.289628 0.266457
v 0.157397 -0.024790 0.245883
v 0.130685 -0.049602 0.264866
v 0.116093 -0.063237 0.275263
v 0.463917 -0.125018 0.500000
v 0.449020 -0.283723 0.500000
v 0.401473 -0.287018 0.500000
v 0.226880 -0.006909 0.212599
v 0.210737 -0.011032 0.220263
v 0.124249 -0.083169 0.278911
v 0.320240 -0.292025 0.421888
v 0.217988 -0.298323 0.322943
v 0.212905 -0.298410 0.318072
v 0.415515 -0.077742 0.389333
v 0.318561 0.016282 0.169157
v 0.463917 -0.125018 0.500000
v 0.367027 -0.129080 0.500000
v 0.401473 -0.287018 0.500000
v 0.449020 -0.283723 0.500000
vt 0.961374 0.375229
vt 0.899205 0.213860
vt 0.946543 0.217142
vt 0.864909 0.371183
vt 0.828145 0.110303
vt 0.889697 0.110303
vt 0.889697 0.229721
vt 0.889697 0.889697
vt 0.828145 0.828145
vt 0.889697 0.809119
vt 0.861738 0.236087
vt 0.889697 0.274229
vt 0.809119 0.809119
vt 0.889697 0.838283
vt 0.755878 0.502470
vt 0.889697 0.512299
vt 0.512299 0.512299
vt 0.889697 0.266588
vt 0.110303 0.110303
vt 0.733412 0.110303
vt 0.584613 0.236255
vt 0.889697 0.296904
vt 0.517250 0.110303
vt 0.889697 0.110303
vt 0.110303 0.110303
vt 0.752658 0.110303
vt 0.557337 0.226933
vt 0.889697 0.482750
vt 0.547200 0.456972
vt 0.889697 0.889697
vt 0.511700 0.438675
vt 0.889697 0.402365
vt 0.402365 0.402365
vt 0.889697 0.551938
vt 0.889697 0.247342
vt 0.551938 0.551938
vt 0.632946 0.247501
vt 0.770279 0.110303
vt 0.838283 0.838283
vt 0.749434 0.502334
vt 0.582477 0.266740
vt 0.621928 0.152574
vt 0.439975 0.393612
vt 0.274229 0.274229
vt 0.762825 0.171041
vt 0.296904 0.296904
vt 0.515489 0.454429
vt 0.496005 0.394012
vt 0.460566 0.283603
vt 0.445133 0.110303
vt 0.445133 0.445133
vn 0.0000 0.0000 1.0000
vn -0.5984 0.7810 0.1789
vn -0.6004 0.7793 0.1794
vn -0.0418 0.9139 0.4037
vn -0.6842 -0.1494 0.7138
vn -0.6826 -0.1511 0.7150
vn -0.6807 -0.1485 0.7174
vn -0.0382 0.9128 0.4067
vn 0.0544 -0.9978 -0.0389
vn 0.0691 -0.9976 -0.0079
vn -0.3475 -0.3045 -0.8869
vn -0.3443 -0.3033 -0.8885
vn 0.8985 -0.0831 -0.4311
vn 0.8992 -0.0844 -0.4293
vn -0.0383 0.9128 0.4067
vn -0.0382 0.9128 0.4066
usemtl Stone
s 1
f 679/1238/394 681/1239/394 682/1240/394
f 679/1238/394 663/1241/394 681/1239/394
usemtl Dirt
s off
f 666/1242/395 662/1243/395 665/1244/395
f 662/1245/396 666/1246/396 667/1247/396
f 672/1248/397 662/1243/397 671/1249/397
f 662/1245/398 667/1250/398 673/1251/398
f 675/1252/399 674/1253/399 662/1245/399
f 674/1254/400 680/1255/400 662/1245/400
f 662/1256/401 680/1257/401 677/1258/401
f 675/1259/402 676/1260/402 664/1261/402
f 664/1262/403 669/1263/403 674/1264/403
f 664/1261/404 676/1265/404 673/1266/404
f 664/1267/405 671/1268/405 678/1269/405
f 664/1267/406 678/1270/406 677/1271/406
f 669/1272/407 677/1273/407 668/1274/407
f 672/1248/397 665/1275/397 662/1243/397
f 662/1245/399 673/1276/399 675/1252/399
f 673/1276/399 676/1277/399 675/1252/399
f 674/1254/400 670/1278/400 680/1255/400
f 668/1279/408 677/1258/408 680/1257/408
f 677/1258/409 678/1280/409 671/1281/409
f 662/1256/409 677/1258/409 671/1281/409
f 670/1282/403 674/1264/403 669/1263/403
f 674/1264/403 675/1283/403 664/1262/403
f 667/1284/404 666/1285/404 673/1266/404
f 666/1285/404 665/1286/404 673/1266/404
f 665/1286/404 672/1287/404 673/1266/404
f 672/1287/404 664/1261/404 673/1266/404
f 664/1267/405 672/1288/405 671/1268/405
f 669/1272/407 664/1267/407 677/1273/407
o Neue_Welt_(10)__2547_58_-1089_to_2595_255_-1061.001_cell.053_Neue_Welt_(10)__2547_58_-1089_to_2595_255_-1061.001_cell.073
v 0.248584 0.115791 -0.062943
v 0.313083 -0.201884 -0.330539
v 0.464439 -0.418235 0.131752
v 0.335564 -0.308778 0.228559
v 0.119197 -0.048899 0.223363
v 0.175821 0.003613 0.183486
v 0.084265 0.006176 -0.134005
v 0.096839 -0.031926 0.074449
v 0.102260 -0.047862 0.162174
v 0.106585 -0.060666 0.232270
v 0.067697 -0.500000 -0.439273
v 0.015521 -0.500000 -0.319768
v 0.017771 -0.500000 -0.291576
v 0.478078 -0.500000 0.096640
v 0.451129 -0.500000 -0.034648
v 0.463054 -0.500000 0.023247
v 0.455007 -0.500000 0.107027
v 0.050896 -0.500000 0.120821
v 0.440602 -0.500000 -0.085292
v 0.168363 -0.500000 0.232961
v 0.053757 -0.200017 -0.312158
v 0.051839 -0.174208 -0.299565
v 0.073014 -0.476519 -0.444008
v 0.065768 -0.372359 -0.394398
v 0.309646 0.086660 0.009337
v 0.327877 0.062135 0.066751
v 0.335462 0.051864 0.090791
v 0.315285 0.039216 0.117335
v 0.284300 0.120529 -0.069968
v 0.059480 -0.120911 -0.274956
v 0.285961 -0.029670 -0.247502
v 0.159598 -0.080918 -0.263220
v 0.105470 -0.120328 0.253132
v 0.102514 -0.113121 0.251807
v 0.100096 -0.130962 0.245755
v 0.187673 -0.319557 0.289517
v 0.173887 -0.448621 0.249089
v 0.067536 -0.373645 0.163401
v 0.090576 -0.201134 0.221842
v 0.440602 -0.500000 -0.085292
v 0.451129 -0.500000 -0.034648
v 0.463054 -0.500000 0.023247
v 0.478078 -0.500000 0.096640
v 0.455007 -0.500000 0.107027
v 0.168363 -0.500000 0.232961
v 0.050896 -0.500000 0.120821
v 0.017771 -0.500000 -0.291576
v 0.015521 -0.500000 -0.319768
v 0.067697 -0.500000 -0.439273
vt 0.481836 0.209319
vt 0.484076 0.181237
vt 0.432129 0.062198
vt 0.060862 0.414801
vt 0.050381 0.465247
vt 0.448857 0.620111
vt 0.038508 0.522917
vt 0.331905 0.731814
vt 0.023550 0.596024
vt 0.046520 0.606370
vt 0.565487 0.180759
vt 0.656832 0.110303
vt 0.889697 0.363066
vt 0.811923 0.742375
vt 0.758909 0.758909
vt 0.656832 0.656832
vt 0.752949 0.581089
vt 0.734699 0.566106
vt 0.581583 0.432133
vt 0.763056 0.433420
vt 0.527978 0.336740
vt 0.878641 0.439861
vt 0.784186 0.389588
vt 0.725149 0.234075
vt 0.889697 0.110303
vt 0.860530 0.769717
vt 0.889697 0.763687
vt 0.889697 0.780285
vt 0.686633 0.654163
vt 0.497657 0.384908
vt 0.698225 0.469328
vt 0.110303 0.110303
vt 0.889697 0.295331
vt 0.889697 0.598255
vt 0.474499 0.110303
vt 0.598255 0.598255
vt 0.295331 0.295331
vt 0.248138 0.110303
vt 0.889697 0.444721
vt 0.553774 0.443004
vt 0.223186 0.223186
vt 0.889697 0.275476
vt 0.889697 0.889697
vt 0.833412 0.110303
vt 0.206751 0.110303
vt 0.889697 0.525501
vt 0.501376 0.110303
vt 0.889697 0.441638
vt 0.889697 0.547172
vt 0.556772 0.556772
vt 0.726936 0.110303
vt 0.523634 0.304295
vt 0.547173 0.547173
vt 0.296630 0.296630
vt 0.110303 0.110303
vt 0.889697 0.756627
vt 0.703235 0.703235
vt 0.889697 0.793249
vt 0.110303 0.110303
vt 0.889697 0.166588
vt 0.592153 0.592153
vt 0.592510 0.110303
vt 0.889697 0.713705
vt 0.451725 0.277538
vt 0.889697 0.273064
vt 0.889697 0.572018
vt 0.437007 0.110303
vt 0.889697 0.110303
vt 0.889697 0.272858
vt 0.437007 0.437007
vt 0.368627 0.271029
vt 0.889697 0.110303
vt 0.272857 0.272857
vt 0.407490 0.110303
vt 0.417773 0.403049
vt 0.625806 0.356702
vt 0.758909 0.110303
vt 0.889697 0.889697
vt 0.349326 0.349326
vt 0.845938 0.396821
vt 0.825727 0.427570
vt 0.750050 0.562014
vt 0.202747 0.202747
vt 0.110303 0.110303
vt 0.636934 0.110303
vt 0.861331 0.473769
vt 0.672239 0.123422
vt 0.889697 0.110303
vt 0.889697 0.202747
vt 0.359538 0.187693
vt 0.506555 0.187693
vt 0.561163 0.267885
vt 0.780285 0.780285
vt 0.763687 0.763687
vt 0.444721 0.444721
vt 0.724524 0.110303
vt 0.558362 0.110303
vt 0.889697 0.110303
vt 0.863580 0.222971
vt 0.889697 0.223186
vt 0.248138 0.248138
vt 0.501376 0.501376
vt 0.264310 0.119637
vt 0.286295 0.110303
vt 0.889697 0.296630
vt 0.753020 0.661621
vt 0.400598 0.148008
vt 0.427033 0.110303
vt 0.504721 0.110303
vt 0.756627 0.756627
vt 0.592154 0.110303
vt 0.889697 0.889697
vt 0.427981 0.110303
vt 0.889697 0.703235
vt 0.526862 0.477859
vt 0.504721 0.504721
vt 0.427033 0.427033
vn 0.0000 -1.0000 0.0000
vn -0.5984 0.7810 0.1789
vn -0.6004 0.7793 0.1794
vn -0.9092 0.1258 -0.3969
vn -0.0418 0.9139 0.4037
vn -0.2229 0.7432 -0.6309
vn -0.6842 -0.1494 0.7138
vn -0.6826 -0.1511 0.7150
vn -0.0604 0.4258 -0.9028
vn -0.0624 0.4263 -0.9024
vn 0.9489 0.2452 -0.1986
vn 0.6590 -0.2892 -0.6943
vn 0.9495 0.2438 -0.1974
vn -0.1079 0.4295 -0.8966
vn -0.9913 0.1056 0.0791
vn -0.9910 0.1070 0.0807
vn 0.7088 0.2519 0.6589
vn 0.9499 0.2436 -0.1957
vn 0.9505 0.2421 -0.1946
vn -0.9914 0.1037 0.0796
vn 0.3813 -0.3132 0.8698
vn 0.3819 -0.3139 0.8693
vn 0.3906 -0.3075 0.8677
vn 0.3439 0.3040 0.8884
vn -0.9093 0.1260 -0.3967
vn -0.9092 0.1260 -0.3967
vn -0.2227 0.7432 -0.6309
vn -0.0655 0.4285 -0.9011
vn 0.3440 0.3042 0.8883
vn 0.3438 0.3040 0.8885
vn 0.3435 0.3043 0.8885
usemtl Stone
s 1
f 729/1289/410 730/1290/410 731/1291/410
f 731/1291/410 722/1292/410 729/1289/410
f 722/1292/410 723/1293/410 728/1294/410
f 729/1289/410 722/1292/410 728/1294/410
f 723/1293/410 724/1295/410 727/1296/410
f 724/1295/410 725/1297/410 726/1298/410
f 723/1293/410 727/1296/410 728/1294/410
f 726/1298/410 727/1296/410 724/1295/410
usemtl Dirt
s off
f 690/1299/411 691/1300/411 688/1301/411
f 692/1302/412 687/1303/412 691/1304/412
f 705/1305/413 693/1306/413 694/1307/413
f 708/1308/414 707/1309/414 710/1310/414
f 713/1311/415 714/1312/415 689/1313/415
f 716/1314/416 717/1315/416 715/1316/416
f 721/1317/417 720/1318/417 718/1319/417
f 684/1320/418 706/1321/418 714/1322/418
f 703/1323/419 714/1324/419 706/1325/419
f 707/1326/420 713/1327/420 711/1328/420
f 701/1329/421 705/1330/421 684/1331/421
f 697/1332/422 684/1331/422 708/1333/422
f 703/1334/423 704/1335/423 712/1336/423
f 690/1337/424 712/1338/424 720/1339/424
f 691/1340/425 690/1341/425 721/1342/425
f 686/1343/426 709/1344/426 710/1345/426
f 708/1346/427 685/1347/427 697/1348/427
f 698/1349/428 685/1347/428 696/1350/428
f 695/1351/429 700/1352/429 720/1353/429
f 718/1354/430 719/1355/430 686/1356/430
f 699/1357/431 719/1358/431 702/1359/431
f 685/1360/432 699/1361/432 696/1362/432
f 715/1363/433 686/1356/433 688/1364/433
f 691/1300/411 687/1365/411 688/1301/411
f 688/1301/411 683/1366/411 690/1299/411
f 683/1366/411 689/1367/411 690/1299/411
f 704/1368/434 703/1369/434 694/1307/434
f 703/1369/435 706/1370/435 694/1307/435
f 706/1370/413 705/1305/413 694/1307/413
f 707/1309/414 711/1371/414 683/1372/414
f 683/1372/414 688/1373/414 707/1309/414
f 688/1373/414 710/1310/414 707/1309/414
f 710/1310/414 709/1374/414 708/1308/414
f 712/1375/415 689/1313/415 714/1312/415
f 689/1313/415 683/1376/415 713/1311/415
f 683/1376/436 711/1377/436 713/1311/436
f 720/1318/417 700/1378/417 702/1379/417
f 702/1379/417 719/1380/417 720/1318/417
f 719/1380/417 718/1319/417 720/1318/417
f 718/1319/417 715/1381/417 721/1317/417
f 715/1381/417 717/1382/417 721/1317/417
f 714/1322/418 713/1383/418 684/1320/418
f 684/1320/418 705/1384/418 706/1321/418
f 703/1323/437 712/1385/437 714/1324/437
f 707/1326/420 684/1386/420 713/1327/420
f 701/1329/421 693/1387/421 705/1330/421
f 701/1388/422 684/1331/422 697/1332/422
f 684/1331/422 707/1389/422 708/1333/422
f 704/1390/424 694/1391/424 695/1392/424
f 695/1392/424 720/1339/424 704/1390/424
f 720/1339/424 721/1393/424 690/1337/424
f 704/1390/424 720/1339/424 712/1338/424
f 690/1337/424 689/1394/424 712/1338/424
f 721/1342/425 717/1395/425 691/1340/425
f 717/1395/425 716/1396/425 692/1397/425
f 691/1340/425 717/1395/425 692/1397/425
f 686/1343/426 685/1360/426 709/1344/426
f 709/1398/427 685/1347/427 708/1346/427
f 685/1347/427 698/1399/427 697/1348/427
f 699/1357/431 686/1400/431 719/1358/431
f 685/1360/432 686/1400/432 699/1361/432
f 715/1363/438 718/1401/438 686/1356/438
f 686/1356/439 710/1402/439 688/1364/439
f 688/1364/440 687/1403/440 715/1363/440
f 687/1403/440 692/1404/440 716/1405/440
f 715/1363/440 687/1403/440 716/1405/440
o Neue_Welt_(10)__2547_58_-1089_to_2595_255_-1061.001_cell.055_Neue_Welt_(10)__2547_58_-1089_to_2595_255_-1061.001_cell.062
v 0.500018 -0.500000 0.500000
v 0.436857 -0.449253 0.500000
v 0.448088 -0.500000 0.500000
v 0.347982 -0.328407 0.261996
v 0.493074 -0.452510 0.153012
v 0.500018 -0.345311 0.500000
v 0.500018 -0.500000 0.132660
v 0.500018 -0.492813 0.135278
v 0.500018 -0.447022 0.183108
v 0.500018 -0.456597 0.153519
v 0.500018 -0.464327 0.149586
v 0.463441 -0.322864 0.500000
v 0.410081 -0.326484 0.500000
v 0.473442 -0.500000 0.144342
v 0.201648 -0.500000 0.264737
v 0.402676 -0.500000 0.175586
v 0.211030 -0.410989 0.292498
v 0.348476 -0.330094 0.440801
v 0.218990 -0.337673 0.315586
v 0.436857 -0.449253 0.500000
v 0.448088 -0.500000 0.500000
v 0.448088 -0.500000 0.500000
v 0.500018 -0.500000 0.500000
v 0.500018 -0.500000 0.500000
v 0.500018 -0.456597 0.153519
v 0.500018 -0.447022 0.183108
v 0.500018 -0.345311 0.500000
v 0.500018 -0.345311 0.500000
v 0.500018 -0.500000 0.132660
v 0.500018 -0.500000 0.132660
v 0.500018 -0.492813 0.135278
v 0.500018 -0.464327 0.149586
v 0.463441 -0.322864 0.500000
v 0.410081 -0.326484 0.500000
v 0.201648 -0.500000 0.264737
v 0.402676 -0.500000 0.175586
v 0.473442 -0.500000 0.144342
vt 0.364827 0.008865
vt 0.350583 0.037241
vt 0.317207 0.054479
vt 0.997317 0.155794
vt 0.934434 0.052256
vt 0.997317 0.001707
vt 0.053409 0.997813
vt 0.298766 0.763466
vt 0.098621 0.674663
vt 0.346666 0.044941
vt 0.001706 0.155794
vt 0.001706 0.001707
vt 0.367434 0.001707
vt 0.960900 0.178153
vt 0.907775 0.174547
vt 0.945615 0.001707
vt 0.001706 0.631904
vt 0.001706 0.997813
vt 0.028165 0.643540
vt 0.889697 0.266897
vt 0.889697 0.452882
vt 0.642583 0.326621
vt 0.505708 0.266778
vt 0.452882 0.452882
vt 0.266897 0.266897
vt 0.110303 0.110303
vt 0.479111 0.110303
vt 0.718358 0.513128
vt 0.889697 0.302537
vt 0.889697 0.646351
vt 0.646351 0.646351
vt 0.302537 0.302537
vt 0.642491 0.302677
vt 0.889697 0.205378
vt 0.795177 0.110303
vt 0.889697 0.110303
vt 0.110303 0.110303
vt 0.889697 0.696873
vt 0.205378 0.205378
vt 0.433280 0.110303
vt 0.508625 0.118103
vt 0.889697 0.285533
vt 0.204823 0.110303
vt 0.433280 0.433280
vt 0.836420 0.736810
vt 0.889697 0.110303
vt 0.889697 0.753822
vt 0.720603 0.441052
vt 0.548213 0.187693
vt 0.856646 0.187691
vt 0.830910 0.703937
vt 0.753822 0.753822
vt 0.479111 0.479111
vt 0.714467 0.110303
vt 0.889697 0.889697
vt 0.303127 0.110303
vn 1.0000 0.0000 0.0000
vn 0.0000 0.0000 1.0000
vn 0.0000 -1.0000 0.0000
vn -0.6826 -0.1511 0.7150
vn -0.6807 -0.1485 0.7174
vn -0.0677 0.9977 0.0096
vn -0.3833 0.3150 -0.8682
vn -0.3852 0.3115 -0.8687
vn 0.3152 0.4304 -0.8458
vn 0.5033 0.8221 -0.2661
vn -0.3817 0.3163 -0.8684
vn 0.3073 0.4271 -0.8504
vn 0.5045 0.8221 -0.2639
usemtl Stone
s 1
f 762/1406/441 763/1407/441 757/1408/441
f 759/1409/442 751/1410/442 754/1411/442
f 753/1412/443 766/1413/443 767/1414/443
f 763/1407/441 756/1415/441 757/1408/441
f 757/1408/441 758/1416/441 755/1417/441
f 755/1417/441 760/1418/441 757/1408/441
f 760/1418/441 762/1406/441 757/1408/441
f 759/1409/442 764/1419/442 751/1410/442
f 764/1419/442 765/1420/442 751/1410/442
f 751/1410/442 752/1421/442 754/1411/442
f 761/1422/443 732/1423/443 768/1424/443
f 732/1423/443 753/1412/443 767/1414/443
f 768/1424/443 732/1423/443 767/1414/443
usemtl Dirt
s off
f 733/1425/444 749/1426/444 748/1427/444
f 744/1428/445 749/1429/445 733/1430/445
f 735/1431/446 750/1432/446 749/1433/446
f 735/1431/447 747/1434/447 748/1435/447
f 748/1436/448 747/1437/448 746/1438/448
f 741/1439/449 742/1440/449 736/1441/449
f 736/1442/450 740/1443/450 741/1444/450
f 739/1445/451 738/1446/451 745/1447/451
f 742/1448/452 739/1449/452 736/1442/452
f 737/1450/453 735/1451/453 743/1452/453
f 749/1426/444 750/1453/444 748/1427/444
f 748/1427/444 746/1454/444 733/1425/444
f 746/1454/444 734/1455/444 733/1425/444
f 749/1433/446 744/1456/446 743/1457/446
f 743/1457/446 735/1431/446 749/1433/446
f 748/1435/447 750/1458/447 735/1431/447
f 735/1431/447 745/1459/447 747/1434/447
f 736/1442/450 735/1451/450 740/1443/450
f 735/1460/451 736/1442/451 745/1447/451
f 736/1442/451 739/1445/451 745/1447/451
f 737/1450/453 740/1461/453 735/1451/453
o Neue_Welt_(10)__2547_58_-1089_to_2595_255_-1061.001_cell.056_Neue_Welt_(10)__2547_58_-1089_to_2595_255_-1061.001_cell.063
v 0.500018 0.130701 -0.070642
v 0.500018 0.149143 -0.112396
v 0.348112 -0.181821 -0.341268
v 0.500018 0.063614 0.079955
v 0.500018 -0.500000 -0.089106
v 0.500018 -0.451169 -0.142145
v 0.500018 -0.404150 0.117310
v 0.500018 -0.422170 0.094930
v 0.500018 -0.500000 -0.001853
v 0.500017 -0.209076 -0.404985
v 0.500017 -0.151859 -0.467069
v 0.484020 -0.500000 -0.079266
v 0.368892 0.064639 0.065334
v 0.337464 0.107065 -0.033977
v 0.323694 0.125754 -0.077716
v 0.394829 -0.139775 -0.415673
v 0.376907 -0.113685 -0.378607
v 0.325735 -0.038653 -0.272138
v 0.491576 -0.150930 -0.462995
v 0.483640 -0.150042 -0.459148
v 0.372457 0.059789 0.076555
v 0.500018 0.149143 -0.112396
v 0.500018 0.130701 -0.070642
v 0.500018 -0.451169 -0.142145
v 0.500017 -0.209076 -0.404985
v 0.500017 -0.151859 -0.467069
v 0.500018 0.063614 0.079955
v 0.500018 -0.404150 0.117310
v 0.500018 -0.422170 0.094930
v 0.500018 -0.500000 -0.001853
v 0.500018 -0.500000 -0.001853
v 0.500018 -0.500000 -0.089106
v 0.500018 -0.500000 -0.089106
v 0.484020 -0.500000 -0.079266
vt 0.404998 0.079234
vt 0.501357 0.001707
vt 0.641033 0.050348
vt 0.001706 0.497914
vt 0.017634 0.420803
vt 0.001706 0.411001
vt 0.588227 0.001707
vt 0.902719 0.291498
vt 0.569844 0.629953
vt 0.611414 0.648323
vt 0.964530 0.348493
vt 0.419907 0.563127
vt 0.382716 0.097183
vt 0.889697 0.794967
vt 0.304710 0.304710
vt 0.483420 0.378039
vt 0.750985 0.558144
vt 0.889697 0.761090
vt 0.840873 0.744041
vt 0.544976 0.544976
vt 0.738338 0.629590
vt 0.794967 0.794967
vt 0.889697 0.750370
vt 0.790306 0.657528
vt 0.889697 0.657122
vt 0.657122 0.657122
vt 0.889697 0.751791
vt 0.750370 0.750370
vt 0.751791 0.751791
vt 0.268867 0.268867
vt 0.889697 0.110303
vt 0.249539 0.110303
vt 0.388564 0.388564
vt 0.110303 0.110303
vt 0.403091 0.110303
vt 0.249539 0.249539
vt 0.281581 0.110303
vt 0.850580 0.110303
vt 0.740439 0.573706
vt 0.889697 0.596909
vt 0.299145 0.299145
vt 0.484839 0.260850
vt 0.735864 0.129466
vt 0.149420 0.110303
vt 0.889697 0.544976
vt 0.761090 0.761090
vt 0.783049 0.459400
vt 0.889697 0.304710
vt 0.857162 0.772673
vt 0.849022 0.757919
vt 0.747902 0.589714
vt 0.548149 0.535638
vt 0.889697 0.268867
vt 0.194209 0.179129
vt 0.216223 0.110303
vt 0.889697 0.388564
vt 0.889697 0.889697
vt 0.889697 0.299145
vt 0.889697 0.783777
vt 0.152841 0.152841
vt 0.650312 0.618503
vt 0.718419 0.110303
vn 1.0000 0.0000 0.0000
vn 0.0000 -1.0000 0.0000
vn -0.0418 0.9139 0.4037
vn -0.2228 0.7433 -0.6308
vn -0.0382 0.9128 0.4066
vn -0.3777 -0.6809 -0.6275
vn -0.3800 -0.6804 -0.6267
vn -0.3846 -0.6791 -0.6252
vn -0.8669 0.0986 -0.4886
vn -0.8676 0.0997 -0.4872
vn -0.0290 0.0796 0.9964
vn -0.9502 -0.2429 0.1954
vn -0.9497 -0.2439 0.1964
vn -0.2227 0.7433 -0.6309
vn -0.2227 0.7433 -0.6308
vn -0.2229 0.7432 -0.6309
vn -0.9497 -0.2441 0.1963
vn -0.9497 -0.2440 0.1963
usemtl Stone
s 1
f 797/1462/454 798/1463/454 792/1464/454
f 799/1465/455 802/1466/455 801/1467/455
f 800/1468/454 792/1464/454 798/1463/454
f 792/1464/454 793/1469/454 791/1470/454
f 791/1470/454 793/1469/454 790/1471/454
f 793/1469/454 794/1472/454 790/1471/454
f 791/1470/454 795/1473/454 792/1464/454
f 795/1473/454 796/1474/454 792/1464/454
f 796/1474/454 797/1462/454 792/1464/454
usemtl Dirt
s off
f 769/1475/456 783/1476/456 782/1477/456
f 785/1478/457 770/1479/457 788/1480/457
f 781/1481/458 772/1482/458 769/1483/458
f 787/1484/459 779/1485/459 778/1486/459
f 778/1487/460 788/1488/460 787/1489/460
f 788/1490/461 774/1491/461 771/1492/461
f 785/1493/462 784/1494/462 771/1495/462
f 771/1495/463 786/1496/463 785/1497/463
f 789/1498/464 775/1499/464 772/1500/464
f 786/1501/465 782/1502/465 783/1503/465
f 781/1504/466 771/1492/466 775/1505/466
f 782/1477/456 781/1506/456 769/1475/456
f 769/1475/456 770/1507/456 783/1476/456
f 786/1508/467 783/1509/467 770/1479/467
f 770/1479/468 779/1510/468 787/1511/468
f 787/1511/468 788/1480/468 770/1479/468
f 788/1480/469 784/1512/469 785/1478/469
f 785/1478/468 786/1508/468 770/1479/468
f 781/1481/458 789/1513/458 772/1482/458
f 778/1487/460 774/1514/460 788/1488/460
f 773/1515/461 780/1516/461 774/1491/461
f 780/1516/461 771/1492/461 774/1491/461
f 771/1492/461 784/1517/461 788/1490/461
f 786/1501/465 771/1518/465 782/1502/465
f 781/1504/466 782/1519/466 771/1492/466
f 771/1492/470 780/1520/470 776/1521/470
f 780/1520/471 777/1522/471 776/1521/471
f 771/1492/466 776/1521/466 775/1505/466
f 775/1505/466 789/1523/466 781/1504/466
o Neue_Welt_(10)__2547_58_-1089_to_2595_255_-1061.001_cell.057_Neue_Welt_(10)__2547_58_-1089_to_2595_255_-1061.001_cell.064
v 0.122865 -0.292933 -0.500000
v 0.314853 -0.179023 -0.363786
v 0.263774 -0.250667 -0.500000
v 0.104840 -0.423186 -0.500000
v 0.072300 -0.179056 -0.347983
v 0.090041 -0.435438 -0.469986
v 0.099309 -0.427859 -0.488812
v 0.345286 -0.151755 -0.412281
v 0.332757 -0.133386 -0.386214
v 0.300221 -0.086246 -0.319187
v 0.266257 -0.099974 -0.323357
v 0.104840 -0.423186 -0.500000
v 0.122865 -0.292933 -0.500000
v 0.263774 -0.250667 -0.500000
vt 0.395149 0.078222
vt 0.377204 0.207968
vt 0.236913 0.250069
vt 0.802660 0.638511
vt 0.889697 0.788368
vt 0.826929 0.671126
vt 0.699125 0.378293
vt 0.696176 0.484991
vt 0.451682 0.358174
vt 0.889697 0.301263
vt 0.726991 0.110303
vt 0.889697 0.110303
vt 0.110303 0.110303
vt 0.204368 0.110303
vt 0.301263 0.301263
vt 0.204368 0.204368
vt 0.312935 0.110303
vt 0.632934 0.110303
vt 0.679564 0.436809
vt 0.547971 0.444989
vt 0.350925 0.110303
vt 0.889697 0.367066
vt 0.889697 0.889697
vt 0.350925 0.350925
vt 0.889697 0.480271
vt 0.841142 0.691381
vt 0.728844 0.429224
vt 0.686975 0.505763
vt 0.211632 0.110303
vt 0.519729 0.110303
vt 0.679684 0.154404
vt 0.312935 0.312935
vt 0.889697 0.273009
vn 0.0000 0.0000 -1.0000
vn -0.9092 0.1258 -0.3969
vn -0.2229 0.7432 -0.6309
vn 0.0607 -0.4247 0.9033
vn 0.8661 -0.0990 0.4900
vn 0.8672 -0.1005 0.4877
vn 0.7331 -0.6754 0.0803
vn 0.0589 -0.4256 0.9030
vn 0.7309 -0.6769 0.0873
vn -0.9093 0.1259 -0.3967
usemtl Stone
s 1
f 814/1524/472 815/1525/472 816/1526/472
usemtl Dirt
s off
f 808/1527/473 803/1528/473 809/1529/473
f 813/1530/474 811/1531/474 805/1532/474
f 812/1533/475 813/1534/475 804/1535/475
f 804/1536/476 811/1537/476 812/1538/476
f 811/1539/477 804/1536/477 810/1540/477
f 809/1541/478 805/1542/478 804/1536/478
f 804/1535/479 807/1543/479 808/1544/479
f 809/1545/480 804/1546/480 808/1547/480
f 807/1548/481 803/1528/481 808/1527/481
f 803/1528/473 806/1549/473 809/1529/473
f 813/1530/474 812/1550/474 811/1531/474
f 811/1531/474 810/1551/474 805/1532/474
f 805/1532/474 803/1552/474 807/1553/474
f 807/1553/474 813/1530/474 805/1532/474
f 806/1554/478 805/1542/478 809/1541/478
f 805/1542/478 810/1555/478 804/1536/478
f 804/1535/479 813/1556/479 807/1543/479
o Neue_Welt_(10)__2547_58_-1089_to_2595_255_-1061.001_cell.058_Neue_Welt_(10)__2547_58_-1089_to_2595_255_-1061.001_cell.068
v 0.500017 -0.500000 -0.500000
v 0.094210 -0.500000 -0.500000
v 0.336071 -0.215767 -0.360890
v 0.500017 -0.471727 -0.182462
v 0.500017 -0.500000 -0.151798
v 0.500017 -0.179979 -0.500000
v 0.339362 -0.227995 -0.500000
v 0.124484 -0.461045 -0.500000
v 0.095176 -0.493024 -0.500000
v 0.087273 -0.500000 -0.484110
v 0.086761 -0.500000 -0.478726
v 0.458025 -0.500000 -0.126399
v 0.485678 -0.178260 -0.493111
v 0.389566 -0.167461 -0.446429
v 0.500017 -0.500000 -0.500000
v 0.500017 -0.500000 -0.500000
v 0.094210 -0.500000 -0.500000
v 0.094210 -0.500000 -0.500000
v 0.500017 -0.471727 -0.182462
v 0.500017 -0.500000 -0.151798
v 0.500017 -0.500000 -0.151798
v 0.500017 -0.179979 -0.500000
v 0.500017 -0.179979 -0.500000
v 0.095176 -0.493024 -0.500000
v 0.124484 -0.461045 -0.500000
v 0.339362 -0.227995 -0.500000
v 0.458025 -0.500000 -0.126399
v 0.086761 -0.500000 -0.478726
v 0.087273 -0.500000 -0.484110
vt 0.681172 0.029870
vt 0.997317 0.001707
vt 0.997317 0.320482
vt 0.405732 0.001707
vt 0.404771 0.008656
vt 0.375591 0.040510
vt 0.043515 0.373854
vt 0.413148 0.022898
vt 0.001706 0.001707
vt 0.650644 0.001707
vt 0.161656 0.272653
vt 0.001706 0.001707
vt 0.001706 0.320482
vt 0.412639 0.017535
vt 0.405732 0.001707
vt 0.001706 0.348553
vt 0.815107 0.639379
vt 0.812507 0.634185
vt 0.792148 0.616372
vt 0.834835 0.748502
vt 0.580453 0.491142
vt 0.718445 0.580893
vt 0.292140 0.110303
vt 0.889697 0.772343
vt 0.426075 0.309785
vt 0.110303 0.110303
vt 0.772749 0.110303
vt 0.772343 0.772343
vt 0.343450 0.110303
vt 0.889697 0.707860
vt 0.302208 0.120665
vt 0.889697 0.889697
vt 0.476614 0.316198
vt 0.889697 0.317486
vt 0.317486 0.317486
vt 0.520195 0.243151
vt 0.889697 0.227251
vt 0.889697 0.536741
vt 0.343450 0.343450
vt 0.853799 0.773395
vt 0.889697 0.110303
vt 0.536741 0.536741
vt 0.807365 0.227171
vn 1.0000 0.0000 0.0000
vn 0.0000 0.0000 -1.0000
vn 0.0000 -1.0000 0.0000
vn -0.9092 0.1258 -0.3969
vn -0.2229 0.7432 -0.6309
vn 0.3794 0.6802 0.6272
vn -0.6588 0.2900 0.6942
vn 0.3820 0.6805 0.6253
vn -0.7330 0.6759 -0.0768
vn -0.7354 0.6740 -0.0699
vn 0.3796 0.6836 0.6234
vn -0.2198 0.7354 -0.6410
usemtl Stone
s 1
f 835/1557/482 832/1558/482 838/1559/482
f 833/1560/483 840/1561/483 841/1562/483
f 843/1563/484 844/1564/484 817/1565/484
f 835/1557/482 836/1566/482 832/1558/482
f 841/1562/483 842/1567/483 831/1568/483
f 842/1567/483 839/1569/483 831/1568/483
f 831/1568/483 833/1560/483 841/1562/483
f 845/1570/484 834/1571/484 844/1564/484
f 834/1571/484 817/1565/484 844/1564/484
f 817/1565/484 837/1572/484 843/1563/484
usemtl Dirt
s off
f 825/1573/485 818/1574/485 826/1575/485
f 829/1576/486 823/1577/486 830/1578/486
f 820/1579/487 828/1580/487 821/1581/487
f 819/1582/488 827/1583/488 828/1584/488
f 829/1585/489 820/1586/489 822/1587/489
f 819/1588/490 823/1589/490 824/1590/490
f 824/1591/491 825/1592/491 827/1593/491
f 830/1594/492 819/1588/492 829/1595/492
f 829/1576/493 822/1596/493 823/1577/493
f 820/1579/487 819/1597/487 828/1580/487
f 829/1585/489 819/1597/489 820/1586/489
f 819/1588/490 830/1598/490 823/1589/490
f 826/1599/491 827/1593/491 825/1592/491
f 827/1593/491 819/1588/491 824/1591/491
o Neue_Welt_(10)__2547_58_-1089_to_2595_255_-1061.001_cell.059_Neue_Welt_(10)__2547_58_-1089_to_2595_255_-1061.001_cell.069
v -0.099020 -0.176060 0.045444
v 0.011581 -0.042310 -0.165438
v -0.109816 -0.500000 -0.032694
v -0.086409 -0.500000 -0.010257
v 0.045880 -0.044410 -0.041518
v 0.045369 -0.042862 -0.049990
v 0.038910 -0.024079 -0.153619
v 0.061438 -0.091903 0.216871
v -0.018601 -0.500000 -0.241614
v 0.006970 -0.500000 0.078887
v 0.008868 -0.253518 -0.226311
v 0.028085 -0.079479 -0.215055
v 0.040497 -0.248889 0.163946
v -0.086409 -0.500000 -0.010257
v -0.109816 -0.500000 -0.032694
v 0.006970 -0.500000 0.078887
v -0.018601 -0.500000 -0.241614
vt 0.585559 0.489544
vt 0.518049 0.259087
vt 0.492590 0.578340
vt 0.608863 0.467193
vt 0.308243 0.117153
vt 0.110303 0.110303
vt 0.317028 0.110303
vt 0.317027 0.317027
vt 0.889697 0.110303
vt 0.889697 0.631565
vt 0.889697 0.110303
vt 0.889697 0.210864
vt 0.649975 0.322504
vt 0.789136 0.110303
vt 0.889697 0.110303
vt 0.110303 0.110303
vt 0.889697 0.187694
vt 0.889697 0.579627
vt 0.579627 0.579627
vt 0.187694 0.187694
vt 0.304562 0.187694
vt 0.637961 0.637961
vt 0.599920 0.225465
vt 0.657580 0.325096
vt 0.879652 0.636354
vt 0.788798 0.557264
vt 0.492320 0.423707
vt 0.200177 0.200177
vt 0.481446 0.344516
vt 0.213765 0.110303
vt 0.631565 0.631565
vt 0.786235 0.110303
vt 0.418681 0.418681
vt 0.363636 0.162384
vt 0.889697 0.418681
vt 0.693257 0.162212
vt 0.889697 0.637961
vn 0.0000 -1.0000 0.0000
vn -0.5984 0.7810 0.1789
vn -0.6004 0.7793 0.1794
vn -0.9092 0.1261 -0.3968
vn -0.2229 0.7432 -0.6309
vn -0.6842 -0.1494 0.7138
vn -0.6826 -0.1511 0.7150
vn 0.9913 -0.1042 -0.0807
vn 0.9913 -0.1056 -0.0791
vn -0.9092 0.1260 -0.3969
vn -0.9092 0.1261 -0.3969
usemtl Stone
s 1
f 859/1600/494 862/1601/494 861/1602/494
f 859/1600/494 860/1603/494 862/1601/494
usemtl Dirt
s off
f 851/1604/495 847/1605/495 850/1606/495
f 850/1607/496 846/1608/496 853/1609/496
f 847/1610/497 857/1611/497 856/1612/497
f 857/1613/498 847/1610/498 852/1614/498
f 846/1615/499 849/1616/499 858/1617/499
f 858/1618/500 849/1619/500 855/1620/500
f 851/1621/501 857/1622/501 852/1623/501
f 850/1624/502 853/1625/502 858/1626/502
f 851/1604/495 852/1627/495 847/1605/495
f 850/1607/496 847/1605/496 846/1608/496
f 856/1612/503 854/1628/503 848/1629/503
f 848/1629/503 846/1615/503 856/1612/503
f 846/1615/504 847/1610/504 856/1612/504
f 858/1617/499 853/1630/499 846/1615/499
f 846/1615/499 848/1631/499 849/1616/499
f 851/1621/501 856/1632/501 857/1622/501
f 858/1626/502 855/1633/502 856/1634/502
f 855/1633/502 854/1635/502 856/1634/502
f 856/1634/502 851/1636/502 850/1624/502
f 858/1626/502 856/1634/502 850/1624/502
