# Blender v2.91.0 OBJ File: 'physics_test.blend'
# www.blender.org
mtllib physics_shattered_lots_4.mtl
o Neue_Welt_(10)__2547_58_-1089_to_2595_255_-1061.001_cell.063_Neue_Welt_(10)__2547_58_-1089_to_2595_255_-1061.001_cell.074
v -0.499965 0.500000 0.499897
v 0.111829 0.003773 0.073515
v 0.114159 0.009857 0.075861
v 0.201113 0.249328 0.286650
v -0.499965 -0.063450 0.043394
v -0.499965 -0.065984 0.001930
v -0.499965 -0.034863 0.499897
v -0.499965 0.500000 0.177808
v 0.114826 0.500000 0.228085
v 0.158822 0.500000 0.353361
v 0.184905 0.500000 0.499896
v 0.144832 0.500000 0.275207
v 0.129533 0.500000 0.250973
v -0.019653 0.015780 0.499896
v 0.216544 0.354436 0.499896
v 0.204606 0.409615 0.499896
v 0.041687 0.022335 0.499896
v -0.499965 0.500000 0.499897
v -0.499965 0.500000 0.499897
v -0.499965 0.500000 0.177808
v -0.499965 0.500000 0.177808
v -0.499965 -0.065984 0.001930
v -0.499965 -0.063450 0.043394
v -0.499965 -0.034863 0.499897
v -0.499965 -0.034863 0.499897
v 0.114826 0.500000 0.228085
v 0.184905 0.500000 0.499896
v 0.184905 0.500000 0.499896
v 0.158822 0.500000 0.353361
v 0.144832 0.500000 0.275207
v 0.129533 0.500000 0.250973
v -0.019653 0.015780 0.499896
v 0.041687 0.022335 0.499896
v 0.216544 0.354436 0.499896
v 0.204606 0.409615 0.499896
vt 0.676642 0.997813
vt 0.542818 0.436557
vt 0.997317 0.465033
vt 0.613799 0.272460
vt 0.001706 0.001707
vt 0.657601 0.147672
vt 0.703185 0.907781
vt 0.001706 0.997813
vt 0.479910 0.515479
vt 0.997317 0.997813
vt 0.501537 0.434033
vt 0.643673 0.225521
vt 0.628441 0.249661
vt 0.001706 0.322541
vt 0.683570 0.001707
vt 0.683570 0.997813
vt 0.001706 0.465033
vt 0.540980 0.522009
vt 0.715070 0.852816
vt 0.109584 0.109584
vt 0.890416 0.109584
vt 0.890416 0.890416
vt 0.890416 0.192148
vt 0.109584 0.109584
vt 0.742770 0.109584
vt 0.109584 0.109584
vt 0.890416 0.180616
vt 0.890416 0.823795
vt 0.180616 0.180616
vt 0.823769 0.179857
vt 0.823795 0.823795
vt 0.182433 0.109584
vt 0.890416 0.109584
vt 0.238570 0.109584
vt 0.890416 0.759629
vt 0.890416 0.817567
vt 0.759629 0.759629
vt 0.336537 0.109584
vt 0.750085 0.109584
vt 0.890416 0.257230
vt 0.336537 0.336537
vt 0.749116 0.336637
vt 0.750085 0.750085
vt 0.890416 0.109584
vt 0.179529 0.120414
vt 0.181623 0.109584
vt 0.831694 0.831694
vt 0.807852 0.109584
vt 0.890416 0.890416
vt 0.238570 0.238570
vt 0.890416 0.831694
vn -1.0000 0.0000 0.0000
vn 0.0000 1.0000 0.0000
vn 0.0000 0.0000 1.0000
vn 0.9284 -0.3698 0.0372
vn 0.8730 -0.4596 0.1634
vn 0.1061 -0.9925 0.0607
vn 0.1047 -0.9926 0.0622
vn 0.1846 0.2913 -0.9387
vn 0.8342 0.1633 -0.5267
vn 0.8303 0.1612 -0.5335
vn 0.9628 0.2083 -0.1723
vn 0.9626 0.2098 -0.1713
vn 0.0779 0.2961 -0.9520
vn 0.8730 -0.4594 0.1636
vn 0.8329 0.1631 -0.5289
vn 0.0777 0.2959 -0.9521
usemtl Stone
s 1
f 20/1/1 23/2/1 24/3/1
f 9/4/2 19/5/2 29/6/2
f 35/7/3 1/8/3 32/9/3
f 24/3/1 18/10/1 20/1/1
f 20/1/1 22/11/1 23/2/1
f 30/12/2 31/13/2 29/6/2
f 31/13/2 9/4/2 29/6/2
f 9/4/2 21/14/2 19/5/2
f 19/5/2 27/15/2 29/6/2
f 35/7/3 28/16/3 1/8/3
f 1/8/3 25/17/3 32/9/3
f 32/9/3 33/18/3 34/19/3
f 34/19/3 35/7/3 32/9/3
usemtl Dirt
s off
f 3/20/4 4/21/4 2/22/4
f 17/23/5 4/24/5 15/25/5
f 2/26/6 14/27/6 5/28/6
f 14/29/7 7/30/7 5/31/7
f 26/32/8 3/33/8 2/22/8
f 12/34/9 4/21/9 13/35/9
f 4/24/10 26/36/10 13/37/10
f 10/38/11 16/39/11 15/40/11
f 10/41/12 11/42/12 16/43/12
f 2/44/13 8/45/13 26/46/13
f 17/23/14 2/22/14 4/24/14
f 5/28/6 6/47/6 2/26/6
f 2/26/6 17/48/6 14/27/6
f 4/24/15 3/33/15 26/36/15
f 15/40/11 4/49/11 10/38/11
f 4/49/11 12/50/11 10/38/11
f 2/44/16 6/51/16 8/45/16
o Neue_Welt_(10)__2547_58_-1089_to_2595_255_-1061.001_cell.065_Neue_Welt_(10)__2547_58_-1089_to_2595_255_-1061.001_cell.076
v 0.500035 0.500000 -0.500103
v 0.229412 0.244701 0.254105
v 0.143395 -0.015585 0.025153
v 0.114431 0.039630 -0.197261
v 0.145363 0.011160 0.048579
v 0.070672 0.253750 -0.500103
v 0.062394 0.478207 -0.500103
v 0.061622 0.500000 -0.500103
v 0.489047 0.039369 -0.500103
v 0.225678 0.088317 -0.500103
v 0.500035 0.037354 -0.500103
v 0.500035 0.129449 0.146288
v 0.500035 -0.062827 -0.056605
v 0.500035 -0.068643 -0.030674
v 0.500035 0.092845 0.113839
v 0.500035 0.165077 0.141001
v 0.500035 0.500000 0.090643
v 0.145938 0.500000 0.199435
v 0.143073 0.500000 0.175811
v 0.205294 0.500000 0.227354
v 0.172426 0.500000 0.242526
v 0.061622 0.500000 -0.500103
v 0.061622 0.500000 -0.500103
v 0.500035 0.500000 -0.500103
v 0.500035 0.500000 -0.500103
v 0.500035 0.037354 -0.500103
v 0.500035 0.037354 -0.500103
v 0.489047 0.039369 -0.500103
v 0.225678 0.088317 -0.500103
v 0.070672 0.253750 -0.500103
v 0.062394 0.478207 -0.500103
v 0.500035 0.092845 0.113839
v 0.500035 -0.068643 -0.030674
v 0.500035 -0.062827 -0.056605
v 0.500035 0.500000 0.090643
v 0.500035 0.500000 0.090643
v 0.500035 0.165077 0.141001
v 0.500035 0.129449 0.146288
v 0.145938 0.500000 0.199435
v 0.172426 0.500000 0.242526
v 0.205294 0.500000 0.227354
v 0.143073 0.500000 0.175811
vt 0.429184 0.752522
vt 0.437426 0.976106
vt 0.001706 0.997813
vt 0.359027 0.664194
vt 0.555765 0.437178
vt 0.997317 0.997813
vt 0.641921 0.324530
vt 0.644943 0.299669
vt 0.703869 0.273189
vt 0.438195 0.997813
vt 0.001706 0.536969
vt 0.012646 0.538976
vt 0.274859 0.587734
vt 0.353763 0.628705
vt 0.386070 0.592244
vt 0.529948 0.431384
vt 0.997317 0.536969
vt 0.409164 0.997813
vt 0.671146 0.258076
vt 0.997317 0.409367
vt 0.997317 0.997813
vt 0.560828 0.997813
vt 0.109584 0.109584
vt 0.890416 0.109584
vt 0.890416 0.890416
vt 0.890416 0.780331
vt 0.198800 0.109584
vt 0.890416 0.109584
vt 0.779769 0.109584
vt 0.780331 0.780331
vt 0.109584 0.109584
vt 0.780677 0.109584
vt 0.779769 0.779769
vt 0.890416 0.780371
vt 0.219323 0.109584
vt 0.780371 0.780371
vt 0.813902 0.109584
vt 0.813706 0.798367
vt 0.890416 0.802003
vt 0.109584 0.109584
vt 0.890416 0.210264
vt 0.802003 0.802003
vt 0.210264 0.210264
vt 0.801976 0.210559
vt 0.890416 0.794156
vt 0.109584 0.109584
vt 0.794842 0.109584
vt 0.794156 0.794156
vt 0.890416 0.801200
vt 0.794842 0.794842
vt 0.890416 0.186098
vt 0.821371 0.109584
vt 0.821371 0.821371
vt 0.890416 0.109584
vt 0.890416 0.109584
vt 0.817944 0.817944
vt 0.876836 0.786448
vt 0.762448 0.762448
vt 0.768344 0.109584
vt 0.768344 0.768344
vt 0.890416 0.890416
vt 0.890416 0.762448
vn 0.0000 0.0000 -1.0000
vn 1.0000 0.0000 0.0000
vn 0.0000 1.0000 0.0000
vn -0.0109 -0.6584 0.7526
vn -0.1760 -0.9602 -0.2169
vn -0.1783 -0.9591 -0.2197
vn -0.6826 -0.6396 -0.3536
vn -0.9924 -0.0366 0.1175
vn -0.9922 -0.0352 0.1196
vn 0.4153 0.1335 0.8998
vn 0.4169 0.1351 0.8988
vn 0.0156 -0.6633 0.7482
vn 0.0174 -0.6668 0.7451
vn -0.1766 -0.9604 -0.2154
vn -0.9921 -0.0358 0.1203
vn -0.9912 -0.0379 0.1265
vn -0.8359 -0.1609 0.5247
vn 0.4154 0.1335 0.8998
vn -0.8404 -0.1641 0.5166
usemtl Stone
s 1
f 65/52/17 66/53/17 59/54/17
f 72/55/18 69/56/18 60/57/18
f 77/58/19 74/59/19 76/60/19
f 66/53/17 57/61/17 59/54/17
f 59/54/17 61/62/17 63/63/17
f 63/63/17 64/64/17 59/54/17
f 64/64/17 65/52/17 59/54/17
f 73/65/18 67/66/18 72/55/18
f 67/66/18 68/67/18 69/56/18
f 69/56/18 62/68/18 60/57/18
f 60/57/18 70/69/18 72/55/18
f 67/66/18 69/56/18 72/55/18
f 74/59/19 75/70/19 76/60/19
f 76/60/19 71/71/19 77/58/19
f 71/71/19 36/72/19 58/73/19
f 77/58/19 71/71/19 58/73/19
usemtl Dirt
s off
f 40/74/20 38/75/20 37/76/20
f 44/77/21 48/78/21 39/79/21
f 45/80/22 44/81/22 39/82/22
f 39/82/23 41/83/23 45/84/23
f 39/79/24 42/85/24 41/86/24
f 42/87/25 54/88/25 43/89/25
f 55/90/26 37/91/26 51/92/26
f 55/93/27 51/94/27 52/95/27
f 50/96/28 37/91/28 38/75/28
f 38/97/29 49/98/29 50/99/29
f 38/97/30 48/100/30 49/101/30
f 54/102/31 38/97/31 53/103/31
f 53/104/32 38/97/32 40/105/32
f 37/106/33 53/107/33 40/74/33
f 44/77/21 46/108/21 48/78/21
f 42/87/25 39/82/25 54/88/25
f 56/109/34 37/91/34 55/90/34
f 37/91/26 47/110/26 51/92/26
f 50/96/28 47/111/28 37/91/28
f 38/97/30 39/79/30 48/100/30
f 54/102/31 39/112/31 38/97/31
f 37/106/35 56/113/35 53/107/35
o Neue_Welt_(10)__2547_58_-1089_to_2595_255_-1061.001_cell.066_Neue_Welt_(10)__2547_58_-1089_to_2595_255_-1061.001_cell.077
v 0.500035 0.500000 0.499896
v 0.239939 0.267251 0.290541
v 0.500035 0.156837 0.186462
v 0.500035 0.315562 0.499896
v 0.500035 0.191145 0.181205
v 0.500035 0.500000 0.134442
v 0.187031 0.500000 0.279489
v 0.226760 0.500000 0.499896
v 0.220902 0.500000 0.263732
v 0.254978 0.370819 0.499896
v 0.489619 0.317873 0.499896
v 0.500035 0.156837 0.186462
v 0.500035 0.191145 0.181205
v 0.500035 0.500000 0.134442
v 0.500035 0.500000 0.134442
v 0.500035 0.500000 0.499896
v 0.500035 0.500000 0.499896
v 0.500035 0.315562 0.499896
v 0.500035 0.315562 0.499896
v 0.187031 0.500000 0.279489
v 0.226760 0.500000 0.499896
v 0.226760 0.500000 0.499896
v 0.220902 0.500000 0.263732
v 0.254978 0.370819 0.499896
v 0.489619 0.317873 0.499896
vt 0.365557 0.997813
vt 0.001706 0.997813
vt 0.001706 0.814094
vt 0.997317 0.001707
vt 0.997317 0.365739
vt 0.719409 0.236952
vt 0.997317 0.997813
vt 0.753335 0.869136
vt 0.986947 0.816396
vt 0.313764 0.655986
vt 0.318999 0.690161
vt 0.685686 0.221256
vt 0.725241 0.001707
vt 0.997317 0.814094
vt 0.725241 0.997813
vt 0.890416 0.109584
vt 0.890416 0.739299
vt 0.260371 0.109584
vt 0.763866 0.109584
vt 0.739299 0.739299
vt 0.109584 0.109584
vt 0.890416 0.203888
vt 0.890416 0.785579
vt 0.785579 0.785579
vt 0.203888 0.203888
vt 0.785537 0.203968
vt 0.752174 0.752174
vt 0.739629 0.109584
vt 0.637409 0.252718
vt 0.765522 0.747785
vt 0.763866 0.763866
vt 0.752174 0.109584
vn 1.0000 0.0000 0.0000
vn 0.0000 1.0000 0.0000
vn 0.0000 0.0000 1.0000
vn -0.1970 -0.8731 0.4461
vn -0.1942 -0.8751 0.4432
vn -0.4178 -0.1376 -0.8981
vn -0.4164 -0.1361 -0.8989
vn -0.9622 -0.2102 0.1734
vn -0.9621 -0.2105 0.1732
usemtl Stone
s 1
f 91/114/36 93/115/36 95/116/36
f 94/117/37 92/118/37 100/119/37
f 78/120/38 101/121/38 102/122/38
f 95/116/36 89/123/36 90/124/36
f 90/124/36 91/114/36 95/116/36
f 100/119/37 97/125/37 98/126/37
f 98/126/37 94/117/37 100/119/37
f 102/122/38 96/127/38 78/120/38
f 78/120/38 99/128/38 101/121/38
usemtl Dirt
s off
f 79/129/39 88/130/39 87/131/39
f 80/132/40 88/133/40 79/134/40
f 79/134/41 86/135/41 82/136/41
f 82/137/42 86/138/42 83/139/42
f 84/140/43 87/141/43 85/142/43
f 80/132/40 81/143/40 88/133/40
f 82/136/41 80/144/41 79/134/41
f 79/134/41 84/145/41 86/135/41
f 84/140/44 79/134/44 87/141/44
o Neue_Welt_(10)__2547_58_-1089_to_2595_255_-1061.001_cell.067_Neue_Welt_(10)__2547_58_-1089_to_2595_255_-1061.001_cell.078
v 0.500035 -0.500000 -0.500103
v 0.104519 -0.006754 -0.167053
v 0.035888 -0.098778 -0.067314
v 0.141774 -0.054769 0.015154
v 0.126814 -0.049466 0.001735
v -0.001552 -0.500000 -0.500103
v 0.500035 -0.004233 -0.500104
v 0.491807 -0.002720 -0.500104
v 0.226922 0.045768 -0.500103
v 0.500035 -0.488985 0.049588
v 0.500035 -0.108819 -0.039851
v 0.500035 -0.500000 0.052171
v 0.500035 -0.008551 -0.480991
v -0.109134 -0.500000 -0.143168
v 0.183723 -0.500000 0.099133
v 0.196081 -0.500000 0.109328
v 0.500035 -0.500000 -0.500103
v 0.500035 -0.500000 -0.500103
v -0.001552 -0.500000 -0.500103
v -0.001552 -0.500000 -0.500103
v 0.226922 0.045768 -0.500103
v 0.491807 -0.002720 -0.500104
v 0.500035 -0.004233 -0.500104
v 0.500035 -0.004233 -0.500104
v 0.500035 -0.008551 -0.480991
v 0.500035 -0.108819 -0.039851
v 0.500035 -0.488985 0.049588
v 0.500035 -0.500000 0.052171
v 0.500035 -0.500000 0.052171
v -0.109134 -0.500000 -0.143168
v 0.196081 -0.500000 0.109328
v 0.183723 -0.500000 0.099133
vt 0.009899 0.497051
vt 0.001706 0.001707
vt 0.273621 0.545350
vt 0.539084 0.391365
vt 0.450038 0.012679
vt 0.997317 0.001707
vt 0.997317 0.447690
vt 0.694697 0.390755
vt 0.682393 0.400910
vt 0.001706 0.495544
vt 0.501091 0.001707
vt 0.447467 0.001707
vt 0.997317 0.495544
vt 0.978289 0.491242
vt 0.390822 0.642268
vt 0.497932 0.997813
vt 0.997317 0.997813
vt 0.109584 0.109584
vt 0.890416 0.109584
vt 0.890416 0.890416
vt 0.109584 0.109584
vt 0.890416 0.109584
vt 0.890416 0.109584
vt 0.890416 0.890416
vt 0.196320 0.109584
vt 0.890416 0.109584
vt 0.890416 0.803957
vt 0.791525 0.726500
vt 0.803957 0.803957
vt 0.109584 0.109584
vt 0.788237 0.788237
vt 0.109584 0.109584
vt 0.788530 0.109584
vt 0.890416 0.794971
vt 0.788530 0.788530
vt 0.794207 0.109584
vt 0.794971 0.794971
vt 0.205193 0.109584
vt 0.890416 0.811386
vt 0.208209 0.129959
vt 0.890416 0.803680
vt 0.890416 0.890416
vt 0.205193 0.205193
vt 0.890416 0.205793
vt 0.890416 0.788237
vt 0.826586 0.800798
vt 0.811386 0.811386
vn 0.0000 0.0000 -1.0000
vn 1.0000 0.0000 0.0000
vn 0.0000 -1.0000 0.0000
vn -0.6400 0.1165 0.7595
vn -0.6091 0.7460 0.2692
vn 0.1395 0.9642 0.2256
vn -0.6352 0.0844 0.7677
vn -0.8888 0.3719 -0.2679
vn 0.1758 0.9604 0.2161
vn 0.1765 0.9601 0.2169
vn 0.1782 0.9595 0.2181
vn 0.1801 0.2245 0.9577
vn -0.6340 0.0852 0.7686
vn 0.1810 0.2252 0.9574
vn -0.8886 0.3721 -0.2681
vn -0.8887 0.3720 -0.2679
usemtl Stone
s 1
f 124/146/45 119/147/45 123/148/45
f 128/149/46 129/150/46 120/151/46
f 131/152/47 133/153/47 134/154/47
f 125/155/45 119/147/45 124/146/45
f 119/147/45 121/156/45 123/148/45
f 130/157/46 120/151/46 129/150/46
f 120/151/46 126/158/46 127/159/46
f 128/149/46 120/151/46 127/159/46
f 134/154/47 132/160/47 122/161/47
f 122/161/47 103/162/47 134/154/47
f 103/162/47 131/152/47 134/154/47
usemtl Dirt
s off
f 106/163/48 107/164/48 105/165/48
f 107/166/49 104/167/49 105/165/49
f 107/166/50 106/168/50 104/169/50
f 117/170/51 105/171/51 116/172/51
f 108/173/52 116/174/52 105/175/52
f 111/176/53 104/177/53 110/178/53
f 104/177/54 115/179/54 110/180/54
f 106/163/55 113/181/55 115/182/55
f 112/183/56 118/184/56 114/185/56
f 117/186/57 106/163/57 105/171/57
f 106/187/58 112/188/58 113/189/58
f 105/175/59 104/167/59 108/173/59
f 104/167/60 111/190/60 108/173/60
f 106/168/54 115/179/54 104/177/54
f 115/179/54 109/191/54 110/180/54
f 112/183/56 106/168/56 118/184/56
f 117/186/57 118/192/57 106/163/57
o Neue_Welt_(10)__2547_58_-1089_to_2595_255_-1061.001_cell.064_ce_Neue_Welt_(10)__2547_58_-1089_to_2595_255_-1061.001_cell.087
v -0.269766 0.295774 -0.153543
v -0.282158 0.113384 -0.278593
v -0.059790 0.072921 -0.186260
v -0.474261 -0.073744 -0.041804
v -0.464613 -0.102628 -0.085657
v -0.108369 -0.039051 -0.009646
v -0.129194 -0.064260 -0.046330
v -0.419191 -0.120986 -0.115664
v -0.100885 -0.029957 0.003374
v -0.394010 -0.104626 -0.149952
v -0.346690 -0.016458 -0.252581
v -0.091755 0.031595 -0.229909
v -0.122349 -0.031550 -0.155275
v -0.250655 0.044720 -0.302113
v -0.041954 0.056049 0.035143
v -0.084909 -0.006678 0.011975
v -0.288761 0.319525 0.097149
v -0.359958 0.395184 0.114908
v -0.126447 -0.040026 -0.145187
v -0.405809 -0.126364 -0.124525
v -0.151035 -0.090670 -0.084949
vt 0.109584 0.109584
vt 0.890416 0.109584
vt 0.890416 0.890416
vt 0.109584 0.109584
vt 0.890416 0.890416
vt 0.890416 0.799475
vt 0.266241 0.109584
vt 0.613990 0.109584
vt 0.799475 0.799475
vt 0.360922 0.360922
vt 0.870059 0.353566
vt 0.595211 0.334170
vt 0.890416 0.359633
vt 0.691986 0.487859
vt 0.666551 0.126405
vt 0.719998 0.181496
vt 0.449786 0.294037
vt 0.696940 0.696940
vt 0.359633 0.359633
vt 0.435753 0.356182
vt 0.890416 0.733759
vt 0.335723 0.335723
vt 0.890416 0.386010
vt 0.634447 0.109584
vt 0.519386 0.519386
vt 0.109584 0.109584
vt 0.796085 0.470180
vt 0.736926 0.362300
vt 0.890416 0.384304
vt 0.890416 0.109584
vt 0.593193 0.593193
vt 0.419826 0.351686
vt 0.109584 0.109584
vt 0.890416 0.365553
vt 0.890416 0.109584
vt 0.684627 0.684627
vt 0.625419 0.109584
vt 0.890416 0.109584
vt 0.631438 0.631438
vt 0.559102 0.559102
vt 0.118030 0.109584
vt 0.673685 0.458154
vt 0.755074 0.223264
vt 0.648570 0.648570
vt 0.890416 0.890416
vt 0.890416 0.360922
vt 0.535890 0.433550
vt 0.744451 0.261435
vt 0.890416 0.696940
vt 0.376527 0.270185
vt 0.200042 0.109584
vt 0.646371 0.109584
vt 0.890416 0.335723
vt 0.890416 0.690092
vt 0.690092 0.690092
vt 0.675080 0.249162
vt 0.890416 0.593193
vt 0.817577 0.508966
vt 0.684627 0.109584
vt 0.890416 0.519386
vt 0.384304 0.384304
vt 0.648570 0.109584
vt 0.810497 0.544295
vt 0.753456 0.547741
vt 0.559102 0.109584
vn 0.4083 0.4971 -0.7656
vn -0.8468 0.3387 -0.4101
vn 0.0301 -0.8317 0.5544
vn 0.0291 -0.8273 0.5610
vn 0.2002 -0.7869 -0.5837
vn -0.0786 -0.2976 0.9515
vn 0.2008 -0.7887 -0.5811
vn 0.0309 -0.8331 0.5523
vn 0.7290 0.6845 -0.0066
vn 0.8379 -0.5351 -0.1079
vn 0.8384 -0.5342 -0.1082
vn 0.7271 0.6865 -0.0100
vn 0.3992 0.4557 -0.7956
vn -0.4926 0.0711 -0.8673
vn -0.6120 -0.4380 -0.6585
vn -0.8446 0.3432 -0.4109
vn -0.0798 -0.2984 0.9511
vn -0.0801 -0.2983 0.9511
vn 0.4085 0.4944 -0.7673
vn -0.8426 0.3400 -0.4176
vn -0.8409 0.3481 -0.4143
usemtl Dirt
s off
f 136/193/61 135/194/61 137/195/61
f 145/196/62 135/194/62 136/197/62
f 138/198/63 142/199/63 141/200/63
f 138/201/64 140/202/64 143/203/64
f 148/204/65 147/205/65 145/206/65
f 150/207/66 149/208/66 151/209/66
f 144/210/67 147/211/67 153/212/67
f 142/213/68 155/214/68 141/215/68
f 151/216/69 149/217/69 137/218/69
f 140/219/70 141/220/70 153/221/70
f 137/222/71 150/223/71 147/224/71
f 135/225/72 151/226/72 137/195/72
f 136/227/73 146/228/73 148/229/73
f 145/230/74 136/197/74 148/231/74
f 139/232/75 145/233/75 144/234/75
f 138/235/76 152/236/76 135/237/76
f 141/200/63 140/238/63 138/198/63
f 138/198/63 139/239/63 142/199/63
f 146/240/65 147/205/65 148/204/65
f 147/205/65 144/241/65 145/206/65
f 151/209/77 152/242/77 138/243/77
f 138/243/78 143/244/78 151/209/78
f 143/244/66 150/207/66 151/209/66
f 153/212/67 155/245/67 144/210/67
f 155/245/67 154/246/67 144/210/67
f 142/213/68 154/247/68 155/214/68
f 141/220/70 155/248/70 153/221/70
f 153/221/70 150/249/70 140/219/70
f 150/249/70 143/250/70 140/219/70
f 146/251/71 137/222/71 147/224/71
f 137/222/71 149/252/71 150/223/71
f 147/224/71 150/223/71 153/253/71
f 135/225/72 152/254/72 151/226/72
f 136/227/79 137/195/79 146/228/79
f 154/255/75 142/256/75 144/234/75
f 142/256/75 139/232/75 144/234/75
f 135/237/80 145/196/80 138/235/80
f 145/196/81 139/257/81 138/235/81
o Neue_Welt_(10)__2547_58_-1089_to_2595_255_-1061.001_cell.06_Neue_Welt_(10)__2547_58_-1089_to_2595_255_-1061.001_cell.088
v -0.499965 -0.139555 -0.139152
v -0.499965 -0.136786 -0.134976
v -0.499965 -0.133127 -0.147875
v -0.499965 -0.048016 -0.262617
v -0.499965 -0.120485 -0.110522
v -0.465545 -0.130053 -0.126746
v -0.490205 -0.120061 -0.110416
v -0.422037 -0.069085 -0.207479
v -0.449261 -0.119488 -0.148869
v -0.487265 -0.045992 -0.260989
v -0.456928 -0.133525 -0.132466
v -0.499965 -0.133127 -0.147875
v -0.499965 -0.139555 -0.139152
v -0.499965 -0.136786 -0.134976
v -0.499965 -0.120485 -0.110522
v -0.499965 -0.048016 -0.262617
vt 0.389962 0.380005
vt 0.238150 0.451931
vt 0.352388 0.367152
vt 0.361073 0.360749
vt 0.365231 0.363506
vt 0.169382 0.109584
vt 0.357360 0.285776
vt 0.363328 0.303440
vt 0.890416 0.828499
vt 0.671649 0.599152
vt 0.777372 0.637178
vt 0.828498 0.828498
vt 0.890416 0.761194
vt 0.890416 0.821055
vt 0.821055 0.821055
vt 0.890416 0.789344
vt 0.890416 0.830618
vt 0.786391 0.529104
vt 0.890416 0.607406
vt 0.791971 0.599668
vt 0.653466 0.607088
vt 0.607406 0.607406
vt 0.286295 0.286295
vt 0.210656 0.109584
vt 0.890416 0.765542
vt 0.668169 0.606263
vt 0.765542 0.765542
vt 0.761194 0.761194
vt 0.757639 0.596886
vt 0.890416 0.286295
vt 0.594431 0.109584
vt 0.654362 0.109584
vn -1.0000 0.0000 0.0000
vn 0.0301 -0.8317 0.5544
vn 0.2002 -0.7869 -0.5837
vn 0.2008 -0.7887 -0.5811
vn 0.0309 -0.8331 0.5523
vn 0.6130 0.4355 0.6592
vn -0.0437 0.8968 0.4403
vn -0.2002 0.7869 0.5837
vn -0.0602 0.9011 0.4294
usemtl Stone
s 1
f 170/258/82 171/259/82 167/260/82
f 168/261/82 169/262/82 167/260/82
f 169/262/82 170/258/82 167/260/82
usemtl Dirt
s off
f 157/263/83 162/264/83 160/265/83
f 158/266/84 165/267/84 163/268/84
f 158/269/85 166/270/85 156/271/85
f 156/272/86 161/273/86 157/274/86
f 164/275/87 162/276/87 161/277/87
f 160/278/88 162/279/88 163/280/88
f 157/263/83 161/281/83 162/264/83
f 163/268/84 164/282/84 158/266/84
f 158/266/84 159/283/84 165/267/84
f 158/269/85 164/284/85 166/270/85
f 156/272/86 166/285/86 161/273/86
f 161/277/87 166/286/87 164/275/87
f 164/275/87 163/287/87 162/276/87
f 163/280/89 165/288/89 159/289/89
f 159/289/90 160/278/90 163/280/90
o Neue_Welt_(10)__2547_58_-1089_to_2595_255_-1061.001_cell.068_Neue_Welt_(10)__2547_58_-1089_to_2595_255_-1061.001_cell.089
v -0.499965 0.128141 -0.500103
v -0.304215 0.114835 -0.312582
v -0.499965 0.475852 -0.390061
v -0.499965 0.420290 -0.378184
v -0.499965 0.462409 -0.500103
v -0.499965 0.473590 -0.416073
v -0.499965 -0.015526 -0.285715
v -0.499965 -0.023853 -0.295192
v -0.341987 0.168389 -0.500103
v -0.325761 0.142520 -0.459683
v -0.334664 0.157155 -0.482456
v -0.428001 -0.012443 -0.285888
v -0.276401 0.060836 -0.332674
v -0.357401 0.008529 -0.289942
v -0.370996 0.004437 -0.289089
v -0.499965 -0.023853 -0.295192
v -0.499965 -0.015526 -0.285715
v -0.499965 0.420290 -0.378184
v -0.499965 0.475852 -0.390061
v -0.499965 0.473590 -0.416073
v -0.499965 0.462409 -0.500103
v -0.499965 0.462409 -0.500103
v -0.499965 0.128141 -0.500103
v -0.499965 0.128141 -0.500103
v -0.341987 0.168389 -0.500103
vt 0.001706 0.960369
vt 0.001706 0.627402
vt 0.123134 0.918444
vt 0.840032 0.667494
vt 0.997317 0.627402
vt 0.997317 0.960369
vt 0.205718 0.476000
vt 0.215182 0.484314
vt 0.111281 0.973770
vt 0.080508 0.971070
vt 0.208176 0.146290
vt 0.287944 0.180417
vt 0.620194 0.451517
vt 0.890416 0.190385
vt 0.890416 0.540026
vt 0.475506 0.109584
vt 0.313541 0.313541
vt 0.109584 0.109584
vt 0.775526 0.109584
vt 0.890416 0.290610
vt 0.890416 0.870546
vt 0.290610 0.290610
vt 0.890416 0.629394
vt 0.870546 0.870546
vt 0.629394 0.629394
vt 0.323586 0.323586
vt 0.361197 0.323469
vt 0.782770 0.512558
vt 0.890416 0.190842
vt 0.890416 0.524494
vt 0.890416 0.109584
vt 0.890416 0.313541
vt 0.540027 0.540027
vt 0.624926 0.503750
vt 0.605073 0.543169
vt 0.208600 0.135342
vt 0.243250 0.154758
vt 0.537334 0.319092
vt 0.618887 0.439040
vt 0.775526 0.775526
vt 0.757223 0.109584
vt 0.890416 0.323586
vt 0.472258 0.201891
vt 0.190385 0.190385
vt 0.242777 0.109584
vn -1.0000 0.0000 0.0000
vn 0.0000 0.0000 -1.0000
vn 0.2004 -0.7868 -0.5837
vn 0.8818 0.4696 -0.0429
vn 0.4982 -0.0651 0.8646
vn -0.0015 0.2090 0.9779
vn -0.0065 0.2075 0.9782
vn 0.0338 -0.7508 0.6597
vn 0.8790 0.4726 -0.0639
vn 0.8820 0.4695 -0.0408
vn 0.2002 -0.7869 -0.5837
vn 0.2004 -0.7867 -0.5839
vn 0.2001 -0.7868 -0.5838
vn 0.2002 -0.7868 -0.5838
vn 0.8792 0.4724 -0.0629
usemtl Stone
s 1
f 192/290/91 194/291/91 189/292/91
f 196/293/92 195/294/92 193/295/92
f 194/291/91 187/296/91 188/297/91
f 188/297/91 189/292/91 194/291/91
f 189/292/91 190/298/91 191/299/91
f 192/290/91 189/292/91 191/299/91
usemtl Dirt
s off
f 172/300/93 181/301/93 186/302/93
f 177/303/94 181/304/94 182/305/94
f 184/306/95 173/307/95 185/308/95
f 173/307/96 175/309/96 186/310/96
f 175/311/97 183/312/97 186/313/97
f 183/314/98 178/315/98 179/316/98
f 180/317/99 177/318/99 182/319/99
f 173/320/100 184/321/100 181/322/100
f 186/302/101 183/323/101 172/300/101
f 183/323/101 179/324/101 172/300/101
f 172/300/102 180/325/102 182/326/102
f 181/301/102 172/300/102 182/326/102
f 181/301/103 184/327/103 185/328/103
f 185/328/104 186/302/104 181/301/104
f 186/310/96 185/329/96 173/307/96
f 173/307/96 174/330/96 175/309/96
f 175/311/97 178/331/97 183/312/97
f 180/317/105 176/332/105 177/318/105
f 177/333/100 174/334/100 181/322/100
f 174/334/100 173/320/100 181/322/100
o Neue_Welt_(10)__2547_58_-1089_to_2595_255_-1061.001_cell.070_Neue_Welt_(10)__2547_58_-1089_to_2595_255_-1061.001_cell.079
v 0.103840 0.500000 0.185260
v -0.024723 0.094320 -0.180413
v -0.262940 0.348274 -0.142868
v -0.304336 0.500000 -0.141182
v -0.319937 0.500000 -0.137975
v -0.376792 0.500000 0.146158
v 0.055759 0.500000 -0.214184
v 0.093804 0.070957 -0.028316
v 0.103430 0.064848 0.049800
v 0.063165 0.318093 -0.207858
v 0.067286 0.217042 -0.204290
v 0.090538 0.073096 -0.054801
v 0.080550 0.079601 -0.135248
v 0.071393 0.114082 -0.200636
v -0.006255 0.077169 0.044698
v -0.109226 0.187048 0.070530
v -0.355469 0.450338 0.132437
v 0.069293 0.068547 0.048174
v 0.072305 0.084830 -0.199546
v -0.376792 0.500000 0.146158
v 0.103840 0.500000 0.185260
v 0.055759 0.500000 -0.214184
v -0.304336 0.500000 -0.141182
v -0.319937 0.500000 -0.137975
vt 0.602861 0.315118
vt 0.554853 0.714148
vt 0.196437 0.640619
vt 0.180908 0.637396
vt 0.124339 0.354068
vt 0.209364 0.209364
vt 0.218042 0.134794
vt 0.564987 0.214910
vt 0.890416 0.576777
vt 0.670288 0.670288
vt 0.581927 0.581927
vt 0.890416 0.819631
vt 0.646069 0.297795
vt 0.850848 0.205542
vt 0.571007 0.367511
vt 0.890416 0.581927
vt 0.890416 0.670288
vt 0.565982 0.109584
vt 0.618330 0.297278
vt 0.433492 0.109584
vt 0.322006 0.109584
vt 0.890416 0.109584
vt 0.890416 0.550348
vt 0.890416 0.109584
vt 0.550348 0.550348
vt 0.109584 0.109584
vt 0.890416 0.434018
vt 0.890416 0.566508
vt 0.532535 0.532535
vt 0.109584 0.109584
vt 0.511590 0.294085
vt 0.529844 0.481688
vt 0.805117 0.109584
vt 0.493285 0.493285
vt 0.890416 0.696864
vt 0.302398 0.109584
vt 0.677994 0.109584
vt 0.696864 0.696864
vt 0.194883 0.109584
vt 0.890416 0.890416
vt 0.302398 0.302398
vt 0.423223 0.109584
vt 0.820186 0.404614
vt 0.819631 0.819631
vt 0.221080 0.109584
vt 0.890416 0.778920
vt 0.890416 0.209364
vt 0.366182 0.302254
vt 0.385885 0.298513
vt 0.762564 0.206183
vt 0.890416 0.532535
vt 0.835550 0.383858
vt 0.533913 0.109584
vt 0.668588 0.231476
vt 0.533913 0.533913
vt 0.493285 0.109584
vt 0.805185 0.680241
vn 0.0000 1.0000 0.0000
vn 0.9922 0.0362 -0.1194
vn 0.9921 0.0353 -0.1203
vn -0.0774 -0.2963 0.9520
vn 0.9918 0.0262 -0.1250
vn -0.1045 -0.9924 -0.0647
vn -0.7293 -0.6841 0.0085
vn -0.7288 -0.6847 0.0076
vn -0.1101 -0.9917 -0.0665
vn -0.1973 -0.0426 -0.9794
vn -0.1985 -0.0421 -0.9792
vn -0.9220 -0.3404 -0.1845
vn -0.9208 -0.3452 -0.1815
vn -0.2011 -0.0440 -0.9786
vn -0.0776 -0.2965 0.9519
usemtl Stone
s 1
f 217/335/106 218/336/106 219/337/106
f 220/338/106 216/339/106 219/337/106
f 216/339/106 217/335/106 219/337/106
usemtl Dirt
s off
f 205/340/107 204/341/107 206/342/107
f 207/343/108 209/344/108 210/345/108
f 197/346/109 212/347/109 214/348/109
f 215/349/110 210/350/110 209/351/110
f 204/352/111 205/353/111 214/354/111
f 213/355/112 199/356/112 212/357/112
f 198/358/113 212/359/113 199/360/113
f 204/361/114 214/362/114 211/363/114
f 198/364/115 207/365/115 210/366/115
f 200/367/116 206/368/116 198/364/116
f 199/356/117 202/369/117 201/370/117
f 213/371/118 202/372/118 199/360/118
f 200/373/119 199/374/119 201/375/119
f 207/376/107 206/342/107 204/341/107
f 206/342/107 203/377/107 197/378/107
f 207/376/107 204/341/107 208/379/107
f 197/378/107 205/340/107 206/342/107
f 207/343/108 208/380/108 209/344/108
f 214/348/109 205/381/109 197/346/109
f 197/346/109 202/382/109 213/383/109
f 213/383/109 212/347/109 197/346/109
f 212/347/120 211/384/120 214/348/120
f 198/358/113 211/385/113 212/359/113
f 211/363/114 198/364/114 208/386/114
f 198/364/114 215/387/114 209/388/114
f 208/386/114 198/364/114 209/388/114
f 208/386/114 204/361/114 211/363/114
f 210/366/115 215/389/115 198/364/115
f 198/364/115 206/390/115 207/365/115
f 200/367/116 203/391/116 206/368/116
f 200/373/119 198/358/119 199/374/119
o Neue_Welt_(10)__2547_58_-1089_to_2595_255_-1061.001_cell.071_Neue_Welt_(10)__2547_58_-1089_to_2595_255_-1061.001_cell.082
v -0.499965 0.500000 0.136138
v -0.393431 -0.004234 -0.246580
v -0.312400 0.154520 -0.280142
v -0.299054 0.335983 -0.155691
v -0.499965 -0.030062 -0.049001
v -0.499965 0.007090 -0.018020
v -0.499965 0.023581 -0.253367
v -0.499965 0.466457 -0.347560
v -0.499965 0.499661 -0.353887
v -0.499965 -0.084097 -0.094281
v -0.499965 -0.063341 -0.076857
v -0.499965 -0.009246 -0.246301
v -0.360665 0.500000 -0.150127
v -0.473905 0.500000 -0.315699
v -0.416849 0.500000 0.130999
v -0.418336 0.497987 0.142152
v -0.394013 0.440644 0.126285
v -0.499965 0.499661 -0.353887
v -0.499965 0.499661 -0.353887
v -0.499965 0.466457 -0.347560
v -0.499965 0.023581 -0.253367
v -0.499965 -0.009246 -0.246301
v -0.499965 -0.084097 -0.094281
v -0.499965 -0.063341 -0.076857
v -0.499965 -0.030062 -0.049001
v -0.499965 0.007090 -0.018020
v -0.499965 0.500000 0.136138
v -0.499965 0.500000 0.136138
v -0.416849 0.500000 0.130999
v -0.360665 0.500000 -0.150127
v -0.473905 0.500000 -0.315699
v -0.418336 0.497987 0.142152
vt 0.482895 0.507652
vt 0.635154 0.997813
vt 0.153603 0.964417
vt 0.140365 0.649442
vt 0.027645 0.814188
vt 0.001706 0.364050
vt 0.147280 0.997476
vt 0.247511 0.523353
vt 0.254506 0.490626
vt 0.452026 0.470628
vt 0.406498 0.416501
vt 0.424099 0.437347
vt 0.001706 0.851972
vt 0.082105 0.357506
vt 0.084455 0.369182
vt 0.231835 0.169664
vt 0.342786 0.256153
vt 0.319914 0.256591
vt 0.890416 0.109584
vt 0.305638 0.184906
vt 0.266161 0.109584
vt 0.890416 0.677991
vt 0.890416 0.700680
vt 0.672531 0.672531
vt 0.109584 0.109584
vt 0.707384 0.109584
vt 0.706784 0.706784
vt 0.360426 0.109584
vt 0.890416 0.109584
vt 0.890416 0.639674
vt 0.109584 0.109584
vt 0.890416 0.292616
vt 0.890416 0.890416
vt 0.790652 0.790652
vt 0.725857 0.109584
vt 0.725857 0.725857
vt 0.724981 0.109584
vt 0.724981 0.724981
vt 0.890416 0.639574
vt 0.890416 0.725058
vt 0.639674 0.639674
vt 0.109584 0.109584
vt 0.178534 0.118267
vt 0.890416 0.672531
vt 0.706784 0.109584
vt 0.792015 0.110868
vt 0.890416 0.733839
vn -1.0000 0.0000 0.0000
vn 0.0000 1.0000 0.0000
vn -0.0095 0.9999 -0.0005
vn 0.0005 0.9999 0.0149
vn -0.0120 0.9999 -0.0007
vn 0.0110 0.9838 0.1790
vn 0.0048 0.9970 0.0773
vn -0.0774 -0.2963 0.9520
vn 0.8442 -0.3433 0.4117
vn 0.9221 0.3401 0.1843
vn 0.7840 0.3127 -0.5362
vn 0.0410 -0.8964 -0.4414
vn 0.7837 0.3111 -0.5376
vn 0.0417 -0.1870 -0.9815
vn 0.0056 -0.2080 -0.9781
vn 0.0073 -0.2104 -0.9776
vn 0.8445 -0.3443 0.4102
vn -0.0782 -0.2976 0.9515
vn 0.8445 -0.3443 0.4103
vn 0.8445 -0.3438 0.4107
vn 0.8446 -0.3436 0.4105
usemtl Stone
s 1
f 246/392/121 247/393/121 240/394/121
f 250/395/122 251/396/123 248/397/124
f 247/393/121 238/398/121 240/394/121
f 240/394/121 241/399/121 246/392/121
f 241/399/121 242/400/121 245/401/121
f 246/392/121 241/399/121 245/401/121
f 242/400/121 243/402/121 244/403/121
f 244/403/121 245/401/121 242/400/121
f 251/396/123 229/404/125 248/397/124
f 248/397/124 236/405/126 249/406/127
f 249/406/127 250/395/122 248/397/124
usemtl Dirt
s off
f 221/407/128 237/408/128 252/409/128
f 224/410/129 226/411/129 225/412/129
f 235/413/130 252/414/130 237/415/130
f 224/416/131 234/417/131 233/418/131
f 232/419/132 222/420/132 230/421/132
f 223/422/133 234/423/133 224/424/133
f 239/425/134 223/422/134 228/426/134
f 228/427/135 223/422/135 227/428/135
f 227/429/136 222/420/136 232/430/136
f 231/431/137 230/432/137 222/433/137
f 221/407/138 226/434/138 237/408/138
f 224/410/129 237/435/129 226/411/129
f 237/415/130 224/416/130 233/436/130
f 233/436/130 235/413/130 237/415/130
f 223/422/133 239/437/133 234/423/133
f 227/429/136 223/422/136 222/420/136
f 222/433/139 223/422/139 225/438/139
f 223/422/140 224/410/140 225/438/140
f 225/438/141 231/431/141 222/433/141
o Neue_Welt_(10)__2547_58_-1089_to_2595_255_-1061.001_cell.072_Neue_Welt_(10)__2547_58_-1089_to_2595_255_-1061.001_cell.083
v 0.103363 -0.006300 0.027652
v 0.079036 0.022621 -0.159222
v 0.011548 -0.067893 -0.059693
v 0.101326 -0.019167 0.008783
v -0.025215 0.054352 -0.192801
v 0.097606 0.029340 -0.009360
v 0.103393 0.025607 0.037585
v -0.073226 -0.053312 -0.032949
v -0.065621 -0.044082 -0.019518
v -0.057385 -0.034216 -0.005166
v -0.048827 -0.023928 0.009562
v 0.074708 0.043713 -0.189121
v 0.042167 0.048250 -0.206403
v -0.041441 0.033347 -0.215011
v -0.065502 -0.016259 -0.156390
v 0.093137 0.032207 -0.045371
v -0.006491 0.037284 0.032205
v 0.070174 0.029168 0.035991
v -0.097904 -0.083227 -0.076696
vt 0.109584 0.109584
vt 0.890416 0.109584
vt 0.890416 0.890416
vt 0.109584 0.109584
vt 0.159634 0.109584
vt 0.154331 0.154331
vt 0.782326 0.201646
vt 0.890416 0.109584
vt 0.890416 0.299813
vt 0.875247 0.291381
vt 0.109584 0.109584
vt 0.890416 0.109584
vt 0.795360 0.135780
vt 0.890416 0.289049
vt 0.890416 0.840366
vt 0.890416 0.890416
vt 0.791739 0.791739
vt 0.890416 0.154331
vt 0.851621 0.154027
vt 0.289049 0.289049
vt 0.890416 0.109584
vt 0.890416 0.261822
vt 0.890416 0.318897
vt 0.261822 0.261822
vt 0.109584 0.109584
vt 0.890416 0.791739
vt 0.205269 0.205269
vt 0.109584 0.109584
vt 0.402658 0.109584
vt 0.823566 0.384778
vt 0.479550 0.109584
vt 0.890416 0.109584
vt 0.890416 0.473555
vt 0.890416 0.890416
vt 0.479550 0.479550
vt 0.540465 0.354562
vt 0.602499 0.374293
vt 0.473555 0.473555
vt 0.574667 0.109584
vt 0.793964 0.239339
vt 0.588975 0.153399
vt 0.681103 0.109584
vt 0.299813 0.299813
vt 0.775569 0.218362
vt 0.830700 0.109584
vt 0.761262 0.162876
vt 0.708572 0.109584
vt 0.169300 0.109584
vt 0.890416 0.425333
vt 0.754359 0.342553
vt 0.850334 0.455621
vt 0.890416 0.597342
vt 0.459608 0.329009
vt 0.205269 0.109584
vt 0.635666 0.295729
vn 0.6089 -0.7471 -0.2666
vn 0.9922 0.0362 -0.1194
vn 0.0301 -0.8317 0.5544
vn 0.0291 -0.8273 0.5610
vn 0.2002 -0.7868 -0.5838
vn 0.9921 0.0353 -0.1203
vn -0.0774 -0.2963 0.9520
vn 0.2008 -0.7887 -0.5811
vn 0.0309 -0.8331 0.5523
vn 0.9918 0.0263 -0.1251
vn -0.0655 0.7484 -0.6600
vn -0.8361 0.5374 0.1103
vn 0.1018 0.9926 0.0668
vn 0.1032 0.9925 0.0662
vn -0.8386 0.5340 0.1078
vn 0.2004 -0.7869 -0.5836
vn 0.2004 -0.7867 -0.5839
vn -0.0785 -0.2977 0.9514
vn -0.0787 -0.2973 0.9515
vn 0.9918 0.0263 -0.1250
vn -0.8386 0.5340 0.1076
usemtl Dirt
s off
f 255/439/142 254/440/142 256/441/142
f 253/442/143 258/443/143 259/444/143
f 261/445/144 256/446/144 262/447/144
f 263/448/145 256/449/145 253/450/145
f 265/451/146 254/440/146 267/452/146
f 258/453/147 253/454/147 268/455/147
f 253/450/148 259/456/148 270/457/148
f 267/458/149 255/459/149 271/460/149
f 255/439/150 260/461/150 271/462/150
f 254/463/151 268/464/151 256/441/151
f 266/465/152 257/466/152 265/467/152
f 262/468/153 269/469/153 257/470/153
f 270/471/154 257/472/154 269/473/154
f 258/474/155 268/475/155 270/476/155
f 261/477/156 267/478/156 260/479/156
f 261/445/144 260/480/144 256/446/144
f 263/448/145 262/481/145 256/449/145
f 267/452/157 266/482/157 265/451/157
f 265/451/158 264/483/158 254/440/158
f 270/457/159 269/484/159 263/485/159
f 263/485/160 253/450/160 270/457/160
f 267/458/149 254/463/149 255/459/149
f 255/439/150 256/446/150 260/461/150
f 264/486/161 268/464/161 254/463/161
f 268/464/161 253/454/161 256/441/161
f 257/470/153 261/487/153 262/468/153
f 262/468/153 263/488/153 269/469/153
f 268/475/155 264/489/155 257/472/155
f 264/489/155 265/490/155 257/472/155
f 257/472/155 270/476/155 268/475/155
f 270/476/155 259/491/155 258/474/155
f 261/477/156 257/466/156 267/478/156
f 257/466/162 266/492/162 267/478/162
f 267/478/156 271/493/156 260/479/156
o Neue_Welt_(10)__2547_58_-1089_to_2595_255_-1061.001_cell.073_Neue_Welt_(10)__2547_58_-1089_to_2595_255_-1061.001_cell.084
v 0.029457 0.272000 -0.500104
v 0.029693 0.263082 -0.500104
v 0.021579 0.500000 -0.498144
v -0.264196 0.327295 -0.182602
v -0.035880 0.084157 -0.217955
v -0.276794 0.149928 -0.304094
v -0.301573 0.178685 -0.500103
v -0.455777 0.468958 -0.500103
v -0.472232 0.500000 -0.499999
v -0.466175 0.500000 -0.379129
v -0.441658 0.500000 -0.343101
v -0.328270 0.500000 -0.177132
v -0.313341 0.500000 -0.180121
v 0.050964 0.500000 -0.254023
v 0.060897 0.256595 -0.245366
v 0.058478 0.316152 -0.247390
v -0.243886 0.083593 -0.352196
v -0.058880 0.054446 -0.249432
v -0.010412 0.063011 -0.244334
v 0.067459 0.079037 -0.239198
v 0.058725 0.075349 -0.237227
v -0.197222 0.067656 -0.314705
v -0.236295 0.071426 -0.333191
v 0.065709 0.135488 -0.241228
v 0.021579 0.500000 -0.498144
v 0.021579 0.500000 -0.498144
v 0.029457 0.272000 -0.500104
v 0.029693 0.263082 -0.500104
v -0.472232 0.500000 -0.499999
v -0.472232 0.500000 -0.499999
v -0.301573 0.178685 -0.500103
v -0.455777 0.468958 -0.500103
v 0.050964 0.500000 -0.254023
v -0.466175 0.500000 -0.379129
v -0.441658 0.500000 -0.343101
v -0.328270 0.500000 -0.177132
v -0.313341 0.500000 -0.180121
vt 0.799796 0.677750
vt 0.953338 0.966892
vt 0.478298 0.997813
vt 0.520725 0.997813
vt 0.059740 0.841568
vt 0.187468 0.679429
vt 0.969718 0.997813
vt 0.470219 0.770701
vt 0.469984 0.761818
vt 0.550065 0.753946
vt 0.029306 0.997813
vt 0.035337 0.877396
vt 0.172609 0.676421
vt 0.820580 0.109584
vt 0.562320 0.171744
vt 0.478767 0.109584
vt 0.574321 0.285256
vt 0.499685 0.276779
vt 0.209598 0.109584
vt 0.177253 0.177253
vt 0.890416 0.521233
vt 0.527074 0.527074
vt 0.790402 0.109584
vt 0.890416 0.527074
vt 0.269313 0.109584
vt 0.890416 0.109584
vt 0.584581 0.425297
vt 0.738034 0.109584
vt 0.731726 0.731726
vt 0.792165 0.109584
vt 0.792247 0.698784
vt 0.890416 0.109584
vt 0.890416 0.714033
vt 0.285947 0.109584
vt 0.109584 0.109584
vt 0.890416 0.806014
vt 0.714033 0.714033
vt 0.498864 0.109584
vt 0.806014 0.806014
vt 0.109584 0.109584
vt 0.527793 0.207864
vt 0.508545 0.402939
vt 0.214665 0.109584
vt 0.498786 0.498786
vt 0.890416 0.261966
vt 0.619449 0.109584
vt 0.714053 0.109584
vt 0.890416 0.890416
vt 0.388081 0.109584
vt 0.890416 0.109584
vt 0.388080 0.388080
vt 0.745826 0.109584
vt 0.890416 0.890416
vt 0.745826 0.745826
vt 0.890416 0.785335
vt 0.820241 0.363222
vt 0.537143 0.292847
vt 0.208708 0.132541
vt 0.730687 0.109584
vt 0.718388 0.174347
vt 0.734404 0.116474
vt 0.706856 0.217281
vt 0.890416 0.179420
vt 0.890416 0.177253
vt 0.890416 0.731726
vt 0.109584 0.109584
vt 0.807107 0.237907
vt 0.498864 0.498864
vt 0.498786 0.109584
vt 0.534737 0.116861
vt 0.890416 0.207835
vt 0.619449 0.619449
vt 0.890416 0.890416
vn 0.0021 0.0039 -1.0000
vn 0.0038 0.0042 -1.0000
vn 0.0007 0.0055 -1.0000
vn 0.0000 1.0000 0.0000
vn 0.0038 0.0053 -1.0000
vn -0.0014 0.0049 -1.0000
vn 0.0000 0.0000 -1.0000
vn 0.9922 0.0362 -0.1194
vn 0.2005 -0.7867 -0.5839
vn 0.9921 0.0353 -0.1203
vn 0.9918 0.0262 -0.1250
vn -0.8823 -0.4687 0.0428
vn -0.8826 -0.4680 0.0442
vn -0.7855 -0.3084 0.5366
vn 0.1962 0.0417 0.9797
vn 0.1986 0.0434 0.9791
vn 0.2032 0.0415 0.9783
vn 0.0653 -0.7469 0.6617
vn -0.8801 -0.4723 0.0492
vn -0.7859 -0.3105 0.5348
vn -0.4101 -0.4954 0.7658
vn -0.4089 -0.4954 0.7664
vn 0.0628 -0.7483 0.6604
vn 0.2003 -0.7869 -0.5837
vn 0.2004 -0.7867 -0.5839
vn 0.9918 0.0263 -0.1250
usemtl Stone
s 1
f 302/494/163 303/495/164 296/496/165
f 297/497/166 306/498/166 308/499/166
f 303/495/164 300/500/167 296/496/165
f 296/496/165 298/501/168 302/494/163
f 298/501/168 299/502/169 302/494/163
f 308/499/166 304/503/166 297/497/166
f 297/497/166 301/504/166 306/498/166
f 301/504/166 305/505/166 306/498/166
f 306/498/166 307/506/166 308/499/166
usemtl Dirt
s off
f 274/507/170 287/508/170 286/509/170
f 293/510/171 288/511/171 273/512/171
f 272/513/172 286/514/172 295/515/172
f 273/516/173 295/517/173 291/518/173
f 277/519/174 278/520/174 288/521/174
f 279/522/175 281/523/175 280/524/175
f 275/525/176 283/526/176 282/527/176
f 275/528/177 284/529/177 283/530/177
f 287/531/178 284/532/178 276/533/178
f 295/534/179 286/535/179 276/533/179
f 290/536/180 292/537/180 276/533/180
f 277/519/181 288/538/181 294/539/181
f 282/540/182 277/541/182 275/528/182
f 277/541/183 293/542/183 275/525/183
f 276/543/184 293/544/184 289/545/184
f 276/546/185 289/547/185 290/548/185
f 274/507/170 285/549/170 287/508/170
f 293/510/186 294/550/186 288/511/186
f 288/511/187 278/551/187 273/512/187
f 273/512/187 291/552/187 290/553/187
f 291/552/187 292/554/187 290/553/187
f 290/553/187 289/555/187 273/512/187
f 289/555/187 293/510/187 273/512/187
f 272/513/172 274/556/172 286/514/172
f 273/516/188 272/557/188 295/517/188
f 277/519/174 279/558/174 278/520/174
f 279/522/175 277/559/175 281/523/175
f 275/528/177 276/543/177 284/529/177
f 287/531/178 285/560/178 284/532/178
f 286/535/179 287/561/179 276/533/179
f 276/533/179 292/562/179 295/534/179
f 292/562/179 291/563/179 295/534/179
f 282/540/182 281/564/182 277/541/182
f 277/541/183 294/565/183 293/542/183
f 276/543/184 275/566/184 293/544/184
o Neue_Welt_(10)__2547_58_-1089_to_2595_255_-1061.001_cell.062_ce_Neue_Welt_(10)__2547_58_-1089_to_2595_255_-1061.001_cell.094
v 0.500035 0.108619 0.180370
v 0.444661 -0.164544 0.311519
v 0.302836 -0.003160 0.264853
v 0.384910 -0.111318 0.317595
v 0.500035 -0.006889 0.078194
v 0.500035 -0.099400 0.221219
v 0.500035 -0.171236 0.357513
v 0.500035 -0.177506 0.359840
v 0.500035 -0.182977 0.351724
v 0.500035 -0.123162 0.339248
v 0.500035 0.138550 0.239493
v 0.500035 -0.177381 0.342644
v 0.399748 0.151172 0.220372
v 0.408314 0.150106 0.222029
v 0.420727 -0.014594 0.073218
v 0.399501 -0.001150 0.085603
v 0.450846 -0.011827 0.074967
v 0.270034 0.082820 0.162913
v 0.248771 0.096807 0.175789
v 0.314037 0.139691 0.212215
v 0.500035 -0.177381 0.342644
v 0.500035 -0.099400 0.221219
v 0.500035 -0.006889 0.078194
v 0.500035 0.108619 0.180370
v 0.500035 0.138550 0.239493
v 0.500035 -0.123162 0.339248
v 0.500035 -0.171236 0.357513
v 0.500035 -0.177506 0.359840
v 0.500035 -0.182977 0.351724
vt 0.143465 0.329190
vt 0.141149 0.322945
vt 0.149229 0.317496
vt 0.158269 0.323070
vt 0.279161 0.400747
vt 0.161650 0.377078
vt 0.421558 0.492898
vt 0.319830 0.607956
vt 0.260967 0.637771
vt 0.232778 0.109584
vt 0.468271 0.119750
vt 0.351036 0.228056
vt 0.232778 0.232778
vt 0.218660 0.163582
vt 0.319648 0.185022
vt 0.386029 0.109584
vt 0.656053 0.109584
vt 0.650305 0.373770
vt 0.420798 0.109584
vt 0.797571 0.109584
vt 0.751922 0.424808
vt 0.890416 0.109584
vt 0.890416 0.518523
vt 0.335913 0.109584
vt 0.621492 0.109584
vt 0.890416 0.343947
vt 0.890416 0.613971
vt 0.890416 0.109584
vt 0.621492 0.621492
vt 0.109584 0.109584
vt 0.109584 0.109584
vt 0.436835 0.109584
vt 0.599747 0.599747
vt 0.890416 0.109584
vt 0.890416 0.403906
vt 0.670572 0.109584
vt 0.890416 0.579202
vt 0.849570 0.567160
vt 0.109584 0.109584
vt 0.810124 0.810124
vt 0.762276 0.762276
vt 0.890416 0.563165
vt 0.329427 0.109584
vt 0.479170 0.109584
vt 0.380440 0.192900
vt 0.426750 0.215646
vt 0.727565 0.446521
vt 0.479170 0.479170
vt 0.779597 0.497650
vt 0.664172 0.561958
vt 0.518523 0.518523
vt 0.890416 0.599747
vt 0.403906 0.403906
vt 0.810124 0.109584
vt 0.890416 0.202429
vt 0.890416 0.762276
vt 0.890416 0.664088
vt 0.890416 0.890416
vn 1.0000 0.0000 0.0000
vn 0.1946 0.8751 -0.4430
vn -0.0174 0.6625 -0.7489
vn 0.1191 -0.8337 -0.5392
vn -0.1319 0.3531 0.9263
vn 0.0971 -0.8473 -0.5222
vn 0.1080 -0.8365 -0.5372
vn -0.6403 -0.6775 -0.3620
vn -0.6493 -0.6704 -0.3592
vn -0.6120 0.3153 0.7253
vn -0.1353 0.3519 0.9262
vn -0.1425 0.3443 0.9280
vn -0.5633 -0.6851 0.4618
vn -0.6540 -0.6687 -0.3536
vn -0.0174 0.6626 -0.7488
vn -0.0175 0.6626 -0.7487
vn -0.0176 0.6626 -0.7488
usemtl Stone
s 1
f 335/567/189 336/568/189 337/569/189
f 337/569/189 329/570/189 335/567/189
f 329/570/189 330/571/189 334/572/189
f 330/571/189 331/573/189 332/574/189
f 332/574/189 333/575/189 330/571/189
f 333/575/189 334/572/189 330/571/189
f 334/572/189 335/567/189 329/570/189
usemtl Dirt
s off
f 309/576/190 322/577/190 319/578/190
f 309/579/191 313/580/191 325/581/191
f 314/582/192 325/583/192 313/584/192
f 322/585/193 318/586/193 319/587/193
f 310/588/194 320/589/194 317/590/194
f 323/591/195 325/592/195 314/593/195
f 312/594/196 323/595/196 310/596/196
f 312/597/197 326/598/197 324/599/197
f 311/600/198 328/601/198 327/602/198
f 322/603/199 321/604/199 311/605/199
f 312/594/200 315/606/200 311/605/200
f 310/588/201 316/607/201 312/597/201
f 326/608/202 311/605/202 327/609/202
f 309/576/190 321/610/190 322/577/190
f 323/611/191 324/612/191 325/581/191
f 324/612/203 326/613/203 321/614/203
f 325/581/191 324/612/191 309/579/191
f 326/613/204 327/615/204 328/616/204
f 328/616/204 321/614/204 326/613/204
f 321/614/205 309/579/205 324/612/205
f 314/593/195 320/617/195 310/596/195
f 310/596/195 323/591/195 314/593/195
f 312/594/196 324/618/196 323/595/196
f 321/604/199 328/619/199 311/605/199
f 311/605/199 315/620/199 318/621/199
f 318/621/199 322/603/199 311/605/199
f 312/594/200 316/622/200 315/606/200
f 310/588/201 317/623/201 316/607/201
f 326/608/202 312/624/202 311/605/202
o Neue_Welt_(10)__2547_58_-1089_to_2595_255_-1061.001_cell.074_Neue_Welt_(10)__2547_58_-1089_to_2595_255_-1061.001_cell.095
v 0.500035 -0.500000 0.499897
v 0.500035 -0.500000 0.093965
v 0.500035 -0.448358 0.151173
v 0.500035 -0.345684 0.266449
v 0.500035 -0.350212 0.296566
v 0.500035 -0.375255 0.447066
v 0.500035 -0.384159 0.499897
v 0.403167 -0.500000 0.499897
v 0.353570 -0.500000 0.147993
v 0.352026 -0.500000 0.136939
v 0.495054 -0.500000 0.094901
v 0.365455 -0.500000 0.131290
v 0.500035 -0.500000 0.499897
v 0.500035 -0.500000 0.499897
v 0.500035 -0.500000 0.093965
v 0.500035 -0.500000 0.093965
v 0.500035 -0.384159 0.499897
v 0.500035 -0.384159 0.499897
v 0.500035 -0.448358 0.151173
v 0.500035 -0.345684 0.266449
v 0.500035 -0.350212 0.296566
v 0.500035 -0.375255 0.447066
v 0.403167 -0.500000 0.499897
v 0.403167 -0.500000 0.499897
v 0.353570 -0.500000 0.147993
v 0.352026 -0.500000 0.136939
v 0.365455 -0.500000 0.131290
v 0.495054 -0.500000 0.094901
vt 0.001706 0.001707
vt 0.348899 0.053148
vt 0.204145 0.150911
vt 0.900874 0.001707
vt 0.997317 0.001707
vt 0.997317 0.117097
vt 0.992358 0.405126
vt 0.997317 0.001707
vt 0.851495 0.352240
vt 0.054305 0.125966
vt 0.001706 0.117097
vt 0.405937 0.002048
vt 0.234129 0.155422
vt 0.997317 0.406058
vt 0.900874 0.001707
vt 0.849731 0.365028
vt 0.863328 0.368879
vt 0.115719 0.109584
vt 0.890416 0.140699
vt 0.890416 0.702216
vt 0.702216 0.702216
vt 0.146429 0.109584
vt 0.700177 0.109584
vt 0.700177 0.700177
vt 0.797967 0.271439
vt 0.797990 0.687002
vt 0.568756 0.361432
vt 0.890416 0.701570
vt 0.558608 0.370170
vt 0.191555 0.191555
vt 0.884281 0.109584
vt 0.701570 0.701570
vt 0.140699 0.140699
vt 0.146429 0.146429
vt 0.890416 0.191555
vt 0.149125 0.109584
vn 1.0000 0.0000 0.0000
vn 0.0000 0.0000 1.0000
vn 0.0000 -1.0000 0.0000
vn -0.7577 0.6453 0.0970
vn -0.7616 0.6392 0.1064
vn -0.7627 0.6378 0.1075
vn -0.1248 0.7365 -0.6648
vn -0.1850 0.7339 -0.6536
vn -0.1841 0.7322 -0.6557
vn -0.2550 0.7533 -0.6062
usemtl Stone
s 1
f 350/625/206 356/626/206 358/627/206
f 360/628/207 351/629/207 355/630/207
f 365/631/208 338/632/208 362/633/208
f 359/634/206 354/635/206 350/625/206
f 350/625/206 352/636/206 356/626/206
f 356/626/206 357/637/206 358/627/206
f 358/627/206 359/634/206 350/625/206
f 365/631/208 353/638/208 338/632/208
f 338/632/208 361/639/208 362/633/208
f 362/633/208 363/640/208 364/641/208
f 364/641/208 365/631/208 362/633/208
usemtl Dirt
s off
f 341/642/209 347/643/209 342/644/209
f 342/645/210 346/646/210 343/647/210
f 343/648/211 345/649/211 344/650/211
f 348/651/212 340/652/212 339/653/212
f 349/654/213 341/655/213 340/656/213
f 342/645/210 347/657/210 346/646/210
f 343/648/211 346/658/211 345/649/211
f 348/651/214 349/659/214 340/652/214
f 349/654/215 347/660/215 341/655/215
o Neue_Welt_(10)__2547_58_-1089_to_2595_255_-1061.001_cell.075_Neue_Welt_(10)__2547_58_-1089_to_2595_255_-1061.001_cell.085
v 0.232361 0.222196 0.287138
v 0.075317 -0.002137 0.499897
v 0.247700 0.326212 0.499896
v 0.098123 0.044329 0.499897
v 0.274933 -0.014317 0.301774
v 0.275411 -0.045483 0.326917
v 0.197522 0.110274 0.188920
v 0.191757 0.109602 0.188518
v 0.080016 -0.032026 0.499897
v 0.263344 -0.055995 0.499896
v 0.304375 -0.061240 0.499896
v 0.357474 0.301930 0.499896
v 0.354413 0.280887 0.499896
v 0.323486 0.240196 0.362720
v 0.298234 0.194245 0.260863
v 0.104397 -0.024422 0.338371
v 0.111340 -0.022092 0.292210
v 0.188684 0.104943 0.191763
v 0.112765 -0.011068 0.273495
v 0.112898 -0.021580 0.282006
v 0.206874 0.111459 0.189733
v 0.290959 0.170433 0.239959
v 0.289106 0.165117 0.235298
v 0.098123 0.044329 0.499897
v 0.075317 -0.002137 0.499897
v 0.247700 0.326212 0.499896
v 0.354413 0.280887 0.499896
v 0.357474 0.301930 0.499896
v 0.080016 -0.032026 0.499897
v 0.263344 -0.055995 0.499896
v 0.304375 -0.061240 0.499896
vt 0.597169 0.543917
vt 0.761665 0.443983
vt 0.852334 0.779553
vt 0.802516 0.438759
vt 0.855381 0.800515
vt 0.746089 0.824702
vt 0.574463 0.497632
vt 0.579142 0.467859
vt 0.740640 0.740640
vt 0.109584 0.109584
vt 0.742189 0.109584
vt 0.636397 0.555561
vt 0.890416 0.525698
vt 0.890416 0.890416
vt 0.890416 0.740640
vt 0.666129 0.109584
vt 0.890416 0.109584
vt 0.728575 0.109584
vt 0.890416 0.333871
vt 0.812147 0.812147
vt 0.561768 0.552651
vt 0.810869 0.774218
vt 0.522104 0.509559
vt 0.435094 0.109584
vt 0.846385 0.483985
vt 0.435094 0.435094
vt 0.799988 0.465763
vt 0.732616 0.659122
vt 0.731541 0.671957
vt 0.890416 0.109584
vt 0.890416 0.360924
vt 0.531412 0.109584
vt 0.360924 0.360924
vt 0.109584 0.109584
vt 0.359063 0.154033
vt 0.890416 0.109584
vt 0.890416 0.388070
vt 0.617435 0.130810
vt 0.109584 0.109584
vt 0.616411 0.109584
vt 0.890416 0.714099
vt 0.285342 0.109584
vt 0.509633 0.109584
vt 0.553734 0.170138
vt 0.509633 0.509633
vt 0.675071 0.109584
vt 0.851410 0.333901
vt 0.890416 0.890416
vt 0.742067 0.242547
vt 0.675071 0.675071
vt 0.243754 0.243754
vt 0.603046 0.453405
vt 0.486073 0.486073
vt 0.808250 0.109584
vt 0.890416 0.257811
vt 0.525698 0.525698
vt 0.808250 0.808250
vt 0.875126 0.563412
vt 0.890416 0.564141
vt 0.728575 0.728575
vt 0.633293 0.377696
vt 0.358645 0.358645
vt 0.388070 0.388070
vt 0.638799 0.409154
vt 0.753083 0.730929
vt 0.714099 0.714099
vt 0.890416 0.468588
vt 0.890416 0.383589
vt 0.285342 0.285342
vt 0.243754 0.109584
vn 0.0000 0.0000 1.0000
vn -0.8715 0.4624 -0.1633
vn -0.0252 0.6638 -0.7475
vn 0.1937 0.8758 -0.4421
vn 0.1946 0.8751 -0.4430
vn -0.9760 -0.1535 -0.1545
vn -0.8742 0.4577 -0.1624
vn -0.9779 -0.1389 -0.1563
vn -0.0175 0.6626 -0.7487
vn 0.6096 -0.3173 -0.7265
vn 0.1452 -0.6131 -0.7765
vn 0.1263 -0.6217 -0.7730
vn 0.1217 -0.6236 -0.7722
vn 0.9740 -0.1425 -0.1761
vn 0.9739 -0.1416 -0.1775
vn 0.9658 -0.1537 -0.2088
vn -0.1265 -0.9896 -0.0690
vn -0.1294 -0.9894 -0.0661
vn -0.9760 -0.1534 -0.1545
vn -0.8856 0.4347 -0.1636
vn -0.8731 0.4575 -0.1684
vn -0.8723 0.4599 -0.1659
vn -0.0188 0.6628 -0.7486
usemtl Stone
s 1
f 389/661/216 395/662/216 392/663/216
f 396/664/216 392/663/216 395/662/216
f 392/663/216 393/665/216 368/666/216
f 389/661/216 392/663/216 368/666/216
f 389/661/216 390/667/216 394/668/216
f 394/668/216 395/662/216 389/661/216
usemtl Dirt
s off
f 391/669/217 366/670/217 369/671/217
f 372/672/218 373/673/218 366/674/218
f 391/675/219 379/676/219 366/677/219
f 380/678/220 366/677/220 379/679/220
f 367/680/221 381/681/221 374/682/221
f 383/683/222 384/684/222 366/674/222
f 382/685/223 384/686/223 385/687/223
f 388/688/224 366/674/224 387/689/224
f 370/690/225 386/691/225 388/692/225
f 386/693/226 370/694/226 372/695/226
f 370/694/227 371/696/227 383/697/227
f 384/698/228 371/699/228 385/700/228
f 371/696/229 378/701/229 376/702/229
f 371/699/230 387/703/230 380/704/230
f 370/690/231 387/705/231 371/699/231
f 381/706/232 382/707/232 371/708/232
f 374/709/233 381/710/233 375/711/233
f 391/675/219 377/712/219 379/676/219
f 367/680/234 382/713/234 381/681/234
f 367/714/235 369/715/235 384/684/235
f 369/715/236 366/674/236 384/684/236
f 366/674/237 373/716/237 383/683/237
f 382/685/223 367/717/223 384/686/223
f 388/688/224 386/718/224 366/674/224
f 386/718/238 372/719/238 366/674/238
f 366/674/224 380/720/224 387/689/224
f 383/697/227 373/721/227 372/722/227
f 372/722/227 370/694/227 383/697/227
f 384/698/228 383/723/228 371/699/228
f 380/704/230 379/724/230 371/699/230
f 379/724/230 377/725/230 378/726/230
f 371/699/230 379/724/230 378/726/230
f 370/690/231 388/727/231 387/705/231
f 382/707/232 385/728/232 371/708/232
f 371/708/232 376/729/232 375/730/232
f 375/730/232 381/706/232 371/708/232
o Neue_Welt_(10)__2547_58_-1089_to_2595_255_-1061.001_cell.076_Neue_Welt_(10)__2547_58_-1089_to_2595_255_-1061.001_cell.086
v 0.153601 -0.500000 0.499897
v 0.209199 -0.500000 0.148700
v 0.306900 -0.491771 0.135765
v 0.479067 -0.311823 0.287583
v 0.287490 -0.088813 0.333119
v 0.431376 -0.203361 0.325843
v 0.338421 -0.117724 0.335486
v 0.500035 -0.292609 0.323027
v 0.500035 -0.321433 0.499896
v 0.500035 -0.311692 0.438672
v 0.500035 -0.210910 0.499376
v 0.500035 -0.212583 0.394310
v 0.500035 -0.228210 0.373337
v 0.086489 -0.073191 0.499897
v 0.398862 -0.442729 0.499896
v 0.350949 -0.500000 0.499897
v 0.315690 -0.102817 0.499897
v 0.272327 -0.097090 0.499897
v 0.327532 -0.109546 0.499897
v 0.250906 -0.500000 0.140751
v 0.267168 -0.500000 0.141525
v 0.308166 -0.500000 0.194121
v 0.300982 -0.500000 0.143176
v 0.350249 -0.500000 0.494826
v 0.118810 -0.063647 0.286293
v 0.110253 -0.065991 0.342660
v 0.120360 -0.070342 0.283153
v 0.191752 -0.387435 0.147120
v 0.199614 -0.422515 0.132298
v 0.169270 -0.287287 0.189669
v 0.287438 -0.487571 0.130934
v 0.271350 -0.475733 0.131145
v 0.153601 -0.500000 0.499897
v 0.153601 -0.500000 0.499897
v 0.209199 -0.500000 0.148700
v 0.500035 -0.321433 0.499896
v 0.500035 -0.321433 0.499896
v 0.500035 -0.311692 0.438672
v 0.500035 -0.292609 0.323027
v 0.500035 -0.228210 0.373337
v 0.500035 -0.212583 0.394310
v 0.500035 -0.210910 0.499376
v 0.500035 -0.210910 0.499376
v 0.315690 -0.102817 0.499897
v 0.272327 -0.097090 0.499897
v 0.086489 -0.073191 0.499897
v 0.350949 -0.500000 0.499897
v 0.350949 -0.500000 0.499897
v 0.398862 -0.442729 0.499896
v 0.327532 -0.109546 0.499897
v 0.250906 -0.500000 0.140751
v 0.267168 -0.500000 0.141525
v 0.300982 -0.500000 0.143176
v 0.308166 -0.500000 0.194121
v 0.350249 -0.500000 0.494826
vt 0.106829 0.288005
vt 0.062662 0.189281
vt 0.125020 0.274996
vt 0.770608 0.403048
vt 0.652403 0.001707
vt 0.896588 0.058755
vt 0.806290 0.306292
vt 0.848188 0.006758
vt 0.652403 0.001707
vt 0.001706 0.289677
vt 0.001706 0.179579
vt 0.177800 0.208290
vt 0.825571 0.390640
vt 0.813781 0.397343
vt 0.585586 0.426854
vt 0.848885 0.001707
vt 0.997317 0.179579
vt 0.997317 0.289677
vt 0.848885 0.001707
vt 0.707758 0.351536
vt 0.749282 0.359455
vt 0.765473 0.358684
vt 0.799138 0.357038
vt 0.109584 0.109584
vt 0.890416 0.109584
vt 0.890416 0.890416
vt 0.561351 0.190319
vt 0.654328 0.127097
vt 0.790861 0.180384
vt 0.890416 0.240159
vt 0.832153 0.219389
vt 0.890416 0.199466
vt 0.187309 0.109584
vt 0.240159 0.240159
vt 0.197128 0.193171
vt 0.731376 0.596020
vt 0.245154 0.109584
vt 0.668736 0.109584
vt 0.245154 0.245154
vt 0.890416 0.109584
vt 0.668736 0.668736
vt 0.890416 0.653595
vt 0.109584 0.109584
vt 0.890416 0.109584
vt 0.653595 0.653595
vt 0.109584 0.109584
vt 0.532067 0.109584
vt 0.836355 0.109584
vt 0.890416 0.219754
vt 0.865604 0.231724
vt 0.219754 0.219754
vt 0.109584 0.109584
vt 0.220670 0.109584
vt 0.109584 0.109584
vt 0.339062 0.109584
vt 0.890416 0.277314
vt 0.614158 0.614158
vt 0.277314 0.277314
vt 0.614204 0.276217
vt 0.779330 0.109584
vt 0.890416 0.109584
vt 0.890416 0.219555
vt 0.219555 0.219555
vt 0.890416 0.725987
vt 0.890416 0.709419
vt 0.707424 0.707424
vt 0.294202 0.109584
vt 0.890416 0.707424
vt 0.294202 0.294202
vt 0.890416 0.293428
vt 0.293428 0.293428
vt 0.890416 0.109584
vt 0.890416 0.467933
vt 0.890416 0.163645
vt 0.860323 0.226763
vt 0.890416 0.660937
vt 0.890416 0.890416
vt 0.692919 0.109584
vt 0.812691 0.109584
vt 0.809109 0.721982
vt 0.587149 0.521762
vt 0.499152 0.443242
vt 0.498009 0.433307
vt 0.307081 0.109584
vt 0.290581 0.109584
vt 0.890416 0.612187
vt 0.612187 0.612187
vt 0.890416 0.614158
vt 0.752181 0.731625
vt 0.725987 0.725987
vt 0.437728 0.109584
vt 0.604530 0.109584
vt 0.724597 0.509155
vt 0.604530 0.604530
vt 0.559954 0.109584
vn 1.0000 0.0000 0.0000
vn 0.0000 0.0000 1.0000
vn 0.0000 -1.0000 0.0000
vn 0.0006 0.0005 1.0000
vn 0.0016 0.0013 1.0000
vn 0.0058 0.0047 1.0000
vn 0.3138 0.4356 -0.8437
vn -0.9760 -0.1535 -0.1545
vn -0.1798 -0.2274 -0.9571
vn -0.1824 -0.2252 -0.9571
vn 0.1273 0.9898 0.0646
vn 0.1307 0.9895 0.0610
vn 0.3006 0.4611 -0.8349
vn 0.2983 0.4336 -0.8503
vn 0.0348 -0.6805 -0.7319
vn 0.0356 -0.6828 -0.7297
vn 0.7627 -0.6381 -0.1053
vn 0.7640 -0.6372 -0.1014
vn 0.7590 -0.6422 -0.1070
vn 0.7618 -0.6389 -0.1066
vn 0.4940 0.8694 -0.0105
vn 0.5066 0.8621 -0.0093
vn 0.5098 0.8602 -0.0137
vn 0.5675 0.6699 -0.4788
vn 0.3029 0.4295 -0.8508
vn 0.3036 0.4278 -0.8514
vn 0.6091 0.4883 -0.6250
vn -0.9760 -0.1534 -0.1545
vn 0.5754 0.6558 -0.4887
usemtl Stone
s 1
f 437/731/239 434/732/239 436/733/239
f 441/734/240 430/735/240 445/736/240
f 450/737/241 451/738/241 429/739/241
f 437/731/239 438/740/239 434/732/239
f 438/740/239 432/741/239 434/732/239
f 434/732/239 435/742/239 436/733/239
f 446/743/242 440/744/240 441/734/240
f 441/734/240 442/745/240 430/735/240
f 430/735/240 443/746/240 445/736/240
f 445/736/240 433/747/243 446/743/242
f 433/747/243 407/748/244 446/743/242
f 446/743/242 441/734/240 445/736/240
f 451/738/241 444/749/241 429/739/241
f 429/739/241 431/750/241 450/737/241
f 431/750/241 447/751/241 450/737/241
f 447/751/241 448/752/241 450/737/241
f 448/752/241 449/753/241 450/737/241
usemtl Dirt
s off
f 402/754/245 400/755/245 403/756/245
f 426/757/246 424/758/246 397/759/246
f 428/760/247 427/761/247 416/762/247
f 398/763/248 428/764/248 416/765/248
f 410/766/249 414/767/249 422/768/249
f 414/769/250 401/770/250 422/771/250
f 423/772/251 401/773/251 403/774/251
f 423/775/252 403/776/252 426/777/252
f 427/778/253 417/779/253 416/780/253
f 417/781/254 399/782/254 419/783/254
f 400/784/255 404/785/255 406/786/255
f 411/787/256 406/788/256 405/789/256
f 419/790/257 399/791/257 418/792/257
f 418/793/258 400/755/258 420/794/258
f 403/776/259 413/795/259 415/796/259
f 439/797/260 403/774/260 415/798/260
f 403/756/261 439/799/261 408/800/261
f 408/801/262 402/802/262 403/756/262
f 400/784/263 426/803/263 403/756/263
f 399/791/264 427/804/264 428/805/264
f 402/754/265 404/806/265 400/807/265
f 424/758/266 425/808/266 398/809/266
f 398/809/266 397/759/266 424/758/266
f 397/759/246 410/810/246 426/757/246
f 410/810/246 422/811/246 426/757/246
f 422/811/266 421/812/266 423/813/266
f 426/757/266 422/811/266 423/813/266
f 398/763/248 425/814/248 428/764/248
f 413/815/250 401/770/250 414/769/250
f 401/770/250 421/816/250 422/771/250
f 423/772/251 421/817/251 401/773/251
f 427/778/253 399/791/253 417/779/253
f 406/786/255 411/818/255 400/784/255
f 411/818/255 412/819/255 420/820/255
f 400/784/255 411/818/255 420/820/255
f 418/793/258 399/782/258 400/755/258
f 403/776/259 401/770/259 413/795/259
f 408/801/267 409/821/267 402/802/267
f 400/784/263 424/822/263 426/803/263
f 428/805/264 425/823/264 424/824/264
f 424/824/264 400/784/264 428/805/264
f 400/784/264 399/791/264 428/805/264
f 402/754/265 409/825/265 404/806/265
o Neue_Welt_(10)__2547_58_-1089_to_2595_255_-1061.001_cell.077_Neue_Welt_(10)__2547_58_-1089_to_2595_255_-1061.001_cell.090
v 0.500035 0.270382 0.499897
v 0.488873 0.272864 0.499897
v 0.315193 -0.058252 0.331056
v 0.500035 0.156750 0.275443
v 0.500035 -0.165646 0.398000
v 0.500035 -0.164862 0.499897
v 0.343929 -0.073366 0.499897
v 0.396950 0.293198 0.499897
v 0.394572 0.276847 0.499897
v 0.373277 0.250031 0.404018
v 0.435946 0.164857 0.263305
v 0.333664 0.176674 0.244485
v 0.500035 0.270382 0.499897
v 0.500035 0.270382 0.499897
v 0.488873 0.272864 0.499897
v 0.500035 -0.165646 0.398000
v 0.500035 0.156750 0.275443
v 0.500035 -0.164862 0.499897
v 0.500035 -0.164862 0.499897
v 0.396950 0.293198 0.499897
v 0.394572 0.276847 0.499897
v 0.343929 -0.073366 0.499897
vt 0.225176 0.655900
vt 0.001706 0.335540
vt 0.103156 0.334759
vt 0.892316 0.775529
vt 0.841896 0.426680
vt 0.986204 0.771562
vt 0.001706 0.769089
vt 0.997317 0.335540
vt 0.997317 0.769089
vt 0.894685 0.791816
vt 0.543579 0.109584
vt 0.499702 0.350111
vt 0.259063 0.109584
vt 0.871898 0.749859
vt 0.422942 0.300092
vt 0.890416 0.456421
vt 0.890416 0.109584
vt 0.890416 0.710861
vt 0.287979 0.109584
vt 0.109584 0.109584
vt 0.723134 0.109584
vt 0.710861 0.710861
vt 0.723243 0.282506
vt 0.723134 0.723134
vt 0.890416 0.711526
vt 0.873454 0.723934
vt 0.720835 0.493750
vt 0.712021 0.109584
vt 0.711526 0.711526
vt 0.485032 0.467405
vt 0.890416 0.489499
vt 0.890416 0.890416
vt 0.639844 0.109584
vt 0.504990 0.224545
vt 0.890416 0.740937
vt 0.510501 0.109584
vt 0.468479 0.109584
vn 1.0000 0.0000 0.0000
vn 0.0000 0.0000 1.0000
vn 0.1937 0.8758 -0.4421
vn 0.1946 0.8751 -0.4430
vn -0.5056 -0.8627 0.0088
vn -0.5042 -0.8636 0.0066
vn 0.1309 -0.3523 -0.9267
vn -0.9740 0.1417 0.1767
vn -0.9738 0.1408 0.1784
vn 0.1299 -0.3518 -0.9270
vn 0.1835 0.8750 -0.4479
usemtl Stone
s 1
f 468/826/268 469/827/268 467/828/268
f 472/829/269 473/830/269 466/831/269
f 468/826/268 465/832/268 469/827/268
f 473/830/269 470/833/269 464/834/269
f 464/834/269 466/831/269 473/830/269
f 466/831/269 471/835/269 472/829/269
usemtl Dirt
s off
f 461/836/270 459/837/270 453/838/270
f 452/839/271 455/840/271 461/841/271
f 454/842/272 457/843/272 458/844/272
f 454/845/273 456/846/273 457/847/273
f 454/845/274 455/848/274 456/849/274
f 460/850/275 459/851/275 461/852/275
f 454/845/276 458/853/276 460/854/276
f 463/855/277 462/856/277 454/857/277
f 463/858/278 461/841/278 462/859/278
f 461/841/271 453/860/271 452/839/271
f 462/859/271 461/841/271 455/840/271
f 454/845/274 462/861/274 455/848/274
f 461/852/275 463/862/275 454/842/275
f 454/842/275 460/850/275 461/852/275
o Neue_Welt_(10)__2547_58_-1089_to_2595_255_-1061.001_cell.078_Neue_Welt_(10)__2547_58_-1089_to_2595_255_-1061.001_cell.091
v 0.500035 -0.097026 -0.001539
v 0.467873 -0.200761 0.297929
v 0.500035 -0.180303 0.018073
v 0.500035 -0.037384 0.051219
v 0.500035 -0.225253 0.310771
v 0.500035 -0.274729 0.272171
v 0.500035 -0.255240 0.219292
v 0.500035 -0.211493 0.321418
v 0.500035 -0.122722 0.183752
v 0.500035 -0.203077 0.079072
v 0.497739 -0.173984 0.017004
v 0.468000 -0.092236 0.003441
v 0.442571 -0.042876 0.047694
v 0.452838 -0.062902 0.029741
v 0.461387 -0.041052 0.048871
v 0.500035 -0.097026 -0.001539
v 0.500035 -0.037384 0.051219
v 0.500035 -0.122722 0.183752
v 0.500035 -0.211493 0.321418
v 0.500035 -0.225253 0.310771
v 0.500035 -0.274729 0.272171
v 0.500035 -0.255240 0.219292
v 0.500035 -0.203077 0.079072
v 0.500035 -0.180303 0.018073
v 0.497739 -0.173984 0.017004
vt 0.281080 0.245514
vt 0.420684 0.297474
vt 0.316464 0.377516
vt 0.481415 0.320159
vt 0.483632 0.329502
vt 0.500941 0.403112
vt 0.448415 0.462521
vt 0.179401 0.289091
vt 0.190002 0.275384
vt 0.228432 0.226100
vt 0.890416 0.729343
vt 0.890416 0.792356
vt 0.768677 0.768677
vt 0.207644 0.109584
vt 0.270657 0.109584
vt 0.306451 0.139165
vt 0.301698 0.109584
vt 0.558694 0.109584
vt 0.559456 0.363024
vt 0.890416 0.668025
vt 0.688114 0.688114
vt 0.218753 0.218753
vt 0.890416 0.441306
vt 0.890416 0.698302
vt 0.668025 0.668025
vt 0.109584 0.109584
vt 0.414051 0.109584
vt 0.415662 0.415662
vt 0.691721 0.109584
vt 0.414051 0.414051
vt 0.654295 0.306630
vt 0.650643 0.318207
vt 0.441452 0.441452
vt 0.330683 0.159167
vt 0.293272 0.157090
vt 0.214933 0.145313
vt 0.308279 0.109584
vt 0.890416 0.109584
vt 0.415662 0.109584
vt 0.890416 0.218753
vt 0.890416 0.688114
vt 0.700636 0.155696
vn 1.0000 0.0000 0.0000
vn 1.0000 0.0033 -0.0051
vn 0.9239 0.3583 0.1338
vn 0.9967 0.0814 0.0013
vn 0.9999 -0.0083 -0.0109
vn -0.1824 -0.2252 -0.9571
vn -0.0174 0.6625 -0.7489
vn -0.1120 0.8355 0.5380
vn -0.9250 -0.3565 -0.1314
vn -0.1146 0.8349 0.5384
vn -0.6159 -0.4821 0.6231
vn -0.6166 -0.4843 0.6207
vn -0.9240 -0.3583 -0.1338
vn -0.9242 -0.3580 -0.1332
vn -0.9241 -0.3583 -0.1331
vn -0.9240 -0.3582 -0.1337
usemtl Stone
s 1
f 495/863/279 496/864/280 491/865/279
f 496/864/280 497/866/281 498/867/282
f 498/867/282 489/868/283 496/864/280
f 489/868/283 490/869/279 496/864/280
f 490/869/279 491/865/279 496/864/280
f 491/865/279 492/870/279 493/871/279
f 491/865/279 493/871/279 495/863/279
f 493/871/279 494/872/279 495/863/279
usemtl Dirt
s off
f 485/873/284 474/874/284 484/875/284
f 474/876/285 485/877/285 487/878/285
f 488/879/286 482/880/286 477/881/286
f 486/882/287 487/883/287 480/884/287
f 482/885/288 488/886/288 486/887/288
f 475/888/289 478/889/289 481/890/289
f 475/888/290 479/891/290 478/892/290
f 484/893/291 476/894/291 483/895/291
f 486/896/285 488/897/285 487/878/285
f 488/897/285 477/898/285 487/878/285
f 477/898/285 474/876/285 487/878/285
f 479/899/287 475/900/287 480/884/287
f 475/900/287 486/882/287 480/884/287
f 486/887/288 475/888/288 482/885/288
f 475/888/288 481/901/288 482/885/288
f 480/902/292 487/903/292 483/895/292
f 487/903/293 485/904/293 484/893/293
f 483/895/294 487/903/294 484/893/294
o Neue_Welt_(10)__2547_58_-1089_to_2595_255_-1061.001_cell.079_Neue_Welt_(10)__2547_58_-1089_to_2595_255_-1061.001_cell.092
v 0.152933 -0.045133 0.052413
v 0.145433 -0.018858 0.076000
v 0.420757 -0.186304 0.283586
v 0.480941 -0.323422 0.235454
v 0.296544 -0.073547 0.296802
v 0.289797 -0.064953 0.292340
v 0.290055 -0.069426 0.296441
v 0.186947 0.078443 0.161008
v 0.180244 0.077676 0.160554
v 0.500035 -0.356861 0.192834
v 0.500035 -0.455046 0.083293
v 0.500035 -0.302834 0.047160
v 0.121622 -0.044242 0.249265
v 0.121136 -0.027519 0.235734
v 0.165450 -0.239494 0.166338
v 0.191069 -0.353437 0.117675
v 0.120946 -0.013019 0.224039
v 0.302253 -0.434544 0.115564
v 0.345016 -0.465415 0.114863
v 0.467741 -0.213967 0.032128
v 0.222247 -0.376317 0.117115
v 0.420884 -0.085192 0.010764
v 0.397314 -0.039630 0.051614
v 0.209285 0.080851 0.162590
v 0.500035 -0.455046 0.083293
v 0.500035 -0.302834 0.047160
v 0.500035 -0.356861 0.192834
vt 0.416481 0.046486
vt 0.452455 0.198105
vt 0.307421 0.144288
vt 0.109584 0.109584
vt 0.890416 0.109584
vt 0.890416 0.890416
vt 0.890416 0.109584
vt 0.471455 0.471455
vt 0.109584 0.109584
vt 0.485299 0.185359
vt 0.429387 0.404590
vt 0.422282 0.422282
vt 0.109584 0.109584
vt 0.353581 0.109584
vt 0.856755 0.395807
vt 0.353581 0.353581
vt 0.659493 0.542857
vt 0.736591 0.258140
vt 0.890416 0.312303
vt 0.413858 0.109584
vt 0.890416 0.109584
vt 0.890416 0.636662
vt 0.421176 0.166598
vt 0.363338 0.109584
vt 0.109584 0.109584
vt 0.890416 0.649314
vt 0.587231 0.109584
vt 0.109584 0.109584
vt 0.890416 0.487383
vt 0.553202 0.553202
vt 0.109584 0.109584
vt 0.722613 0.568425
vt 0.812134 0.812134
vt 0.613169 0.109584
vt 0.487383 0.487383
vt 0.890416 0.413378
vt 0.462456 0.180967
vt 0.109584 0.109584
vt 0.409926 0.109584
vt 0.413378 0.413378
vt 0.525054 0.458405
vt 0.890416 0.109584
vt 0.661782 0.637357
vt 0.890416 0.109584
vt 0.595687 0.109584
vt 0.890416 0.386831
vt 0.409926 0.409926
vt 0.325616 0.325616
vt 0.812134 0.109584
vt 0.304301 0.127172
vt 0.890416 0.422282
vt 0.397403 0.397403
vt 0.586142 0.109584
vt 0.890416 0.698644
vt 0.393030 0.276097
vt 0.698644 0.698644
vt 0.312303 0.312303
vt 0.385165 0.166395
vt 0.890416 0.471455
vt 0.844515 0.465576
vt 0.890416 0.109584
vt 0.653930 0.574498
vt 0.890416 0.890416
vt 0.890416 0.109584
vt 0.553202 0.109584
vt 0.866552 0.409321
vt 0.429740 0.147774
vt 0.392891 0.109584
vt 0.327369 0.197799
vt 0.649314 0.649314
vt 0.890416 0.325616
vn 1.0000 0.0000 0.0000
vn 0.3688 0.6396 0.6744
vn -0.0252 0.6638 -0.7475
vn -0.9760 -0.1534 -0.1545
vn -0.8741 0.4577 -0.1626
vn -0.9779 -0.1389 -0.1563
vn -0.1797 -0.2272 -0.9571
vn -0.1824 -0.2252 -0.9571
vn -0.0174 0.6625 -0.7489
vn 0.6444 0.6756 0.3583
vn -0.3009 -0.4310 0.8507
vn -0.2997 -0.4344 0.8494
vn -0.3031 -0.4294 0.8507
vn -0.1236 0.6220 0.7732
vn -0.1218 0.6228 0.7728
vn 0.9241 0.3583 0.1329
vn 0.6167 0.6853 0.3874
vn -0.3022 -0.4001 0.8652
vn 0.0402 0.6765 0.7353
vn 0.1826 -0.7321 0.6562
vn -0.0185 0.6629 -0.7485
vn -0.0174 0.6626 -0.7488
vn 0.6479 0.6717 0.3592
vn -0.3010 -0.4310 0.8507
vn -0.3011 -0.4308 0.8507
vn -0.3008 -0.4311 0.8507
vn 0.9240 0.3584 0.1335
vn 0.9240 0.3584 0.1332
vn 0.9239 0.3588 0.1332
usemtl Stone
s 1
f 523/905/295 524/906/295 525/907/295
usemtl Dirt
s off
f 504/908/296 505/909/296 503/910/296
f 500/911/297 506/912/297 499/913/297
f 499/913/298 513/914/298 511/915/298
f 507/916/299 500/917/299 515/918/299
f 500/917/300 512/919/300 515/920/300
f 510/921/301 517/922/301 516/923/301
f 514/924/302 499/925/302 520/926/302
f 521/927/303 520/928/303 499/925/303
f 503/929/304 521/930/304 522/931/304
f 501/932/305 513/933/305 519/934/305
f 502/935/306 516/936/306 517/937/306
f 511/938/307 513/939/307 503/929/307
f 505/909/308 506/940/308 515/941/308
f 505/942/309 522/943/309 506/944/309
f 518/945/310 502/946/310 510/947/310
f 504/948/311 503/910/311 522/949/311
f 505/942/312 511/950/312 503/910/312
f 505/942/313 504/948/313 522/951/313
f 508/952/314 517/953/314 509/954/314
f 500/911/297 507/955/297 506/912/297
f 511/915/298 512/956/298 499/913/298
f 499/913/298 514/957/298 513/914/298
f 500/917/300 499/925/300 512/919/300
f 516/923/301 518/958/301 510/921/301
f 510/921/301 509/959/301 517/922/301
f 520/926/302 518/960/302 514/924/302
f 518/960/302 516/961/302 519/962/302
f 514/924/302 518/960/302 519/962/302
f 506/963/315 522/964/315 499/925/315
f 522/964/316 521/927/316 499/925/316
f 503/929/317 501/965/317 521/930/317
f 514/966/318 519/934/318 513/933/318
f 519/934/319 502/967/319 501/932/319
f 501/932/320 503/968/320 513/933/320
f 502/935/306 519/969/306 516/936/306
f 507/970/308 515/941/308 506/940/308
f 515/941/308 512/971/308 505/909/308
f 512/971/308 511/972/308 505/909/308
f 520/973/321 521/974/321 518/945/321
f 521/974/322 501/932/322 518/945/322
f 501/932/323 502/946/323 518/945/323
f 502/946/310 508/975/310 510/947/310
f 508/952/314 502/935/314 517/953/314
o Neue_Welt_(10)__2547_58_-1089_to_2595_255_-1061.001_cell.061_ce_Neue_Welt_(10)__2547_58_-1089_to_2595_255_-1061.001_cell.100
v 0.111619 -0.037932 0.052255
v 0.113542 -0.044289 0.042582
v 0.001491 -0.105735 -0.043034
v -0.021045 -0.024267 0.499896
v 0.037716 -0.018051 0.499896
v -0.169210 -0.281613 0.227232
v -0.061130 -0.332916 0.297990
v 0.066444 -0.204200 0.499896
v -0.049267 -0.027275 0.499896
v -0.314259 -0.072732 0.217973
v -0.061283 -0.029332 0.487170
v -0.310298 -0.072641 0.212563
v -0.168634 -0.069611 0.019350
v 0.133347 -0.212476 0.085640
v 0.069062 -0.216098 0.494978
v 0.073252 -0.235111 0.487069
v -0.162926 -0.072578 0.014582
v -0.078339 -0.116905 -0.055589
v -0.011397 -0.141347 -0.049785
v -0.025592 -0.139056 -0.051419
v -0.066857 -0.132082 -0.056128
v 0.134041 -0.212313 0.078734
v 0.121251 -0.221260 0.069096
v 0.043467 -0.174159 -0.001042
v -0.109643 -0.100535 -0.029665
v 0.037716 -0.018051 0.499896
v -0.021045 -0.024267 0.499896
v 0.066444 -0.204200 0.499896
v -0.049267 -0.027275 0.499896
vt 0.565629 0.296355
vt 0.478524 0.475588
vt 0.450426 0.472592
vt 0.537027 0.481779
vt 0.567510 0.109584
vt 0.572842 0.122264
vt 0.231843 0.146552
vt 0.440404 0.109584
vt 0.890416 0.822371
vt 0.109584 0.109584
vt 0.654761 0.568964
vt 0.639339 0.548618
vt 0.624237 0.109584
vt 0.863874 0.434913
vt 0.440404 0.440404
vt 0.109584 0.109584
vt 0.172214 0.109584
vt 0.186701 0.131996
vt 0.890416 0.369042
vt 0.689789 0.109584
vt 0.890416 0.109584
vt 0.109584 0.109584
vt 0.861278 0.375401
vt 0.369042 0.369042
vt 0.890416 0.109584
vt 0.689789 0.689789
vt 0.827786 0.109584
vt 0.696577 0.306368
vt 0.434990 0.434990
vt 0.530255 0.277619
vt 0.521364 0.261380
vt 0.890416 0.109584
vt 0.109584 0.109584
vt 0.738768 0.109584
vt 0.628926 0.628926
vt 0.392337 0.109584
vt 0.890416 0.561173
vt 0.546687 0.262996
vt 0.109584 0.109584
vt 0.890416 0.242141
vt 0.890416 0.890416
vt 0.242141 0.242141
vt 0.265905 0.230243
vt 0.360627 0.109584
vt 0.890416 0.109584
vt 0.639373 0.109584
vt 0.651386 0.155403
vt 0.637845 0.346262
vt 0.617189 0.109584
vt 0.650882 0.150614
vt 0.215646 0.147624
vt 0.177629 0.109584
vt 0.890416 0.432490
vt 0.811755 0.811755
vt 0.614611 0.516376
vt 0.890416 0.109584
vt 0.890416 0.811755
vt 0.228409 0.197319
vt 0.222641 0.222641
vt 0.858000 0.350455
vt 0.890416 0.890416
vt 0.890416 0.222641
vt 0.438827 0.109584
vt 0.890416 0.628926
vt 0.880607 0.619375
vt 0.696069 0.109584
vt 0.856079 0.230418
vt 0.890416 0.261232
vt 0.392337 0.392337
vt 0.617189 0.617189
vt 0.652809 0.142810
vt 0.303931 0.109584
vn 0.0000 0.0000 1.0000
vn -0.1058 0.9925 -0.0606
vn -0.1050 0.9926 -0.0614
vn 0.9764 0.1508 0.1547
vn -0.0292 0.8327 -0.5530
vn 0.1351 0.1371 -0.9813
vn 0.6376 -0.0869 -0.7655
vn 0.9845 0.1421 0.1023
vn 0.6335 -0.0834 -0.7692
vn -0.0283 0.8293 -0.5581
vn -0.6928 -0.5039 -0.5158
vn -0.6311 -0.4091 0.6590
vn -0.6917 -0.5050 -0.5163
vn -0.6279 -0.4128 0.6598
vn -0.6287 -0.4112 0.6601
vn -0.0906 -0.8669 -0.4902
vn -0.0837 -0.8677 -0.4899
vn 0.5544 -0.8315 0.0361
vn 0.9764 0.1511 0.1545
vn 0.9764 0.1507 0.1547
vn -0.0283 0.8294 -0.5579
usemtl Stone
s 1
f 553/976/324 552/977/324 554/978/324
f 553/976/324 551/979/324 552/977/324
usemtl Dirt
s off
f 537/980/325 535/981/325 536/982/325
f 538/983/326 529/984/326 526/985/326
f 533/986/327 540/987/327 539/988/327
f 526/985/328 542/989/328 538/990/328
f 528/991/329 544/992/329 545/993/329
f 547/994/330 549/995/330 527/996/330
f 527/997/331 539/998/331 547/999/331
f 528/1000/332 549/1001/332 544/1002/332
f 528/1000/333 550/1003/333 542/1004/333
f 538/1005/334 542/1006/334 531/1007/334
f 531/1008/335 536/1009/335 535/1010/335
f 546/1011/336 550/1012/336 543/1013/336
f 532/1014/337 540/1015/337 531/1016/337
f 531/1016/338 540/1017/338 533/1018/338
f 531/1016/339 545/1019/339 532/1020/339
f 545/1021/340 544/1022/340 549/1023/340
f 548/1024/341 539/1025/341 532/1014/341
f 536/982/325 534/1026/325 529/1027/325
f 529/1027/325 537/980/325 536/982/325
f 537/1028/326 529/984/326 538/983/326
f 529/984/326 530/1029/326 526/985/326
f 541/1030/327 539/988/327 540/987/327
f 539/988/342 526/1031/342 530/1032/342
f 533/986/343 539/988/343 530/1032/343
f 526/985/328 527/996/328 542/989/328
f 545/993/329 546/1033/329 543/1034/329
f 543/1034/329 528/991/329 545/993/329
f 547/994/330 548/1035/330 549/995/330
f 527/997/331 526/1031/331 539/998/331
f 528/1000/332 527/1036/332 549/1001/332
f 542/1004/333 527/997/333 528/1000/333
f 528/1000/344 543/1037/344 550/1003/344
f 542/1006/334 550/1038/334 531/1007/334
f 531/1007/334 535/1039/334 537/1040/334
f 537/1040/334 538/1005/334 531/1007/334
f 546/1011/336 531/1007/336 550/1012/336
f 532/1014/337 541/1041/337 540/1015/337
f 534/1042/338 536/1043/338 533/1018/338
f 536/1043/338 531/1016/338 533/1018/338
f 531/1016/339 546/1044/339 545/1019/339
f 549/1023/340 548/1045/340 532/1014/340
f 532/1014/340 545/1021/340 549/1023/340
f 547/1046/341 539/1025/341 548/1024/341
f 539/1025/341 541/1047/341 532/1014/341
o Neue_Welt_(10)__2547_58_-1089_to_2595_255_-1061.001_cell.069_Neue_Welt_(10)__2547_58_-1089_to_2595_255_-1061.001_cell.101
v 0.112096 -0.500000 0.499897
v 0.169139 -0.500000 0.140635
v -0.044526 -0.370334 0.310539
v 0.080338 -0.294226 0.499897
v -0.010200 -0.500000 0.499897
v 0.109517 -0.500000 0.090973
v -0.083520 -0.500000 0.347471
v -0.052291 -0.500000 0.305867
v -0.018465 -0.500000 0.482768
v 0.138813 -0.256388 0.094040
v 0.080230 -0.279107 0.485887
v 0.139401 -0.256242 0.088187
v 0.130039 -0.303354 0.085738
v 0.134677 -0.259565 0.084630
v 0.169139 -0.500000 0.140635
v 0.112096 -0.500000 0.499897
v 0.112096 -0.500000 0.499897
v -0.010200 -0.500000 0.499897
v -0.010200 -0.500000 0.499897
v 0.080338 -0.294226 0.499897
v -0.052291 -0.500000 0.305867
v 0.109517 -0.500000 0.090973
v -0.018465 -0.500000 0.482768
v -0.083520 -0.500000 0.347471
vt 0.489322 0.001707
vt 0.611080 0.001707
vt 0.579462 0.206680
vt 0.611080 0.001707
vt 0.489322 0.001707
vt 0.481092 0.018769
vt 0.416323 0.153540
vt 0.447416 0.194982
vt 0.608514 0.409038
vt 0.667874 0.359570
vt 0.185764 0.109584
vt 0.558594 0.458792
vt 0.280293 0.183157
vt 0.890416 0.813279
vt 0.751196 0.674119
vt 0.855134 0.474358
vt 0.853947 0.442276
vt 0.813279 0.813279
vt 0.436875 0.436875
vt 0.890416 0.109584
vt 0.363276 0.134768
vt 0.359279 0.109584
vt 0.672255 0.109584
vt 0.728172 0.670671
vt 0.109584 0.109584
vt 0.673587 0.109584
vt 0.672255 0.672255
vt 0.304586 0.223692
vt 0.890416 0.223278
vt 0.890416 0.671776
vt 0.223278 0.223278
vt 0.671776 0.671776
vt 0.557271 0.109584
vt 0.540793 0.451545
vt 0.878440 0.430036
vt 0.890416 0.436875
vt 0.890416 0.682400
vt 0.355853 0.125964
vt 0.728212 0.142674
vt 0.682400 0.682400
vt 0.326412 0.109584
vt 0.890416 0.640721
vn 0.0000 0.0000 1.0000
vn 0.0000 -1.0000 0.0000
vn 0.9764 0.1507 0.1550
vn 0.6376 -0.0869 -0.7655
vn 0.9845 0.1421 0.1023
vn -0.5572 0.8296 -0.0352
vn -0.8373 0.3684 0.4040
vn -0.8384 0.3669 0.4031
vn -0.7971 0.0672 -0.6002
vn -0.7978 0.0694 -0.5989
vn 0.9763 0.1511 0.1547
usemtl Stone
s 1
f 572/1048/345 571/1049/345 574/1050/345
f 570/1051/346 573/1052/346 577/1053/346
f 578/1054/346 575/1055/346 577/1053/346
f 575/1055/346 576/1056/346 569/1057/346
f 577/1053/346 575/1055/346 570/1051/346
f 569/1057/346 570/1051/346 575/1055/346
usemtl Dirt
s off
f 556/1058/347 565/1059/347 555/1060/347
f 556/1061/348 560/1062/348 567/1063/348
f 564/1064/349 556/1065/349 566/1066/349
f 557/1067/350 564/1068/350 568/1069/350
f 563/1070/351 558/1071/351 557/1072/351
f 561/1073/352 563/1074/352 557/1072/352
f 560/1075/353 562/1076/353 567/1077/353
f 562/1078/354 557/1067/354 567/1079/354
f 564/1080/355 565/1059/355 556/1058/355
f 565/1059/347 558/1081/347 555/1060/347
f 567/1063/348 568/1082/348 566/1083/348
f 566/1083/348 556/1061/348 567/1063/348
f 565/1084/350 564/1068/350 557/1067/350
f 564/1068/350 566/1085/350 568/1069/350
f 559/1086/351 558/1071/351 563/1070/351
f 558/1071/351 565/1087/351 557/1072/351
f 561/1088/354 557/1067/354 562/1078/354
f 557/1067/354 568/1089/354 567/1079/354
o Neue_Welt_(10)__2547_58_-1089_to_2595_255_-1061.001_cell.080_Neue_Welt_(10)__2547_58_-1089_to_2595_255_-1061.001_cell.102
v -0.499965 -0.500000 -0.166553
v -0.499965 -0.408231 -0.153945
v -0.499965 -0.500000 0.225094
v -0.488826 -0.500000 0.224957
v -0.267667 -0.500000 -0.135068
v -0.342108 -0.500000 0.209891
v -0.301321 -0.419261 -0.128537
v -0.499965 -0.500000 -0.166553
v -0.499965 -0.500000 -0.166553
v -0.499965 -0.500000 0.225094
v -0.499965 -0.500000 0.225094
v -0.499965 -0.408231 -0.153945
v -0.488826 -0.500000 0.224957
v -0.267667 -0.500000 -0.135068
v -0.342108 -0.500000 0.209891
vt 0.333792 0.001707
vt 0.723562 0.001987
vt 0.346345 0.093118
vt 0.001706 0.665562
vt 0.232985 0.634199
vt 0.158870 0.290583
vt 0.012797 0.275576
vt 0.001706 0.275439
vt 0.393658 0.387309
vt 0.790211 0.216556
vt 0.790375 0.411505
vt 0.136743 0.136743
vt 0.747073 0.124122
vt 0.735258 0.735258
vt 0.780131 0.629162
vt 0.298085 0.109584
vt 0.340379 0.109584
vt 0.326306 0.215660
vt 0.890416 0.136742
vt 0.890416 0.735258
vn -1.0000 0.0000 0.0000
vn 0.0000 -1.0000 0.0000
vn 0.1331 0.1349 -0.9819
vn 0.9106 0.3637 0.1965
vn 0.0029 0.9719 0.2353
vn 0.0241 0.9718 0.2347
vn 0.0239 0.9718 0.2347
usemtl Stone
s 1
f 586/1090/356 588/1091/356 590/1092/356
f 587/1093/357 592/1094/357 593/1095/357
f 593/1095/357 591/1096/357 587/1093/357
f 591/1096/357 589/1097/357 587/1093/357
usemtl Dirt
s off
f 585/1098/358 579/1099/358 580/1100/358
f 584/1101/359 583/1102/359 585/1103/359
f 580/1104/360 581/1105/360 582/1106/360
f 585/1098/358 583/1107/358 579/1099/358
f 582/1106/361 584/1108/361 580/1104/361
f 584/1108/362 585/1109/362 580/1104/362
o Neue_Welt_(10)__2547_58_-1089_to_2595_255_-1061.001_cell.082_Neue_Welt_(10)__2547_58_-1089_to_2595_255_-1061.001_cell.093
v -0.307104 -0.487226 0.226252
v -0.172176 -0.322604 0.217921
v -0.074907 -0.369109 0.283212
v -0.119568 -0.500000 -0.099843
v 0.079058 -0.500000 0.065602
v -0.303446 -0.500000 0.233319
v -0.113818 -0.500000 0.320557
v -0.227990 -0.500000 -0.116934
v -0.139981 -0.496659 -0.117137
v -0.025808 -0.181168 -0.057332
v -0.233964 -0.479520 -0.127686
v -0.265398 -0.404482 -0.121531
v -0.071211 -0.173789 -0.062555
v -0.109443 -0.219130 -0.074155
v -0.215345 -0.497003 -0.127564
v -0.226561 -0.497060 -0.129092
v 0.023664 -0.210858 -0.013369
v -0.131309 -0.498066 -0.109842
v 0.103480 -0.259626 0.058651
v 0.086091 -0.431484 0.063680
v 0.073224 -0.241023 0.031337
v -0.303446 -0.500000 0.233319
v -0.227990 -0.500000 -0.116934
v -0.119568 -0.500000 -0.099843
v 0.079058 -0.500000 0.065602
v -0.113818 -0.500000 0.320557
vt 0.380433 0.599112
vt 0.578188 0.434311
vt 0.386158 0.180348
vt 0.197363 0.267246
vt 0.272487 0.616136
vt 0.109584 0.109584
vt 0.890416 0.109584
vt 0.890416 0.890416
vt 0.830667 0.346438
vt 0.395155 0.213853
vt 0.797073 0.109584
vt 0.244221 0.221746
vt 0.259036 0.259036
vt 0.221824 0.221824
vt 0.716012 0.533151
vt 0.216269 0.139422
vt 0.633095 0.109584
vt 0.189406 0.189406
vt 0.757757 0.109584
vt 0.633094 0.633094
vt 0.109584 0.109584
vt 0.890416 0.360577
vt 0.360577 0.360577
vt 0.890416 0.277508
vt 0.277508 0.277508
vt 0.890416 0.266444
vt 0.515956 0.474623
vt 0.890416 0.890416
vt 0.503216 0.109584
vt 0.270986 0.255400
vt 0.331010 0.109584
vt 0.361801 0.109584
vt 0.736750 0.534238
vt 0.890416 0.638199
vt 0.870515 0.651590
vt 0.431235 0.384875
vt 0.890416 0.109584
vt 0.890416 0.673634
vt 0.890416 0.890416
vt 0.462982 0.462982
vt 0.890416 0.416106
vt 0.890416 0.496784
vt 0.416106 0.416106
vt 0.326366 0.109584
vt 0.731250 0.731250
vt 0.288519 0.181298
vt 0.242243 0.109584
vt 0.890416 0.221824
vt 0.889364 0.260590
vt 0.740226 0.263249
vt 0.805575 0.357298
vt 0.680071 0.603025
vt 0.189406 0.109584
vt 0.202927 0.109584
vt 0.613756 0.109584
vt 0.733146 0.395616
vt 0.890416 0.386244
vt 0.890416 0.731250
vt 0.720106 0.504448
vt 0.697549 0.463790
vt 0.890416 0.668990
vt 0.462982 0.109584
vn 0.0000 -1.0000 0.0000
vn -0.3926 0.3645 0.8444
vn 0.1351 0.1371 -0.9813
vn 0.1331 0.1349 -0.9819
vn 0.6376 -0.0869 -0.7655
vn 0.6335 -0.0834 -0.7692
vn -0.7706 0.6346 0.0593
vn -0.7712 0.6339 0.0583
vn -0.9101 -0.3652 -0.1960
vn 0.0850 0.8671 0.4909
vn -0.9090 -0.3679 -0.1958
vn 0.0364 -0.9723 -0.2308
vn 0.7958 -0.0648 0.6020
vn 0.7962 -0.0630 0.6018
vn 0.0881 0.8660 0.4922
vn -0.3903 0.3576 0.8484
vn 0.0845 0.8673 0.4906
vn 0.0850 0.8670 0.4909
vn -0.9088 -0.3686 -0.1958
vn -0.9090 -0.3679 -0.1959
vn -0.3902 0.3580 0.8483
usemtl Stone
s 1
f 617/1110/363 618/1111/363 619/1112/363
f 619/1112/363 615/1113/363 617/1110/363
f 615/1113/363 616/1114/363 617/1110/363
usemtl Dirt
s off
f 596/1115/364 595/1116/364 594/1117/364
f 605/1118/365 607/1119/365 602/1120/365
f 609/1121/366 604/1122/366 608/1123/366
f 613/1124/367 597/1125/367 610/1126/367
f 611/1127/368 603/1128/368 610/1129/368
f 595/1130/369 607/1131/369 594/1117/369
f 607/1132/370 605/1133/370 594/1117/370
f 605/1134/371 604/1135/371 594/1117/371
f 610/1136/372 595/1137/372 614/1138/372
f 604/1139/373 609/1140/373 601/1141/373
f 602/1142/374 601/1143/374 608/1144/374
f 598/1145/375 596/1146/375 600/1147/375
f 596/1148/376 613/1149/376 612/1150/376
f 614/1151/377 596/1148/377 612/1152/377
f 600/1153/378 594/1117/378 599/1154/378
f 606/1155/365 603/1156/365 607/1119/365
f 603/1156/365 602/1120/365 607/1119/365
f 602/1120/365 608/1157/365 604/1158/365
f 604/1158/365 605/1118/365 602/1120/365
f 610/1126/367 614/1159/367 613/1124/367
f 614/1159/367 612/1160/367 613/1124/367
f 613/1124/367 598/1161/367 597/1125/367
f 610/1126/367 597/1125/367 611/1162/367
f 611/1127/368 602/1163/368 603/1128/368
f 595/1130/369 606/1164/369 607/1131/369
f 610/1136/379 603/1165/379 606/1166/379
f 606/1166/379 595/1137/379 610/1136/379
f 595/1137/380 596/1115/380 614/1138/380
f 601/1141/381 599/1167/381 594/1117/381
f 594/1117/382 604/1139/382 601/1141/382
f 602/1142/374 611/1168/374 601/1143/374
f 611/1168/374 597/1169/374 601/1143/374
f 601/1143/374 609/1170/374 608/1144/374
f 598/1145/375 613/1171/375 596/1146/375
f 600/1153/383 596/1146/383 594/1117/383
o Neue_Welt_(10)__2547_58_-1089_to_2595_255_-1061.001_cell.083_Neue_Welt_(10)__2547_58_-1089_to_2595_255_-1061.001_cell.096
v -0.499965 -0.500000 0.499897
v -0.499965 -0.075310 0.499897
v -0.191897 -0.307085 0.249245
v -0.081953 -0.359503 0.322879
v -0.334486 -0.481359 0.257961
v -0.499965 -0.452534 0.256894
v -0.499965 -0.500000 0.270900
v -0.499965 -0.477180 0.258087
v -0.499965 -0.091153 0.240451
v -0.108601 -0.033598 0.499897
v 0.044100 -0.267567 0.499897
v 0.034566 -0.252538 0.499897
v -0.057672 -0.500000 0.499897
v -0.149748 -0.500000 0.350848
v -0.281053 -0.500000 0.290474
v -0.329348 -0.500000 0.268350
v -0.124054 -0.500000 0.362855
v -0.427732 -0.083490 0.239861
v -0.353180 -0.075548 0.239791
v -0.499965 -0.500000 0.499897
v -0.499965 -0.500000 0.499897
v -0.499965 -0.075310 0.499897
v -0.499965 -0.075310 0.499897
v -0.499965 -0.091153 0.240451
v -0.499965 -0.452534 0.256894
v -0.499965 -0.477180 0.258087
v -0.499965 -0.500000 0.270900
v -0.499965 -0.500000 0.270900
v 0.044100 -0.267567 0.499897
v 0.034566 -0.252538 0.499897
v -0.108601 -0.033598 0.499897
v -0.057672 -0.500000 0.499897
v -0.057672 -0.500000 0.499897
v -0.281053 -0.500000 0.290474
v -0.149748 -0.500000 0.350848
v -0.124054 -0.500000 0.362855
v -0.329348 -0.500000 0.268350
vt 0.755375 0.048984
vt 0.756566 0.024436
vt 0.769325 0.001707
vt 0.442058 0.001707
vt 0.391353 0.466292
vt 0.001706 0.001707
vt 0.001706 0.001707
vt 0.001706 0.229812
vt 0.171574 0.232352
vt 0.997317 0.001707
vt 0.997317 0.424743
vt 0.739010 0.408962
vt 0.543383 0.233234
vt 0.533891 0.248205
vt 0.001706 0.424743
vt 0.219657 0.210314
vt 0.350386 0.150175
vt 0.375967 0.138215
vt 0.442058 0.001707
vt 0.725679 0.304907
vt 0.822981 0.403067
vt 0.822765 0.755097
vt 0.766370 0.296219
vt 0.109584 0.109584
vt 0.642501 0.109584
vt 0.109584 0.109584
vt 0.322917 0.109584
vt 0.323009 0.323009
vt 0.890416 0.109584
vt 0.730751 0.730751
vt 0.890416 0.109584
vt 0.322917 0.322917
vt 0.109584 0.109584
vt 0.890416 0.760977
vt 0.718957 0.718957
vt 0.666030 0.539102
vt 0.686721 0.686721
vt 0.890416 0.782227
vt 0.376110 0.109584
vt 0.782227 0.782227
vt 0.890416 0.109584
vt 0.890416 0.710485
vt 0.890416 0.357499
vt 0.890416 0.890416
vt 0.376110 0.376110
vt 0.800768 0.275216
vt 0.289515 0.109584
vt 0.295572 0.227596
vt 0.625253 0.204327
vt 0.760977 0.760977
vt 0.890416 0.686721
vt 0.890416 0.730751
vt 0.718957 0.109584
vt 0.335510 0.226650
vt 0.890416 0.323009
vn -1.0000 0.0000 0.0000
vn 0.0000 0.0000 1.0000
vn 0.0000 -1.0000 0.0000
vn -0.1058 0.9925 -0.0606
vn 0.6298 0.4118 -0.6586
vn 0.3878 -0.3649 -0.8465
vn 0.3951 -0.3590 -0.8456
vn 0.3896 -0.3611 -0.8473
vn 0.6341 0.4022 -0.6604
vn 0.8374 -0.3664 -0.4056
vn -0.0033 -0.0455 -0.9990
vn -0.0020 -0.0483 -0.9988
vn 0.0032 -0.0386 -0.9992
vn -0.0130 -0.4895 -0.8719
vn 0.8372 -0.3666 -0.4058
usemtl Stone
s 1
f 644/1172/384 645/1173/384 646/1174/384
f 651/1175/385 650/1176/385 640/1177/385
f 620/1178/386 647/1179/386 656/1180/386
f 646/1174/384 639/1181/384 644/1172/384
f 639/1181/384 641/1182/384 644/1172/384
f 641/1182/384 643/1183/384 644/1172/384
f 651/1175/385 648/1184/385 649/1185/385
f 649/1185/385 650/1176/385 651/1175/385
f 650/1176/385 642/1186/385 640/1177/385
f 656/1180/386 653/1187/386 620/1178/386
f 653/1187/386 654/1188/386 620/1178/386
f 654/1188/386 655/1189/386 652/1190/386
f 652/1190/386 620/1178/386 654/1188/386
usemtl Dirt
s off
f 637/1191/387 628/1192/387 621/1193/387
f 629/1194/388 622/1195/388 638/1196/388
f 624/1197/389 634/1198/389 635/1199/389
f 623/1200/390 633/1201/390 622/1195/390
f 622/1202/391 634/1203/391 624/1197/391
f 623/1204/392 631/1205/392 630/1206/392
f 623/1204/393 632/1207/393 636/1208/393
f 625/1209/394 637/1210/394 622/1202/394
f 625/1211/395 624/1212/395 627/1213/395
f 638/1214/396 622/1215/396 637/1216/396
f 624/1212/397 626/1217/397 627/1218/397
f 629/1219/387 638/1220/387 621/1193/387
f 638/1220/387 637/1191/387 621/1193/387
f 629/1194/388 631/1221/388 622/1195/388
f 623/1200/390 636/1222/390 633/1201/390
f 622/1202/391 633/1223/391 634/1203/391
f 623/1204/392 622/1202/392 631/1205/392
f 623/1204/398 630/1224/398 632/1207/398
f 625/1209/394 628/1225/394 637/1210/394
f 625/1211/395 622/1195/395 624/1212/395
f 624/1212/397 635/1226/397 626/1217/397
o Neue_Welt_(10)__2547_58_-1089_to_2595_255_-1061.001_cell.084_Neue_Welt_(10)__2547_58_-1089_to_2595_255_-1061.001_cell.097
v -0.499965 -0.104360 0.024154
v -0.499965 -0.107064 -0.019553
v -0.499965 -0.229737 -0.129422
v -0.499965 -0.175903 -0.121900
v -0.338565 -0.461057 0.217269
v -0.202712 -0.296372 0.208552
v -0.499965 -0.368633 -0.148505
v -0.499965 -0.457228 0.217371
v -0.499965 -0.093566 0.200925
v -0.341416 -0.077845 0.181651
v -0.354459 -0.078151 0.199407
v -0.409262 -0.083951 0.200077
v -0.217800 -0.075169 0.013577
v -0.212932 -0.077695 0.009517
v -0.125619 -0.123521 -0.063025
v -0.104605 -0.151579 -0.064051
v -0.266159 -0.342617 -0.112993
v -0.342771 -0.377347 -0.128396
v -0.297764 -0.379838 -0.122546
v -0.157071 -0.106954 -0.036797
v -0.499965 -0.175903 -0.121900
v -0.499965 -0.229737 -0.129422
v -0.499965 -0.104360 0.024154
v -0.499965 -0.107064 -0.019553
v -0.499965 -0.093566 0.200925
v -0.499965 -0.368633 -0.148505
v -0.499965 -0.457228 0.217371
vt 0.523663 0.395806
vt 0.370761 0.270918
vt 0.716026 0.044308
vt 0.699658 0.406558
vt 0.479407 0.392620
vt 0.378250 0.324542
vt 0.351762 0.132562
vt 0.823162 0.109584
vt 0.700833 0.226032
vt 0.609455 0.109584
vt 0.498442 0.109584
vt 0.890416 0.176838
vt 0.890416 0.390545
vt 0.831517 0.831517
vt 0.498442 0.498442
vt 0.859073 0.493757
vt 0.750402 0.380972
vt 0.838212 0.408024
vt 0.890416 0.476509
vt 0.476509 0.476509
vt 0.790445 0.495627
vt 0.790692 0.790692
vt 0.890416 0.819755
vt 0.831688 0.831688
vt 0.493848 0.493848
vt 0.890416 0.890416
vt 0.299290 0.109584
vt 0.890416 0.109584
vt 0.109584 0.109584
vt 0.890416 0.293080
vt 0.293080 0.293080
vt 0.890416 0.307340
vt 0.308014 0.295357
vt 0.890416 0.294008
vt 0.390249 0.109584
vt 0.890416 0.700710
vt 0.890416 0.439906
vt 0.390249 0.390249
vt 0.609994 0.391962
vt 0.856746 0.370616
vt 0.890416 0.371340
vt 0.890416 0.890416
vt 0.732313 0.723623
vt 0.294008 0.294008
vt 0.818646 0.345038
vt 0.627009 0.151257
vt 0.831517 0.109584
vt 0.890416 0.790692
vt 0.819755 0.819755
vt 0.289600 0.289600
vt 0.300528 0.243104
vt 0.722185 0.368332
vt 0.890416 0.289600
vt 0.278266 0.278266
vt 0.628660 0.109584
vt 0.439906 0.439906
vt 0.530117 0.370298
vt 0.538022 0.364289
vt 0.768024 0.256772
vt 0.890416 0.278266
vn -1.0000 0.0000 0.0000
vn -0.1058 0.9925 -0.0606
vn -0.1050 0.9926 -0.0614
vn -0.0292 0.8327 -0.5530
vn 0.1351 0.1371 -0.9813
vn 0.1331 0.1349 -0.9819
vn -0.0284 0.8294 -0.5579
vn 0.7685 -0.6371 -0.0600
vn 0.0072 0.0469 0.9989
vn 0.0044 0.0464 0.9989
vn 0.0017 0.0452 0.9990
vn 0.7698 -0.6355 -0.0605
vn 0.6945 0.5013 0.5162
vn 0.6924 0.5031 0.5172
vn -0.0232 -0.9717 -0.2350
vn -0.0283 0.8293 -0.5580
vn -0.0283 0.8294 -0.5579
vn -0.0238 -0.9716 -0.2353
usemtl Stone
s 1
f 679/1227/399 678/1228/399 683/1229/399
f 683/1229/399 681/1230/399 679/1227/399
f 679/1227/399 680/1231/399 678/1228/399
f 680/1231/399 677/1232/399 678/1228/399
f 678/1228/399 682/1233/399 683/1229/399
usemtl Dirt
s off
f 657/1234/400 668/1235/400 666/1236/400
f 669/1237/401 657/1238/401 666/1239/401
f 658/1240/402 669/1241/402 670/1242/402
f 673/1243/403 675/1244/403 674/1245/403
f 674/1246/404 663/1247/404 659/1248/404
f 660/1249/405 658/1250/405 670/1251/405
f 661/1252/406 673/1253/406 662/1254/406
f 662/1255/407 668/1256/407 661/1252/407
f 661/1252/408 668/1257/408 665/1258/408
f 665/1259/409 664/1260/409 661/1252/409
f 672/1261/410 662/1254/410 673/1262/410
f 676/1263/411 672/1264/411 671/1265/411
f 666/1266/412 667/1267/412 662/1268/412
f 674/1269/413 661/1252/413 664/1270/413
f 665/1271/400 668/1235/400 657/1234/400
f 668/1235/400 667/1272/400 666/1236/400
f 669/1237/401 658/1273/401 657/1238/401
f 674/1245/403 659/1274/403 673/1243/403
f 659/1274/403 660/1275/403 673/1243/403
f 660/1275/403 671/1276/403 673/1243/403
f 671/1276/403 672/1277/403 673/1243/403
f 670/1251/414 676/1278/414 660/1249/414
f 676/1278/415 671/1279/415 660/1249/415
f 661/1252/406 675/1280/406 673/1253/406
f 662/1255/407 667/1281/407 668/1256/407
f 676/1263/411 662/1268/411 672/1264/411
f 676/1282/412 670/1283/412 662/1268/412
f 670/1283/412 669/1284/412 662/1268/412
f 669/1284/412 666/1266/412 662/1268/412
f 664/1270/416 663/1285/416 674/1269/416
f 674/1269/413 675/1286/413 661/1252/413
o Neue_Welt_(10)__2547_58_-1089_to_2595_255_-1061.001_cell.060_ce_Neue_Welt_(10)__2547_58_-1089_to_2595_255_-1061.001_cell.106
v -0.499965 -0.500000 -0.500103
v -0.499965 -0.317113 -0.374837
v -0.499965 -0.196155 -0.444267
v -0.499965 -0.176615 -0.500103
v -0.499965 -0.184297 -0.455776
v -0.499965 -0.185222 -0.450638
v -0.499965 -0.500000 -0.270320
v -0.419134 -0.166758 -0.500103
v -0.307630 -0.209422 -0.500103
v -0.345632 -0.345119 -0.500103
v -0.324640 -0.199646 -0.500103
v -0.389863 -0.500000 -0.500103
v -0.388995 -0.163195 -0.500103
v -0.424897 -0.500000 -0.294626
v -0.390020 -0.500000 -0.328211
v -0.390151 -0.500000 -0.306089
v -0.499965 -0.500000 -0.500103
v -0.499965 -0.500000 -0.500103
v -0.499965 -0.500000 -0.270320
v -0.499965 -0.500000 -0.270320
v -0.499965 -0.317113 -0.374837
v -0.499965 -0.196155 -0.444267
v -0.499965 -0.185222 -0.450638
v -0.499965 -0.184297 -0.455776
v -0.499965 -0.176615 -0.500103
v -0.499965 -0.176615 -0.500103
v -0.307630 -0.209422 -0.500103
v -0.345632 -0.345119 -0.500103
v -0.389863 -0.500000 -0.500103
v -0.389863 -0.500000 -0.500103
v -0.419134 -0.166758 -0.500103
v -0.388995 -0.163195 -0.500103
v -0.324640 -0.199646 -0.500103
v -0.390151 -0.500000 -0.306089
v -0.424897 -0.500000 -0.294626
v -0.390020 -0.500000 -0.328211
vt 0.057298 0.304369
vt 0.050954 0.315260
vt 0.045839 0.316181
vt 0.822762 0.300892
vt 0.843661 0.155985
vt 0.916841 0.333651
vt 0.076445 0.793136
vt 0.001706 0.997813
vt 0.111169 0.826591
vt 0.001706 0.323833
vt 0.001706 0.001707
vt 0.126423 0.183881
vt 0.230482 0.001707
vt 0.805826 0.291153
vt 0.887698 0.001707
vt 0.997317 0.001707
vt 0.997317 0.323833
vt 0.886834 0.337201
vt 0.111039 0.804554
vt 0.001706 0.768924
vt 0.111325 0.997813
vt 0.622078 0.109584
vt 0.621641 0.548248
vt 0.219673 0.109584
vt 0.407511 0.251268
vt 0.890416 0.251132
vt 0.890416 0.734323
vt 0.890416 0.778792
vt 0.251132 0.251132
vt 0.890416 0.130522
vt 0.130521 0.130521
vt 0.172276 0.109584
vt 0.890416 0.377922
vt 0.730915 0.730915
vt 0.890416 0.350399
vt 0.890416 0.722543
vt 0.722543 0.722543
vt 0.890416 0.429781
vt 0.890416 0.714248
vt 0.714763 0.429917
vt 0.714248 0.714248
vt 0.429781 0.429781
vt 0.734323 0.734323
vt 0.730915 0.109584
vt 0.890416 0.780327
vt 0.778792 0.778792
vt 0.172276 0.172276
vt 0.350399 0.350399
vn -1.0000 0.0000 0.0000
vn 0.0000 0.0000 -1.0000
vn 0.0000 -1.0000 0.0000
vn 0.2706 0.4777 0.8358
vn 0.9616 -0.2746 0.0009
vn 0.9629 -0.2697 0.0057
vn 0.2751 0.4786 0.8338
vn 0.2743 0.4842 0.8309
vn -0.1156 0.9776 0.1760
vn -0.1193 0.9783 0.1695
usemtl Stone
s 1
f 705/1287/417 706/1288/417 707/1289/417
f 716/1290/418 711/1291/418 714/1292/418
f 718/1293/419 684/1294/419 719/1295/419
f 708/1296/417 700/1297/417 704/1298/417
f 700/1297/417 702/1299/417 704/1298/417
f 708/1296/417 705/1287/417 707/1289/417
f 704/1298/417 705/1287/417 708/1296/417
f 716/1290/418 710/1300/418 711/1291/418
f 711/1291/418 712/1301/418 701/1302/418
f 701/1302/418 709/1303/418 711/1291/418
f 709/1303/418 714/1292/418 711/1291/418
f 714/1292/418 715/1304/418 716/1290/418
f 719/1295/419 717/1305/419 718/1293/419
f 718/1293/419 703/1306/419 684/1294/419
f 684/1294/419 713/1307/419 719/1295/419
usemtl Dirt
s off
f 685/1308/420 690/1309/420 697/1310/420
f 695/1311/421 693/1312/421 698/1313/421
f 699/1314/422 693/1315/422 692/1316/422
f 692/1317/423 694/1318/423 685/1319/423
f 686/1320/424 696/1321/424 689/1322/424
f 689/1323/425 691/1324/425 688/1325/425
f 687/1326/426 688/1327/426 691/1328/426
f 699/1314/422 698/1329/422 693/1315/422
f 694/1318/423 686/1330/423 685/1319/423
f 685/1319/423 697/1331/423 699/1332/423
f 699/1332/423 692/1317/423 685/1319/423
f 686/1320/424 694/1333/424 696/1321/424
f 689/1323/425 696/1334/425 691/1324/425
o Neue_Welt_(10)__2547_58_-1089_to_2595_255_-1061.001_cell.081_Neue_Welt_(10)__2547_58_-1089_to_2595_255_-1061.001_cell.107
v -0.499965 0.077128 -0.500104
v -0.452923 0.089198 -0.500104
v -0.499965 -0.144940 -0.447096
v -0.499965 -0.031007 -0.354383
v -0.499965 -0.135733 -0.500104
v -0.299280 0.128425 -0.500104
v -0.318845 -0.074859 -0.500104
v -0.297271 -0.058492 -0.500104
v -0.409624 -0.124901 -0.500104
v -0.374977 -0.116821 -0.500104
v -0.381691 -0.121460 -0.500104
v -0.286473 0.067905 -0.413857
v -0.383340 0.020461 -0.383417
v -0.285635 0.063933 -0.408215
v -0.499965 0.077128 -0.500104
v -0.499965 0.077128 -0.500104
v -0.452923 0.089198 -0.500104
v -0.499965 -0.031007 -0.354383
v -0.499965 -0.135733 -0.500104
v -0.499965 -0.135733 -0.500104
v -0.381691 -0.121460 -0.500104
v -0.409624 -0.124901 -0.500104
v -0.299280 0.128425 -0.500104
v -0.297271 -0.058492 -0.500104
v -0.318845 -0.074859 -0.500104
v -0.374977 -0.116821 -0.500104
v -0.499965 -0.144940 -0.447096
vt 0.146788 0.468874
vt 0.001706 0.364556
vt 0.055336 0.356324
vt 0.816991 0.425192
vt 0.872877 0.383394
vt 0.950481 0.588611
vt 0.001706 0.576588
vt 0.879562 0.378773
vt 0.907373 0.375345
vt 0.997317 0.364556
vt 0.997317 0.576588
vt 0.797513 0.627685
vt 0.795513 0.441496
vt 0.432614 0.313358
vt 0.228972 0.109584
vt 0.433123 0.109584
vt 0.221245 0.171265
vt 0.519985 0.171209
vt 0.479618 0.314284
vt 0.632448 0.109584
vt 0.890416 0.199394
vt 0.890416 0.459267
vt 0.199394 0.199394
vt 0.467707 0.444805
vt 0.459267 0.459267
vt 0.658979 0.109584
vt 0.890416 0.164770
vt 0.890416 0.367552
vt 0.651859 0.109584
vt 0.658979 0.658979
vt 0.270546 0.109584
vt 0.890416 0.420744
vt 0.890416 0.723241
vt 0.586715 0.419698
vt 0.890416 0.348141
vt 0.723241 0.723241
vt 0.420744 0.420744
vt 0.444827 0.434149
vt 0.433123 0.433123
vt 0.228972 0.228972
vt 0.835230 0.109584
vt 0.596321 0.223697
vt 0.475729 0.319127
vt 0.266400 0.109584
vn -1.0000 0.0000 0.0000
vn 0.0000 0.0000 -1.0000
vn -0.2011 0.7876 0.5825
vn -0.2018 0.7865 0.5837
vn 0.4306 -0.5676 0.7017
vn 0.9902 0.0106 -0.1396
vn 0.4265 -0.5706 0.7018
vn 0.4217 -0.6104 0.6706
vn 0.1173 -0.9784 -0.1700
vn 0.1206 -0.9790 -0.1645
vn 0.4261 -0.5710 0.7017
usemtl Stone
s 1
f 737/1335/427 738/1336/427 722/1337/427
f 744/1338/428 745/1339/428 736/1340/428
f 737/1335/427 735/1341/427 738/1336/427
f 745/1339/428 740/1342/428 741/1343/428
f 741/1343/428 739/1344/428 734/1345/428
f 734/1345/428 736/1340/428 741/1343/428
f 736/1340/428 742/1346/428 743/1347/428
f 741/1343/428 736/1340/428 745/1339/428
f 743/1347/428 744/1338/428 736/1340/428
usemtl Dirt
s off
f 725/1348/429 721/1349/429 731/1350/429
f 720/1351/430 723/1352/430 732/1353/430
f 732/1354/431 727/1355/431 733/1356/431
f 727/1357/432 731/1358/432 733/1359/432
f 729/1360/433 726/1361/433 732/1362/433
f 730/1363/434 729/1364/434 746/1365/434
f 728/1366/435 746/1367/435 724/1368/435
f 730/1369/436 746/1370/436 728/1371/436
f 733/1372/430 731/1373/430 732/1353/430
f 731/1373/430 721/1374/430 732/1353/430
f 721/1374/430 720/1351/430 732/1353/430
f 732/1354/431 726/1375/431 727/1355/431
f 727/1357/432 725/1376/432 731/1358/432
f 732/1362/433 723/1377/433 729/1360/433
f 723/1377/437 746/1378/437 729/1360/437
o Neue_Welt_(10)__2547_58_-1089_to_2595_255_-1061.001_cell.085_Neue_Welt_(10)__2547_58_-1089_to_2595_255_-1061.001_cell.108
v 0.086370 0.020208 -0.220668
v 0.046119 0.216609 -0.500104
v 0.189988 0.064410 -0.500104
v 0.185551 0.053352 -0.500104
v -0.219438 -0.137479 -0.494119
v -0.259142 0.138673 -0.500103
v -0.257274 -0.028745 -0.500103
v -0.226696 -0.130687 -0.500103
v -0.236670 -0.108504 -0.500103
v -0.256179 -0.064057 -0.500103
v -0.200620 -0.144606 -0.500103
v -0.170605 -0.155647 -0.500104
v 0.062251 -0.241080 -0.500104
v 0.015307 -0.087608 -0.130208
v 0.017344 -0.073693 -0.118671
v -0.245841 0.076374 -0.411283
v -0.228931 0.060544 -0.384042
v -0.243736 0.068579 -0.400016
v -0.066107 -0.027979 -0.208451
v -0.003776 -0.205193 -0.230517
v -0.002338 -0.196123 -0.222667
v 0.005540 -0.210551 -0.268961
v 0.046119 0.216609 -0.500104
v 0.189988 0.064410 -0.500104
v 0.185551 0.053352 -0.500104
v -0.236670 -0.108504 -0.500103
v -0.256179 -0.064057 -0.500103
v -0.257274 -0.028745 -0.500103
v -0.259142 0.138673 -0.500103
v 0.062251 -0.241080 -0.500104
v -0.170605 -0.155647 -0.500104
v -0.200620 -0.144606 -0.500103
v -0.226696 -0.130687 -0.500103
vt 0.669402 0.344719
vt 0.453630 0.715526
vt 0.314810 0.552904
vt 0.725248 0.369582
vt 0.735177 0.391679
vt 0.699285 0.355718
vt 0.754601 0.435952
vt 0.755691 0.471127
vt 0.757551 0.637893
vt 0.310392 0.563919
vt 0.437569 0.259619
vt 0.890416 0.109584
vt 0.890416 0.772690
vt 0.228546 0.109584
vt 0.890416 0.807106
vt 0.109584 0.109584
vt 0.890416 0.185950
vt 0.890416 0.771454
vt 0.486486 0.156883
vt 0.503698 0.109584
vt 0.503698 0.503698
vt 0.890416 0.703367
vt 0.890416 0.890416
vt 0.890416 0.304532
vt 0.703367 0.703367
vt 0.441563 0.241471
vt 0.461248 0.245097
vt 0.518415 0.282552
vt 0.239746 0.109584
vt 0.471661 0.109584
vt 0.608946 0.478258
vt 0.239746 0.239746
vt 0.890416 0.468996
vt 0.471661 0.471661
vt 0.842954 0.346759
vt 0.874521 0.376999
vt 0.745351 0.406895
vt 0.152513 0.152513
vt 0.890416 0.109584
vt 0.592247 0.592247
vt 0.109584 0.109584
vt 0.492091 0.109584
vt 0.557454 0.557454
vt 0.192501 0.109584
vt 0.492091 0.492091
vt 0.193681 0.109584
vt 0.192501 0.192501
vt 0.890416 0.193277
vt 0.806319 0.109584
vt 0.772690 0.772690
vt 0.695468 0.109584
vt 0.485814 0.366592
vt 0.487125 0.130837
vt 0.797412 0.469579
vt 0.807106 0.807106
vt 0.185950 0.185950
vt 0.890416 0.186131
vt 0.492054 0.463847
vt 0.468996 0.468996
vt 0.186131 0.186131
vt 0.152513 0.109584
vt 0.592247 0.109584
vt 0.749106 0.109584
vt 0.890416 0.557454
vt 0.587943 0.152776
vn 0.0000 0.0000 -1.0000
vn 0.6797 0.6425 0.3537
vn 0.8925 -0.3581 0.2743
vn -0.2011 0.7876 0.5825
vn -0.2018 0.7865 0.5837
vn -0.2010 0.7847 0.5864
vn 0.8888 -0.3722 0.2672
vn -0.9900 -0.0110 0.1405
vn -0.9861 -0.0306 0.1631
vn -0.7690 -0.3375 0.5429
vn -0.7679 -0.3452 0.5396
vn -0.3497 -0.9358 0.0457
vn -0.3442 -0.9381 0.0395
vn -0.3451 -0.9380 0.0320
vn -0.4326 -0.8104 -0.3951
usemtl Stone
s 1
f 777/1379/438 748/1380/438 771/1381/438
f 779/1382/438 772/1383/438 778/1384/438
f 772/1383/438 773/1385/438 774/1386/438
f 778/1384/438 772/1383/438 777/1379/438
f 774/1386/438 775/1387/438 748/1380/438
f 748/1380/438 749/1388/438 771/1381/438
f 774/1386/438 777/1379/438 772/1383/438
f 771/1381/438 776/1389/438 777/1379/438
f 774/1386/438 748/1380/438 777/1379/438
usemtl Dirt
s off
f 747/1390/439 770/1391/439 769/1392/439
f 750/1393/440 747/1394/440 760/1395/440
f 769/1396/441 762/1397/441 763/1398/441
f 763/1399/442 765/1400/442 747/1401/442
f 761/1402/443 747/1401/443 765/1403/443
f 767/1404/444 766/1405/444 768/1406/444
f 753/1407/445 762/1408/445 752/1409/445
f 753/1410/446 764/1411/446 762/1412/446
f 760/1413/447 761/1414/447 765/1415/447
f 755/1416/448 751/1417/448 767/1418/448
f 751/1419/449 768/1420/449 766/1421/449
f 758/1422/450 768/1423/450 751/1419/450
f 757/1424/451 758/1425/451 751/1419/451
f 751/1417/452 754/1426/452 757/1427/452
f 770/1428/440 747/1394/440 750/1393/440
f 747/1394/440 761/1429/440 760/1395/440
f 763/1398/441 747/1390/441 769/1396/441
f 769/1396/441 752/1430/441 762/1397/441
f 762/1397/441 764/1431/441 763/1398/441
f 768/1406/444 759/1432/444 750/1433/444
f 750/1433/444 760/1434/444 768/1406/444
f 760/1434/444 767/1404/444 768/1406/444
f 753/1410/446 756/1435/446 764/1411/446
f 763/1436/447 764/1437/447 756/1438/447
f 756/1438/447 755/1439/447 763/1436/447
f 755/1439/447 767/1440/447 765/1415/447
f 763/1436/447 755/1439/447 765/1415/447
f 767/1440/447 760/1413/447 765/1415/447
f 754/1441/448 751/1417/448 755/1416/448
f 751/1417/448 766/1442/448 767/1418/448
f 758/1422/450 759/1443/450 768/1423/450
o Neue_Welt_(10)__2547_58_-1089_to_2595_255_-1061.001_cell.086_Neue_Welt_(10)__2547_58_-1089_to_2595_255_-1061.001_cell.098
v -0.005623 -0.104938 -0.084733
v -0.499965 -0.173946 -0.161844
v -0.499965 -0.500000 -0.207666
v -0.499965 -0.229226 -0.169515
v -0.499965 -0.165093 -0.173691
v -0.281023 -0.166808 -0.485480
v -0.257371 -0.148044 -0.480076
v -0.499965 -0.170742 -0.411359
v -0.499965 -0.294942 -0.340009
v -0.499965 -0.057173 -0.319122
v -0.499965 -0.500000 -0.221521
v -0.292802 -0.135045 -0.500103
v -0.293614 -0.124927 -0.500103
v -0.300899 -0.130402 -0.500103
v -0.281114 -0.126840 -0.500103
v -0.284310 -0.131378 -0.500103
v -0.284640 -0.118907 -0.500103
v -0.409387 -0.500000 -0.252045
v -0.379054 -0.500000 -0.262036
v -0.284769 -0.500000 -0.177826
v -0.002533 -0.102379 -0.091446
v -0.376221 -0.002390 -0.350161
v -0.272482 0.043423 -0.376028
v -0.206347 0.011012 -0.309484
v -0.109396 -0.041660 -0.204983
v -0.253252 0.036257 -0.359723
v -0.099274 -0.363811 -0.133450
v -0.208394 -0.444115 -0.159501
v -0.247100 -0.472501 -0.168728
v -0.022146 -0.222529 -0.193540
v -0.026300 -0.230288 -0.190510
v -0.499965 -0.500000 -0.207666
v -0.499965 -0.500000 -0.207666
v -0.499965 -0.229226 -0.169515
v -0.499965 -0.173946 -0.161844
v -0.499965 -0.165093 -0.173691
v -0.499965 -0.500000 -0.221521
v -0.499965 -0.500000 -0.221521
v -0.499965 -0.057173 -0.319122
v -0.499965 -0.170742 -0.411359
v -0.499965 -0.294942 -0.340009
v -0.292802 -0.135045 -0.500103
v -0.300899 -0.130402 -0.500103
v -0.293614 -0.124927 -0.500103
v -0.284640 -0.118907 -0.500103
v -0.281114 -0.126840 -0.500103
v -0.284310 -0.131378 -0.500103
v -0.409387 -0.500000 -0.252045
v -0.379054 -0.500000 -0.262036
v -0.284769 -0.500000 -0.177826
vt 0.161098 0.205966
vt 0.326686 0.335310
vt 0.090061 0.329683
vt 0.782609 0.368893
vt 0.788884 0.377556
vt 0.779426 0.373414
vt 0.001706 0.706515
vt 0.091887 0.750721
vt 0.215958 0.676791
vt 0.279066 0.001707
vt 0.330844 0.271426
vt 0.292860 0.001707
vt 0.338481 0.326491
vt 0.181893 0.442810
vt 0.791063 0.365241
vt 0.799125 0.369866
vt 0.782937 0.381316
vt 0.001706 0.720316
vt 0.124359 0.761392
vt 0.548964 0.323004
vt 0.890416 0.171140
vt 0.660255 0.531373
vt 0.890416 0.109584
vt 0.890416 0.138379
vt 0.650263 0.650263
vt 0.211742 0.109584
vt 0.726544 0.109584
vt 0.769491 0.195003
vt 0.784886 0.649922
vt 0.211742 0.211742
vt 0.785377 0.212029
vt 0.109584 0.109584
vt 0.433810 0.191433
vt 0.428685 0.197632
vt 0.890416 0.620531
vt 0.325329 0.109584
vt 0.890416 0.109584
vt 0.890416 0.109584
vt 0.620531 0.620531
vt 0.109584 0.109584
vt 0.592060 0.330303
vt 0.791084 0.575243
vt 0.611944 0.611944
vt 0.716858 0.561337
vt 0.202010 0.109584
vt 0.890416 0.674671
vt 0.890416 0.890416
vt 0.287178 0.287178
vt 0.890416 0.254308
vt 0.254307 0.254307
vt 0.220819 0.109584
vt 0.193492 0.109584
vt 0.890416 0.287178
vt 0.118413 0.109584
vt 0.446000 0.109584
vt 0.890416 0.543496
vt 0.543496 0.543496
vt 0.890416 0.591128
vt 0.890416 0.890416
vt 0.890416 0.354265
vt 0.890416 0.794398
vt 0.377511 0.352263
vt 0.890416 0.121963
vt 0.890416 0.806508
vt 0.354265 0.354265
vt 0.261348 0.261348
vt 0.464361 0.261122
vt 0.890416 0.634014
vt 0.883259 0.883259
vt 0.634014 0.634014
vt 0.890416 0.550857
vt 0.554000 0.109584
vt 0.881587 0.109584
vt 0.879029 0.879029
vt 0.549558 0.473854
vt 0.512974 0.450271
vt 0.592271 0.171196
vt 0.890416 0.650263
vt 0.171140 0.171140
vt 0.181539 0.109584
vt 0.890416 0.436180
vt 0.890416 0.890416
vt 0.181539 0.181539
vt 0.726544 0.726544
vt 0.120858 0.120858
vt 0.563820 0.109584
vt 0.559682 0.388887
vt 0.890416 0.611944
vt 0.109584 0.109584
vt 0.408872 0.109584
vt 0.548075 0.450904
vt 0.220820 0.220820
vt 0.794398 0.794398
vt 0.261348 0.109584
vt 0.861311 0.109584
vt 0.890416 0.883259
vt 0.861310 0.861310
vn -1.0000 0.0000 0.0000
vn 0.0000 0.0000 -1.0000
vn 0.0000 -1.0000 0.0000
vn -0.2018 0.7865 0.5837
vn 0.1002 0.9135 0.3942
vn -0.1341 -0.1362 0.9816
vn -0.1360 -0.1382 0.9810
vn 0.8891 -0.3719 0.2669
vn 0.5604 -0.5650 -0.6055
vn 0.5726 -0.5456 -0.6119
vn 0.7689 0.3365 -0.5437
vn 0.5545 -0.5543 -0.6208
vn 0.1573 -0.3643 -0.9179
vn 0.4374 -0.3081 -0.8448
vn -0.2640 -0.4824 -0.8352
vn 0.6732 0.4165 -0.6109
vn 0.7666 0.3390 -0.5454
vn -0.2801 -0.4803 -0.8312
vn -0.2746 -0.4790 -0.8338
vn -0.4282 0.5697 -0.7015
vn -0.4269 0.5706 -0.7015
vn -0.3877 0.5779 -0.7181
vn -0.2010 0.7847 0.5864
vn 0.8888 -0.3722 0.2673
vn 0.5545 -0.5542 -0.6208
vn 0.5522 -0.5703 -0.6082
vn 0.7650 0.3401 -0.5469
usemtl Stone
s 1
f 820/1444/453 815/1445/453 819/1446/453
f 826/1447/454 823/1448/454 825/1449/454
f 812/1450/455 827/1451/455 829/1452/455
f 820/1444/453 816/1453/453 813/1454/453
f 816/1453/453 811/1455/453 813/1454/453
f 813/1454/453 814/1456/453 815/1445/453
f 820/1444/453 813/1454/453 815/1445/453
f 815/1445/453 818/1457/453 819/1446/453
f 826/1447/454 821/1458/454 823/1448/454
f 821/1458/454 822/1459/454 823/1448/454
f 823/1448/454 824/1460/454 825/1449/454
f 817/1461/455 827/1451/455 812/1450/455
f 827/1451/455 828/1462/455 829/1452/455
usemtl Dirt
s off
f 801/1463/456 784/1464/456 803/1465/456
f 780/1466/457 800/1467/457 804/1468/457
f 783/1469/458 808/1470/458 807/1471/458
f 799/1472/459 783/1473/459 782/1474/459
f 780/1475/460 810/1476/460 809/1477/460
f 810/1478/461 807/1479/461 785/1480/461
f 786/1481/462 810/1482/462 785/1483/462
f 804/1484/463 800/1485/463 809/1486/463
f 808/1487/464 798/1488/464 807/1489/464
f 785/1490/465 791/1491/465 795/1492/465
f 786/1481/466 795/1493/466 794/1494/466
f 785/1490/467 798/1495/467 791/1496/467
f 796/1497/468 802/1498/468 805/1499/468
f 805/1500/469 803/1501/469 786/1502/469
f 788/1503/470 797/1504/470 790/1505/470
f 791/1506/471 798/1507/471 788/1508/471
f 787/1509/472 789/1510/472 801/1511/472
f 792/1512/473 801/1513/473 802/1514/473
f 802/1515/474 796/1516/474 792/1517/474
f 803/1465/456 805/1518/456 801/1463/456
f 805/1518/456 802/1519/456 801/1463/456
f 801/1463/456 789/1520/456 784/1464/456
f 803/1465/456 784/1464/456 804/1521/456
f 804/1468/475 784/1522/475 781/1523/475
f 781/1523/475 780/1466/475 804/1468/475
f 807/1471/458 806/1524/458 783/1469/458
f 806/1524/458 780/1525/458 781/1526/458
f 783/1469/458 806/1524/458 781/1526/458
f 799/1472/459 808/1527/459 783/1473/459
f 809/1477/476 800/1528/476 780/1475/476
f 780/1475/460 806/1529/460 810/1476/460
f 810/1478/461 806/1530/461 807/1479/461
f 786/1481/462 809/1531/462 810/1482/462
f 809/1486/463 786/1532/463 804/1484/463
f 786/1532/463 803/1533/463 804/1484/463
f 799/1534/477 798/1488/477 808/1487/477
f 798/1488/478 785/1480/478 807/1489/478
f 786/1481/466 785/1490/466 795/1493/466
f 805/1499/479 786/1502/479 796/1497/479
f 786/1502/479 794/1535/479 796/1497/479
f 797/1536/471 788/1508/471 798/1507/471
f 788/1508/471 787/1537/471 791/1506/471
f 787/1537/471 793/1538/471 791/1506/471
f 792/1539/472 793/1540/472 801/1511/472
f 793/1540/472 787/1509/472 801/1511/472
o Neue_Welt_(10)__2547_58_-1089_to_2595_255_-1061.001_cell.088_Neue_Welt_(10)__2547_58_-1089_to_2595_255_-1061.001_cell.099
v -0.046178 -0.500000 -0.500104
v -0.148542 -0.500000 -0.159079
v -0.265727 -0.211141 -0.496027
v -0.222772 -0.179024 -0.486753
v -0.181277 -0.194776 -0.500103
v 0.046721 -0.278165 -0.500104
v -0.348441 -0.500000 -0.500103
v -0.272992 -0.236480 -0.500103
v -0.268398 -0.220501 -0.500103
v -0.200753 -0.500000 -0.166212
v -0.347967 -0.500000 -0.302900
v -0.149509 -0.462136 -0.153957
v -0.129534 -0.447457 -0.149191
v -0.017958 -0.243520 -0.236730
v -0.007995 -0.248504 -0.276809
v -0.026989 -0.259943 -0.229536
v -0.046178 -0.500000 -0.500104
v -0.046178 -0.500000 -0.500104
v -0.148542 -0.500000 -0.159079
v -0.181277 -0.194776 -0.500103
v 0.046721 -0.278165 -0.500104
v -0.348441 -0.500000 -0.500103
v -0.348441 -0.500000 -0.500103
v -0.272992 -0.236480 -0.500103
v -0.268398 -0.220501 -0.500103
v -0.347967 -0.500000 -0.302900
v -0.200753 -0.500000 -0.166212
vt 0.545521 0.001707
vt 0.771340 0.264201
vt 0.680027 0.305743
vt 0.453502 0.997813
vt 0.351587 0.658117
vt 0.299605 0.665222
vt 0.766766 0.280118
vt 0.453031 0.222678
vt 0.846458 0.001707
vt 0.153038 0.801378
vt 0.152566 0.997813
vt 0.868267 0.245287
vt 0.890416 0.197213
vt 0.890416 0.289408
vt 0.788886 0.172761
vt 0.557927 0.265929
vt 0.710592 0.109584
vt 0.890416 0.167985
vt 0.225288 0.109584
vt 0.890416 0.109584
vt 0.168718 0.109584
vt 0.167985 0.167985
vt 0.109584 0.109584
vt 0.890416 0.774712
vt 0.311622 0.109584
vt 0.311623 0.311623
vt 0.890416 0.439183
vt 0.890416 0.890416
vt 0.890416 0.109584
vt 0.439183 0.439183
vt 0.458379 0.109584
vt 0.274309 0.109584
vt 0.890416 0.831282
vt 0.890416 0.890416
vt 0.458379 0.458379
vt 0.890416 0.528079
vt 0.471921 0.109584
vt 0.274309 0.274309
vt 0.109584 0.109584
vt 0.811563 0.131830
vt 0.506275 0.231123
vt 0.514749 0.216365
vt 0.802787 0.109584
vt 0.796191 0.427065
vt 0.772717 0.657540
vt 0.436412 0.321376
vt 0.359410 0.303519
vt 0.564180 0.528345
vn 0.0000 0.0000 -1.0000
vn 0.0000 -1.0000 0.0000
vn -0.1341 -0.1362 0.9816
vn 0.8891 -0.3719 0.2669
vn -0.9614 0.2753 0.0023
vn -0.9611 0.2763 -0.0047
vn -0.5617 0.5644 0.6050
vn -0.5601 0.5656 0.6053
vn -0.5570 0.5707 0.6035
vn -0.1258 0.4261 -0.8959
vn 0.3369 0.9410 -0.0333
vn 0.3432 0.9384 -0.0405
vn 0.8890 -0.3718 0.2672
vn 0.8891 -0.3717 0.2673
vn 0.8888 -0.3722 0.2672
vn -0.1260 0.4270 -0.8954
vn 0.3432 0.9384 -0.0406
usemtl Stone
s 1
f 847/1541/480 853/1542/480 849/1543/480
f 846/1544/481 848/1545/481 856/1546/481
f 854/1547/480 849/1543/480 853/1542/480
f 849/1543/480 850/1548/480 847/1541/480
f 847/1541/480 851/1549/480 853/1542/480
f 856/1546/481 855/1550/481 846/1544/481
f 855/1550/481 852/1551/481 846/1544/481
usemtl Dirt
s off
f 841/1552/482 831/1553/482 842/1554/482
f 830/1555/483 844/1556/483 842/1557/483
f 837/1558/484 840/1559/484 832/1560/484
f 838/1561/485 837/1562/485 832/1563/485
f 840/1564/486 841/1565/486 832/1560/486
f 841/1566/487 845/1567/487 832/1568/487
f 833/1569/488 845/1570/488 843/1571/488
f 832/1568/489 834/1572/489 838/1573/489
f 833/1574/490 843/1575/490 844/1576/490
f 844/1577/491 834/1578/491 833/1579/491
f 841/1552/482 839/1580/482 831/1553/482
f 844/1556/492 843/1581/492 845/1582/492
f 845/1582/493 842/1557/493 844/1556/493
f 842/1557/483 831/1583/483 830/1555/483
f 830/1555/494 835/1584/494 844/1556/494
f 837/1558/484 836/1585/484 840/1559/484
f 840/1564/486 839/1586/486 841/1565/486
f 841/1566/487 842/1587/487 845/1567/487
f 833/1569/488 832/1568/488 845/1570/488
f 832/1568/495 833/1579/495 834/1572/495
f 844/1577/496 835/1588/496 834/1578/496
