# Blender v2.91.0 OBJ File: 'physics_test.blend'
# www.blender.org
mtllib physics_shattered_lots_13.mtl
o Neue_Welt_(10)__2547_58_-1089_to_2595_255_-1061.001_cell.087_Neue_Welt_(10)__2547_58_-1089_to_2595_255_-1061.001_cell.113
v 0.500000 -0.500000 -0.500000
v -0.021409 -0.177622 -0.401023
v 0.083241 -0.093866 -0.436970
v -0.029806 -0.500000 -0.500000
v 0.029882 -0.117980 -0.500000
v -0.015186 -0.150513 -0.500000
v 0.096579 -0.070224 -0.500000
v 0.343369 -0.147749 -0.500000
v 0.500000 -0.197182 -0.500000
v 0.500000 -0.500000 -0.350489
v 0.500000 -0.236659 -0.431374
v 0.500000 -0.226480 -0.434552
v -0.039965 -0.500000 -0.300458
v 0.343369 -0.147749 -0.500000
v 0.500000 -0.197182 -0.500000
v 0.500000 -0.197182 -0.500000
v 0.500000 -0.500000 -0.500000
v 0.500000 -0.500000 -0.500000
v -0.029806 -0.500000 -0.500000
v -0.029806 -0.500000 -0.500000
v -0.015186 -0.150513 -0.500000
v 0.029882 -0.117980 -0.500000
v 0.096579 -0.070224 -0.500000
v 0.500000 -0.500000 -0.350489
v 0.500000 -0.500000 -0.350489
v 0.500000 -0.226480 -0.434552
v 0.500000 -0.236659 -0.431374
v -0.039965 -0.500000 -0.300458
vt 0.529187 0.001707
vt 0.514631 0.349833
vt 0.469761 0.382239
vt 0.997317 0.303346
vt 0.932156 0.274162
vt 0.928991 0.264023
vt 0.001706 0.470070
vt 0.150561 0.997813
vt 0.200373 0.459951
vt 0.403357 0.429809
vt 0.157650 0.352587
vt 0.001706 0.303346
vt 0.001706 0.001707
vt 0.848462 0.001707
vt 0.997317 0.001707
vt 0.001706 0.997813
vt 0.899516 0.100484
vt 0.899516 0.547842
vt 0.452184 0.100484
vt 0.545720 0.100484
vt 0.547842 0.547842
vt 0.100484 0.100484
vt 0.545720 0.545720
vt 0.814444 0.100484
vt 0.814043 0.551990
vt 0.792274 0.100484
vt 0.169966 0.100484
vt 0.100484 0.100484
vt 0.899516 0.547815
vt 0.632931 0.632931
vt 0.830034 0.100484
vt 0.899516 0.899516
vt 0.899516 0.100484
vt 0.810335 0.702859
vt 0.207726 0.100484
vt 0.853788 0.783517
vt 0.899516 0.185556
vt 0.899516 0.632931
vn 0.0000 0.0000 -1.0000
vn 1.0000 0.0000 0.0000
vn 0.0000 -1.0000 0.0000
vn -0.5728 0.8000 0.1789
vn 0.2762 0.8792 0.3882
vn 0.2768 0.8771 0.3926
vn 0.0885 0.2920 0.9523
vn -0.5755 0.7973 0.1822
vn 0.0890 0.2969 0.9508
vn -0.9978 0.0416 -0.0508
vn 0.0882 0.2925 0.9522
vn -0.9978 0.0417 -0.0513
usemtl Stone
s 1
f 19/1/1 21/2/1 22/3/1
f 16/4/2 26/5/2 27/6/2
f 20/7/3 25/8/3 28/9/3
f 23/10/1 14/11/1 22/3/1
f 14/11/1 15/12/1 17/13/1
f 22/3/1 14/11/1 19/1/1
f 17/13/1 19/1/1 14/11/1
f 27/6/2 24/14/2 18/15/2
f 18/15/2 16/4/2 27/6/2
f 20/7/3 1/16/3 25/8/3
usemtl Dirt
s off
f 3/17/4 7/18/4 5/19/4
f 8/20/5 7/21/5 3/22/5
f 8/23/6 12/24/6 9/25/6
f 13/26/7 11/27/7 2/28/7
f 2/28/8 5/29/8 6/30/8
f 11/31/9 3/32/9 2/28/9
f 2/33/10 4/34/10 13/35/10
f 8/23/6 3/22/6 12/24/6
f 13/26/11 10/36/11 11/27/11
f 2/28/8 3/17/8 5/29/8
f 11/31/9 12/37/9 3/32/9
f 2/33/12 6/38/12 4/34/12
o Neue_Welt_(10)__2547_58_-1089_to_2595_255_-1061.001_cell.089_Neue_Welt_(10)__2547_58_-1089_to_2595_255_-1061.001_cell.114
v -0.500000 -0.500000 -0.500000
v -0.062590 -0.189848 -0.383904
v -0.283895 -0.235779 -0.152057
v -0.500000 -0.121571 -0.500000
v -0.403298 -0.129651 -0.500000
v -0.070276 -0.500000 -0.500000
v -0.056014 -0.158902 -0.500000
v -0.500000 -0.214928 -0.159159
v -0.500000 -0.250560 -0.168217
v -0.500000 -0.208069 -0.183533
v -0.500000 -0.500000 -0.232109
v -0.080040 -0.500000 -0.287165
v -0.156176 -0.500000 -0.211891
v -0.193637 -0.500000 -0.214041
v -0.115044 -0.500000 -0.252354
v -0.070276 -0.500000 -0.500000
v -0.070276 -0.500000 -0.500000
v -0.500000 -0.500000 -0.500000
v -0.500000 -0.500000 -0.500000
v -0.500000 -0.121571 -0.500000
v -0.500000 -0.121571 -0.500000
v -0.403298 -0.129651 -0.500000
v -0.056014 -0.158902 -0.500000
v -0.500000 -0.250560 -0.168217
v -0.500000 -0.214928 -0.159159
v -0.500000 -0.208069 -0.183533
v -0.500000 -0.500000 -0.232109
v -0.500000 -0.500000 -0.232109
v -0.193637 -0.500000 -0.214041
v -0.080040 -0.500000 -0.287165
v -0.115044 -0.500000 -0.252354
v -0.156176 -0.500000 -0.211891
vt 0.997317 0.001707
vt 0.997317 0.378662
vt 0.901039 0.370614
vt 0.001706 0.378662
vt 0.001706 0.001707
vt 0.332033 0.250176
vt 0.001706 0.429758
vt 0.213607 0.420031
vt 0.248265 0.385165
vt 0.555280 0.341477
vt 0.569479 0.001707
vt 0.268421 0.001707
vt 0.341051 0.285669
vt 0.316784 0.292501
vt 0.288551 0.344192
vt 0.286410 0.306877
vt 0.268421 0.001707
vt 0.001706 0.001707
vt 0.181931 0.100484
vt 0.899516 0.659123
vt 0.831845 0.750045
vt 0.659572 0.100484
vt 0.659122 0.659122
vt 0.100484 0.100484
vt 0.804564 0.100484
vt 0.804133 0.687074
vt 0.218628 0.100484
vt 0.100484 0.100484
vt 0.899516 0.818069
vt 0.750244 0.750244
vt 0.218628 0.218628
vt 0.899516 0.100484
vt 0.804564 0.804564
vt 0.899516 0.899516
vt 0.771643 0.100484
vt 0.899516 0.212065
vt 0.899516 0.771740
vt 0.228357 0.100484
vt 0.821971 0.212165
vt 0.899516 0.340428
vt 0.899516 0.100484
vt 0.228260 0.100484
vt 0.899516 0.750244
vt 0.212065 0.212065
vn 0.0000 0.0000 -1.0000
vn -1.0000 0.0000 0.0000
vn 0.0000 -1.0000 0.0000
vn 0.0803 0.9615 0.2628
vn 0.0810 0.9619 0.2610
vn -0.0570 -0.2477 0.9671
vn 0.0837 0.9592 0.2699
vn -0.0555 -0.2460 0.9677
vn 0.6938 0.1786 0.6977
vn 0.6905 0.1748 0.7019
vn 0.9981 -0.0417 0.0454
vn 0.9981 -0.0419 0.0458
usemtl Stone
s 1
f 46/39/13 48/40/13 50/41/13
f 49/42/14 47/43/14 52/44/14
f 45/45/15 58/46/15 59/47/15
f 51/48/13 44/49/13 50/41/13
f 44/49/13 46/39/13 50/41/13
f 55/50/14 52/44/14 47/43/14
f 52/44/14 53/51/14 54/52/14
f 49/42/14 52/44/14 54/52/14
f 60/53/15 57/54/15 59/47/15
f 57/54/15 56/55/15 29/56/15
f 59/47/15 57/54/15 45/45/15
f 29/56/15 45/45/15 57/54/15
usemtl Dirt
s off
f 38/57/16 33/58/16 32/59/16
f 35/60/17 33/61/17 30/62/17
f 37/63/18 39/64/18 42/65/18
f 31/66/19 38/67/19 36/68/19
f 42/69/20 31/70/20 37/71/20
f 30/72/21 43/73/21 40/74/21
f 31/70/22 41/75/22 43/76/22
f 30/72/23 34/77/23 35/78/23
f 38/57/16 30/79/16 33/58/16
f 31/66/19 30/79/19 38/67/19
f 41/80/20 31/70/20 42/69/20
f 31/70/20 36/81/20 37/71/20
f 30/72/21 31/66/21 43/73/21
f 30/72/24 40/82/24 34/77/24
o Neue_Welt_(10)__2547_58_-1089_to_2595_255_-1061.001_cell.090_Neue_Welt_(10)__2547_58_-1089_to_2595_255_-1061.001_cell.103
v -0.500000 -0.500000 0.500000
v -0.297894 -0.233223 -0.110608
v -0.374181 -0.012662 0.256584
v -0.500000 -0.134942 0.500000
v -0.105606 -0.500000 0.500000
v -0.126114 -0.459290 0.500000
v -0.299697 -0.115180 0.500000
v -0.500000 -0.214531 -0.117942
v -0.500000 -0.500000 -0.190374
v -0.500000 -0.057164 0.154474
v -0.500000 -0.013293 0.230522
v -0.169418 -0.500000 -0.170671
v -0.126114 -0.459290 0.500000
v -0.299697 -0.115180 0.500000
v -0.500000 -0.134942 0.500000
v -0.500000 -0.134942 0.500000
v -0.500000 -0.500000 0.500000
v -0.500000 -0.500000 0.500000
v -0.105606 -0.500000 0.500000
v -0.105606 -0.500000 0.500000
v -0.500000 -0.013293 0.230522
v -0.500000 -0.057164 0.154474
v -0.500000 -0.214531 -0.117942
v -0.500000 -0.500000 -0.190374
v -0.500000 -0.500000 -0.190374
v -0.169418 -0.500000 -0.170671
vt 0.201130 0.385028
vt 0.001706 0.365343
vt 0.001706 0.001707
vt 0.997317 0.001707
vt 0.997317 0.365343
vt 0.653308 0.442819
vt 0.997317 0.001707
vt 0.329590 0.331001
vt 0.997317 0.394565
vt 0.394369 0.001707
vt 0.373952 0.042258
vt 0.729021 0.486519
vt 0.382087 0.286064
vt 0.309973 0.001707
vt 0.309973 0.001707
vt 0.764220 0.100484
vt 0.772541 0.772541
vt 0.899516 0.899516
vt 0.259140 0.100484
vt 0.899516 0.100484
vt 0.899516 0.742089
vt 0.899516 0.100484
vt 0.259140 0.259140
vt 0.327951 0.100484
vt 0.100484 0.100484
vt 0.762767 0.100484
vt 0.764220 0.764220
vt 0.317023 0.199273
vt 0.257911 0.100484
vt 0.371872 0.222257
vt 0.237233 0.100484
vt 0.846171 0.136857
vt 0.899516 0.772541
vt 0.899516 0.672049
vn 0.0000 0.0000 1.0000
vn -1.0000 0.0000 0.0000
vn 0.0000 -1.0000 0.0000
vn 0.8901 0.4477 -0.0847
vn 0.0978 0.8618 -0.4978
vn 0.0987 0.8620 -0.4973
vn 0.8897 0.4488 -0.0832
vn 0.0578 0.2455 -0.9677
vn -0.0896 0.9078 0.4097
vn 0.8899 0.4483 -0.0844
vn 0.8899 0.4483 -0.0847
vn 0.0577 0.2456 -0.9676
vn -0.0894 0.9078 0.4098
usemtl Stone
s 1
f 74/83/25 75/84/25 77/85/25
f 78/86/26 76/87/26 82/88/26
f 61/89/27 86/90/27 80/91/27
f 79/92/25 73/93/25 77/85/25
f 73/93/25 74/83/25 77/85/25
f 76/87/26 81/94/26 82/88/26
f 82/88/26 83/95/26 78/86/26
f 83/95/26 84/96/26 78/86/26
f 61/89/27 85/97/27 86/90/27
usemtl Dirt
s off
f 66/98/28 72/99/28 62/100/28
f 70/101/29 62/102/29 68/103/29
f 63/104/30 70/105/30 71/106/30
f 63/107/31 67/108/31 66/109/31
f 62/102/32 69/110/32 68/111/32
f 63/104/33 64/112/33 67/113/33
f 62/100/34 63/107/34 66/98/34
f 66/98/35 65/114/35 72/99/35
f 63/104/30 62/100/30 70/105/30
f 62/102/36 72/115/36 69/110/36
f 63/104/37 71/116/37 64/112/37
o Neue_Welt_(10)__2547_58_-1089_to_2595_255_-1061.001_cell.094_Neue_Welt_(10)__2547_58_-1089_to_2595_255_-1061.001_cell.110
v -0.500000 0.500000 0.500000
v -0.307755 0.101245 0.290114
v -0.369869 0.023272 0.276841
v -0.500000 -0.091104 0.500000
v -0.327904 -0.074059 0.500000
v -0.276477 -0.035051 0.500000
v -0.289882 -0.055334 0.500000
v -0.300965 -0.071304 0.500000
v -0.165865 0.500000 0.500000
v -0.500000 0.500000 0.255286
v -0.240482 0.500000 0.308319
v -0.219054 0.500000 0.312751
v -0.500000 0.022362 0.249617
v -0.500000 0.038431 0.249675
v -0.500000 0.099556 0.250333
v -0.500000 0.000297 0.298071
v -0.500000 0.500000 0.500000
v -0.500000 0.500000 0.500000
v -0.500000 -0.091104 0.500000
v -0.500000 -0.091104 0.500000
v -0.327904 -0.074059 0.500000
v -0.300965 -0.071304 0.500000
v -0.289882 -0.055334 0.500000
v -0.276477 -0.035051 0.500000
v -0.165865 0.500000 0.500000
v -0.165865 0.500000 0.500000
v -0.500000 0.500000 0.255286
v -0.500000 0.500000 0.255286
v -0.219054 0.500000 0.312751
v -0.240482 0.500000 0.308319
v -0.500000 0.000297 0.298071
v -0.500000 0.099556 0.250333
v -0.500000 0.038431 0.249675
v -0.500000 0.022362 0.249617
vt 0.224248 0.464846
vt 0.173047 0.425989
vt 0.210902 0.444642
vt 0.997317 0.334540
vt 0.810890 0.281559
vt 0.806478 0.260214
vt 0.997317 0.997813
vt 0.753677 0.997813
vt 0.748746 0.598928
vt 0.334374 0.997813
vt 0.001706 0.997813
vt 0.001706 0.409011
vt 0.199867 0.428734
vt 0.753677 0.001707
vt 0.997317 0.001707
vt 0.748033 0.522035
vt 0.796274 0.500056
vt 0.748091 0.538041
vt 0.997317 0.409011
vt 0.899516 0.747753
vt 0.100484 0.100484
vt 0.899516 0.228050
vt 0.747753 0.747753
vt 0.228050 0.228050
vt 0.748131 0.228000
vt 0.899516 0.176623
vt 0.899516 0.782239
vt 0.293666 0.176597
vt 0.899516 0.100484
vt 0.899516 0.733926
vt 0.782239 0.782239
vt 0.733926 0.733926
vt 0.899516 0.100484
vt 0.899516 0.676907
vt 0.899516 0.899516
vt 0.746870 0.100484
vt 0.899516 0.245701
vt 0.100484 0.100484
vt 0.744813 0.100484
vt 0.746870 0.746870
vt 0.261591 0.172078
vt 0.899516 0.255186
vt 0.676907 0.676907
vt 0.754299 0.100484
vt 0.176623 0.176623
vt 0.190057 0.100484
vt 0.899516 0.809943
vn 0.0000 0.0000 1.0000
vn 0.0000 1.0000 0.0000
vn -1.0000 0.0000 0.0000
vn 0.0927 -0.9062 -0.4127
vn 0.0899 -0.9073 -0.4107
vn 0.2002 0.0121 -0.9797
vn 0.2025 0.0105 -0.9792
vn 0.2047 0.0035 -0.9788
vn 0.7362 -0.5109 -0.4438
vn 0.7514 -0.4966 -0.4345
vn 0.9437 -0.1951 -0.2673
vn 0.9435 -0.1947 -0.2680
usemtl Stone
s 1
f 110/117/38 107/118/38 109/119/38
f 112/120/39 115/121/39 116/122/39
f 87/123/40 114/124/40 118/125/40
f 111/126/38 103/127/38 110/117/38
f 103/127/38 105/128/38 110/117/38
f 105/128/38 107/118/38 110/117/38
f 107/118/38 108/129/38 109/119/38
f 116/122/39 113/130/39 104/131/39
f 104/131/39 112/120/39 116/122/39
f 120/132/40 117/133/40 119/134/40
f 117/133/40 106/135/40 118/125/40
f 119/134/40 117/133/40 118/125/40
f 106/135/40 87/123/40 118/125/40
usemtl Dirt
s off
f 102/136/41 89/137/41 91/138/41
f 102/139/42 91/140/42 90/141/42
f 97/142/43 101/143/43 96/144/43
f 88/145/44 100/146/44 101/147/44
f 100/148/45 89/149/45 99/150/45
f 89/151/46 93/152/46 94/153/46
f 88/154/47 92/155/47 93/156/47
f 88/145/48 95/157/48 92/158/48
f 99/159/41 89/137/41 102/136/41
f 89/137/41 94/160/41 91/138/41
f 101/147/44 97/161/44 88/145/44
f 97/161/44 98/162/44 88/145/44
f 100/148/45 88/154/45 89/149/45
f 89/151/46 88/154/46 93/152/46
f 88/145/49 98/163/49 95/157/49
o Neue_Welt_(10)__2547_58_-1089_to_2595_255_-1061.001_cell.095_ce_Neue_Welt_(10)__2547_58_-1089_to_2595_255_-1061.001_cell.120
v -0.059652 -0.500000 0.500000
v 0.101122 -0.097190 0.500000
v 0.147580 -0.100539 0.500000
v 0.139279 -0.092529 0.488413
v 0.080648 -0.115246 0.500000
v 0.191404 -0.193413 0.500000
v -0.149095 -0.323261 0.500000
v 0.336022 -0.500000 0.500000
v -0.069289 -0.500000 0.400015
v 0.016251 -0.500000 0.368915
v 0.022448 -0.500000 0.366730
v 0.297182 -0.500000 0.433414
v 0.311496 -0.500000 0.437334
v 0.101122 -0.097190 0.500000
v 0.147580 -0.100539 0.500000
v 0.191404 -0.193413 0.500000
v 0.080648 -0.115246 0.500000
v -0.149095 -0.323261 0.500000
v -0.059652 -0.500000 0.500000
v -0.059652 -0.500000 0.500000
v 0.336022 -0.500000 0.500000
v 0.336022 -0.500000 0.500000
v 0.311496 -0.500000 0.437334
v -0.069289 -0.500000 0.400015
v 0.016251 -0.500000 0.368915
v 0.022448 -0.500000 0.366730
v 0.297182 -0.500000 0.433414
vt 0.579806 0.384963
vt 0.351071 0.177758
vt 0.690076 0.307100
vt 0.864632 0.522121
vt 0.931023 0.795785
vt 0.997317 0.440341
vt 0.834059 0.001707
vt 0.440122 0.001707
vt 0.646444 0.399613
vt 0.600190 0.402948
vt 0.934926 0.810044
vt 0.997317 0.834474
vt 0.897771 0.430741
vt 0.866807 0.515948
vt 0.791398 0.437448
vt 0.796271 0.482348
vt 0.776181 0.468837
vt 0.828043 0.695422
vt 0.828114 0.802488
vt 0.570081 0.495294
vt 0.805526 0.412277
vt 0.168727 0.168727
vt 0.341365 0.168797
vt 0.728803 0.100484
vt 0.899516 0.126131
vt 0.856489 0.229012
vt 0.812097 0.100484
vt 0.899516 0.168727
vt 0.899516 0.698579
vt 0.811265 0.100484
vt 0.812097 0.812097
vt 0.100484 0.100484
vt 0.899516 0.271197
vt 0.167539 0.100484
vt 0.899516 0.100484
vt 0.899516 0.899516
vt 0.167539 0.167539
vt 0.899516 0.188735
vt 0.698579 0.698579
vt 0.653356 0.531282
vt 0.601078 0.521838
vn 0.0000 0.0000 1.0000
vn 0.0000 -1.0000 0.0000
vn 0.0606 0.8409 0.5378
vn -0.8890 -0.4499 0.0857
vn -0.3197 0.3531 -0.8793
vn 0.8528 0.4024 -0.3328
vn -0.3111 0.3527 -0.8825
vn 0.2302 0.2173 -0.9486
vn 0.8526 0.4022 -0.3337
vn 0.2573 0.2265 -0.9394
usemtl Stone
s 1
f 137/164/50 138/165/50 136/166/50
f 146/167/51 147/168/51 140/169/51
f 141/170/50 136/166/50 139/171/50
f 136/166/50 123/172/50 137/164/50
f 139/171/50 136/166/50 138/165/50
f 123/172/50 122/173/50 137/164/50
f 147/168/51 143/174/51 142/175/51
f 142/175/51 140/169/51 147/168/51
f 140/169/51 144/176/51 145/177/51
f 146/167/51 140/169/51 145/177/51
usemtl Dirt
s off
f 134/178/52 135/179/52 124/180/52
f 129/181/53 121/182/53 127/183/53
f 127/184/54 130/185/54 129/186/54
f 126/187/55 124/188/55 135/189/55
f 131/190/56 130/191/56 125/192/56
f 132/193/57 131/194/57 124/195/57
f 126/196/58 133/197/58 124/198/58
f 124/199/59 133/200/59 132/201/59
f 127/184/54 125/202/54 130/185/54
f 134/203/56 124/195/56 125/192/56
f 124/195/56 131/190/56 125/192/56
f 126/196/58 128/204/58 133/197/58
o Neue_Welt_(10)__2547_58_-1089_to_2595_255_-1061.001_cell.09_Neue_Welt_(10)__2547_58_-1089_to_2595_255_-1061.001_cell.121
v 0.500000 -0.500000 0.500000
v 0.500000 -0.120076 0.490834
v 0.500000 -0.125938 0.500000
v 0.458731 -0.109358 0.090231
v 0.463369 -0.206227 0.130068
v 0.195721 -0.104008 0.500000
v 0.192693 -0.065692 0.440435
v 0.326898 0.024157 0.284837
v 0.177144 -0.085908 0.473794
v 0.500000 -0.042264 0.049831
v 0.500000 -0.212314 0.121731
v 0.500000 -0.159672 0.099331
v 0.500000 0.139779 0.084041
v 0.500000 -0.320202 0.211293
v 0.500000 -0.500000 0.361267
v 0.249961 -0.219299 0.500000
v 0.382706 -0.500000 0.500000
v 0.409738 -0.500000 0.393541
v 0.359852 -0.500000 0.411840
v 0.396001 -0.500000 0.398562
v 0.361967 -0.500000 0.447766
v 0.352384 -0.500000 0.422225
v 0.363988 -0.500000 0.453029
v 0.500000 -0.120076 0.490834
v 0.500000 -0.125938 0.500000
v 0.500000 -0.125938 0.500000
v 0.500000 -0.500000 0.500000
v 0.500000 -0.500000 0.500000
v 0.195721 -0.104008 0.500000
v 0.352384 -0.500000 0.422225
v 0.359852 -0.500000 0.411840
v 0.500000 0.139779 0.084041
v 0.500000 -0.500000 0.361267
v 0.500000 -0.500000 0.361267
v 0.500000 -0.320202 0.211293
v 0.500000 -0.212314 0.121731
v 0.500000 -0.159672 0.099331
v 0.500000 -0.042264 0.049831
v 0.382706 -0.500000 0.500000
v 0.382706 -0.500000 0.500000
v 0.249961 -0.219299 0.500000
v 0.396001 -0.500000 0.398562
v 0.409738 -0.500000 0.393541
v 0.363988 -0.500000 0.453029
v 0.361967 -0.500000 0.447766
vt 0.400617 0.340710
vt 0.449899 0.457661
vt 0.010832 0.380151
vt 0.997317 0.374312
vt 0.694373 0.396157
vt 0.748376 0.281315
vt 0.950552 0.862331
vt 0.945312 0.860318
vt 0.896325 0.894220
vt 0.415840 0.638995
vt 0.001706 0.374312
vt 0.289146 0.180804
vt 0.001706 0.001707
vt 0.139830 0.001707
vt 0.378315 0.288272
vt 0.880538 0.001707
vt 0.997317 0.001707
vt 0.919883 0.850772
vt 0.909544 0.858211
vt 0.891326 0.907903
vt 0.859193 0.997813
vt 0.997317 0.997813
vt 0.997317 0.880976
vt 0.801320 0.528873
vt 0.815036 0.815036
vt 0.706442 0.495472
vt 0.219994 0.135514
vt 0.899516 0.520876
vt 0.899516 0.815036
vt 0.899516 0.100484
vt 0.899516 0.460401
vt 0.538187 0.100484
vt 0.554034 0.205664
vt 0.629805 0.593164
vt 0.460401 0.460401
vt 0.817213 0.100484
vt 0.899516 0.520726
vt 0.140627 0.100484
vt 0.164423 0.164423
vt 0.521848 0.164094
vt 0.520726 0.520726
vt 0.100484 0.100484
vt 0.899516 0.461813
vt 0.438380 0.438380
vt 0.899516 0.222542
vt 0.899516 0.658217
vt 0.462488 0.222274
vt 0.899516 0.100484
vt 0.658217 0.658217
vt 0.217437 0.100484
vt 0.899516 0.899516
vt 0.899516 0.119675
vt 0.899516 0.172904
vt 0.119675 0.119675
vt 0.899516 0.182787
vt 0.857347 0.857347
vt 0.117620 0.117620
vt 0.899516 0.782563
vt 0.125803 0.100484
vt 0.756909 0.497955
vt 0.833235 0.822941
vt 0.520876 0.520876
vt 0.100484 0.100484
vt 0.827096 0.100484
vt 0.899516 0.164423
vt 0.597815 0.432686
vt 0.899516 0.438380
vt 0.222542 0.222542
vt 0.117620 0.100484
vt 0.857347 0.100484
vn 1.0000 0.0000 0.0000
vn 0.0000 0.0000 1.0000
vn 0.0000 -1.0000 0.0000
vn 0.0606 0.8409 0.5378
vn 0.0614 0.8411 0.5373
vn -0.2611 -0.3750 -0.8895
vn -0.7841 0.1146 -0.6100
vn -0.8547 -0.4021 0.3282
vn -0.8505 -0.4022 0.3389
vn -0.2647 -0.3776 -0.8873
vn -0.2648 -0.6177 -0.7405
vn -0.2707 -0.6149 -0.7407
vn -0.7773 -0.2707 -0.5678
vn -0.7835 -0.2645 -0.5622
vn -0.8570 -0.4027 0.3216
vn -0.2720 -0.6145 -0.7406
vn -0.7840 0.1149 -0.6100
vn -0.7841 0.1148 -0.6100
vn -0.7830 -0.2643 -0.5631
vn -0.7989 -0.2713 -0.5368
usemtl Stone
s 1
f 184/205/60 185/206/60 149/207/60
f 150/208/61 153/209/61 188/210/61
f 191/211/62 192/212/62 189/213/62
f 185/206/60 179/214/60 149/207/60
f 149/207/60 173/215/60 182/216/60
f 173/215/60 174/217/60 180/218/60
f 180/218/60 182/216/60 173/215/60
f 182/216/60 183/219/60 149/207/60
f 183/219/60 184/205/60 149/207/60
f 188/210/61 186/220/61 150/208/61
f 186/220/61 175/221/61 150/208/61
f 177/222/62 178/223/62 192/212/62
f 178/223/62 189/213/62 192/212/62
f 189/213/62 190/224/62 191/211/62
f 190/224/62 181/225/62 148/226/62
f 148/226/62 187/227/62 190/224/62
f 190/224/62 187/227/62 191/211/62
usemtl Dirt
s off
f 176/228/63 171/229/63 154/230/63
f 160/231/64 155/232/64 171/233/64
f 151/234/65 157/235/65 159/236/65
f 155/237/66 160/238/66 157/239/66
f 168/240/67 163/241/67 156/242/67
f 170/243/68 164/244/68 163/245/68
f 152/246/69 159/247/69 158/248/69
f 165/249/70 161/250/70 162/251/70
f 152/252/71 161/253/71 167/254/71
f 151/255/72 152/246/72 166/256/72
f 154/257/73 151/255/73 166/258/73
f 168/259/74 156/260/74 169/261/74
f 167/262/75 166/263/75 152/252/75
f 154/230/63 156/264/63 176/228/63
f 176/228/63 172/265/63 171/229/63
f 171/229/63 155/266/63 154/230/63
f 157/239/76 151/267/76 155/237/76
f 151/267/77 154/268/77 155/237/77
f 170/269/67 163/241/67 168/240/67
f 163/241/67 176/270/67 156/242/67
f 152/246/69 151/234/69 159/247/69
f 158/271/71 161/253/71 152/252/71
f 161/253/71 165/272/71 167/254/71
f 166/258/78 169/273/78 154/257/78
f 169/273/79 156/274/79 154/257/79
o Neue_Welt_(10)__2547_58_-1089_to_2595_255_-1061.001_cell.096_Neue_Welt_(10)__2547_58_-1089_to_2595_255_-1061.001_cell.122
v 0.500000 -0.230180 -0.391406
v 0.500000 -0.219114 -0.394735
v 0.213780 -0.356003 -0.308937
v 0.460026 -0.206752 0.086286
v 0.456179 -0.118211 0.049399
v 0.500000 -0.250228 -0.010150
v 0.500000 -0.100149 0.029707
v 0.500000 -0.213311 0.077432
v 0.500000 -0.047311 0.007068
v 0.500000 -0.389887 -0.342397
v 0.500000 0.022736 -0.097331
v 0.207693 -0.125866 -0.396285
v 0.259567 -0.079267 -0.318358
v 0.488344 0.018246 -0.107487
v 0.277074 -0.063569 -0.292093
v 0.204601 -0.339239 -0.330968
v 0.262200 -0.367261 -0.327638
v 0.214117 -0.362634 -0.324633
v 0.204685 -0.330700 -0.333608
v 0.205604 -0.244027 -0.360289
v 0.206260 -0.202073 -0.373224
v 0.292969 -0.370213 -0.329540
v 0.500000 -0.230180 -0.391406
v 0.500000 -0.219114 -0.394735
v 0.500000 -0.250228 -0.010150
v 0.500000 -0.389887 -0.342397
v 0.500000 0.022736 -0.097331
v 0.500000 -0.047311 0.007068
v 0.500000 -0.100149 0.029707
v 0.500000 -0.213311 0.077432
vt 0.509618 0.250506
vt 0.596415 0.522408
vt 0.469935 0.400001
vt 0.422419 0.287280
vt 0.840405 0.111391
vt 0.889199 0.270477
vt 0.892514 0.281500
vt 0.492474 0.452633
vt 0.656647 0.191229
vt 0.185237 0.100484
vt 0.661257 0.165758
vt 0.445461 0.118339
vt 0.505824 0.100484
vt 0.495866 0.154385
vt 0.831643 0.100484
vt 0.831545 0.505499
vt 0.547969 0.505845
vt 0.814763 0.100484
vt 0.899516 0.570700
vt 0.314807 0.100484
vt 0.899516 0.899516
vt 0.543110 0.543110
vt 0.899516 0.545994
vt 0.545994 0.545994
vt 0.899516 0.100484
vt 0.650495 0.100484
vt 0.899516 0.292898
vt 0.292898 0.292898
vt 0.737636 0.210568
vt 0.899516 0.229937
vt 0.899516 0.100484
vt 0.229937 0.229937
vt 0.723064 0.112080
vt 0.779748 0.263602
vt 0.780357 0.780357
vt 0.283435 0.283435
vt 0.899516 0.472201
vt 0.626193 0.100484
vt 0.626193 0.626193
vt 0.899516 0.349505
vt 0.899516 0.899516
vt 0.899516 0.228334
vt 0.808760 0.100484
vt 0.100484 0.100484
vt 0.191240 0.100484
vt 0.623215 0.212047
vt 0.644230 0.539783
vt 0.649254 0.564678
vt 0.685193 0.100484
vt 0.427063 0.100484
vt 0.505824 0.505824
vt 0.428374 0.207037
vt 0.427063 0.427063
vt 0.429300 0.100484
vt 0.899516 0.168357
vt 0.527799 0.100484
vt 0.100484 0.100484
vt 0.443722 0.176035
vt 0.771666 0.100484
vt 0.672718 0.245804
vt 0.899516 0.283435
vt 0.899516 0.780357
vt 0.899516 0.543110
vn 1.0000 0.0000 0.0000
vn 0.2433 0.7525 -0.6120
vn -0.0877 -0.2935 -0.9519
vn -0.0869 -0.2923 -0.9524
vn -0.0865 -0.2871 -0.9540
vn 0.2587 0.3754 0.8900
vn 0.2432 0.3820 0.8916
vn -0.8630 0.1619 0.4785
vn -0.8633 0.1610 0.4784
vn -0.8637 0.1566 0.4790
vn -0.0634 -0.9200 0.3867
vn -0.6272 0.6468 0.4339
vn -0.6286 0.6460 0.4330
vn -0.9304 -0.3444 0.1255
vn -0.0643 -0.9197 0.3872
vn -0.0650 -0.9195 0.3876
vn -0.0649 -0.9195 0.3877
usemtl Stone
s 1
f 217/275/80 219/276/80 221/277/80
f 222/278/80 217/275/80 221/277/80
f 217/275/80 218/279/80 215/280/80
f 216/281/80 217/275/80 215/280/80
f 216/281/80 219/276/80 217/275/80
f 219/276/80 220/282/80 221/277/80
usemtl Dirt
s off
f 207/283/81 194/284/81 205/285/81
f 208/286/82 209/287/82 210/288/82
f 193/289/83 202/290/83 214/291/83
f 194/292/84 213/293/84 204/294/84
f 196/295/85 200/296/85 199/297/85
f 199/298/86 197/299/86 196/295/86
f 196/295/87 207/300/87 205/301/87
f 205/302/88 213/303/88 212/304/88
f 195/305/89 212/306/89 211/307/89
f 202/308/90 198/309/90 214/310/90
f 201/311/91 206/312/91 197/299/91
f 206/313/92 207/314/92 197/315/92
f 208/316/93 210/317/93 195/305/93
f 195/318/94 210/319/94 209/320/94
f 207/283/81 206/321/81 194/284/81
f 206/321/81 203/322/81 194/284/81
f 194/284/81 204/323/81 205/285/81
f 208/286/82 211/324/82 209/287/82
f 214/291/83 209/325/83 212/326/83
f 209/325/83 211/327/83 212/326/83
f 212/326/83 213/328/83 193/289/83
f 214/291/83 212/326/83 193/289/83
f 194/292/84 193/329/84 213/293/84
f 199/298/86 201/330/86 197/299/86
f 196/295/87 197/331/87 207/300/87
f 212/304/88 196/295/88 205/302/88
f 205/302/88 204/332/88 213/303/88
f 211/307/89 208/333/89 195/305/89
f 195/305/89 196/295/89 212/306/89
f 201/311/91 203/334/91 206/312/91
f 214/335/94 198/336/94 195/318/94
f 198/336/95 200/337/95 196/295/95
f 214/335/94 195/318/94 209/320/94
f 196/295/96 195/318/96 198/336/96
o Neue_Welt_(10)__2547_58_-1089_to_2595_255_-1061.001_cell.097_Neue_Welt_(10)__2547_58_-1089_to_2595_255_-1061.001_cell.112
v 0.500000 -0.500000 -0.308606
v 0.471018 -0.500000 -0.305961
v 0.218534 -0.385037 -0.274441
v 0.456248 -0.240755 0.107229
v 0.500000 -0.286498 0.005137
v 0.500000 -0.247831 0.097330
v 0.500000 -0.384830 0.211767
v 0.500000 -0.500000 0.307813
v 0.500000 -0.428383 -0.330583
v 0.212724 -0.500000 -0.282159
v 0.205024 -0.500000 -0.089695
v 0.369235 -0.500000 0.354477
v 0.363442 -0.500000 0.351167
v 0.332558 -0.411985 -0.320334
v 0.300982 -0.408884 -0.318381
v 0.276848 -0.406630 -0.316851
v 0.219230 -0.401311 -0.313181
v 0.471018 -0.500000 -0.305961
v 0.500000 -0.500000 -0.308606
v 0.500000 -0.500000 -0.308606
v 0.500000 -0.384830 0.211767
v 0.500000 -0.500000 0.307813
v 0.500000 -0.500000 0.307813
v 0.500000 -0.428383 -0.330583
v 0.500000 -0.286498 0.005137
v 0.500000 -0.247831 0.097330
v 0.369235 -0.500000 0.354477
v 0.363442 -0.500000 0.351167
v 0.205024 -0.500000 -0.089695
v 0.212724 -0.500000 -0.282159
vt 0.806763 0.001707
vt 0.828644 0.073045
vt 0.494397 0.214378
vt 0.410210 0.703986
vt 0.805974 0.997813
vt 0.849137 0.861787
vt 0.402608 0.252894
vt 0.288674 0.116428
vt 0.193049 0.001707
vt 0.218591 0.711656
vt 0.194893 0.968944
vt 0.192260 0.997813
vt 0.853262 0.863877
vt 0.595497 0.135750
vt 0.602171 0.100484
vt 0.791838 0.441675
vt 0.791778 0.791778
vt 0.831521 0.603125
vt 0.831477 0.784745
vt 0.899516 0.100484
vt 0.899516 0.473172
vt 0.525770 0.100484
vt 0.473173 0.473173
vt 0.770452 0.100484
vt 0.770956 0.629578
vt 0.819605 0.290697
vt 0.899516 0.778287
vt 0.396021 0.275066
vt 0.778287 0.778287
vt 0.293676 0.293676
vt 0.288508 0.100484
vt 0.899516 0.100484
vt 0.288508 0.288508
vt 0.720495 0.100484
vt 0.899516 0.899516
vt 0.228833 0.228833
vt 0.899516 0.221386
vt 0.342216 0.342216
vt 0.899516 0.899516
vt 0.547905 0.342183
vt 0.899516 0.279506
vt 0.791778 0.100484
vt 0.579200 0.228003
vt 0.590645 0.162945
vt 0.602171 0.602171
vt 0.100484 0.100484
vt 0.899516 0.293676
vt 0.899516 0.474230
vt 0.899516 0.228833
vt 0.899516 0.342216
vn 1.0000 0.0000 0.0000
vn 0.0000 -1.0000 0.0000
vn -0.0877 -0.2935 -0.9519
vn -0.0869 -0.2923 -0.9524
vn 0.2672 0.6178 0.7396
vn 0.2643 0.6177 0.7407
vn 0.0662 0.9191 -0.3884
vn 0.0615 0.9204 -0.3860
vn 0.0604 0.9207 -0.3857
vn -0.3518 0.7052 0.6156
vn -0.7873 0.5477 0.2833
vn -0.9978 0.0531 -0.0403
vn -0.7872 0.5480 0.2829
vn -0.9978 0.0531 -0.0399
usemtl Stone
s 1
f 242/338/97 246/339/97 247/340/97
f 251/341/98 245/342/98 250/343/98
f 248/344/97 243/345/97 247/340/97
f 243/345/97 244/346/97 242/338/97
f 247/340/97 243/345/97 242/338/97
f 252/347/98 240/348/98 251/341/98
f 240/348/98 241/349/98 245/342/98
f 251/341/98 240/348/98 245/342/98
f 245/342/98 249/350/98 250/343/98
usemtl Dirt
s off
f 237/351/99 236/352/99 232/353/99
f 224/354/100 231/355/100 223/356/100
f 226/357/101 229/358/101 228/359/101
f 229/360/102 234/361/102 230/362/102
f 236/363/103 227/364/103 231/365/103
f 227/366/104 237/367/104 238/368/104
f 225/369/105 238/370/105 239/371/105
f 226/372/106 235/373/106 234/374/106
f 233/375/107 226/372/107 225/376/107
f 232/377/108 225/369/108 239/378/108
f 236/352/99 224/379/99 232/353/99
f 232/353/99 239/380/99 238/381/99
f 238/381/99 237/351/99 232/353/99
f 224/354/100 236/382/100 231/355/100
f 229/360/102 226/383/102 234/361/102
f 236/363/103 237/384/103 227/364/103
f 238/368/104 226/357/104 227/366/104
f 226/357/104 228/385/104 227/366/104
f 225/369/105 226/372/105 238/370/105
f 233/375/109 235/386/109 226/372/109
f 232/377/110 233/387/110 225/369/110
o Neue_Welt_(10)__2547_58_-1089_to_2595_255_-1061.001_cell.098_Neue_Welt_(10)__2547_58_-1089_to_2595_255_-1061.001_cell.115
v 0.079513 0.230285 -0.009559
v 0.432861 -0.087282 0.061834
v -0.178793 0.120011 0.192015
v 0.080513 -0.024444 0.388587
v 0.269246 0.022801 0.293453
v 0.302126 0.044798 0.255358
v 0.168032 -0.044672 0.410350
v 0.140397 -0.038313 0.403522
v 0.107730 -0.030757 0.395389
v -0.182485 0.089252 0.159241
v 0.500000 0.021891 -0.003644
v 0.500000 0.107798 0.012812
v 0.500000 0.113090 0.013779
v 0.500000 0.056662 -0.055613
v 0.408856 0.116015 0.131666
v 0.471900 0.158328 0.058217
v 0.262487 -0.035537 -0.263422
v 0.081559 0.005177 -0.285368
v 0.160992 -0.012746 -0.275772
v -0.187441 0.046812 0.114195
v 0.500000 0.056662 -0.055613
v 0.500000 0.113090 0.013779
v 0.500000 0.107798 0.012812
v 0.500000 0.021891 -0.003644
vt 0.554880 0.556201
vt 0.486755 0.607139
vt 0.503139 0.521566
vt 0.485793 0.612410
vt 0.601956 0.366431
vt 0.516934 0.476120
vt 0.100484 0.100484
vt 0.899516 0.899516
vt 0.398873 0.398873
vt 0.899516 0.327889
vt 0.899516 0.100484
vt 0.480731 0.241366
vt 0.232717 0.100484
vt 0.899516 0.767283
vt 0.714344 0.629793
vt 0.868644 0.342858
vt 0.330631 0.330631
vt 0.899516 0.813016
vt 0.682568 0.547743
vt 0.899516 0.655514
vt 0.655513 0.655513
vt 0.552474 0.231330
vt 0.899516 0.100484
vt 0.100484 0.100484
vt 0.735068 0.681081
vt 0.558237 0.558237
vt 0.899516 0.140616
vt 0.899516 0.746551
vt 0.899516 0.479213
vt 0.179343 0.100484
vt 0.899516 0.810894
vt 0.705001 0.412771
vt 0.899516 0.405108
vt 0.746551 0.746551
vt 0.140616 0.140616
vt 0.147866 0.147866
vt 0.619703 0.394000
vt 0.639786 0.427665
vt 0.655876 0.456530
vt 0.478780 0.478780
vt 0.100484 0.100484
vt 0.899516 0.478780
vt 0.822609 0.738099
vt 0.698198 0.208067
vt 0.816087 0.152640
vt 0.899516 0.100484
vt 0.899516 0.398873
vt 0.875594 0.789120
vt 0.520787 0.100484
vt 0.899516 0.558237
vt 0.813016 0.813016
vt 0.610983 0.100484
vt 0.610983 0.610983
vt 0.820657 0.100484
vt 0.563905 0.418476
vt 0.189106 0.100484
vt 0.594892 0.100484
vt 0.755098 0.640330
vn 1.0000 0.0000 0.0000
vn 0.0606 0.8409 0.5378
vn -0.6362 0.5970 -0.4887
vn 0.0614 0.8411 0.5373
vn 0.2437 0.7525 -0.6119
vn -0.6365 0.5952 -0.4905
vn 0.7849 -0.1113 0.6096
vn 0.7842 -0.1167 0.6094
vn 0.6290 -0.6461 -0.4323
vn -0.2139 -0.9759 -0.0432
vn 0.7835 -0.1187 0.6099
vn -0.6831 -0.4925 0.5392
vn -0.2149 -0.9757 -0.0432
vn 0.0607 0.8409 0.5378
vn 0.2436 0.7523 -0.6122
vn 0.2434 0.7523 -0.6122
vn 0.2437 0.7522 -0.6122
vn -0.6365 0.5951 -0.4907
vn -0.2154 -0.9756 -0.0433
vn -0.2152 -0.9756 -0.0432
vn -0.2149 -0.9757 -0.0430
usemtl Stone
s 1
f 273/388/111 275/389/111 276/390/111
f 273/388/111 274/391/111 275/389/111
usemtl Dirt
s off
f 256/392/112 257/393/112 253/394/112
f 253/395/113 262/396/113 255/397/113
f 253/398/114 267/399/114 268/400/114
f 253/398/115 268/401/115 266/402/115
f 272/403/116 253/395/116 270/404/116
f 264/405/117 268/406/117 267/407/117
f 267/408/118 258/409/118 254/410/118
f 254/411/119 266/412/119 263/413/119
f 254/411/120 260/414/120 271/415/120
f 257/416/121 259/417/121 254/410/121
f 256/418/122 262/419/122 272/420/122
f 271/421/123 260/422/123 261/423/123
f 261/424/112 260/425/112 257/393/112
f 260/425/112 259/426/112 257/393/112
f 257/393/112 258/427/112 253/394/112
f 261/424/112 257/393/112 256/392/112
f 253/394/124 255/428/124 256/392/124
f 253/398/114 258/429/114 267/399/114
f 268/401/115 265/430/115 266/402/115
f 266/402/125 269/431/125 253/398/125
f 269/431/126 271/432/126 253/398/126
f 271/432/127 270/433/127 253/398/127
f 272/403/128 262/434/128 253/395/128
f 264/405/117 265/435/117 268/406/117
f 258/409/118 257/436/118 254/410/118
f 254/410/118 263/437/118 267/408/118
f 263/437/118 264/438/118 267/408/118
f 254/411/119 269/439/119 266/412/119
f 271/415/120 269/440/120 254/411/120
f 254/411/120 259/441/120 260/414/120
f 256/418/122 255/442/122 262/419/122
f 261/423/129 256/443/129 271/421/129
f 256/443/130 272/444/130 271/421/130
f 272/444/131 270/445/131 271/421/131
o Neue_Welt_(10)__2547_58_-1089_to_2595_255_-1061.001_cell.099_Neue_Welt_(10)__2547_58_-1089_to_2595_255_-1061.001_cell.116
v -0.281553 0.076141 0.272205
v -0.338639 0.005194 0.259847
v -0.264050 -0.096114 0.500000
v -0.257120 -0.085756 0.500000
v -0.247542 -0.072061 0.500000
v -0.209018 0.107107 0.215601
v -0.169470 0.085081 0.245555
v -0.013682 -0.088916 0.500000
v 0.083595 -0.056009 0.437590
v 0.033807 -0.082842 0.485152
v 0.107223 -0.073193 0.461793
v -0.213279 0.072675 0.179081
v -0.212118 0.081994 0.188954
v -0.187945 -0.246495 0.500000
v -0.081821 -0.500000 0.269994
v -0.017581 -0.500000 0.335815
v -0.025167 -0.500000 0.338631
v -0.073508 -0.500000 0.356236
v -0.294835 -0.120118 0.051035
v -0.252667 -0.196070 0.094346
v -0.115316 -0.440442 0.235411
v -0.219158 0.024241 0.127961
v -0.247542 -0.072061 0.500000
v -0.257120 -0.085756 0.500000
v -0.264050 -0.096114 0.500000
v -0.013682 -0.088916 0.500000
v -0.187945 -0.246495 0.500000
v -0.073508 -0.500000 0.356236
v -0.081821 -0.500000 0.269994
v -0.017581 -0.500000 0.335815
v -0.025167 -0.500000 0.338631
vt 0.243520 0.414338
vt 0.236621 0.404020
vt 0.312391 0.254225
vt 0.768321 0.418258
vt 0.836657 0.474692
vt 0.854184 0.426538
vt 0.485890 0.411190
vt 0.253056 0.427979
vt 0.833853 0.482248
vt 0.899516 0.100484
vt 0.754827 0.754827
vt 0.100484 0.100484
vt 0.100484 0.100484
vt 0.761545 0.100484
vt 0.760982 0.760982
vt 0.754827 0.100484
vt 0.779357 0.326497
vt 0.194201 0.132250
vt 0.340030 0.340030
vt 0.899516 0.100484
vt 0.536623 0.100484
vt 0.390180 0.390180
vt 0.390180 0.100484
vt 0.741719 0.447778
vt 0.458005 0.361864
vt 0.871000 0.281007
vt 0.899516 0.100484
vt 0.899516 0.491053
vt 0.627882 0.100484
vt 0.855696 0.364304
vt 0.491053 0.491053
vt 0.415104 0.415104
vt 0.514690 0.420618
vt 0.673344 0.673344
vt 0.182861 0.100484
vt 0.882892 0.100484
vt 0.182861 0.182861
vt 0.899516 0.279675
vt 0.882892 0.882892
vt 0.279675 0.279675
vt 0.574545 0.182811
vt 0.899516 0.856933
vt 0.899516 0.673344
vt 0.795070 0.665915
vt 0.496556 0.138678
vt 0.899516 0.760982
vt 0.758069 0.366243
vt 0.723873 0.422642
vt 0.683577 0.392374
vt 0.100484 0.100484
vt 0.899516 0.261001
vt 0.491385 0.318670
vt 0.827951 0.556193
vt 0.828012 0.648543
vt 0.238455 0.100484
vt 0.899516 0.340030
vt 0.899516 0.415104
vt 0.143067 0.100484
vt 0.162044 0.162044
vt 0.528173 0.182375
vt 0.666388 0.153621
vt 0.899516 0.372118
vt 0.885449 0.885449
vt 0.791235 0.162059
vt 0.899516 0.162044
vn 0.0000 0.0000 1.0000
vn 0.0000 -1.0000 0.0000
vn -0.7344 0.5136 0.4438
vn -0.7456 0.4988 0.4420
vn 0.0606 0.8408 0.5379
vn -0.6362 0.5970 -0.4887
vn -0.8904 -0.4477 0.0819
vn -0.8889 -0.4500 0.0859
vn -0.6365 0.5951 -0.4907
vn 0.6837 0.4889 -0.5418
vn 0.6831 0.4902 -0.5414
vn 0.3255 -0.3540 0.8768
vn 0.7156 -0.0031 -0.6985
vn 0.7147 -0.0020 -0.6994
vn 0.3200 -0.3539 0.8788
vn 0.0606 0.8409 0.5378
vn 0.0608 0.8408 0.5379
vn -0.8888 -0.4501 0.0857
vn -0.8889 -0.4499 0.0858
vn -0.8889 -0.4499 0.0859
vn -0.8887 -0.4504 0.0860
vn 0.7148 -0.0021 -0.6993
usemtl Stone
s 1
f 280/446/132 279/447/132 303/448/132
f 305/449/133 307/450/133 304/451/133
f 284/452/132 281/453/132 303/448/132
f 281/453/132 280/446/132 303/448/132
f 305/449/133 306/454/133 307/450/133
usemtl Dirt
s off
f 278/455/134 299/456/134 277/457/134
f 278/458/135 301/459/135 300/460/135
f 299/461/136 302/462/136 283/463/136
f 288/464/137 278/458/137 277/465/137
f 295/466/138 296/467/138 278/458/138
f 296/468/139 297/469/139 290/470/139
f 278/455/140 298/471/140 295/472/140
f 283/473/141 298/474/141 288/475/141
f 283/476/142 289/477/142 282/478/142
f 286/479/143 292/480/143 287/481/143
f 292/482/144 297/483/144 287/484/144
f 297/485/145 296/486/145 285/487/145
f 286/488/146 302/489/146 290/490/146
f 278/455/134 300/491/134 299/456/134
f 286/492/147 287/493/147 285/494/147
f 285/494/136 283/463/136 302/462/136
f 283/463/148 282/495/148 277/457/148
f 285/494/147 302/462/147 286/492/147
f 277/457/148 299/461/148 283/463/148
f 282/496/137 289/497/137 277/465/137
f 289/497/137 288/464/137 277/465/137
f 297/469/149 291/498/149 294/499/149
f 294/499/150 290/470/150 297/469/150
f 290/470/151 301/500/151 296/468/151
f 301/500/152 278/458/152 296/468/152
f 278/455/140 288/501/140 298/471/140
f 288/475/141 289/502/141 283/473/141
f 283/473/141 285/503/141 298/474/141
f 286/479/143 293/504/143 292/480/143
f 292/482/144 291/505/144 297/483/144
f 295/506/145 298/507/145 296/486/145
f 298/507/145 285/487/145 296/486/145
f 285/487/153 287/508/153 297/485/153
f 290/490/146 294/509/146 293/510/146
f 293/510/146 286/488/146 290/490/146
o Neue_Welt_(10)__2547_58_-1089_to_2595_255_-1061.001_cell.100_Neue_Welt_(10)__2547_58_-1089_to_2595_255_-1061.001_cell.117
v 0.082386 -0.085892 -0.396949
v -0.033799 -0.179103 -0.358364
v -0.258388 -0.224385 -0.122709
v 0.144629 -0.081995 0.443135
v 0.423701 -0.127071 0.077065
v 0.191251 -0.355415 -0.266376
v 0.148082 -0.094545 0.446094
v 0.427367 -0.212639 0.111291
v 0.160559 -0.500000 -0.028828
v 0.174330 -0.500000 -0.034376
v 0.206977 -0.500000 0.055905
v -0.100350 -0.500000 0.077760
v -0.087914 -0.500000 0.206780
v -0.069730 -0.500000 0.225386
v 0.319669 -0.500000 0.397189
v 0.028466 -0.500000 0.325769
v 0.272056 -0.500000 0.385655
v 0.326536 -0.500000 0.387588
v 0.216626 -0.064414 -0.317165
v 0.202979 -0.076798 -0.337820
v 0.164109 -0.111962 -0.396516
v 0.081915 -0.034061 -0.333444
v -0.047695 -0.255207 -0.325173
v -0.208521 -0.327868 -0.146208
v -0.037963 -0.250912 -0.335844
v -0.233385 -0.241211 0.057227
v -0.284977 -0.148319 0.004043
v -0.169809 -0.390044 -0.065160
v 0.156418 -0.300018 -0.338619
v 0.128027 -0.292956 -0.338180
v 0.162995 -0.197933 -0.370546
v 0.162790 -0.218941 -0.364080
v 0.161372 -0.301253 -0.338692
v -0.097130 -0.483602 0.197321
v -0.201920 0.009963 0.088283
v -0.114091 -0.003551 -0.042039
v 0.319669 -0.500000 0.397189
v 0.272056 -0.500000 0.385655
v 0.028466 -0.500000 0.325769
v -0.069730 -0.500000 0.225386
v -0.087914 -0.500000 0.206780
v -0.100350 -0.500000 0.077760
v 0.160559 -0.500000 -0.028828
v 0.174330 -0.500000 -0.034376
v 0.206977 -0.500000 0.055905
v 0.326536 -0.500000 0.387588
vt 0.470810 0.659694
vt 0.465286 0.673412
vt 0.555171 0.705931
vt 0.886510 0.824245
vt 0.883474 0.770757
vt 0.894957 0.818184
vt 0.823850 0.528115
vt 0.723908 0.430301
vt 0.705384 0.412188
vt 0.576931 0.399801
vt 0.100484 0.100484
vt 0.899516 0.100484
vt 0.899516 0.899516
vt 0.100484 0.100484
vt 0.899516 0.100484
vt 0.899516 0.899516
vt 0.899516 0.100484
vt 0.725654 0.156799
vt 0.733961 0.141618
vt 0.100484 0.100484
vt 0.899516 0.264468
vt 0.354477 0.354477
vt 0.264468 0.264468
vt 0.100484 0.100484
vt 0.255205 0.100484
vt 0.899516 0.354477
vt 0.455154 0.455154
vt 0.899516 0.100484
vt 0.345757 0.123312
vt 0.255205 0.255205
vt 0.370039 0.100484
vt 0.369744 0.153809
vt 0.827815 0.350346
vt 0.827906 0.488502
vt 0.804175 0.459187
vt 0.899516 0.629961
vt 0.899516 0.899516
vt 0.899516 0.100484
vt 0.854581 0.287841
vt 0.757014 0.345060
vt 0.899516 0.124414
vt 0.899516 0.899516
vt 0.100484 0.100484
vt 0.124414 0.124414
vt 0.899516 0.219374
vt 0.306505 0.100484
vt 0.899516 0.100484
vt 0.100484 0.100484
vt 0.899516 0.219310
vt 0.899516 0.256714
vt 0.219310 0.219310
vt 0.305655 0.210033
vt 0.298411 0.100484
vt 0.899516 0.100484
vt 0.100484 0.100484
vt 0.899516 0.119051
vt 0.899516 0.370480
vt 0.298411 0.298411
vt 0.321801 0.181357
vt 0.899516 0.100484
vt 0.370480 0.370480
vt 0.380176 0.100484
vt 0.811857 0.100484
vt 0.882406 0.882406
vt 0.276931 0.276931
vt 0.534826 0.126692
vt 0.895742 0.333200
vt 0.678361 0.100484
vt 0.899516 0.899516
vt 0.188807 0.100484
vt 0.899516 0.188143
vt 0.899516 0.899516
vt 0.188807 0.188807
vt 0.732869 0.629807
vt 0.732662 0.732662
vt 0.678361 0.678361
vt 0.740739 0.557746
vt 0.899516 0.777961
vt 0.402186 0.189526
vt 0.759739 0.100484
vt 0.899516 0.100484
vt 0.669382 0.669382
vt 0.634774 0.100484
vt 0.360966 0.100484
vt 0.367751 0.362894
vt 0.360966 0.360966
vt 0.455154 0.100484
vt 0.669382 0.100484
vt 0.240261 0.100484
vt 0.231470 0.231470
vt 0.219374 0.219374
vt 0.420173 0.100484
vt 0.659688 0.172768
vt 0.256714 0.256714
vt 0.882406 0.100484
vt 0.579827 0.100484
vt 0.899516 0.693496
vt 0.777961 0.777961
vt 0.732662 0.100484
vt 0.899516 0.186440
vt 0.380176 0.380176
vt 0.646695 0.255829
vt 0.507724 0.182983
vt 0.754634 0.580318
vt 0.899516 0.276931
vt 0.216082 0.202952
vn 0.0000 -1.0000 0.0000
vn -0.6379 0.5904 -0.4945
vn 0.7677 0.3394 0.5435
vn 0.2435 0.7524 -0.6120
vn -0.6953 -0.1769 -0.6966
vn -0.6897 -0.1800 -0.7014
vn -0.8904 -0.4477 0.0819
vn -0.0877 -0.2935 -0.9519
vn -0.0869 -0.2923 -0.9524
vn -0.8888 -0.4501 0.0857
vn -0.0865 -0.2871 -0.9540
vn -0.6365 0.5951 -0.4907
vn 0.7915 0.2559 0.5550
vn 0.7865 -0.5486 -0.2835
vn 0.7864 -0.5483 -0.2844
vn 0.8631 -0.1624 -0.4782
vn 0.8640 -0.1558 -0.4788
vn 0.8644 -0.1544 -0.4786
vn 0.7838 0.2639 0.5622
vn 0.2147 0.9758 0.0423
vn 0.2145 0.9758 0.0434
vn -0.2301 -0.2119 0.9498
vn -0.2127 -0.8222 -0.5279
vn -0.7149 0.0023 0.6993
vn -0.6825 -0.0155 0.7307
vn -0.2333 -0.2128 0.9488
vn -0.7152 0.0012 0.6989
vn -0.2155 -0.8218 -0.5274
vn 0.2432 0.7523 -0.6122
vn -0.6366 0.5951 -0.4905
vn -0.6366 0.5952 -0.4905
vn 0.7844 0.2643 0.5611
vn -0.7148 0.0023 0.6993
vn -0.7150 0.0031 0.6991
vn -0.2156 -0.8218 -0.5274
vn -0.2155 -0.8218 -0.5275
usemtl Stone
s 1
f 350/511/154 351/512/154 352/513/154
f 352/513/154 325/514/154 345/515/154
f 325/514/154 344/516/154 345/515/154
f 345/515/154 346/517/154 352/513/154
f 346/517/154 347/518/154 352/513/154
f 347/518/154 348/519/154 349/520/154
f 352/513/154 347/518/154 349/520/154
f 349/520/154 350/511/154 352/513/154
usemtl Dirt
s off
f 308/521/155 309/522/155 310/523/155
f 311/524/156 314/525/156 312/526/156
f 329/527/157 326/528/157 327/529/157
f 310/530/158 330/531/158 331/532/158
f 330/533/159 309/534/159 332/535/159
f 331/536/160 333/537/160 310/538/160
f 309/534/161 337/539/161 332/540/161
f 309/534/162 338/541/162 339/542/162
f 319/543/163 320/544/163 341/545/163
f 308/521/164 338/546/164 309/547/164
f 334/548/165 342/549/165 343/550/165
f 353/551/166 315/552/166 312/553/166
f 315/552/167 353/554/167 318/555/167
f 315/552/168 317/556/168 313/557/168
f 313/558/169 339/559/169 315/552/169
f 327/560/170 339/561/170 338/562/170
f 315/552/171 326/563/171 312/564/171
f 314/565/172 353/566/172 312/526/172
f 343/567/173 326/568/173 329/569/173
f 311/570/174 343/571/174 342/572/174
f 314/565/175 324/573/175 322/574/175
f 337/575/176 336/576/176 313/557/176
f 333/577/177 341/578/177 311/579/177
f 323/580/178 314/525/178 311/579/178
f 324/581/179 314/582/179 323/583/179
f 320/584/180 321/585/180 341/586/180
f 330/587/181 316/588/181 335/589/181
f 327/529/157 328/590/157 329/527/157
f 328/590/182 308/591/182 329/527/182
f 310/530/158 309/522/158 330/531/158
f 335/592/160 333/537/160 331/536/160
f 333/537/160 334/593/160 310/538/160
f 309/534/161 336/594/161 337/539/161
f 340/595/162 336/596/162 339/542/162
f 336/596/162 309/534/162 339/542/162
f 341/545/163 333/597/163 319/543/163
f 333/597/163 335/598/163 319/543/163
f 308/521/164 328/599/164 338/546/164
f 343/550/183 329/600/183 310/538/183
f 329/600/184 308/521/184 310/538/184
f 310/538/165 334/548/165 343/550/165
f 315/552/168 318/601/168 317/556/168
f 313/558/169 340/602/169 339/559/169
f 338/562/170 328/603/170 327/560/170
f 327/560/170 315/552/170 339/561/170
f 315/552/171 327/604/171 326/563/171
f 314/565/185 322/605/185 353/566/185
f 343/567/173 312/526/173 326/568/173
f 311/570/174 312/526/174 343/571/174
f 336/576/176 340/606/176 313/557/176
f 313/557/176 317/607/176 316/608/176
f 316/608/176 337/575/176 313/557/176
f 341/578/186 321/609/186 323/610/186
f 323/610/186 311/579/186 341/578/186
f 311/579/187 342/611/187 333/577/187
f 342/611/187 334/612/187 333/577/187
f 335/589/188 331/613/188 330/587/188
f 330/587/188 332/614/188 337/615/188
f 337/615/188 316/588/188 330/587/188
f 316/588/189 319/616/189 335/589/189
o Neue_Welt_(10)__2547_58_-1089_to_2595_255_-1061.001_cell.101_Neue_Welt_(10)__2547_58_-1089_to_2595_255_-1061.001_cell.118
v -0.052410 -0.500000 -0.257726
v -0.092396 -0.500000 -0.218409
v -0.125573 -0.500000 -0.185296
v -0.122840 -0.500000 -0.155577
v 0.179889 -0.377523 -0.302966
v 0.172345 -0.500000 -0.278438
v 0.093125 -0.500000 -0.076362
v 0.165174 -0.500000 -0.105923
v -0.107295 -0.500000 0.005709
v -0.059151 -0.317941 -0.297812
v -0.185796 -0.375025 -0.156916
v -0.041398 -0.310134 -0.317271
v -0.155305 -0.423997 -0.093080
v 0.114882 -0.349868 -0.319424
v 0.180118 -0.382759 -0.315296
v 0.172721 -0.364656 -0.320195
v -0.092396 -0.500000 -0.218409
v -0.052410 -0.500000 -0.257726
v -0.122840 -0.500000 -0.155577
v -0.125573 -0.500000 -0.185296
v 0.172345 -0.500000 -0.278438
v 0.165174 -0.500000 -0.105923
v 0.093125 -0.500000 -0.076362
v -0.107295 -0.500000 0.005709
vt 0.423485 0.592523
vt 0.344617 0.377398
vt 0.282061 0.407724
vt 0.315029 0.374676
vt 0.242917 0.447555
vt 0.222296 0.671434
vt 0.394054 0.664291
vt 0.505195 0.392883
vt 0.899516 0.791933
vt 0.470224 0.470224
vt 0.899516 0.399644
vt 0.791900 0.100484
vt 0.399644 0.399644
vt 0.382808 0.100484
vt 0.899516 0.470224
vt 0.827650 0.827650
vt 0.718254 0.718254
vt 0.468383 0.258941
vt 0.500232 0.213267
vt 0.539235 0.241115
vt 0.718253 0.100484
vt 0.827650 0.100484
vt 0.827764 0.273192
vt 0.195816 0.195816
vt 0.100484 0.100484
vt 0.169124 0.100484
vt 0.899516 0.195816
vt 0.808091 0.100484
vt 0.899516 0.100484
vt 0.899516 0.899516
vt 0.659218 0.331439
vt 0.899516 0.830876
vt 0.570105 0.384474
vt 0.558062 0.343357
vt 0.803114 0.100484
vt 0.776969 0.776969
vt 0.791933 0.791933
vt 0.899516 0.776969
vt 0.791848 0.495013
vt 0.791900 0.791900
vt 0.382808 0.382808
vt 0.332005 0.332005
vt 0.637081 0.437880
vt 0.437020 0.196662
vt 0.899516 0.332005
vt 0.808091 0.808091
vt 0.592604 0.474682
vn 0.0000 -1.0000 0.0000
vn -0.6953 -0.1769 -0.6966
vn -0.6897 -0.1800 -0.7014
vn -0.8904 -0.4477 0.0819
vn -0.0877 -0.2935 -0.9519
vn -0.8888 -0.4501 0.0857
vn 0.9297 0.3449 -0.1292
vn 0.2175 0.8232 0.5244
vn 0.9977 -0.0532 0.0411
vn 0.2160 0.8219 0.5272
vn 0.9977 -0.0531 0.0415
vn 0.2161 0.8218 0.5272
vn 0.2159 0.8218 0.5273
vn 0.2162 0.8219 0.5270
usemtl Stone
s 1
f 376/617/190 372/618/190 370/619/190
f 373/620/190 370/619/190 372/618/190
f 370/619/190 371/621/190 376/617/190
f 371/621/190 374/622/190 376/617/190
f 374/622/190 375/623/190 376/617/190
f 376/617/190 377/624/190 372/618/190
usemtl Dirt
s off
f 355/625/191 364/626/191 363/627/191
f 354/628/192 363/629/192 365/630/192
f 364/631/193 357/632/193 366/633/193
f 367/634/194 369/635/194 368/636/194
f 366/637/195 357/638/195 362/639/195
f 369/640/196 358/641/196 368/642/196
f 369/643/197 367/644/197 358/645/197
f 358/646/198 359/647/198 368/648/198
f 363/649/199 366/650/199 360/651/199
f 355/625/191 356/652/191 364/626/191
f 354/628/192 355/653/192 363/629/192
f 364/631/193 356/654/193 357/632/193
f 368/636/194 359/655/194 367/634/194
f 359/655/194 354/656/194 367/634/194
f 354/656/194 365/657/194 367/634/194
f 358/646/200 361/658/200 359/647/200
f 363/649/201 364/659/201 366/650/201
f 366/650/202 362/660/202 360/651/202
f 360/651/203 361/661/203 367/662/203
f 361/661/203 358/646/203 367/662/203
f 367/662/203 365/663/203 363/649/203
f 360/651/203 367/662/203 363/649/203
o Neue_Welt_(10)__2547_58_-1089_to_2595_255_-1061.001_cell.093_ce_Neue_Welt_(10)__2547_58_-1089_to_2595_255_-1061.001_cell.128
v -0.123586 0.500000 0.500000
v -0.179344 0.500000 0.303052
v -0.017825 0.252348 0.495085
v -0.062963 0.390491 0.268678
v 0.252831 0.497733 0.352026
v 0.027649 0.280962 0.403618
v -0.025107 0.278868 0.500000
v 0.025692 0.296422 0.500000
v -0.013998 0.257033 0.500000
v 0.228476 0.500000 0.500000
v -0.127523 0.481077 0.500000
v -0.138038 0.500000 0.266319
v 0.252976 0.500000 0.363779
v -0.195092 0.429823 0.298996
v -0.189044 0.430049 0.293676
v -0.145882 0.432053 0.255808
v -0.162504 0.397185 0.438086
v -0.176911 0.362786 0.412478
v -0.179344 0.500000 0.303052
v -0.123586 0.500000 0.500000
v -0.123586 0.500000 0.500000
v 0.228476 0.500000 0.500000
v 0.228476 0.500000 0.500000
v -0.127523 0.481077 0.500000
v -0.025107 0.278868 0.500000
v -0.013998 0.257033 0.500000
v 0.025692 0.296422 0.500000
v 0.252831 0.497733 0.352026
v -0.138038 0.500000 0.266319
v 0.252976 0.500000 0.363779
vt 0.474514 0.777543
vt 0.485575 0.755792
vt 0.525091 0.795029
vt 0.764661 0.362260
vt 0.997317 0.376655
vt 0.858519 0.751449
vt 0.726985 0.997813
vt 0.376468 0.997813
vt 0.372549 0.978965
vt 0.850069 0.750627
vt 0.801234 0.321115
vt 0.997317 0.727347
vt 0.100484 0.100484
vt 0.899516 0.100484
vt 0.899516 0.899516
vt 0.807022 0.100484
vt 0.681667 0.233272
vt 0.678056 0.116833
vt 0.899516 0.322349
vt 0.514619 0.446050
vt 0.437153 0.382660
vt 0.899516 0.100484
vt 0.852040 0.852040
vt 0.325924 0.233325
vt 0.899516 0.604908
vt 0.100484 0.100484
vt 0.528264 0.100484
vt 0.604908 0.604908
vt 0.899516 0.100484
vt 0.372260 0.372260
vt 0.827583 0.100484
vt 0.899516 0.899516
vt 0.827582 0.827582
vt 0.899516 0.828369
vt 0.828369 0.828369
vt 0.899516 0.511164
vt 0.511164 0.511164
vt 0.899516 0.471736
vt 0.683217 0.608292
vt 0.100484 0.100484
vt 0.677651 0.100484
vt 0.806940 0.213090
vt 0.249999 0.228063
vt 0.899516 0.192978
vt 0.253586 0.193179
vt 0.899516 0.372260
vt 0.362735 0.362735
vt 0.100484 0.100484
vt 0.669752 0.611234
vt 0.899516 0.899516
vt 0.459579 0.285996
vt 0.899516 0.362735
vn 0.0000 0.0000 1.0000
vn 0.0006 1.0000 -0.0025
vn 0.0000 1.0000 0.0000
vn 0.0212 0.9961 -0.0851
vn 0.0473 0.9807 -0.1897
vn 0.3854 -0.5726 -0.7236
vn -0.6526 0.1889 -0.7338
vn -0.9435 0.1963 0.2671
vn 0.7028 -0.7000 0.1264
vn -0.3471 -0.8285 -0.4394
vn -0.3507 -0.8298 -0.4340
vn 0.6987 -0.7040 0.1271
vn -0.5918 -0.3011 0.7478
vn -0.5953 -0.3015 0.7448
vn -0.5965 -0.3034 0.7431
vn 0.2132 0.1253 -0.9689
vn 0.7028 -0.7000 0.1266
vn -0.3508 -0.8298 -0.4340
usemtl Stone
s 1
f 402/664/204 403/665/204 404/666/204
f 406/667/205 397/668/206 407/669/207
f 404/666/204 399/670/204 398/671/204
f 398/671/204 401/672/204 404/666/204
f 401/672/204 402/664/204 404/666/204
f 407/669/207 382/673/208 406/667/205
f 406/667/205 396/674/206 397/668/206
f 397/668/206 400/675/206 407/669/207
usemtl Dirt
s off
f 383/676/209 381/677/209 405/678/209
f 379/679/210 393/680/210 392/681/210
f 391/682/211 395/683/211 394/684/211
f 383/685/212 390/686/212 387/687/212
f 392/688/213 381/689/213 383/685/213
f 395/690/214 392/691/214 383/676/214
f 380/692/215 385/693/215 386/694/215
f 380/695/216 386/696/216 384/697/216
f 384/698/217 394/699/217 380/695/217
f 394/700/218 395/701/218 380/695/218
f 381/677/219 389/702/219 405/703/219
f 392/681/210 391/704/210 379/679/210
f 379/679/210 389/705/210 393/680/210
f 394/684/211 388/706/211 379/707/211
f 388/706/211 378/708/211 379/707/211
f 379/707/211 391/682/211 394/684/211
f 387/687/220 385/709/220 383/685/220
f 383/685/212 405/678/212 390/686/212
f 392/688/213 393/710/213 381/689/213
f 383/676/214 380/711/214 395/690/214
f 395/690/221 391/712/221 392/691/221
f 380/692/215 383/713/215 385/693/215
f 384/698/217 388/714/217 394/699/217
f 381/677/219 393/715/219 389/702/219
o Neue_Welt_(10)__2547_58_-1089_to_2595_255_-1061.001_cell.102_Neue_Welt_(10)__2547_58_-1089_to_2595_255_-1061.001_cell.129
v -0.088212 0.270246 0.500000
v -0.127706 0.276729 0.500000
v -0.168410 0.283444 0.500000
v -0.146949 0.387213 0.500000
v -0.171485 0.328252 0.456708
v -0.170318 0.311195 0.473175
v -0.146949 0.387213 0.500000
v -0.168410 0.283444 0.500000
v -0.127706 0.276729 0.500000
v -0.088212 0.270246 0.500000
vt 0.353208 0.885466
vt 0.372367 0.775411
vt 0.411687 0.768955
vt 0.331841 0.782100
vt 0.790602 0.248258
vt 0.747688 0.328149
vt 0.654557 0.248639
vt 0.899516 0.251512
vt 0.899516 0.489445
vt 0.629638 0.292900
vt 0.899516 0.337138
vt 0.489445 0.489445
vt 0.251512 0.251512
vt 0.459406 0.337673
vt 0.465084 0.465084
vt 0.337138 0.337138
vt 0.804888 0.376960
vt 0.899516 0.465084
vn 0.0000 0.0000 1.0000
vn -0.9432 0.1951 0.2689
vn 0.5959 0.2992 -0.7452
vn -0.1139 -0.6941 -0.7108
vn -0.1146 -0.6945 -0.7103
usemtl Stone
s 1
f 414/716/222 416/717/222 417/718/222
f 414/716/222 415/719/222 416/717/222
usemtl Dirt
s off
f 411/720/223 413/721/223 410/722/223
f 408/723/224 412/724/224 411/725/224
f 409/726/225 412/727/225 408/728/225
f 410/729/226 413/730/226 409/731/226
f 411/720/223 412/732/223 413/721/223
f 409/726/225 413/733/225 412/727/225
o Neue_Welt_(10)__2547_58_-1089_to_2595_255_-1061.001_cell.103_Neue_Welt_(10)__2547_58_-1089_to_2595_255_-1061.001_cell.130
v -0.077988 0.404418 0.226058
v 0.068803 0.500000 0.082376
v -0.100864 0.500000 0.233260
v 0.176317 0.500000 0.256879
v 0.202505 0.500000 0.299808
v -0.110139 0.420584 0.221069
v 0.004639 0.461831 0.129614
v -0.096234 0.408795 0.205670
v -0.091794 0.405077 0.200765
v 0.202505 0.500000 0.299808
v 0.176317 0.500000 0.256879
v 0.068803 0.500000 0.082376
v -0.100864 0.500000 0.233260
vt 0.755263 0.675391
vt 0.731748 0.399289
vt 0.798003 0.701477
vt 0.581526 0.568296
vt 0.631818 0.397225
vt 0.638683 0.382849
vt 0.806867 0.314431
vt 0.823216 0.100484
vt 0.899516 0.100484
vt 0.899516 0.161799
vt 0.161799 0.161799
vt 0.100484 0.100484
vt 0.208885 0.100484
vt 0.516690 0.100484
vt 0.623981 0.402112
vt 0.227434 0.100484
vt 0.899516 0.176784
vt 0.516690 0.516690
vt 0.678978 0.307831
vt 0.899516 0.899516
vt 0.219639 0.219639
vt 0.660447 0.337730
vt 0.806534 0.776964
vt 0.736279 0.625394
vt 0.227434 0.227434
vt 0.219639 0.100484
vt 0.899516 0.791115
vn 0.0000 1.0000 0.0000
vn -0.6526 0.1889 -0.7338
vn -0.4627 -0.8561 0.2303
vn -0.4655 -0.8538 0.2333
vn 0.3688 -0.9013 -0.2272
vn 0.3665 -0.9031 -0.2236
vn -0.2126 -0.1239 0.9692
vn -0.2127 -0.1239 0.9692
usemtl Stone
s 1
f 428/734/227 430/735/227 427/736/227
f 428/734/227 429/737/227 430/735/227
usemtl Dirt
s off
f 426/738/228 425/739/228 420/740/228
f 426/741/229 418/742/229 425/743/229
f 425/744/230 418/745/230 423/746/230
f 424/747/231 419/748/231 421/749/231
f 418/742/232 426/750/232 424/751/232
f 420/752/233 418/753/233 422/754/233
f 423/755/228 420/740/228 425/739/228
f 420/740/228 419/756/228 424/757/228
f 426/738/228 420/740/228 424/757/228
f 424/751/232 421/758/232 418/742/232
f 421/758/232 422/759/232 418/742/232
f 420/752/234 423/760/234 418/753/234
o Neue_Welt_(10)__2547_58_-1089_to_2595_255_-1061.001_cell.104_Neue_Welt_(10)__2547_58_-1089_to_2595_255_-1061.001_cell.119
v 0.500000 -0.077791 0.500000
v 0.049201 0.246356 0.408918
v 0.283598 0.472724 0.355904
v 0.304486 0.466637 0.341951
v 0.500000 0.450301 0.409466
v 0.500000 0.157890 0.130410
v 0.500000 0.177439 0.136971
v 0.500000 0.468259 0.500000
v -0.037625 -0.039259 0.500000
v 0.000351 0.195048 0.500000
v 0.020113 0.233544 0.500000
v 0.003991 0.217315 0.500000
v 0.482050 0.470996 0.500000
v 0.285769 0.500000 0.498626
v 0.021971 0.026930 0.389473
v 0.246358 0.099302 0.250773
v 0.045377 0.052781 0.346298
v 0.500000 0.468259 0.500000
v 0.500000 0.468259 0.500000
v 0.500000 -0.077791 0.500000
v 0.500000 -0.077791 0.500000
v 0.500000 0.157890 0.130410
v 0.500000 0.177439 0.136971
v 0.500000 0.450301 0.409466
v 0.020113 0.233544 0.500000
v 0.003991 0.217315 0.500000
v 0.000351 0.195048 0.500000
v -0.037625 -0.039259 0.500000
v 0.482050 0.470996 0.500000
v 0.285769 0.500000 0.498626
vt 0.001706 0.422272
vt 0.363142 0.676508
vt 0.087919 0.949113
vt 0.519537 0.732395
vt 0.499861 0.694049
vt 0.997317 0.422272
vt 0.001706 0.966196
vt 0.369674 0.657036
vt 0.979446 0.968922
vt 0.783787 0.997813
vt 0.503485 0.716229
vt 0.462052 0.460654
vt 0.997317 0.966196
vt 0.100484 0.100484
vt 0.899516 0.100484
vt 0.899516 0.899516
vt 0.208623 0.159414
vt 0.748143 0.276191
vt 0.778954 0.491459
vt 0.537740 0.100484
vt 0.692286 0.568931
vt 0.143637 0.100484
vt 0.899516 0.514321
vt 0.537740 0.537740
vt 0.143637 0.143637
vt 0.414940 0.100484
vt 0.514321 0.514321
vt 0.100484 0.100484
vt 0.310586 0.100484
vt 0.899516 0.100484
vt 0.899516 0.837607
vt 0.899516 0.100484
vt 0.837607 0.837607
vt 0.100484 0.100484
vt 0.738076 0.100484
vt 0.736274 0.736274
vt 0.249243 0.100484
vt 0.899516 0.695079
vt 0.814445 0.664037
vt 0.695083 0.105818
vt 0.695079 0.695079
vt 0.261924 0.100484
vt 0.899516 0.899516
vt 0.736273 0.100484
vt 0.789542 0.126610
vt 0.414940 0.414940
vt 0.851439 0.802383
vt 0.715873 0.225755
vt 0.769534 0.307421
vt 0.194201 0.100484
vt 0.899516 0.805799
vn 1.0000 0.0000 0.0000
vn 0.0009 0.0013 1.0000
vn 0.0000 0.0000 1.0000
vn -0.0006 0.0013 1.0000
vn -0.0039 -0.0001 1.0000
vn -0.0023 0.0015 1.0000
vn -0.4708 0.2925 -0.8323
vn -0.0603 -0.8416 -0.5367
vn -0.9047 0.1466 -0.4000
vn -0.9038 0.1477 -0.4015
vn -0.4643 0.2809 -0.8400
vn -0.7031 0.7003 -0.1232
vn -0.7038 0.6991 -0.1264
vn 0.2903 0.6762 -0.6771
vn 0.1479 0.9701 -0.1924
vn 0.1449 0.9715 -0.1879
vn 0.1495 0.9686 -0.1987
vn -0.4637 0.2819 -0.8399
vn -0.0603 -0.8417 -0.5366
vn -0.0602 -0.8417 -0.5366
vn 0.1481 0.9701 -0.1924
vn -0.4636 0.2819 -0.8400
vn -0.4637 0.2819 -0.8400
usemtl Stone
s 1
f 450/761/235 453/762/235 454/763/235
f 455/764/236 457/765/237 451/766/238
f 454/763/235 448/767/235 450/761/235
f 450/761/235 452/768/235 453/762/235
f 459/769/239 460/770/240 451/766/238
f 460/770/240 455/764/236 451/766/238
f 455/764/236 456/771/237 457/765/237
f 457/765/237 458/772/237 451/766/238
f 451/766/238 449/773/237 459/769/239
usemtl Dirt
s off
f 433/774/241 434/775/241 432/776/241
f 431/777/242 445/778/242 446/779/242
f 445/780/243 439/781/243 440/782/243
f 447/783/244 445/784/244 440/785/244
f 446/786/245 447/787/245 432/788/245
f 444/789/246 433/790/246 441/791/246
f 432/792/247 441/793/247 433/774/247
f 434/794/248 435/795/248 437/796/248
f 435/797/249 443/798/249 438/799/249
f 444/800/250 443/801/250 433/774/250
f 435/802/251 434/775/251 433/803/251
f 437/804/252 436/805/252 446/806/252
f 446/779/242 436/807/242 431/777/242
f 431/777/253 439/808/253 445/778/253
f 445/778/254 447/809/254 446/779/254
f 442/810/244 432/792/244 440/785/244
f 432/792/244 447/783/244 440/785/244
f 432/792/247 442/811/247 441/793/247
f 435/797/255 433/790/255 443/798/255
f 432/776/256 434/794/256 446/806/256
f 434/794/257 437/804/257 446/806/257
o Neue_Welt_(10)__2547_58_-1089_to_2595_255_-1061.001_cell.105_Neue_Welt_(10)__2547_58_-1089_to_2595_255_-1061.001_cell.123
v -0.265351 0.116739 0.280898
v -0.232265 -0.025309 0.500000
v -0.091844 0.368976 0.241216
v 0.010937 0.244955 0.394597
v -0.036578 0.214163 0.490372
v -0.179926 0.227763 0.500000
v -0.042225 0.205201 0.500000
v -0.045028 0.186303 0.500000
v -0.081346 -0.036126 0.500000
v -0.109139 0.290279 0.186643
v -0.107775 0.183833 0.158288
v -0.186864 0.388157 0.280955
v -0.204615 0.387387 0.296543
v -0.110088 0.369878 0.207974
v -0.114441 0.373598 0.212803
v -0.134267 0.390283 0.234728
v -0.059061 0.132582 0.232885
v -0.186938 0.321209 0.407612
v -0.186061 0.317959 0.413048
v -0.193850 0.347159 0.364129
v -0.043187 0.115933 0.257210
v 0.007395 0.062722 0.334974
v -0.045028 0.186303 0.500000
v -0.042225 0.205201 0.500000
v -0.179926 0.227763 0.500000
v -0.232265 -0.025309 0.500000
v -0.081346 -0.036126 0.500000
vt 0.268266 0.474549
vt 0.454681 0.685338
vt 0.320376 0.726636
vt 0.418523 0.463775
vt 0.457472 0.704162
vt 0.899516 0.420172
vt 0.536820 0.100484
vt 0.899516 0.100484
vt 0.600805 0.148404
vt 0.604623 0.290490
vt 0.420173 0.420173
vt 0.302633 0.302633
vt 0.100484 0.100484
vt 0.463180 0.100484
vt 0.899516 0.899516
vt 0.581557 0.248843
vt 0.883754 0.506573
vt 0.670227 0.474811
vt 0.899516 0.400580
vt 0.798373 0.297200
vt 0.876201 0.302399
vt 0.511362 0.428734
vt 0.100484 0.100484
vt 0.528446 0.100484
vt 0.899516 0.100484
vt 0.640759 0.640759
vt 0.100484 0.100484
vt 0.100484 0.100484
vt 0.899516 0.415489
vt 0.899516 0.899516
vt 0.899516 0.398514
vt 0.415489 0.415489
vt 0.520260 0.372088
vt 0.398514 0.398514
vt 0.463409 0.133562
vt 0.492559 0.100484
vt 0.899516 0.100484
vt 0.833077 0.481683
vt 0.729519 0.229652
vt 0.804780 0.804780
vt 0.899516 0.818646
vt 0.899516 0.899516
vt 0.818646 0.818646
vt 0.899516 0.748020
vt 0.508944 0.100484
vt 0.899516 0.640759
vt 0.865376 0.668128
vt 0.566950 0.368887
vt 0.573818 0.354745
vt 0.599420 0.100484
vt 0.899516 0.522695
vt 0.249772 0.249772
vt 0.522695 0.522695
vt 0.757124 0.231150
vt 0.899516 0.249772
vt 0.899516 0.302633
vt 0.228467 0.228467
vt 0.899516 0.228468
vt 0.251980 0.100484
vt 0.471554 0.100484
vt 0.508944 0.508944
vt 0.804780 0.100484
vt 0.899516 0.507441
vt 0.629363 0.402377
vt 0.899516 0.100484
vn 0.0000 0.0000 1.0000
vn -0.6517 0.1874 -0.7350
vn -0.6526 0.1889 -0.7338
vn -0.0607 -0.8407 -0.5380
vn -0.9432 0.1951 0.2689
vn -0.9435 0.1963 0.2671
vn -0.0603 -0.8416 -0.5367
vn 0.1136 0.6935 0.7114
vn 0.9042 -0.1341 0.4055
vn 0.3497 0.8292 0.4361
vn 0.3485 0.8288 0.4378
vn 0.3481 0.8283 0.4390
vn 0.8707 0.1376 -0.4722
vn 0.8699 0.1373 -0.4737
vn 0.4685 0.8519 -0.2340
vn 0.4647 0.8550 -0.2305
vn 0.9053 -0.1478 0.3983
vn -0.0603 -0.8417 -0.5366
vn 0.1136 0.6931 0.7118
vn 0.9052 -0.1479 0.3983
usemtl Stone
s 1
f 462/812/258 483/813/258 485/814/258
f 487/815/258 483/813/258 462/812/258
f 483/813/258 484/816/258 485/814/258
usemtl Dirt
s off
f 470/817/259 471/818/259 461/819/259
f 472/820/260 476/821/260 470/822/260
f 477/823/261 461/824/261 471/825/261
f 461/826/262 466/827/262 479/828/262
f 461/826/263 480/829/263 473/830/263
f 482/831/264 461/819/264 481/832/264
f 466/833/265 465/834/265 479/835/265
f 465/836/266 468/837/266 464/838/266
f 463/839/267 472/840/267 464/841/267
f 480/842/268 472/843/268 473/844/268
f 464/841/269 480/845/269 478/846/269
f 464/841/270 481/847/270 463/848/270
f 463/848/271 477/849/271 470/850/271
f 474/851/272 475/852/272 463/853/272
f 475/854/273 476/855/273 463/853/273
f 482/856/274 468/857/274 469/858/274
f 474/859/260 470/822/260 475/860/260
f 470/822/260 461/824/260 473/861/260
f 475/860/260 470/822/260 476/821/260
f 473/861/260 472/820/260 470/822/260
f 479/828/262 478/862/262 461/826/262
f 461/826/262 486/863/262 466/827/262
f 461/826/263 478/864/263 480/829/263
f 482/831/275 469/865/275 461/819/275
f 469/865/275 486/866/275 461/819/275
f 461/819/264 477/867/264 481/832/264
f 466/833/276 467/868/276 465/834/276
f 465/836/266 467/869/266 468/837/266
f 463/839/267 476/870/267 472/840/267
f 480/842/268 464/841/268 472/843/268
f 478/846/269 479/871/269 464/841/269
f 479/871/269 465/836/269 464/841/269
f 464/841/270 482/872/270 481/847/270
f 470/850/271 474/873/271 463/848/271
f 463/848/271 481/874/271 477/849/271
f 477/849/271 471/875/271 470/850/271
f 482/856/277 464/876/277 468/857/277
o Neue_Welt_(10)__2547_58_-1089_to_2595_255_-1061.001_cell.106_Neue_Welt_(10)__2547_58_-1089_to_2595_255_-1061.001_cell.124
v 0.081794 0.264548 0.010785
v 0.182897 0.500000 0.051548
v -0.046887 0.368796 0.238649
v 0.262868 0.475675 0.320214
v 0.041654 0.261226 0.370445
v 0.276835 0.481072 0.315040
v 0.154303 0.500000 0.046162
v 0.265305 0.500000 0.222149
v 0.253696 0.500000 0.207810
v 0.250406 0.500000 0.203072
v 0.267160 0.500000 0.067593
v 0.385010 0.323492 0.073331
v 0.471728 0.193609 0.077682
v 0.115351 0.486182 0.037551
v -0.076957 0.196954 0.134309
v -0.078424 0.324400 0.168111
v 0.011678 0.424497 0.113745
v 0.004209 0.420051 0.119243
v -0.078895 0.370370 0.180361
v 0.481585 0.178449 0.100262
v -0.018799 0.135674 0.223515
v 0.453354 0.171935 0.113624
v 0.037767 0.076260 0.310333
v 0.253696 0.500000 0.207810
v 0.265305 0.500000 0.222149
v 0.267160 0.500000 0.067593
v 0.182897 0.500000 0.051548
v 0.154303 0.500000 0.046162
v 0.250406 0.500000 0.203072
vt 0.550833 0.681945
vt 0.545471 0.653462
vt 0.701692 0.749191
vt 0.706410 0.752468
vt 0.566808 0.765880
vt 0.720685 0.764032
vt 0.100484 0.100484
vt 0.899516 0.100484
vt 0.899516 0.899516
vt 0.100484 0.100484
vt 0.899516 0.100484
vt 0.740746 0.632216
vt 0.899516 0.410798
vt 0.899516 0.790819
vt 0.899516 0.100484
vt 0.899516 0.719823
vt 0.790819 0.790819
vt 0.899516 0.667424
vt 0.100484 0.100484
vt 0.899516 0.483030
vt 0.659241 0.649783
vt 0.483030 0.483030
vt 0.567796 0.453624
vt 0.804762 0.804762
vt 0.342086 0.342086
vt 0.804695 0.326103
vt 0.899516 0.342086
vt 0.899516 0.804762
vt 0.467481 0.127850
vt 0.452301 0.100484
vt 0.899516 0.360698
vt 0.361919 0.100484
vt 0.360698 0.360698
vt 0.100484 0.100484
vt 0.691179 0.651382
vt 0.698431 0.698431
vt 0.100484 0.100484
vt 0.899516 0.547699
vt 0.268316 0.268316
vt 0.319839 0.100484
vt 0.899516 0.638081
vt 0.698431 0.100484
vt 0.725457 0.368416
vt 0.899516 0.100484
vt 0.543820 0.472517
vt 0.585492 0.290320
vt 0.838305 0.776672
vt 0.410798 0.410798
vt 0.234132 0.100484
vt 0.719823 0.719823
vt 0.465884 0.100484
vt 0.667424 0.667424
vt 0.534116 0.100484
vt 0.899516 0.765868
vt 0.848887 0.820223
vt 0.899516 0.100484
vt 0.749846 0.559843
vt 0.678158 0.507409
vt 0.899516 0.480390
vt 0.748984 0.169266
vt 0.693060 0.638697
vt 0.319839 0.319839
vt 0.519610 0.100484
vt 0.899516 0.268316
vt 0.653624 0.485511
vn 0.0000 1.0000 0.0000
vn -0.3874 0.5694 0.7250
vn 0.4119 -0.2176 0.8849
vn 0.1863 0.0926 -0.9781
vn 0.1843 0.0903 -0.9787
vn -0.6517 0.1874 -0.7350
vn -0.6526 0.1889 -0.7338
vn -0.0607 -0.8407 -0.5380
vn -0.0603 -0.8416 -0.5367
vn -0.3697 0.9011 0.2264
vn -0.3245 0.9187 0.2253
vn 0.4629 -0.2830 0.8400
vn -0.3707 0.9004 0.2279
vn -0.2776 0.9340 0.2248
vn 0.8315 0.5555 0.0100
vn -0.8699 -0.1356 0.4743
vn -0.3697 0.9011 0.2265
vn 0.4626 -0.2832 0.8401
vn 0.4628 -0.2828 0.8402
vn -0.8700 -0.1357 0.4740
vn -0.8701 -0.1356 0.4739
vn -0.8700 -0.1352 0.4741
usemtl Stone
s 1
f 514/877/278 515/878/278 516/879/278
f 516/879/278 511/880/278 513/881/278
f 511/880/278 512/882/278 513/881/278
f 513/881/278 514/877/278 516/879/278
usemtl Dirt
s off
f 490/883/279 492/884/279 491/885/279
f 492/886/280 493/887/280 491/885/280
f 498/888/281 499/889/281 489/890/281
f 488/891/282 501/892/282 489/893/282
f 504/894/283 488/895/283 503/896/283
f 505/897/284 503/898/284 506/899/284
f 509/900/285 508/901/285 488/891/285
f 510/902/286 508/903/286 509/904/286
f 504/905/287 505/906/287 497/907/287
f 496/908/288 497/909/288 491/910/288
f 509/911/289 507/912/289 493/913/289
f 490/883/290 505/914/290 506/915/290
f 491/885/291 495/916/291 496/917/291
f 493/913/292 507/918/292 499/919/292
f 490/920/293 503/921/293 508/922/293
f 494/923/282 489/893/282 501/892/282
f 489/893/282 499/924/282 488/891/282
f 499/924/282 500/925/282 488/891/282
f 501/926/283 488/895/283 504/894/283
f 488/895/283 502/927/283 503/896/283
f 505/897/284 504/928/284 503/898/284
f 508/901/285 502/929/285 488/891/285
f 488/891/285 500/930/285 509/900/285
f 500/930/285 507/931/285 509/900/285
f 491/932/287 497/907/287 505/906/287
f 497/907/294 494/933/294 504/905/294
f 494/933/287 501/934/287 504/905/287
f 493/913/295 492/884/295 509/911/295
f 492/884/296 510/935/296 509/911/296
f 490/883/290 491/932/290 505/914/290
f 491/885/291 493/913/291 495/916/291
f 507/918/292 500/936/292 499/919/292
f 499/919/292 498/937/292 495/938/292
f 495/938/292 493/913/292 499/919/292
f 510/939/297 492/886/297 508/922/297
f 492/886/298 490/920/298 508/922/298
f 490/920/299 506/940/299 503/921/299
f 503/921/297 502/941/297 508/922/297
o Neue_Welt_(10)__2547_58_-1089_to_2595_255_-1061.001_cell.107_Neue_Welt_(10)__2547_58_-1089_to_2595_255_-1061.001_cell.125
v 0.500000 0.491253 0.407135
v 0.500000 0.500000 0.453286
v 0.500000 0.500000 0.400298
v 0.395829 0.500000 0.371182
v 0.500000 0.491253 0.407135
v 0.500000 0.500000 0.400298
v 0.500000 0.500000 0.400298
v 0.500000 0.500000 0.453286
v 0.500000 0.500000 0.453286
v 0.395829 0.500000 0.371182
vt 0.094163 0.989100
vt 0.100971 0.997813
vt 0.048215 0.997813
vt 0.950809 0.997813
vt 0.898053 0.997813
vt 0.869065 0.894048
vt 0.258304 0.100484
vt 0.586914 0.100484
vt 0.368587 0.210986
vt 0.741696 0.100484
vt 0.284202 0.255997
vt 0.413086 0.100484
vn 1.0000 0.0000 0.0000
vn 0.0000 1.0000 0.0000
vn 0.2151 -0.6014 -0.7694
vn -0.1452 -0.9721 0.1842
usemtl Stone
s 1
f 521/942/300 522/943/300 524/944/300
f 525/945/301 523/946/301 526/947/301
usemtl Dirt
s off
f 517/948/302 520/949/302 519/950/302
f 517/951/303 518/952/303 520/953/303
o Neue_Welt_(10)__2547_58_-1089_to_2595_255_-1061.001_cell.108_Neue_Welt_(10)__2547_58_-1089_to_2595_255_-1061.001_cell.126
v 0.500000 0.500000 0.111932
v 0.321508 0.485695 0.309990
v 0.500000 0.470524 0.370718
v 0.500000 0.500000 0.347844
v 0.500000 0.221252 0.122508
v 0.312289 0.500000 0.296355
v 0.312457 0.500000 0.269538
v 0.314237 0.500000 0.120544
v 0.314815 0.500000 0.076668
v 0.498159 0.224677 0.085526
v 0.500000 0.500000 0.111932
v 0.500000 0.500000 0.111932
v 0.500000 0.500000 0.347844
v 0.500000 0.500000 0.347844
v 0.500000 0.221252 0.122508
v 0.498159 0.224677 0.085526
v 0.500000 0.470524 0.370718
v 0.312457 0.500000 0.269538
v 0.312289 0.500000 0.296355
v 0.314815 0.500000 0.076668
v 0.314237 0.500000 0.120544
vt 0.388071 0.997813
vt 0.130421 0.968452
vt 0.377541 0.720151
vt 0.610952 0.997813
vt 0.575843 0.813350
vt 0.619526 0.812773
vt 0.414163 0.721961
vt 0.153195 0.997813
vt 0.767866 0.811000
vt 0.794565 0.810833
vt 0.845829 0.997813
vt 0.650952 0.542516
vt 0.302022 0.193953
vt 0.899516 0.198051
vt 0.200062 0.200062
vt 0.725569 0.725569
vt 0.277791 0.100484
vt 0.899516 0.100484
vt 0.899516 0.725569
vt 0.276473 0.100484
vt 0.100484 0.100484
vt 0.429510 0.100484
vt 0.277791 0.277791
vt 0.680762 0.520839
vt 0.570491 0.100484
vt 0.755339 0.655295
vt 0.879897 0.748974
vt 0.899516 0.723527
vn 1.0000 -0.0001 -0.0040
vn 1.0000 0.0000 0.0000
vn 0.9995 -0.0012 -0.0318
vn 0.0000 1.0000 0.0000
vn 0.9987 -0.0019 -0.0499
vn 0.1863 0.0926 -0.9781
vn -0.8321 -0.5546 -0.0099
vn -0.2883 -0.6756 0.6785
vn -0.8383 -0.5452 -0.0052
vn -0.2117 0.5994 0.7720
vn -0.8321 -0.5545 -0.0110
vn -0.2118 0.5992 0.7721
usemtl Stone
s 1
f 537/954/304 543/955/305 541/956/306
f 538/957/307 546/958/307 547/959/307
f 541/956/306 542/960/308 537/954/304
f 537/954/304 539/961/305 543/955/305
f 547/959/307 544/962/307 538/957/307
f 544/962/307 545/963/307 540/964/307
f 538/957/307 544/962/307 540/964/307
usemtl Dirt
s off
f 535/965/309 527/966/309 536/967/309
f 534/968/310 531/969/310 533/970/310
f 528/971/311 531/972/311 529/973/311
f 528/974/312 532/975/312 533/976/312
f 528/971/313 530/977/313 532/978/313
f 534/968/314 535/979/314 536/980/314
f 536/980/310 531/969/310 534/968/310
f 531/969/310 528/974/310 533/970/310
f 528/971/315 529/981/315 530/977/315
o Neue_Welt_(10)__2547_58_-1089_to_2595_255_-1061.001_cell.092_ce_Neue_Welt_(10)__2547_58_-1089_to_2595_255_-1061.001_cell.136
v 0.393995 0.087814 -0.349156
v 0.394675 0.167776 -0.500000
v 0.395422 0.090741 -0.500000
v 0.500000 -0.004451 -0.500000
v 0.500000 0.228684 -0.500000
v 0.500000 -0.011526 -0.205429
v 0.500000 0.039393 -0.142645
v 0.500000 0.220906 -0.485254
v 0.500000 -0.004846 -0.485894
v 0.461383 0.030865 -0.168485
v 0.454254 0.029106 -0.173483
v 0.500000 -0.004451 -0.500000
v 0.500000 -0.004451 -0.500000
v 0.395422 0.090741 -0.500000
v 0.394675 0.167776 -0.500000
v 0.500000 0.228684 -0.500000
v 0.500000 0.228684 -0.500000
v 0.500000 -0.011526 -0.205429
v 0.500000 -0.004846 -0.485894
v 0.500000 0.220906 -0.485254
v 0.500000 0.039393 -0.142645
vt 0.105825 0.590148
vt 0.001706 0.727554
vt 0.001706 0.495326
vt 0.997317 0.495326
vt 0.997317 0.727554
vt 0.982636 0.719806
vt 0.106569 0.666883
vt 0.641531 0.539000
vt 0.704039 0.488279
vt 0.983273 0.494933
vt 0.810469 0.466556
vt 0.741736 0.529403
vt 0.729040 0.521000
vt 0.799445 0.544038
vt 0.899516 0.100484
vt 0.899516 0.446397
vt 0.100484 0.100484
vt 0.464553 0.100484
vt 0.446397 0.446397
vt 0.705256 0.503434
vt 0.644716 0.100484
vt 0.701552 0.100484
vt 0.644717 0.644717
vt 0.899516 0.641825
vt 0.298693 0.100484
vt 0.298693 0.298693
vt 0.899516 0.298448
vt 0.899516 0.899516
vt 0.810512 0.572833
vt 0.358175 0.100484
vt 0.464553 0.464553
vt 0.700924 0.644023
vt 0.840440 0.641484
vn 0.0000 0.0000 -1.0000
vn 1.0000 0.0000 0.0000
vn -0.2425 -0.7535 0.6111
vn -0.4532 0.7877 0.4173
vn -0.4851 0.7658 0.4223
vn -0.6708 -0.7414 -0.0177
vn -0.6730 -0.7394 -0.0207
vn -0.4554 0.7875 0.4154
vn -0.9999 -0.0097 -0.0097
usemtl Stone
s 1
f 561/982/316 563/983/316 559/984/316
f 560/985/317 564/986/317 567/987/317
f 561/982/316 562/988/316 563/983/316
f 568/989/317 565/990/317 567/987/317
f 565/990/317 566/991/317 567/987/317
f 566/991/317 560/985/317 567/987/317
usemtl Dirt
s off
f 553/992/318 557/993/318 558/994/318
f 554/995/319 548/996/319 557/997/319
f 548/998/320 558/999/320 557/1000/320
f 553/1001/321 548/998/321 556/1002/321
f 550/1003/322 556/1004/322 548/998/322
f 555/1005/323 549/1006/323 548/996/323
f 549/1007/324 550/1008/324 548/1009/324
f 553/992/318 554/1010/318 557/993/318
f 554/995/319 555/1011/319 548/996/319
f 553/1001/321 558/1012/321 548/998/321
f 550/1003/322 551/1013/322 556/1004/322
f 555/1005/323 552/1014/323 549/1006/323
o Neue_Welt_(10)__2547_58_-1089_to_2595_255_-1061.001_cell.109_Neue_Welt_(10)__2547_58_-1089_to_2595_255_-1061.001_cell.137
v 0.098330 0.262839 -0.027214
v 0.165622 0.241666 -0.241027
v 0.317485 0.294655 0.017199
v 0.268732 0.295399 0.008042
v 0.353729 0.216012 0.016785
v 0.103497 0.297394 -0.023041
v 0.120281 0.229529 -0.218859
v 0.099306 0.157698 -0.156244
v 0.121868 0.253776 -0.201724
v 0.116429 0.266899 -0.148584
v 0.138349 0.144659 -0.156757
v 0.180162 0.130758 -0.157227
v 0.290507 0.094234 -0.158271
v 0.311462 0.134334 -0.100573
v 0.305061 0.122042 -0.118250
v 0.125169 0.245990 -0.233231
vt 0.480376 0.248287
vt 0.100484 0.100484
vt 0.552387 0.100484
vt 0.627044 0.418544
vt 0.511770 0.511770
vt 0.639406 0.100484
vt 0.697742 0.476129
vt 0.533485 0.243351
vt 0.480003 0.100484
vt 0.511770 0.100484
vt 0.509305 0.133828
vt 0.572145 0.438943
vt 0.899516 0.366202
vt 0.899516 0.734998
vt 0.734998 0.734998
vt 0.899516 0.100484
vt 0.838298 0.510198
vt 0.286770 0.100484
vt 0.553081 0.383325
vt 0.409821 0.378159
vt 0.899516 0.670588
vt 0.589493 0.100484
vt 0.899516 0.899516
vt 0.387672 0.387672
vt 0.899516 0.714216
vt 0.714216 0.714216
vt 0.899516 0.713230
vt 0.542352 0.542352
vt 0.589493 0.589493
vt 0.558002 0.261250
vt 0.196726 0.196726
vt 0.480003 0.480003
vt 0.899516 0.100484
vt 0.899516 0.196726
vt 0.552387 0.552387
vt 0.360594 0.100484
vt 0.444154 0.169470
vt 0.768835 0.438327
vt 0.719562 0.464580
vt 0.366202 0.366202
vt 0.329412 0.100484
vt 0.899516 0.376441
vt 0.376441 0.376441
vt 0.100484 0.100484
vt 0.720638 0.490757
vt 0.899516 0.387672
vn -0.1852 -0.0905 0.9785
vn -0.9766 0.1630 -0.1402
vn -0.2434 -0.7528 0.6116
vn -0.9759 0.1649 -0.1430
vn 0.0551 0.9716 -0.2303
vn 0.0587 0.9705 -0.2337
vn -0.2125 -0.6061 -0.7665
vn 0.7709 0.3580 -0.5268
vn -0.2081 -0.6069 -0.7671
vn -0.2103 -0.6068 -0.7665
vn 0.7708 0.3571 -0.5275
vn 0.7708 0.3565 -0.5280
usemtl Dirt
s off
f 572/1015/325 569/1016/325 573/1017/325
f 578/1018/326 577/1019/326 576/1020/326
f 582/1021/327 569/1016/327 580/1022/327
f 575/1023/328 577/1024/328 584/1025/328
f 574/1026/329 572/1027/329 578/1028/329
f 578/1029/330 570/1030/330 577/1031/330
f 579/1032/331 576/1033/331 575/1034/331
f 571/1035/332 582/1036/332 570/1030/332
f 570/1037/333 581/1038/333 580/1039/333
f 580/1040/334 579/1041/334 570/1037/334
f 583/1042/335 570/1037/335 582/1043/335
f 573/1017/325 571/1044/325 572/1015/325
f 572/1015/325 574/1045/325 569/1016/325
f 575/1046/326 576/1020/326 577/1019/326
f 576/1020/326 569/1047/326 578/1018/326
f 569/1047/326 574/1048/326 578/1018/326
f 582/1021/327 573/1049/327 569/1016/327
f 569/1016/327 576/1050/327 579/1051/327
f 579/1051/327 580/1022/327 569/1016/327
f 580/1022/327 581/1052/327 583/1053/327
f 582/1021/327 580/1022/327 583/1053/327
f 578/1029/330 572/1054/330 570/1030/330
f 572/1054/330 571/1055/330 570/1030/330
f 570/1030/330 584/1056/330 577/1031/330
f 575/1034/331 584/1057/331 570/1058/331
f 570/1058/331 579/1032/331 575/1034/331
f 571/1035/332 573/1059/332 582/1036/332
f 583/1042/336 581/1060/336 570/1037/336
o Neue_Welt_(10)__2547_58_-1089_to_2595_255_-1061.001_cell.110_Neue_Welt_(10)__2547_58_-1089_to_2595_255_-1061.001_cell.138
v 0.144875 0.278116 -0.268598
v 0.315119 0.336585 0.020629
v 0.280534 0.336835 0.014107
v 0.109777 0.339388 -0.017969
v 0.130151 0.475630 -0.001515
v 0.320348 0.365263 0.024257
v 0.328592 0.414216 0.030311
v 0.325716 0.396900 0.028177
v 0.136430 0.476348 -0.044425
v 0.125067 0.302679 -0.167162
v 0.138901 0.286302 -0.280461
v 0.157495 0.406475 -0.268769
v 0.168787 0.479793 -0.261281
v 0.135669 0.278997 -0.266827
vt 0.693141 0.693141
vt 0.313685 0.313685
vt 0.552842 0.348652
vt 0.899516 0.313685
vt 0.803377 0.803377
vt 0.583978 0.569161
vt 0.803377 0.100484
vt 0.811040 0.412587
vt 0.726509 0.343437
vt 0.899516 0.100484
vt 0.899516 0.701786
vt 0.305386 0.100484
vt 0.100484 0.100484
vt 0.149739 0.100484
vt 0.899516 0.365035
vt 0.772693 0.772693
vt 0.899516 0.392321
vt 0.899516 0.779642
vt 0.779642 0.779642
vt 0.680579 0.313887
vt 0.737617 0.298665
vt 0.287393 0.100484
vt 0.670299 0.100484
vt 0.600597 0.450465
vt 0.306733 0.280619
vt 0.670299 0.670299
vt 0.823110 0.823110
vt 0.899516 0.848121
vt 0.899516 0.899516
vt 0.597349 0.354980
vt 0.633343 0.420522
vt 0.670946 0.492234
vt 0.690787 0.531261
vt 0.899516 0.693141
vt 0.579450 0.233502
vt 0.565937 0.208579
vt 0.575842 0.100484
vt 0.899516 0.772693
vt 0.701786 0.701786
vt 0.365035 0.365035
vt 0.392321 0.392321
vt 0.823110 0.100484
vt 0.899516 0.694614
vn -0.1852 -0.0905 0.9785
vn -0.9766 0.1630 -0.1402
vn -0.9759 0.1649 -0.1430
vn 0.8662 -0.0959 -0.4905
vn 0.8648 -0.0857 -0.4947
vn 0.8659 -0.0830 -0.4932
vn 0.2867 0.9563 0.0580
vn -0.0583 -0.9708 0.2329
vn -0.0496 -0.9729 0.2259
vn -0.1770 -0.8495 -0.4971
vn -0.1852 -0.0900 0.9786
vn -0.1853 -0.0898 0.9786
vn -0.1848 -0.0901 0.9786
vn 0.8657 -0.0858 -0.4932
usemtl Dirt
s off
f 589/1061/337 588/1062/337 587/1063/337
f 588/1064/338 593/1065/338 594/1066/338
f 593/1067/339 597/1068/339 596/1069/339
f 585/1070/340 590/1071/340 586/1072/340
f 585/1073/341 595/1074/341 596/1075/341
f 592/1076/342 597/1077/342 591/1078/342
f 591/1079/343 593/1080/343 589/1081/343
f 594/1082/344 587/1083/344 588/1084/344
f 594/1085/345 585/1070/345 587/1086/345
f 598/1087/346 595/1088/346 585/1089/346
f 587/1063/347 586/1090/347 590/1091/347
f 590/1091/348 592/1092/348 587/1063/348
f 592/1092/348 591/1093/348 587/1063/348
f 591/1093/349 589/1061/349 587/1063/349
f 588/1064/338 589/1094/338 593/1065/338
f 595/1095/339 598/1096/339 596/1069/339
f 598/1096/339 594/1097/339 596/1069/339
f 594/1097/339 593/1067/339 596/1069/339
f 592/1098/350 590/1099/350 596/1075/350
f 590/1099/350 585/1073/350 596/1075/350
f 592/1076/342 596/1100/342 597/1077/342
f 591/1079/343 597/1101/343 593/1080/343
f 598/1102/345 585/1070/345 594/1085/345
f 585/1070/345 586/1103/345 587/1086/345
o Neue_Welt_(10)__2547_58_-1089_to_2595_255_-1061.001_cell.111_Neue_Welt_(10)__2547_58_-1089_to_2595_255_-1061.001_cell.127
v 0.500000 -0.151891 -0.500000
v 0.500000 -0.186918 -0.421691
v 0.500000 -0.180238 -0.436706
v 0.382843 0.042692 -0.266529
v 0.329198 -0.098094 -0.500000
v 0.368833 0.008194 -0.500000
v 0.381749 0.042500 -0.500000
v 0.500000 -0.058274 -0.500000
v 0.500000 -0.063645 -0.269693
v 0.500000 -0.058934 -0.465084
v 0.331438 -0.092337 -0.371961
v 0.317743 -0.128962 -0.422554
v 0.372325 0.014875 -0.223541
v 0.374633 0.020777 -0.215348
v 0.382203 0.021026 -0.212038
v 0.408927 0.017534 -0.205738
v 0.404519 0.021290 -0.202856
v 0.327591 -0.102424 -0.489202
v 0.500000 -0.186918 -0.421691
v 0.500000 -0.180238 -0.436706
v 0.500000 -0.151891 -0.500000
v 0.500000 -0.151891 -0.500000
v 0.329198 -0.098094 -0.500000
v 0.368833 0.008194 -0.500000
v 0.381749 0.042500 -0.500000
v 0.500000 -0.058274 -0.500000
v 0.500000 -0.058274 -0.500000
v 0.500000 -0.063645 -0.269693
v 0.500000 -0.058934 -0.465084
vt 0.132297 0.507922
vt 0.117847 0.546231
vt 0.001706 0.441713
vt 0.997317 0.348460
vt 0.997317 0.441713
vt 0.962555 0.441056
vt 0.001706 0.348460
vt 0.171759 0.402048
vt 0.768021 0.436363
vt 0.919351 0.313570
vt 0.934301 0.320224
vt 0.648313 0.466764
vt 0.640468 0.471678
vt 0.600728 0.456315
vt 0.521685 0.100484
vt 0.587836 0.492634
vt 0.195313 0.100484
vt 0.195313 0.195313
vt 0.514187 0.100484
vt 0.521685 0.521685
vt 0.899516 0.492725
vt 0.786891 0.100484
vt 0.899516 0.210742
vt 0.210742 0.210742
vt 0.509750 0.210470
vt 0.521860 0.234260
vt 0.100484 0.100484
vt 0.899516 0.835024
vt 0.671197 0.671197
vt 0.899516 0.100484
vt 0.899516 0.671197
vt 0.547410 0.100484
vt 0.660577 0.100484
vt 0.758428 0.758428
vt 0.571477 0.333806
vt 0.339424 0.100484
vt 0.225864 0.225864
vt 0.332716 0.100484
vt 0.452590 0.100484
vt 0.332716 0.332716
vt 0.587246 0.450772
vt 0.583132 0.436921
vt 0.510230 0.186015
vt 0.810426 0.357775
vt 0.485813 0.100484
vt 0.810322 0.100484
vt 0.588639 0.170414
vt 0.189678 0.100484
vt 0.164976 0.100484
vt 0.596084 0.381107
vt 0.492725 0.492725
vt 0.899516 0.213109
vt 0.758972 0.199241
vt 0.899516 0.225864
vn 0.0000 0.0000 -1.0000
vn 1.0000 0.0000 0.0000
vn -0.2425 -0.7535 0.6111
vn -0.2763 -0.8771 -0.3928
vn -0.2773 -0.8778 -0.3905
vn -0.9359 0.3523 0.0033
vn -0.9370 0.3494 0.0007
vn -0.9333 0.3592 0.0041
vn -0.1878 0.9135 0.3610
vn 0.6517 0.7585 -0.0037
vn 0.6722 0.7401 0.0178
vn 0.6590 0.7516 0.0283
vn -0.1603 0.9179 0.3631
vn 0.6486 0.7610 0.0144
usemtl Stone
s 1
f 622/1104/351 623/1105/351 624/1106/351
f 619/1107/352 625/1108/352 627/1109/352
f 624/1106/351 620/1110/351 621/1111/351
f 621/1111/351 622/1104/351 624/1106/351
f 627/1109/352 626/1112/352 617/1113/352
f 617/1113/352 618/1114/352 627/1109/352
f 618/1114/352 619/1107/352 627/1109/352
usemtl Dirt
s off
f 614/1115/353 615/1116/353 613/1117/353
f 616/1118/354 599/1119/354 601/1120/354
f 601/1121/355 610/1122/355 616/1123/355
f 609/1124/356 605/1125/356 604/1126/356
f 604/1127/357 603/1128/357 616/1129/357
f 602/1130/358 611/1131/358 612/1132/358
f 602/1133/359 612/1134/359 613/1135/359
f 608/1136/360 605/1137/360 602/1130/360
f 602/1133/361 607/1138/361 608/1139/361
f 614/1140/362 602/1130/362 615/1141/362
f 602/1130/363 613/1142/363 615/1143/363
f 612/1144/353 611/1145/353 613/1117/353
f 611/1145/353 609/1146/353 607/1147/353
f 613/1117/353 611/1145/353 614/1115/353
f 609/1146/353 610/1148/353 600/1149/353
f 600/1149/353 607/1147/353 609/1146/353
f 607/1147/353 614/1115/353 611/1145/353
f 616/1118/354 603/1150/354 599/1119/354
f 601/1121/355 600/1151/355 610/1122/355
f 609/1124/356 611/1152/356 605/1125/356
f 616/1129/357 610/1153/357 609/1154/357
f 609/1154/357 604/1127/357 616/1129/357
f 602/1130/358 605/1155/358 611/1131/358
f 608/1136/364 606/1156/364 605/1137/364
f 602/1133/361 614/1157/361 607/1138/361
o Neue_Welt_(10)__2547_58_-1089_to_2595_255_-1061.001_cell.112_Neue_Welt_(10)__2547_58_-1089_to_2595_255_-1061.001_cell.131
v 0.224382 0.500000 -0.185830
v 0.184132 0.500000 0.010929
v 0.399787 0.500000 0.051633
v 0.346123 0.450080 0.036916
v 0.184132 0.500000 0.010929
v 0.399787 0.500000 0.051633
v 0.224382 0.500000 -0.185830
vt 0.510393 0.683175
vt 0.550918 0.897991
vt 0.314498 0.723269
vt 0.734922 0.610551
vt 0.790877 0.712790
vt 0.766667 0.751890
vt 0.227322 0.100484
vt 0.564388 0.100484
vt 0.564194 0.459440
vt 0.754555 0.416324
vt 0.899516 0.435612
vt 0.899516 0.772678
vn 0.0000 1.0000 0.0000
vn -0.1847 -0.0899 0.9787
vn 0.6622 -0.5677 -0.4891
vn -0.2854 -0.9566 -0.0584
usemtl Stone
s 1
f 632/1158/365 633/1159/365 634/1160/365
usemtl Dirt
s off
f 631/1161/366 630/1162/366 629/1163/366
f 631/1164/367 628/1165/367 630/1166/367
f 629/1167/368 628/1168/368 631/1169/368
o Neue_Welt_(10)__2547_58_-1089_to_2595_255_-1061.001_cell.113_Neue_Welt_(10)__2547_58_-1089_to_2595_255_-1061.001_cell.132
v 0.101328 -0.060143 -0.423579
v 0.117453 -0.031242 -0.500000
v 0.337670 0.037034 -0.228828
v 0.354807 0.082306 -0.336200
v 0.290867 -0.086020 -0.500000
v 0.173919 0.303076 -0.500000
v 0.354916 0.168925 -0.500000
v 0.355316 0.085506 -0.500000
v 0.106908 0.025127 -0.363316
v 0.100838 -0.007305 -0.358736
v 0.314174 -0.026013 -0.297033
v 0.279578 -0.116825 -0.422735
v 0.322097 0.022256 -0.234372
v 0.232913 0.010310 -0.284493
v 0.332662 0.023665 -0.228443
v 0.284978 -0.102149 -0.459561
v 0.167010 0.290794 -0.467119
v 0.158638 0.275597 -0.427505
v 0.152114 0.263718 -0.396682
v 0.290867 -0.086020 -0.500000
v 0.117453 -0.031242 -0.500000
v 0.173919 0.303076 -0.500000
v 0.354916 0.168925 -0.500000
v 0.355316 0.085506 -0.500000
vt 0.382574 0.468640
vt 0.146153 0.668028
vt 0.145755 0.584933
vt 0.209922 0.414075
vt 0.326356 0.801657
vt 0.212203 0.212203
vt 0.100484 0.100484
vt 0.231202 0.100484
vt 0.493693 0.418990
vt 0.334865 0.334865
vt 0.479543 0.312986
vt 0.899516 0.100484
vt 0.899516 0.334865
vt 0.768798 0.100484
vt 0.899516 0.583587
vt 0.591060 0.588776
vt 0.586358 0.333214
vt 0.416413 0.100484
vt 0.212203 0.100484
vt 0.619951 0.405842
vt 0.143537 0.100484
vt 0.139549 0.139549
vt 0.100484 0.100484
vt 0.899516 0.372025
vt 0.437979 0.100484
vt 0.899516 0.100484
vt 0.899516 0.100484
vt 0.372025 0.372025
vt 0.100484 0.100484
vt 0.899516 0.404849
vt 0.899516 0.899516
vt 0.404849 0.404849
vt 0.899516 0.366328
vt 0.625383 0.251170
vt 0.660692 0.235728
vt 0.803292 0.606261
vt 0.288175 0.100484
vt 0.899516 0.562021
vt 0.710793 0.524136
vt 0.899516 0.288254
vt 0.899516 0.899516
vt 0.288175 0.288175
vt 0.899516 0.409660
vt 0.288254 0.288254
vt 0.758903 0.287005
vt 0.417858 0.100484
vt 0.512508 0.428942
vt 0.582141 0.100484
vt 0.652668 0.471487
vt 0.678954 0.525865
vt 0.593504 0.355168
vt 0.514520 0.213960
vt 0.899516 0.139549
vt 0.590339 0.100484
vt 0.899516 0.856463
vt 0.366328 0.366328
vn 0.0000 0.0000 -1.0000
vn -0.9766 0.1630 -0.1402
vn -0.2425 -0.7535 0.6111
vn -0.2434 -0.7528 0.6116
vn -0.2773 -0.8778 -0.3905
vn -0.9759 0.1648 -0.1433
vn -0.4996 0.2113 0.8401
vn 0.9359 -0.3522 -0.0031
vn 0.9365 -0.3507 0.0016
vn 0.5430 0.7392 0.3984
vn 0.5418 0.7394 0.3996
vn -0.5002 0.2122 0.8395
vn 0.9361 -0.3517 -0.0040
vn 1.0000 0.0048 0.0032
vn 0.5480 0.7393 0.3913
vn -0.9758 0.1648 -0.1435
vn -0.9758 0.1652 -0.1434
vn -0.9759 0.1649 -0.1430
vn -0.9759 0.1648 -0.1430
usemtl Stone
s 1
f 636/1170/369 657/1171/369 658/1172/369
f 658/1172/369 654/1173/369 636/1170/369
f 636/1170/369 656/1174/369 657/1171/369
usemtl Dirt
s off
f 643/1175/370 635/1176/370 644/1177/370
f 647/1178/371 648/1179/371 645/1180/371
f 635/1181/372 648/1182/372 644/1183/372
f 655/1184/373 639/1185/373 650/1186/373
f 655/1187/374 643/1188/374 652/1189/374
f 647/1190/375 649/1191/375 637/1192/375
f 645/1193/376 650/1194/376 638/1195/376
f 637/1196/377 645/1197/377 638/1198/377
f 638/1198/378 652/1199/378 637/1200/378
f 652/1201/379 653/1202/379 637/1200/379
f 643/1203/380 644/1204/380 648/1205/380
f 642/1206/381 650/1207/381 639/1208/381
f 641/1209/382 638/1210/382 642/1211/382
f 651/1212/383 641/1213/383 640/1214/383
f 635/1176/371 646/1215/371 648/1179/371
f 646/1215/371 645/1180/371 648/1179/371
f 645/1180/371 649/1216/371 647/1178/371
f 646/1217/373 635/1181/373 650/1186/373
f 635/1181/373 655/1184/373 650/1186/373
f 651/1218/384 640/1219/384 655/1187/384
f 655/1187/385 635/1176/385 643/1188/385
f 643/1188/386 653/1220/386 652/1189/386
f 652/1189/387 651/1218/387 655/1187/387
f 645/1193/376 646/1221/376 650/1194/376
f 637/1196/377 649/1222/377 645/1197/377
f 638/1198/378 651/1223/378 652/1199/378
f 648/1205/380 647/1224/380 637/1200/380
f 637/1200/380 653/1225/380 648/1205/380
f 653/1225/380 643/1203/380 648/1205/380
f 642/1206/381 638/1195/381 650/1207/381
f 651/1212/383 638/1210/383 641/1213/383
o Neue_Welt_(10)__2547_58_-1089_to_2595_255_-1061.001_cell.114_Neue_Welt_(10)__2547_58_-1089_to_2595_255_-1061.001_cell.133
v 0.149051 0.240458 -0.286894
v 0.110293 0.076864 -0.326752
v 0.100540 0.024812 -0.319321
v 0.118049 0.195405 -0.242976
v 0.099545 0.131954 -0.187837
v 0.308338 0.052450 -0.202606
v 0.304131 0.058510 -0.196821
v 0.124410 0.123779 -0.188004
v 0.295476 0.066932 -0.189899
v 0.141487 0.241310 -0.350000
v 0.143958 0.255064 -0.350998
v 0.131929 0.242220 -0.283719
v 0.137895 0.255731 -0.308854
vt 0.575717 0.100484
vt 0.279987 0.279987
vt 0.310657 0.100484
vt 0.842592 0.446685
vt 0.477180 0.144420
vt 0.689343 0.100484
vt 0.520558 0.194165
vt 0.548029 0.238910
vt 0.546137 0.274715
vt 0.281045 0.100484
vt 0.899516 0.100484
vt 0.899516 0.295911
vt 0.100484 0.100484
vt 0.345763 0.179568
vt 0.295911 0.295911
vt 0.899516 0.718955
vt 0.235026 0.100484
vt 0.899516 0.899516
vt 0.184693 0.100484
vt 0.732551 0.100484
vt 0.899516 0.764212
vt 0.739484 0.739484
vt 0.823808 0.100484
vt 0.546076 0.373502
vt 0.359280 0.100484
vt 0.823808 0.823808
vt 0.359280 0.359280
vt 0.899516 0.267449
vt 0.435295 0.435295
vt 0.424283 0.100484
vt 0.896621 0.472209
vt 0.874732 0.461888
vt 0.563556 0.290346
vt 0.279987 0.100484
vt 0.435295 0.100484
vt 0.235788 0.100484
vt 0.492372 0.286704
vt 0.899516 0.739484
vt 0.235026 0.235026
vt 0.605351 0.459733
vn -0.9766 0.1630 -0.1402
vn -0.2434 -0.7528 0.6116
vn -0.9759 0.1649 -0.1430
vn 0.2099 0.6060 0.7673
vn 0.2048 0.6073 0.7676
vn 0.7330 0.6731 0.0977
vn 0.7386 0.6677 0.0934
vn 0.1797 0.8480 0.4985
vn 0.4999 -0.2135 -0.8394
vn 0.5473 -0.1579 -0.8219
vn 0.7339 0.6726 0.0949
vn 0.7787 0.6216 -0.0849
usemtl Dirt
s off
f 663/1226/388 660/1227/388 661/1228/388
f 667/1229/389 666/1230/389 661/1231/389
f 670/1232/390 671/1233/390 668/1234/390
f 667/1235/391 659/1236/391 666/1237/391
f 659/1238/392 662/1239/392 666/1240/392
f 659/1236/393 667/1241/393 665/1242/393
f 659/1243/394 664/1244/394 669/1245/394
f 670/1246/395 659/1243/395 671/1247/395
f 664/1248/396 660/1249/396 668/1250/396
f 664/1251/397 668/1252/397 669/1253/397
f 663/1226/388 662/1254/388 660/1227/388
f 666/1230/389 663/1255/389 661/1231/389
f 661/1231/389 664/1256/389 667/1229/389
f 664/1256/389 665/1257/389 667/1229/389
f 671/1233/390 669/1258/390 668/1234/390
f 668/1234/390 660/1259/390 662/1260/390
f 662/1260/390 670/1232/390 668/1234/390
f 670/1261/392 662/1239/392 659/1238/392
f 662/1239/392 663/1262/392 666/1240/392
f 669/1245/398 671/1263/398 659/1243/398
f 659/1243/399 665/1264/399 664/1244/399
f 664/1248/396 661/1265/396 660/1249/396
o Neue_Welt_(10)__2547_58_-1089_to_2595_255_-1061.001_cell.115_Neue_Welt_(10)__2547_58_-1089_to_2595_255_-1061.001_cell.134
v 0.500000 0.500000 -0.500000
v 0.207180 0.500000 -0.500000
v 0.500000 0.153316 -0.002177
v 0.500000 0.500000 0.070548
v 0.500000 0.189193 0.041984
v 0.184874 0.259751 -0.276997
v 0.375375 0.087900 -0.274792
v 0.362380 0.054047 -0.193605
v 0.181955 0.350651 -0.500000
v 0.383590 0.212058 -0.500000
v 0.375918 0.207667 -0.500000
v 0.500000 0.279825 -0.500000
v 0.500000 0.069894 -0.105038
v 0.500000 0.172316 -0.297887
v 0.181645 0.500000 -0.325731
v 0.470791 0.500000 0.065035
v 0.402220 0.239153 0.028101
v 0.418379 0.204158 0.027922
v 0.364219 0.321626 0.028527
v 0.367686 0.343209 0.031164
v 0.370147 0.357906 0.032980
v 0.371732 0.367287 0.034141
v 0.380841 0.415745 0.040314
v 0.347888 0.066868 -0.169130
v 0.364546 0.050311 -0.182935
v 0.370710 0.050308 -0.180492
v 0.413878 0.050624 -0.162974
v 0.351440 0.073773 -0.159207
v 0.437390 0.055767 -0.147302
v 0.466520 0.062295 -0.127693
v 0.386758 0.142613 -0.060417
v 0.151382 0.305702 -0.343270
v 0.156570 0.305129 -0.379337
v 0.164858 0.319924 -0.418840
v 0.178086 0.479099 -0.325543
v 0.170586 0.430572 -0.330321
v 0.158936 0.355065 -0.337896
v 0.207180 0.500000 -0.500000
v 0.207180 0.500000 -0.500000
v 0.500000 0.500000 -0.500000
v 0.500000 0.500000 -0.500000
v 0.500000 0.500000 0.070548
v 0.500000 0.500000 0.070548
v 0.500000 0.189193 0.041984
v 0.500000 0.153316 -0.002177
v 0.181955 0.350651 -0.500000
v 0.500000 0.279825 -0.500000
v 0.500000 0.279825 -0.500000
v 0.383590 0.212058 -0.500000
v 0.375918 0.207667 -0.500000
v 0.500000 0.069894 -0.105038
v 0.500000 0.172316 -0.297887
v 0.470791 0.500000 0.065035
v 0.181645 0.500000 -0.325731
vt 0.318356 0.849046
vt 0.001706 0.997813
vt 0.117605 0.710993
vt 0.501679 0.652479
vt 0.796091 0.671405
vt 0.429273 0.997813
vt 0.001706 0.997813
vt 0.001706 0.706133
vt 0.175211 0.680698
vt 0.127017 0.707911
vt 0.293241 0.997813
vt 0.001706 0.778496
vt 0.457712 0.688216
vt 0.604088 0.569382
vt 0.997317 0.778496
vt 0.997317 0.997813
vt 0.564261 0.968718
vt 0.569750 0.997813
vt 0.724159 0.533579
vt 0.685960 0.430176
vt 0.802127 0.694621
vt 0.545990 0.545990
vt 0.539658 0.529221
vt 0.580285 0.509805
vt 0.899516 0.810608
vt 0.666778 0.666778
vt 0.776605 0.609721
vt 0.675811 0.382045
vt 0.757953 0.455902
vt 0.659542 0.447467
vt 0.220754 0.100484
vt 0.494240 0.100484
vt 0.493708 0.344149
vt 0.757773 0.554742
vt 0.630095 0.630095
vt 0.373016 0.373016
vt 0.195823 0.100484
vt 0.899516 0.367551
vt 0.899516 0.796168
vt 0.796168 0.796168
vt 0.899516 0.361934
vt 0.899516 0.794799
vt 0.899516 0.766549
vt 0.361934 0.361934
vt 0.899516 0.219494
vt 0.899516 0.100484
vt 0.899516 0.714066
vt 0.766549 0.766549
vt 0.100484 0.100484
vt 0.802684 0.100484
vt 0.811543 0.125351
vt 0.899516 0.100484
vt 0.899516 0.174922
vt 0.682840 0.100484
vt 0.100484 0.100484
vt 0.899516 0.503046
vt 0.174922 0.174922
vt 0.899516 0.747560
vt 0.100484 0.100484
vt 0.899516 0.180145
vt 0.180145 0.180145
vt 0.716373 0.180769
vt 0.899516 0.505760
vt 0.369486 0.100484
vt 0.804177 0.100484
vt 0.837690 0.575965
vt 0.802684 0.802684
vt 0.211649 0.100484
vt 0.899516 0.605804
vt 0.683014 0.571533
vt 0.761302 0.100484
vt 0.605804 0.605804
vt 0.761302 0.761302
vt 0.899516 0.100484
vt 0.899516 0.899516
vt 0.244501 0.100484
vt 0.678308 0.410036
vt 0.666029 0.378385
vt 0.657591 0.168266
vt 0.647417 0.331687
vt 0.666778 0.100484
vt 0.811198 0.100484
vt 0.798848 0.699917
vt 0.569308 0.505720
vt 0.657157 0.539113
vt 0.699031 0.565452
vt 0.750912 0.598411
vt 0.810538 0.636492
vt 0.810608 0.810608
vt 0.899516 0.545989
vt 0.811198 0.811198
vt 0.810859 0.503442
vt 0.833599 0.776427
vt 0.833881 0.527012
vt 0.716315 0.586398
vt 0.631347 0.380397
vt 0.620992 0.334921
vt 0.630514 0.100484
vt 0.367551 0.367551
vt 0.794799 0.794799
vt 0.219494 0.219494
vt 0.524449 0.100484
vt 0.899516 0.373016
vt 0.899516 0.630095
vt 0.714066 0.714066
vt 0.503046 0.503046
vt 0.755499 0.100484
vt 0.899516 0.779246
vt 0.747560 0.747560
vt 0.899516 0.317160
vt 0.899516 0.475551
vn 0.0000 0.0000 -1.0000
vn 1.0000 0.0000 0.0000
vn 0.0000 1.0000 0.0000
vn -0.1847 -0.0899 0.9787
vn -0.2425 -0.7535 0.6111
vn -0.2434 -0.7528 0.6116
vn -0.9759 0.1649 -0.1430
vn 0.4599 -0.7842 -0.4165
vn -0.7711 -0.3588 0.5260
vn -0.8630 0.0991 0.4954
vn -0.8660 0.0853 0.4927
vn -0.8662 0.0842 0.4926
vn -0.8666 0.0790 0.4927
vn -0.7717 -0.3583 0.5255
vn 0.1391 -0.9255 -0.3523
vn 0.1526 -0.9206 -0.3594
vn 0.4512 -0.7884 -0.4182
vn 0.4571 -0.7852 -0.4177
vn -0.6636 0.5644 0.4910
vn -0.7370 -0.6705 -0.0852
vn -0.5452 -0.7395 -0.3948
vn -0.5480 -0.7390 -0.3918
vn -0.7343 -0.6721 -0.0949
vn -0.5406 -0.7422 -0.3960
vn -0.1844 -0.0900 0.9787
vn -0.1852 -0.0905 0.9785
vn -0.1850 -0.0902 0.9786
vn -0.9759 0.1648 -0.1430
vn -0.9759 0.1650 -0.1431
vn -0.8536 0.1498 0.4990
vn -0.5452 -0.7395 -0.3949
usemtl Stone
s 1
f 717/1266/400 711/1267/400 720/1268/400
f 716/1269/401 723/1270/401 713/1271/401
f 672/1272/402 710/1273/402 725/1274/402
f 720/1268/400 721/1275/400 717/1266/400
f 717/1266/400 709/1276/400 711/1267/400
f 711/1267/400 718/1277/400 720/1268/400
f 715/1278/401 716/1269/401 713/1271/401
f 716/1269/401 722/1279/401 723/1270/401
f 723/1270/401 719/1280/401 712/1281/401
f 713/1271/401 723/1270/401 712/1281/401
f 725/1274/402 724/1282/402 672/1272/402
f 724/1282/402 714/1283/402 672/1272/402
usemtl Dirt
s off
f 694/1284/403 693/1285/403 675/1286/403
f 699/1287/404 695/1288/404 697/1289/404
f 674/1290/405 689/1291/405 702/1292/405
f 708/1293/406 707/1294/406 705/1295/406
f 701/1296/407 685/1297/407 684/1298/407
f 689/1299/408 688/1300/408 702/1301/408
f 694/1302/409 706/1303/409 693/1304/409
f 693/1305/410 707/1306/410 692/1307/410
f 691/1308/411 707/1309/411 708/1310/411
f 677/1311/412 690/1312/412 691/1313/412
f 677/1314/413 695/1315/413 699/1316/413
f 679/1317/414 697/1318/414 696/1319/414
f 679/1320/415 698/1321/415 697/1322/415
f 700/1323/416 678/1324/416 681/1325/416
f 681/1326/417 683/1327/417 685/1328/417
f 686/1329/418 694/1330/418 687/1331/418
f 679/1317/419 695/1332/419 677/1314/419
f 682/1333/420 705/1334/420 680/1335/420
f 704/1336/421 705/1337/421 679/1320/421
f 677/1311/422 704/1338/422 679/1320/422
f 678/1339/423 679/1340/423 682/1341/423
f 692/1342/424 691/1343/424 688/1344/424
f 691/1343/424 690/1345/424 688/1344/424
f 688/1344/425 689/1346/425 676/1347/425
f 692/1342/426 688/1344/426 676/1347/426
f 676/1347/403 675/1286/403 693/1285/403
f 676/1347/403 693/1285/403 692/1342/403
f 675/1286/403 687/1348/403 694/1284/403
f 695/1288/404 696/1349/404 697/1289/404
f 697/1289/404 698/1350/404 699/1287/404
f 698/1350/404 700/1351/404 699/1287/404
f 700/1351/404 701/1352/404 699/1287/404
f 701/1352/404 684/1353/404 674/1354/404
f 699/1287/404 701/1352/404 674/1354/404
f 702/1292/405 699/1355/405 674/1290/405
f 674/1290/405 676/1356/405 689/1291/405
f 707/1294/406 706/1357/406 673/1358/406
f 706/1357/406 686/1359/406 673/1358/406
f 673/1358/427 680/1360/427 707/1294/427
f 680/1360/428 705/1295/428 707/1294/428
f 705/1295/406 704/1361/406 708/1293/406
f 704/1361/406 703/1362/406 708/1293/406
f 694/1302/429 686/1363/429 706/1303/429
f 693/1305/410 706/1364/410 707/1306/410
f 691/1308/411 692/1365/411 707/1309/411
f 691/1313/412 708/1366/412 677/1311/412
f 708/1366/412 703/1367/412 677/1311/412
f 699/1316/413 702/1368/413 677/1314/413
f 702/1368/413 688/1369/413 690/1370/413
f 677/1314/413 702/1368/413 690/1370/413
f 679/1320/415 678/1339/415 698/1321/415
f 698/1371/416 678/1324/416 700/1323/416
f 678/1324/416 682/1372/416 681/1325/416
f 701/1373/417 700/1374/417 685/1328/417
f 700/1374/417 681/1326/417 685/1328/417
f 679/1317/419 696/1375/419 695/1332/419
f 682/1333/430 679/1317/430 705/1334/430
f 677/1311/422 703/1376/422 704/1338/422
o Neue_Welt_(10)__2547_58_-1089_to_2595_255_-1061.001_cell.091_ce_Neue_Welt_(10)__2547_58_-1089_to_2595_255_-1061.001_cell.144
v 0.060086 -0.063942 -0.422213
v 0.045722 -0.057087 -0.500000
v 0.076235 -0.035086 -0.500000
v -0.178387 -0.139294 -0.328354
v -0.150749 -0.077754 -0.203695
v 0.022243 -0.056335 -0.363917
v 0.037947 -0.052953 -0.380198
v 0.059882 -0.048215 -0.402957
v 0.022247 -0.073978 -0.500000
v 0.084861 0.016050 -0.500000
v -0.204116 0.094151 -0.500000
v -0.202831 0.127334 -0.500000
v -0.199989 0.199144 -0.500000
v -0.001944 -0.104374 -0.441617
v -0.014792 -0.112372 -0.447223
v 0.049950 -0.071999 -0.418834
v 0.066645 -0.030954 -0.429064
v 0.061325 -0.044563 -0.408490
v -0.015286 -0.064395 -0.325034
v -0.002292 -0.066008 -0.343838
v 0.076235 -0.035086 -0.500000
v 0.045722 -0.057087 -0.500000
v 0.022247 -0.073978 -0.500000
v -0.204116 0.094151 -0.500000
v -0.202831 0.127334 -0.500000
v -0.199989 0.199144 -0.500000
v 0.084861 0.016050 -0.500000
vt 0.701452 0.626598
vt 0.698623 0.698129
vt 0.415023 0.515747
vt 0.423611 0.464811
vt 0.453991 0.442895
vt 0.477362 0.426070
vt 0.702732 0.593545
vt 0.150282 0.100484
vt 0.171192 0.171192
vt 0.100484 0.100484
vt 0.861039 0.861039
vt 0.899516 0.849718
vt 0.899516 0.899516
vt 0.497396 0.252892
vt 0.630548 0.100484
vt 0.716037 0.213616
vt 0.899516 0.176193
vt 0.345334 0.345334
vt 0.899516 0.100484
vt 0.413584 0.413584
vt 0.899516 0.856555
vt 0.856555 0.856555
vt 0.899516 0.874303
vt 0.874303 0.874303
vt 0.899516 0.861039
vt 0.899516 0.100484
vt 0.816192 0.114047
vt 0.823807 0.100484
vt 0.899516 0.785080
vt 0.215222 0.100484
vt 0.899516 0.100484
vt 0.596651 0.130315
vt 0.645003 0.162108
vt 0.528659 0.115530
vt 0.471839 0.100484
vt 0.899516 0.720155
vt 0.365871 0.184690
vt 0.720155 0.720155
vt 0.100484 0.100484
vt 0.899516 0.604625
vt 0.899516 0.899516
vt 0.576378 0.576378
vt 0.528161 0.100484
vt 0.636775 0.182969
vt 0.899516 0.576378
vt 0.345334 0.100484
vt 0.630548 0.630548
vt 0.413584 0.100484
vt 0.485471 0.413319
vt 0.817206 0.118448
vt 0.811700 0.271950
vt 0.785080 0.785080
vt 0.100484 0.100484
vt 0.395375 0.100484
vt 0.489322 0.111076
vt 0.583647 0.121787
vt 0.899516 0.100484
vt 0.899516 0.784779
vt 0.656121 0.403600
vn 0.0000 0.0000 -1.0000
vn 0.6371 -0.5941 0.4911
vn 0.6378 -0.5931 0.4913
vn 0.5748 -0.7988 -0.1777
vn 0.5757 -0.7984 -0.1767
vn 0.9761 -0.1647 0.1416
vn 0.9759 -0.1642 0.1438
vn 0.9755 -0.1652 0.1453
vn 0.6363 -0.5952 0.4908
vn -0.9792 0.0387 0.1989
vn 0.4437 0.6904 0.5714
vn -0.4211 -0.5670 -0.7080
vn -0.9794 0.0379 0.1984
vn 0.3926 -0.8528 0.3444
vn 0.3866 -0.8580 0.3381
vn 0.6365 -0.5950 0.4908
vn 0.6363 -0.5953 0.4907
vn 0.3869 -0.8580 0.3380
vn 0.3868 -0.8580 0.3378
vn 0.3868 -0.8580 0.3380
usemtl Stone
s 1
f 750/1377/431 751/1378/431 752/1379/431
f 752/1379/431 746/1380/431 747/1381/431
f 747/1381/431 748/1382/431 752/1379/431
f 748/1382/431 749/1383/431 752/1379/431
f 749/1383/431 750/1377/431 752/1379/431
usemtl Dirt
s off
f 732/1384/432 731/1385/432 726/1386/432
f 733/1387/433 732/1388/433 726/1389/433
f 734/1390/434 739/1391/434 740/1392/434
f 741/1393/435 727/1394/435 726/1395/435
f 728/1396/436 742/1397/436 726/1389/436
f 726/1389/437 742/1398/437 743/1399/437
f 743/1400/438 733/1401/438 726/1389/438
f 731/1402/439 745/1403/439 741/1404/439
f 738/1405/440 737/1406/440 730/1407/440
f 743/1408/441 742/1409/441 732/1410/441
f 740/1411/442 736/1412/442 734/1413/442
f 730/1407/443 736/1414/443 729/1415/443
f 744/1416/444 730/1417/444 745/1418/444
f 740/1419/445 739/1420/445 745/1421/445
f 734/1390/434 727/1422/434 739/1391/434
f 739/1423/435 727/1394/435 741/1393/435
f 727/1394/435 728/1424/435 726/1395/435
f 728/1396/436 735/1425/436 742/1397/436
f 741/1404/446 726/1395/446 731/1402/446
f 731/1402/447 744/1426/447 745/1403/447
f 742/1409/441 735/1427/441 738/1428/441
f 738/1428/441 730/1429/441 744/1430/441
f 744/1430/441 731/1431/441 738/1428/441
f 731/1431/441 732/1410/441 742/1409/441
f 738/1428/441 731/1431/441 742/1409/441
f 732/1410/441 733/1432/441 743/1408/441
f 740/1411/442 729/1433/442 736/1412/442
f 730/1407/443 737/1434/443 736/1414/443
f 739/1420/448 741/1435/448 745/1421/448
f 745/1421/449 730/1417/449 729/1415/449
f 729/1415/450 740/1419/450 745/1421/450
o Neue_Welt_(10)__2547_58_-1089_to_2595_255_-1061.001_cell.116_Neue_Welt_(10)__2547_58_-1089_to_2595_255_-1061.001_cell.145
v -0.201472 0.257231 -0.499282
v -0.002294 -0.032979 -0.303832
v -0.046509 -0.042515 -0.258007
v -0.162324 0.022190 -0.029491
v -0.135383 0.033080 -0.051267
v -0.154689 -0.020769 -0.091362
v 0.059510 -0.019609 -0.367936
v 0.057808 0.111235 -0.207742
v 0.023838 0.097542 -0.180169
v 0.125512 0.257041 -0.500000
v 0.093580 0.067735 -0.500000
v -0.172302 0.238592 -0.500000
v -0.174979 0.257675 -0.500000
v -0.149079 0.257667 -0.500000
v 0.078560 0.028981 -0.441513
v 0.122670 0.250852 -0.487596
v 0.073409 0.144574 -0.274567
v 0.062691 -0.011589 -0.380173
v -0.066421 -0.046797 -0.237385
v -0.144804 -0.063635 -0.156181
v 0.093580 0.067735 -0.500000
v -0.172302 0.238592 -0.500000
v -0.174979 0.257675 -0.500000
v -0.149079 0.257667 -0.500000
v 0.125512 0.257041 -0.500000
v -0.201472 0.257231 -0.499282
vt 0.673722 0.756432
vt 0.647936 0.756424
vt 0.671058 0.737423
vt 0.374550 0.755800
vt 0.406343 0.567232
vt 0.699747 0.756349
vt 0.540151 0.100484
vt 0.571344 0.263885
vt 0.501779 0.501779
vt 0.899516 0.759203
vt 0.470949 0.470949
vt 0.546186 0.468877
vt 0.558131 0.413051
vt 0.899516 0.489566
vt 0.899516 0.778504
vt 0.778504 0.778504
vt 0.899516 0.628241
vt 0.899516 0.828497
vt 0.628241 0.628241
vt 0.899516 0.791056
vt 0.828497 0.828497
vt 0.899516 0.100484
vt 0.872393 0.118594
vt 0.899516 0.100484
vt 0.899516 0.507564
vt 0.799977 0.477165
vt 0.694632 0.403605
vt 0.507564 0.507564
vt 0.155912 0.155912
vt 0.172924 0.100484
vt 0.317298 0.115060
vt 0.273191 0.100484
vt 0.559143 0.100484
vt 0.559143 0.559143
vt 0.273191 0.273191
vt 0.798628 0.100484
vt 0.172924 0.172924
vt 0.899516 0.100484
vt 0.849014 0.849014
vt 0.867350 0.476548
vt 0.100484 0.100484
vt 0.888825 0.100484
vt 0.111175 0.100484
vt 0.899516 0.111702
vt 0.798628 0.798628
vt 0.299652 0.299652
vt 0.240797 0.100484
vt 0.899516 0.459849
vt 0.791056 0.791056
vt 0.824259 0.412070
vt 0.489566 0.489566
vt 0.899516 0.470949
vt 0.830549 0.223367
vt 0.359766 0.169105
vt 0.899516 0.155912
vt 0.340320 0.155450
vt 0.849014 0.100484
vt 0.799643 0.159395
vt 0.552146 0.191354
vt 0.415241 0.147096
vt 0.110562 0.100484
vt 0.799004 0.641495
vt 0.681929 0.601416
vt 0.846111 0.846111
vn -0.0146 -0.0020 -0.9999
vn 0.0000 0.0000 -1.0000
vn -0.0074 -0.0010 -1.0000
vn -0.0270 -0.0038 -0.9996
vn 0.6371 -0.5941 0.4911
vn 0.6378 -0.5931 0.4913
vn 0.9761 -0.1647 0.1416
vn 0.9759 -0.1642 0.1438
vn 0.9755 -0.1652 0.1453
vn 0.6363 -0.5953 0.4907
vn 0.0020 0.8946 0.4468
vn 0.0003 0.8943 0.4476
vn -0.4405 -0.6941 -0.5694
vn -0.4437 -0.6904 -0.5714
vn -0.0029 0.8942 0.4476
vn -0.9806 -0.1951 -0.0205
vn -0.4531 -0.6872 -0.5678
vn -0.9853 -0.1705 -0.0032
usemtl Stone
s 1
f 775/1436/451 776/1437/452 774/1438/453
f 777/1439/452 773/1440/452 776/1437/452
f 773/1440/452 774/1438/453 776/1437/452
f 774/1438/453 778/1441/454 775/1436/451
usemtl Dirt
s off
f 757/1442/455 756/1443/455 758/1444/455
f 754/1445/456 760/1446/456 761/1447/456
f 763/1448/457 768/1449/457 767/1450/457
f 767/1451/458 769/1452/458 770/1453/458
f 769/1454/459 759/1455/459 770/1456/459
f 758/1457/460 771/1458/460 755/1459/460
f 761/1460/461 760/1461/461 769/1462/461
f 761/1463/462 766/1464/462 765/1465/462
f 755/1466/463 771/1467/463 770/1468/463
f 770/1469/464 771/1470/464 764/1471/464
f 765/1472/465 753/1473/465 756/1474/465
f 758/1475/466 753/1476/466 772/1477/466
f 772/1478/467 753/1479/467 764/1480/467
f 758/1444/455 755/1481/455 757/1442/455
f 755/1481/455 754/1482/455 757/1442/455
f 761/1447/456 757/1483/456 754/1445/456
f 754/1445/456 759/1484/456 760/1446/456
f 763/1448/457 762/1485/457 768/1449/457
f 767/1451/458 768/1486/458 769/1452/458
f 769/1454/459 760/1487/459 759/1455/459
f 758/1457/460 772/1488/460 771/1458/460
f 769/1462/461 768/1489/461 766/1490/461
f 768/1489/461 762/1491/461 766/1490/461
f 766/1490/461 761/1460/461 769/1462/461
f 765/1465/462 756/1492/462 757/1493/462
f 757/1493/462 761/1463/462 765/1465/462
f 770/1468/463 759/1494/463 754/1495/463
f 754/1495/463 755/1466/463 770/1468/463
f 771/1470/464 772/1496/464 764/1471/464
f 764/1471/464 763/1497/464 767/1498/464
f 767/1498/464 770/1469/464 764/1471/464
f 758/1475/468 756/1499/468 753/1476/468
o Neue_Welt_(10)__2547_58_-1089_to_2595_255_-1061.001_cell.117_Neue_Welt_(10)__2547_58_-1089_to_2595_255_-1061.001_cell.146
v -0.208621 0.500000 0.274408
v -0.213593 0.500000 0.273444
v -0.313987 0.266628 -0.072930
v -0.310255 0.381554 0.252305
v -0.277469 0.301703 0.258140
v -0.358799 0.500000 0.243668
v -0.188985 0.041127 0.028004
v -0.177918 0.054193 0.029452
v -0.210709 0.070469 0.091679
v -0.204656 0.036637 0.042902
v -0.106419 0.138792 0.038763
v -0.223648 0.142997 0.196052
v -0.215738 0.098543 0.132108
v -0.034916 0.223806 0.048570
v 0.067291 0.500000 0.028350
v -0.421559 0.500000 -0.167978
v -0.261563 0.262841 0.260653
v -0.213593 0.500000 0.273444
v -0.208621 0.500000 0.274408
v -0.358799 0.500000 0.243668
v 0.067291 0.500000 0.028350
v -0.421559 0.500000 -0.167978
vt 0.527737 0.566789
vt 0.771755 0.286999
vt 0.772715 0.291951
vt 0.334414 0.080164
vt 0.742110 0.142358
vt 0.471627 0.323768
vt 0.176533 0.176533
vt 0.505084 0.176088
vt 0.635826 0.100484
vt 0.653833 0.304154
vt 0.636787 0.217896
vt 0.836533 0.216877
vt 0.603815 0.232832
vt 0.736740 0.100484
vt 0.807774 0.100484
vt 0.899516 0.476475
vt 0.375028 0.100484
vt 0.307087 0.307087
vt 0.771294 0.107949
vt 0.899516 0.192226
vt 0.758900 0.758900
vt 0.100484 0.100484
vt 0.899516 0.198657
vt 0.669107 0.100484
vt 0.830790 0.192460
vt 0.831451 0.831451
vt 0.536527 0.395361
vt 0.730289 0.605775
vt 0.283011 0.283011
vt 0.899516 0.100484
vt 0.239103 0.142346
vt 0.137029 0.100484
vt 0.899516 0.899516
vt 0.137029 0.137029
vt 0.899516 0.286783
vt 0.831497 0.404476
vt 0.345785 0.280720
vt 0.476475 0.476475
vt 0.709581 0.100484
vt 0.899516 0.290419
vt 0.899516 0.364174
vt 0.307087 0.100484
vt 0.899516 0.176533
vt 0.899516 0.624972
vt 0.736740 0.736740
vt 0.198657 0.198657
vt 0.244757 0.144964
vt 0.283011 0.100484
vt 0.758666 0.574578
vt 0.669107 0.669107
vt 0.899516 0.413031
vt 0.586969 0.100484
vt 0.899516 0.758900
vn 0.0000 1.0000 0.0000
vn -0.2009 -0.0109 0.9796
vn 0.6371 -0.5941 0.4911
vn 0.6378 -0.5931 0.4913
vn -0.1904 -0.0144 0.9816
vn 0.6537 -0.1882 0.7330
vn -0.9196 -0.3678 0.1377
vn -0.9197 -0.3667 0.1402
vn -0.9193 -0.3671 0.1415
vn 0.3622 -0.2061 -0.9090
vn -0.4773 -0.5656 -0.6725
vn 0.3648 -0.2016 -0.9090
vn 0.6535 -0.1884 0.7331
vn 0.3647 -0.2019 -0.9089
vn 0.3650 -0.2019 -0.9088
usemtl Stone
s 1
f 799/1500/469 796/1501/469 797/1502/469
f 799/1500/469 800/1503/469 796/1501/469
f 800/1503/469 784/1504/469 796/1501/469
usemtl Dirt
s off
f 782/1505/470 780/1506/470 798/1507/470
f 786/1508/471 788/1509/471 785/1510/471
f 791/1511/472 789/1512/472 790/1513/472
f 779/1514/473 783/1515/473 795/1516/473
f 792/1517/474 793/1518/474 779/1519/474
f 794/1520/475 781/1521/475 788/1522/475
f 782/1523/476 798/1524/476 794/1525/476
f 790/1526/477 783/1527/477 791/1528/477
f 781/1529/478 786/1530/478 785/1531/478
f 781/1532/479 785/1533/479 788/1534/479
f 792/1535/480 781/1529/480 793/1536/480
f 782/1505/470 783/1537/470 780/1506/470
f 786/1508/471 787/1538/471 788/1509/471
f 791/1511/472 787/1539/472 789/1512/472
f 787/1539/472 786/1540/472 789/1512/472
f 789/1512/472 792/1541/472 790/1513/472
f 779/1514/473 780/1542/473 783/1515/473
f 779/1519/481 795/1543/481 792/1517/481
f 795/1543/481 790/1544/481 792/1517/481
f 794/1525/476 788/1545/476 787/1546/476
f 787/1546/476 791/1547/476 794/1525/476
f 791/1547/476 782/1523/476 794/1525/476
f 795/1548/477 783/1527/477 790/1526/477
f 783/1527/477 782/1549/477 791/1528/477
f 781/1529/478 789/1550/478 786/1530/478
f 789/1551/482 781/1529/482 792/1535/482
f 781/1529/483 794/1552/483 793/1536/483
o Neue_Welt_(10)__2547_58_-1089_to_2595_255_-1061.001_cell.118_Neue_Welt_(10)__2547_58_-1089_to_2595_255_-1061.001_cell.135
v -0.295151 0.112382 0.251926
v -0.367560 0.022022 0.236555
v -0.500000 0.500000 0.214713
v -0.500000 -0.021828 0.134797
v -0.500000 0.021329 0.209297
v -0.313170 0.280135 0.250579
v -0.297041 0.240943 0.253451
v -0.403758 0.500000 0.234448
v -0.236246 0.014412 0.056998
v -0.254158 -0.000774 0.061864
v -0.249852 0.089898 0.165962
v -0.256882 0.128768 0.222022
v -0.254857 0.117630 0.205945
v -0.500000 0.500000 -0.184129
v -0.494542 0.500000 -0.183600
v -0.467209 0.500000 -0.180805
v -0.500000 -0.062703 0.064042
v -0.500000 0.426535 -0.151754
v -0.449278 -0.065005 0.070244
v -0.335958 -0.069947 0.084011
v -0.277231 0.192656 0.256582
v -0.500000 -0.021828 0.134797
v -0.500000 0.021329 0.209297
v -0.500000 0.500000 0.214713
v -0.500000 0.500000 0.214713
v -0.403758 0.500000 0.234448
v -0.467209 0.500000 -0.180805
v -0.494542 0.500000 -0.183600
v -0.500000 0.500000 -0.184129
v -0.500000 0.500000 -0.184129
v -0.500000 -0.062703 0.064042
v -0.500000 0.426535 -0.151754
vt 0.316718 0.007144
vt 0.713282 0.001707
vt 0.319500 0.034371
vt 0.713282 0.997813
vt 0.316191 0.997813
vt 0.348424 0.924635
vt 0.316191 0.001707
vt 0.732931 0.097575
vt 0.563273 0.437301
vt 0.633717 0.478017
vt 0.707889 0.521006
vt 0.558255 0.478319
vt 0.899516 0.320702
vt 0.568380 0.568380
vt 0.687630 0.687630
vt 0.797625 0.100484
vt 0.899516 0.899516
vt 0.899516 0.100484
vt 0.837347 0.129690
vt 0.812397 0.100484
vt 0.432513 0.432513
vt 0.899516 0.256009
vt 0.899516 0.412564
vt 0.412564 0.412564
vt 0.256009 0.256009
vt 0.422921 0.255797
vt 0.899516 0.568380
vt 0.100484 0.100484
vt 0.246960 0.100484
vt 0.899516 0.100484
vt 0.899516 0.100484
vt 0.899516 0.432513
vt 0.899516 0.753040
vt 0.899516 0.899516
vt 0.812397 0.812397
vt 0.588416 0.588416
vt 0.369265 0.320447
vt 0.842214 0.100484
vt 0.899516 0.401185
vt 0.899516 0.588416
vt 0.792488 0.558412
vt 0.150218 0.100484
vt 0.223729 0.100484
vt 0.224106 0.174347
vt 0.728168 0.146217
vt 0.739736 0.556836
vt 0.223729 0.223729
vt 0.606810 0.175950
vt 0.824573 0.175655
vt 0.678389 0.535318
vt 0.899516 0.202375
vt 0.100484 0.100484
vt 0.679298 0.100484
vt 0.841808 0.726397
vt 0.401185 0.401185
vt 0.282380 0.100484
vt 0.663814 0.520994
vt 0.797343 0.428482
vt 0.150218 0.150218
vt 0.157786 0.100484
vt 0.717620 0.100484
vt 0.776159 0.354922
vt 0.723341 0.647136
vn 0.0000 1.0000 0.0000
vn -1.0000 0.0000 0.0000
vn -0.2012 -0.0110 0.9795
vn 0.6371 -0.5941 0.4911
vn 0.6378 -0.5931 0.4913
vn -0.0982 -0.8611 0.4988
vn -0.1000 -0.8616 0.4977
vn -0.1904 -0.0144 0.9816
vn 0.6363 -0.5953 0.4907
vn 0.6535 -0.1884 0.7331
vn 0.9190 0.3683 -0.1404
vn 0.9193 0.3681 -0.1392
vn 0.0883 -0.4017 -0.9115
vn 0.0931 -0.4018 -0.9110
vn -0.2009 -0.0109 0.9796
vn -0.2011 -0.0111 0.9795
vn -0.2015 -0.0107 0.9794
usemtl Stone
s 1
f 828/1553/484 825/1554/484 827/1555/484
f 803/1556/485 830/1557/485 832/1558/485
f 829/1559/484 825/1554/484 828/1553/484
f 825/1554/484 808/1560/484 827/1555/484
f 832/1558/485 831/1561/485 822/1562/485
f 822/1562/485 823/1563/485 832/1558/485
f 823/1563/485 803/1556/485 832/1558/485
usemtl Dirt
s off
f 806/1564/486 805/1565/486 807/1566/486
f 810/1567/487 811/1568/487 802/1569/487
f 801/1570/488 813/1571/488 812/1572/488
f 820/1573/489 804/1574/489 819/1575/489
f 819/1576/490 804/1577/490 817/1578/490
f 807/1579/491 801/1580/491 821/1581/491
f 810/1582/492 802/1583/492 820/1584/492
f 821/1585/493 801/1586/493 812/1587/493
f 806/1588/494 811/1589/494 816/1590/494
f 813/1591/495 806/1592/495 807/1593/495
f 815/1594/496 818/1595/496 814/1596/496
f 810/1597/497 819/1598/497 818/1599/497
f 806/1564/498 826/1600/498 824/1601/498
f 824/1601/499 805/1565/499 806/1564/499
f 805/1565/500 802/1569/500 807/1566/500
f 809/1602/487 811/1568/487 810/1567/487
f 811/1568/487 801/1570/487 802/1569/487
f 801/1570/488 811/1603/488 813/1571/488
f 820/1573/489 802/1604/489 804/1574/489
f 802/1604/489 805/1605/489 804/1574/489
f 807/1579/491 802/1569/491 801/1580/491
f 826/1606/494 806/1588/494 816/1590/494
f 806/1588/494 813/1607/494 811/1589/494
f 816/1590/494 811/1589/494 809/1608/494
f 807/1593/495 821/1609/495 813/1591/495
f 821/1609/495 812/1610/495 813/1591/495
f 818/1599/497 815/1611/497 816/1612/497
f 816/1612/497 809/1613/497 818/1599/497
f 809/1613/497 810/1597/497 818/1599/497
f 810/1597/497 820/1614/497 819/1598/497
f 819/1598/497 817/1615/497 818/1599/497
o Neue_Welt_(10)__2547_58_-1089_to_2595_255_-1061.001_cell.119_Neue_Welt_(10)__2547_58_-1089_to_2595_255_-1061.001_cell.139
v -0.051863 -0.149989 -0.381358
v -0.169923 -0.174284 -0.257796
v -0.172116 -0.166540 -0.285605
v -0.159435 -0.136655 -0.225790
vt 0.741840 0.516070
vt 0.899516 0.116716
vt 0.899516 0.502357
vt 0.636081 0.417419
vt 0.502357 0.502357
vt 0.116716 0.116716
vt 0.568346 0.568346
vt 0.246141 0.246141
vt 0.649769 0.397086
vt 0.899516 0.246141
vt 0.899516 0.568346
vt 0.602517 0.204677
vn -0.0761 -0.9621 -0.2619
vn 0.6363 -0.5950 0.4910
vn -0.9781 0.1674 0.1237
vn -0.3911 0.8538 -0.3436
usemtl Dirt
s off
f 835/1616/501 833/1617/501 834/1618/501
f 836/1619/502 834/1620/502 833/1621/502
f 836/1622/503 835/1623/503 834/1624/503
f 835/1625/504 836/1626/504 833/1627/504
o Neue_Welt_(10)__2547_58_-1089_to_2595_255_-1061.001_cell.120_Neue_Welt_(10)__2547_58_-1089_to_2595_255_-1061.001_cell.140
v -0.066969 -0.116499 -0.500000
v -0.039831 -0.118646 -0.500000
v -0.026238 -0.108866 -0.500000
v -0.211118 0.028468 -0.500000
v -0.214414 0.008203 -0.500000
v -0.231877 -0.102551 -0.500000
v -0.107085 -0.131293 -0.433994
v -0.208014 -0.125422 -0.424317
v -0.192520 -0.139974 -0.376260
v -0.041153 -0.124322 -0.478765
v -0.039831 -0.118646 -0.500000
v -0.066969 -0.116499 -0.500000
v -0.026238 -0.108866 -0.500000
v -0.231877 -0.102551 -0.500000
v -0.214414 0.008203 -0.500000
v -0.211118 0.028468 -0.500000
vt 0.709703 0.528117
vt 0.566186 0.383714
vt 0.712984 0.507931
vt 0.525634 0.391318
vt 0.539167 0.381576
vt 0.730371 0.397609
vt 0.642806 0.195170
vt 0.899516 0.195309
vt 0.899516 0.321122
vt 0.195309 0.195309
vt 0.448044 0.100484
vt 0.321122 0.321122
vt 0.811467 0.567679
vt 0.899516 0.551956
vt 0.899516 0.655928
vt 0.899516 0.694868
vt 0.643741 0.439429
vt 0.899516 0.385849
vt 0.694868 0.694868
vt 0.899516 0.192379
vt 0.899516 0.695660
vt 0.695660 0.695660
vt 0.192379 0.192379
vt 0.426888 0.176749
vt 0.821142 0.431123
vt 0.751557 0.339486
vt 0.344072 0.100484
vt 0.385849 0.385849
vt 0.608750 0.165485
vt 0.695057 0.203669
vn 0.0000 0.0000 -1.0000
vn -0.0813 -0.9609 -0.2648
vn -0.0761 -0.9621 -0.2619
vn 0.5748 -0.7988 -0.1777
vn -0.9298 0.1466 0.3375
vn -0.9267 0.1507 0.3444
vn 0.4210 0.5667 0.7082
usemtl Stone
s 1
f 852/1628/505 848/1629/505 851/1630/505
f 852/1628/505 849/1631/505 848/1629/505
f 849/1631/505 847/1632/505 848/1629/505
f 848/1629/505 850/1633/505 851/1630/505
usemtl Dirt
s off
f 842/1634/506 837/1635/506 843/1636/506
f 837/1637/507 846/1638/507 843/1639/507
f 839/1640/508 846/1641/508 838/1642/508
f 841/1643/509 842/1644/509 844/1645/509
f 841/1646/510 845/1647/510 840/1648/510
f 840/1649/511 845/1650/511 843/1651/511
f 845/1652/506 844/1653/506 843/1636/506
f 844/1653/506 842/1634/506 843/1636/506
f 837/1637/507 838/1654/507 846/1638/507
f 841/1646/510 844/1655/510 845/1647/510
f 846/1656/511 839/1657/511 843/1651/511
f 839/1657/511 840/1649/511 843/1651/511
o Neue_Welt_(10)__2547_58_-1089_to_2595_255_-1061.001_cell.121_Neue_Welt_(10)__2547_58_-1089_to_2595_255_-1061.001_cell.141
v 0.055838 0.262664 -0.022349
v 0.166406 0.500000 -0.500000
v 0.134543 0.310574 -0.500000
v 0.096118 0.500000 -0.022898
v -0.178338 0.061006 -0.016034
v 0.057445 0.139154 -0.173562
v -0.151501 0.054933 -0.003954
v 0.005134 0.240954 0.017274
v -0.217008 0.302435 -0.500000
v 0.093464 0.500000 -0.005083
v -0.350342 0.500000 -0.495566
v -0.421771 0.500000 -0.211022
v 0.132622 0.300913 -0.497994
v 0.075531 0.177788 -0.251049
v 0.085163 0.456571 0.001266
v 0.166406 0.500000 -0.500000
v 0.166406 0.500000 -0.500000
v 0.134543 0.310574 -0.500000
v 0.096118 0.500000 -0.022898
v -0.350342 0.500000 -0.495566
v -0.350342 0.500000 -0.495566
v -0.217008 0.302435 -0.500000
v 0.132622 0.300913 -0.497994
v -0.421771 0.500000 -0.211022
v 0.093464 0.500000 -0.005083
vt 0.365560 0.809125
vt 0.367014 0.800498
vt 0.715567 0.801018
vt 0.289415 0.079631
vt 0.476715 0.595504
vt 0.006121 0.150782
vt 0.847195 0.997813
vt 0.333836 0.997813
vt 0.494451 0.592860
vt 0.001706 0.665518
vt 0.402648 0.402648
vt 0.215914 0.100484
vt 0.865407 0.389892
vt 0.221056 0.165163
vt 0.899516 0.165838
vt 0.899516 0.585029
vt 0.899516 0.100484
vt 0.899516 0.402648
vt 0.585029 0.585029
vt 0.215914 0.215914
vt 0.100484 0.100484
vt 0.639268 0.100484
vt 0.645804 0.218807
vt 0.741858 0.612555
vt 0.182210 0.100484
vt 0.824716 0.115052
vt 0.824122 0.824122
vt 0.100484 0.100484
vt 0.899516 0.181907
vt 0.899516 0.899516
vt 0.182210 0.182210
vt 0.476736 0.186033
vt 0.899516 0.824121
vt 0.563704 0.305981
vt 0.424373 0.424373
vt 0.411792 0.411792
vt 0.165838 0.165838
vt 0.210734 0.126308
vt 0.360732 0.100484
vt 0.751826 0.682488
vt 0.899516 0.100484
vt 0.899516 0.154768
vt 0.845232 0.100484
vt 0.840865 0.687247
vn 0.0020 -0.0893 -0.9960
vn 0.0047 -0.2043 -0.9789
vn -0.0066 0.0103 -0.9999
vn 0.0000 1.0000 0.0000
vn -0.0086 0.0166 -0.9998
vn -0.0029 0.0056 -1.0000
vn 0.6378 -0.5931 0.4913
vn 0.9759 -0.1642 0.1438
vn 0.9755 -0.1652 0.1453
vn 0.6535 -0.1881 0.7332
vn -0.3635 0.2024 0.9094
vn -0.8132 -0.5442 -0.2065
vn -0.8147 -0.5426 -0.2045
vn -0.0013 -0.8948 -0.4465
vn -0.3635 0.2023 0.9093
vn -0.0016 -0.8949 -0.4463
usemtl Stone
s 1
f 870/1658/512 875/1659/513 874/1660/514
f 876/1661/515 871/1662/515 873/1663/515
f 874/1660/514 872/1664/516 868/1665/517
f 868/1665/517 870/1658/512 874/1660/514
f 877/1666/515 871/1662/515 876/1661/515
f 871/1662/515 869/1667/515 873/1663/515
usemtl Dirt
s off
f 858/1668/518 860/1669/518 859/1670/518
f 854/1671/519 856/1672/519 866/1673/519
f 853/1674/520 858/1675/520 866/1676/520
f 860/1677/521 853/1678/521 867/1679/521
f 860/1680/522 867/1681/522 864/1682/522
f 863/1683/523 861/1684/523 857/1685/523
f 863/1686/524 857/1687/524 864/1688/524
f 858/1689/525 861/1690/525 866/1691/525
f 858/1668/518 853/1678/518 860/1669/518
f 865/1692/519 855/1693/519 866/1673/519
f 855/1693/519 854/1671/519 866/1673/519
f 866/1676/520 856/1694/520 853/1674/520
f 856/1694/520 862/1695/520 867/1696/520
f 853/1674/520 856/1694/520 867/1696/520
f 862/1697/522 864/1682/522 867/1681/522
f 864/1682/526 857/1698/526 860/1680/526
f 857/1698/526 859/1699/526 860/1680/526
f 858/1689/527 859/1700/527 857/1698/527
f 857/1698/527 861/1690/527 858/1689/527
f 861/1690/525 865/1701/525 866/1691/525
o Neue_Welt_(10)__2547_58_-1089_to_2595_255_-1061.001_cell.122_Neue_Welt_(10)__2547_58_-1089_to_2595_255_-1061.001_cell.142
v -0.500000 0.500000 -0.500000
v -0.291509 -0.199303 -0.130544
v -0.500000 -0.079871 -0.500000
v -0.500000 -0.179415 -0.137989
v -0.500000 -0.088615 -0.468266
v -0.181227 -0.084701 -0.152203
v -0.205813 0.024040 -0.004862
v -0.381824 0.340883 -0.145560
v -0.198146 -0.012033 -0.024418
v -0.202570 0.006973 0.004311
v -0.220343 0.001518 0.020769
v -0.229040 -0.005823 0.023171
v -0.273753 -0.099009 -0.500000
v -0.247642 0.066149 -0.500000
v -0.243236 0.122236 -0.500000
v -0.244821 0.084263 -0.500000
v -0.397329 0.500000 -0.500000
v -0.245298 0.271542 -0.500000
v -0.289653 0.338264 -0.500000
v -0.242821 0.259234 -0.500000
v -0.238893 0.239245 -0.500000
v -0.240768 0.248804 -0.500000
v -0.500000 0.500000 -0.228016
v -0.445388 0.500000 -0.309075
v -0.466284 0.500000 -0.226335
v -0.500000 -0.083059 0.028805
v -0.500000 0.487495 -0.222462
v -0.500000 0.452445 -0.206990
v -0.424145 -0.086399 0.038258
v -0.328922 -0.090422 0.050051
v -0.237189 -0.134165 -0.383629
v -0.214623 -0.158726 -0.301416
v -0.219389 -0.151446 -0.326376
v -0.210807 -0.169543 -0.263330
v -0.206538 -0.181818 -0.219475
v -0.208745 -0.175273 -0.242878
v -0.180478 -0.089479 -0.141277
v -0.188912 -0.051693 -0.084503
v -0.238738 -0.013988 0.025841
v -0.253404 -0.026395 0.029805
v -0.500000 -0.079871 -0.500000
v -0.500000 -0.079871 -0.500000
v -0.500000 0.500000 -0.500000
v -0.500000 0.500000 -0.500000
v -0.500000 -0.088615 -0.468266
v -0.500000 -0.179415 -0.137989
v -0.243236 0.122236 -0.500000
v -0.244821 0.084263 -0.500000
v -0.247642 0.066149 -0.500000
v -0.273753 -0.099009 -0.500000
v -0.397329 0.500000 -0.500000
v -0.397329 0.500000 -0.500000
v -0.289653 0.338264 -0.500000
v -0.245298 0.271542 -0.500000
v -0.242821 0.259234 -0.500000
v -0.240768 0.248804 -0.500000
v -0.238893 0.239245 -0.500000
v -0.500000 0.500000 -0.228016
v -0.500000 0.500000 -0.228016
v -0.466284 0.500000 -0.226335
v -0.445388 0.500000 -0.309075
v -0.500000 -0.083059 0.028805
v -0.500000 0.452445 -0.206990
v -0.500000 0.487495 -0.222462
vt 0.741680 0.621520
vt 0.997317 0.420200
vt 0.787893 0.836707
vt 0.272496 0.001707
vt 0.274170 0.035292
vt 0.191793 0.056107
vt 0.033301 0.411490
vt 0.293430 0.950444
vt 0.001706 0.997813
vt 0.737356 0.738073
vt 0.743257 0.583695
vt 0.746066 0.565652
vt 0.772063 0.401137
vt 0.997317 0.997813
vt 0.895097 0.997813
vt 0.743732 0.770245
vt 0.741267 0.757985
vt 0.739222 0.747595
vt 0.001706 0.103978
vt 0.001706 0.001707
vt 0.278026 0.985357
vt 0.272496 0.997813
vt 0.001706 0.420200
vt 0.362129 0.321043
vt 0.528190 0.417024
vt 0.255194 0.255194
vt 0.899516 0.255447
vt 0.899516 0.899516
vt 0.616177 0.471430
vt 0.640699 0.640699
vt 0.582976 0.582976
vt 0.506432 0.506432
vt 0.899516 0.490136
vt 0.899516 0.255194
vt 0.490136 0.490136
vt 0.506047 0.255692
vt 0.826510 0.526208
vt 0.857543 0.573799
vt 0.764836 0.634764
vt 0.899516 0.621959
vt 0.894681 0.137212
vt 0.889724 0.194197
vt 0.899516 0.100484
vt 0.600197 0.428950
vt 0.271275 0.100484
vt 0.670415 0.100484
vt 0.271275 0.271275
vt 0.863299 0.100484
vt 0.670415 0.670415
vt 0.645341 0.387309
vt 0.899516 0.100484
vt 0.899516 0.540577
vt 0.100484 0.100484
vt 0.589992 0.528109
vt 0.540577 0.540577
vt 0.799902 0.100484
vt 0.899516 0.159882
vt 0.899516 0.658110
vt 0.658110 0.658110
vt 0.159882 0.159882
vt 0.899516 0.100484
vt 0.899516 0.100484
vt 0.545939 0.347349
vt 0.228695 0.100484
vt 0.899516 0.712525
vt 0.100484 0.100484
vt 0.899516 0.203639
vt 0.203639 0.203639
vt 0.739290 0.203083
vt 0.751832 0.359771
vt 0.707671 0.100484
vt 0.662003 0.662003
vt 0.200098 0.100484
vt 0.899516 0.798552
vt 0.798552 0.798552
vt 0.799444 0.100484
vt 0.899516 0.136701
vt 0.899516 0.729502
vt 0.899516 0.258654
vt 0.899516 0.767499
vt 0.391977 0.259040
vt 0.899516 0.826849
vt 0.258654 0.258654
vt 0.176820 0.100484
vt 0.899516 0.899516
vt 0.292329 0.100484
vt 0.771305 0.100484
vt 0.899516 0.752005
vt 0.636170 0.566952
vt 0.899516 0.646416
vt 0.255447 0.255447
vt 0.225424 0.194944
vt 0.577619 0.195135
vt 0.744634 0.417036
vt 0.646416 0.646416
vt 0.899516 0.506432
vt 0.864875 0.229183
vt 0.621959 0.621959
vt 0.808799 0.340157
vt 0.899516 0.100484
vt 0.270498 0.100484
vt 0.170595 0.100484
vt 0.132935 0.100484
vt 0.132935 0.132935
vt 0.173151 0.100484
vt 0.899516 0.160723
vt 0.821395 0.321755
vt 0.899516 0.622462
vt 0.622462 0.622462
vt 0.662003 0.100484
vt 0.767408 0.556463
vt 0.712525 0.712525
vt 0.709377 0.567599
vt 0.799444 0.799444
vt 0.829405 0.100484
vt 0.767499 0.767499
vn 0.0000 0.0000 -1.0000
vn 0.0000 1.0000 0.0000
vn -1.0000 0.0000 0.0000
vn -0.0822 -0.9610 -0.2642
vn 0.6371 -0.5941 0.4911
vn -0.0982 -0.8611 0.4988
vn -0.1000 -0.8616 0.4977
vn -0.0813 -0.9609 -0.2648
vn -0.0761 -0.9621 -0.2619
vn 0.6363 -0.5953 0.4907
vn 0.9301 -0.1470 -0.3367
vn 0.9316 -0.1451 -0.3334
vn 0.9777 -0.1549 -0.1420
vn 0.9776 -0.1599 -0.1369
vn 0.9810 0.1931 0.0172
vn 0.9801 0.1972 0.0204
vn -0.0893 0.4038 0.9105
vn -0.0939 0.4020 0.9108
vn -0.0959 0.4011 0.9110
vn -0.0553 0.4285 0.9019
vn 0.9812 0.1924 0.0166
vn 0.9799 -0.0364 -0.1963
vn 0.9792 -0.0409 -0.1989
vn 0.8147 0.5424 0.2051
vn 0.8150 0.5418 0.2058
vn 0.7713 0.5615 0.2997
vn 0.5121 0.4801 0.7122
vn 0.6362 -0.5952 0.4909
vn -0.0455 0.4055 0.9130
vn 0.8149 0.5418 0.2058
vn 0.4172 0.5523 0.7218
usemtl Stone
s 1
f 924/1702/528 918/1703/528 930/1704/528
f 935/1705/529 937/1706/529 938/1707/529
f 922/1708/530 940/1709/530 878/1710/530
f 934/1711/528 924/1702/528 930/1704/528
f 924/1702/528 925/1712/528 918/1703/528
f 925/1712/528 926/1713/528 918/1703/528
f 926/1713/528 927/1714/528 918/1703/528
f 918/1703/528 920/1715/528 930/1704/528
f 920/1715/528 928/1716/528 930/1704/528
f 930/1704/528 931/1717/528 932/1718/528
f 932/1718/528 933/1719/528 930/1704/528
f 933/1719/528 934/1711/528 930/1704/528
f 938/1707/529 929/1720/529 921/1721/529
f 921/1721/529 935/1705/529 938/1707/529
f 941/1722/530 936/1723/530 878/1710/530
f 878/1710/530 919/1724/530 922/1708/530
f 922/1708/530 881/1725/530 940/1709/530
f 881/1725/530 939/1726/530 940/1709/530
f 940/1709/530 941/1722/530 878/1710/530
usemtl Dirt
s off
f 923/1727/531 882/1728/531 879/1729/531
f 887/1730/532 889/1731/532 886/1732/532
f 879/1729/533 907/1733/533 906/1734/533
f 923/1735/534 906/1736/534 903/1737/534
f 910/1738/535 909/1739/535 879/1729/535
f 879/1729/536 913/1740/536 912/1741/536
f 916/1742/537 917/1743/537 886/1744/537
f 890/1745/538 891/1746/538 908/1747/538
f 891/1748/539 910/1749/539 908/1750/539
f 911/1751/540 883/1752/540 913/1753/540
f 883/1754/541 912/1755/541 913/1756/541
f 899/1757/542 897/1758/542 915/1759/542
f 915/1760/543 897/1761/543 884/1762/543
f 885/1763/544 889/1764/544 888/1765/544
f 917/1766/545 885/1767/545 905/1768/545
f 905/1769/546 903/1770/546 906/1771/546
f 902/1772/547 904/1773/547 885/1767/547
f 899/1774/548 883/1752/548 898/1775/548
f 898/1776/549 883/1754/549 892/1777/549
f 883/1754/550 910/1778/550 893/1779/550
f 901/1780/551 896/1781/551 894/1782/551
f 895/1783/552 901/1784/552 902/1785/552
f 885/1763/553 884/1786/553 902/1787/553
f 884/1786/554 888/1788/554 887/1789/554
f 887/1730/532 888/1790/532 889/1731/532
f 923/1735/534 879/1729/534 906/1736/534
f 911/1791/535 879/1729/535 909/1739/535
f 879/1729/535 882/1792/535 910/1738/535
f 882/1792/535 880/1793/535 890/1794/535
f 890/1794/535 908/1795/535 882/1792/535
f 908/1795/535 910/1738/535 882/1792/535
f 879/1729/536 911/1796/536 913/1740/536
f 917/1743/537 907/1797/537 915/1798/537
f 907/1797/537 879/1729/537 915/1798/537
f 879/1729/555 912/1799/555 914/1800/555
f 914/1800/537 915/1798/537 879/1729/537
f 915/1798/537 886/1744/537 917/1743/537
f 886/1744/537 889/1801/537 916/1742/537
f 891/1748/539 893/1802/539 910/1749/539
f 911/1751/540 909/1803/540 883/1752/540
f 883/1754/541 914/1804/541 912/1755/541
f 914/1805/542 883/1754/542 915/1759/542
f 883/1754/542 899/1757/542 915/1759/542
f 897/1761/543 895/1806/543 884/1762/543
f 884/1762/543 887/1807/543 886/1808/543
f 886/1808/543 915/1760/543 884/1762/543
f 885/1763/544 916/1809/544 889/1764/544
f 916/1810/545 885/1767/545 917/1766/545
f 885/1767/545 904/1811/545 905/1768/545
f 907/1812/546 917/1813/546 906/1771/546
f 917/1813/546 905/1769/546 906/1771/546
f 902/1772/556 900/1814/556 904/1773/556
f 893/1779/550 892/1815/550 883/1754/550
f 883/1754/550 909/1816/550 910/1778/550
f 902/1785/557 884/1762/557 895/1783/557
f 895/1783/557 896/1817/557 901/1784/557
f 884/1786/558 885/1767/558 888/1788/558
